unid,var,nameADR,qdtADR,ccodeADR,classADR,labelADR,pgADR,lqADR,sprovADR,eqADR,piADR,mixpADR,ppADR,tiADR,adrtADR,tpADR,adrtpADR,tankvADR,tcatADR,pprovADR,bprovADR,lprovADR,oprovADR,hinADR
4,a,AMMONIUM PICRATE,"dry or wetted with less than 10% water, by mass",1.1D,1,1,,0,,E0,P112(a),MP20,PP26,,,,,,1 (B1000C),V2 V3,,CV1 CV2 CV3,S1,
4,b,AMMONIUM PICRATE,"dry or wetted with less than 10% water, by mass",1.1D,1,1,,0,,E0,P112(b),MP20,PP26,,,,,,1 (B1000C),V2 V3,,CV1 CV2 CV3,S1,
4,c,AMMONIUM PICRATE,"dry or wetted with less than 10% water, by mass",1.1D,1,1,,0,,E0,P112(c),MP20,PP26,,,,,,1 (B1000C),V2 V3,,CV1 CV2 CV3,S1,
5,,CARTRIDGES FOR WEAPONS,with bursting charge,1.1F,1,1,,0,,E0,P130 LP101,MP23,,,,,,,1 (B1000C),V2,,CV1 CV2 CV3,S1,
6,,CARTRIDGES FOR WEAPONS,with bursting charge,1.1E,1,1,,0,,E0,P130 LP101,MP21,PP67 L1,,,,,,1 (B1000C),V2,,CV1 CV2 CV3,S1,
7,,CARTRIDGES FOR WEAPONS,with bursting charge,1.2F,1,1,,0,,E0,P130 LP101,MP23,,,,,,,1 (B1000C),V2,,CV1 CV2 CV3,S1,
9,,"AMMUNITION, INCENDIARY","with or without burster, expelling charge or propelling charge",1.2G,1,1,,0,,E0,P130 LP101,MP23,PP67 L1,,,,,,1 (B1000C),V2,,CV1 CV2 CV3,S1,
10,,"AMMUNITION, INCENDIARY","with or without burster, expelling charge or propelling charge",1.3G,1,1,,0,,E0,P130 LP101,MP23,PP67 L1,,,,,,1 (C5000D),V2,,CV1 CV2 CV3,S1,
12,a,"CARTRIDGES FOR WEAPONS, INERT PROJECTILE",,1.4S,1,1.4,,5 kg,364,E0,P130 LP101,MP23 MP24,,,,,,,4 (E),,,CV1 CV2 CV3,S1,
12,b,"CARTRIDGES, SMALL ARMS",,1.4S,1,1.4,,5 kg,364,E0,P130 LP101,MP23 MP24,,,,,,,4 (E),,,CV1 CV2 CV3,S1,
14,a,"CARTRIDGES FOR WEAPONS, BLANK",,1.4S,1,1.4,,5 kg,364,E0,P130 LP101,MP23 MP24,,,,,,,4 (E),,,CV1 CV2 CV3,S1,
14,b,"CARTRIDGES, SMALL ARMS, BLANK",,1.4S,1,1.4,,5 kg,364,E0,P130 LP101,MP23 MP24,,,,,,,4 (E),,,CV1 CV2 CV3,S1,
14,c,"CARTRIDGES FOR TOOLS, BLANK",,1.4S,1,1.4,,5 kg,364,E0,P130 LP101,MP23 MP24,,,,,,,4 (E),,,CV1 CV2 CV3,S1,
15,a,"AMMUNITION, SMOKE","with or without burster, expelling charge or propelling charge, containing corrosive substances",1.2G,1,1+8,,0,,E0,P130 LP101,MP23,PP67 L1,,,,,,1 (B1000C),V2,,CV1 CV2 CV3,S1,
15,b,"AMMUNITION, SMOKE","with or without burster, expelling charge or propelling charge, containing toxic substances",1.2G,1,1+6.1,,0,,E0,P130 LP101,MP23,PP67 L1,,,,,,1 (B1000C),V2,,CV1 CV2 CV3,S1,
15,c,"AMMUNITION, SMOKE","with or without burster, expelling charge or propelling charge",1.2G,1,1,,0,,E0,P130 LP101,MP23,PP67 L1,,,,,,1 (B1000C),V2,,CV1 CV2 CV3 CV28,S1,
16,a,"AMMUNITION, SMOKE","with or without burster, expelling charge or propelling charge, containing corrosive substances",1.3G,1,1+8,,0,,E0,P130 LP101,MP23,PP67 L1,,,,,,1 (C5000D),V2,,CV1 CV2 CV3,S1,
16,b,"AMMUNITION, SMOKE","with or without burster, expelling charge or propelling charge, containing toxic substances",1.3G,1,1+6.1,,0,,E0,P130 LP101,MP23,PP67 L1,,,,,,1 (C5000D),V2,,CV1 CV2 CV3,S1,
16,c,"AMMUNITION, SMOKE","with or without burster, expelling charge or propelling charge",1.3G,1,1,,0,,E0,P130 LP101,MP23,PP67 L1,,,,,,1 (C5000D),V2,,CV1 CV2 CV3 CV28,S1,
18,,"AMMUNITION, TEAR-PRODUCING","with burster, expelling charge or propelling charge",1.2G,1,1+6.1+8,,0,,E0,P130 LP101,MP23,PP67 L1,,,,,,1 (B1000C),V2,,CV1 CV2 CV3 CV28,S1,
19,,"AMMUNITION, TEAR-PRODUCING","with burster, expelling charge or propelling charge",1.3G,1,1+6.1+8,,0,,E0,P130 LP101,MP23,PP67 L1,,,,,,1 (C5000D),V2,,CV1 CV2 CV3 CV28,S1,
20,,"AMMUNITION, TOXIC","with burster, expelling charge or propelling charge",1.2K,1,,,,,,,,,,Carriage prohibited,,,,,,,,,
21,,"AMMUNITION, TOXIC","with burster, expelling charge or propelling charge",1.3K,1,,,,,,,,,,Carriage prohibited,,,,,,,,,
27,a,BLACK POWDER,"granular, or as a meal",1.1D,1,1,,0,,E0,P113,MP20 MP24,PP50,,,,,,1 (B1000C),V2 V3,,CV1 CV2 CV3,S1,
27,b,GUNPOWDER,"granular, or as a meal",1.1D,1,1,,0,,E0,P113,MP20 MP24,PP50,,,,,,1 (B1000C),V2 V3,,CV1 CV2 CV3,S1,
28,a,"BLACK POWDER, COMPRESSED",,1.1D,1,1,,0,,E0,P113,MP20 MP24,PP51,,,,,,1 (B1000C),V2,,CV1 CV2 CV3,S1,
28,b,BLACK POWDER IN PELLETS,,1.1D,1,1,,0,,E0,P113,MP20 MP24,PP51,,,,,,1 (B1000C),V2,,CV1 CV2 CV3,S1,
28,c,"GUNPOWDER, COMPRESSED",,1.1D,1,1,,0,,E0,P113,MP20 MP24,PP51,,,,,,1 (B1000C),V2,,CV1 CV2 CV3,S1,
28,d,GUNPOWDER IN PELLETS,,1.1D,1,1,,0,,E0,P113,MP20 MP24,PP51,,,,,,1 (B1000C),V2,,CV1 CV2 CV3,S1,
29,,"DETONATORS, NON-ELECTRIC",for blasting,1.1B,1,1,,0,,E0,P131,MP23,PP68,,,,,,1 (B1000C),V2,,CV1 CV2 CV3,S1,
30,,"DETONATORS, ELECTRIC",for blasting,1.1B,1,1,,0,,E0,P131,MP23,,,,,,,1 (B1000C),V2,,CV1 CV2 CV3,S1,
33,,BOMBS,with bursting charge,1.1F,1,1,,0,,E0,P130 LP101,MP23,,,,,,,1 (B1000C),V2,,CV1 CV2 CV3,S1,
34,,BOMBS,with bursting charge,1.1D,1,1,,0,,E0,P130 LP101,MP21,PP67 L1,,,,,,1 (B1000C),V2,,CV1 CV2 CV3,S1,
35,,BOMBS,with bursting charge,1.2D,1,1,,0,,E0,P130 LP101,MP21,PP67 L1,,,,,,1 (B1000C),V2,,CV1 CV2 CV3,S1,
37,,"BOMBS, PHOTO-FLASH",,1.1F,1,1,,0,,E0,P130 LP101,MP23,,,,,,,1 (B1000C),V2,,CV1 CV2 CV3,S1,
38,,"BOMBS, PHOTO-FLASH",,1.1D,1,1,,0,,E0,P130 LP101,MP21,PP67 L1,,,,,,1 (B1000C),V2,,CV1 CV2 CV3,S1,
39,,"BOMBS, PHOTO-FLASH",,1.2G,1,1,,0,,E0,P130 LP101,MP23,PP67 L1,,,,,,1 (B1000C),V2,,CV1 CV2 CV3,S1,
42,a,BOOSTERS,without detonator,1.1D,1,1,,0,,E0,P132(a),MP21,,,,,,,1 (B1000C),V2,,CV1 CV2 CV3,S1,
42,b,BOOSTERS,without detonator,1.1D,1,1,,0,,E0,P132(b),MP21,,,,,,,1 (B1000C),V2,,CV1 CV2 CV3,S1,
43,,BURSTERS,explosive,1.1D,1,1,,0,,E0,P133,MP21,PP69,,,,,,1 (B1000C),V2,,CV1 CV2 CV3,S1,
44,,"PRIMERS, CAP TYPE",,1.4S,1,1.4,,0,,E0,P133,MP23 MP24,,,,,,,4 (E),,,CV1 CV2 CV3,S1,
48,,"CHARGES, DEMOLITION",,1.1D,1,1,,0,,E0,P130 LP101,MP21,PP67 L1,,,,,,1 (B1000C),V2,,CV1 CV2 CV3,S1,
49,,"CARTRIDGES, FLASH",,1.1G,1,1,,0,,E0,P135,MP23,,,,,,,1 (B1000C),V2,,CV1 CV2 CV3,S1,
50,,"CARTRIDGES, FLASH",,1.3G,1,1,,0,,E0,P135,MP23,,,,,,,1 (C5000D),V2,,CV1 CV2 CV3,S1,
54,,"CARTRIDGES, SIGNAL",,1.3G,1,1,,0,,E0,P135,MP23 MP24,,,,,,,1 (C5000D),V2,,CV1 CV2 CV3,S1,
55,,"CASES, CARTRIDGE, EMPTY, WITH PRIMER",,1.4S,1,1.4,,5 kg,364,E0,P136,MP23,,,,,,,4 (E),,,CV1 CV2 CV3,S1,
56,,"CHARGES, DEPTH",,1.1D,1,1,,0,,E0,P130 LP101,MP21,PP67 L1,,,,,,1 (B1000C),V2,,CV1 CV2 CV3,S1,
59,,"CHARGES, SHAPED",without detonator,1.1D,1,1,,0,,E0,P137,MP21,PP70,,,,,,1 (B1000C),V2,,CV1 CV2 CV3,S1,
60,a,"CHARGES, SUPPLEMENTARY, EXPLOSIVE",,1.1D,1,1,,0,,E0,P132(a),MP21,,,,,,,1 (B1000C),V2,,CV1 CV2 CV3,S1,
60,b,"CHARGES, SUPPLEMENTARY, EXPLOSIVE",,1.1D,1,1,,0,,E0,P132(b),MP21,,,,,,,1 (B1000C),V2,,CV1 CV2 CV3,S1,
65,,"CORD, DETONATING",flexible,1.1D,1,1,,0,,E0,P139,MP21,PP71 PP72,,,,,,1 (B1000C),V2,,CV1 CV2 CV3,S1,
66,,"CORD, IGNITER",,1.4G,1,1.4,,0,,E0,P140,MP23,,,,,,,2 (E),V2,,CV1 CV2 CV3,S1,
70,,"CUTTERS, CABLE, EXPLOSIVE",,1.4S,1,1.4,,0,,E0,P134 LP102,MP23,,,,,,,4 (E),,,CV1 CV2 CV3,S1,
72,a,"CYCLOTRIMETHYLENETRINITRAMINE, WETTED","with not less than 15% water, by mass",1.1D,1,1,,0,266,E0,P112(a),MP20,PP45,,,,,,1 (B1000C),V2,,CV1 CV2 CV3,S1,
72,b,"CYCLONITE, WETTED","with not less than 15% water, by mass",1.1D,1,1,,0,266,E0,P112(a),MP20,PP45,,,,,,1 (B1000C),V2,,CV1 CV2 CV3,S1,
72,c,"RDX, WETTED","with not less than 15% water, by mass",1.1D,1,1,,0,266,E0,P112(a),MP20,PP45,,,,,,1 (B1000C),V2,,CV1 CV2 CV3,S1,
72,d,"HEXOGEN, WETTED","with not less than 15% water, by mass",1.1D,1,1,,0,266,E0,P112(a),MP20,PP45,,,,,,1 (B1000C),V2,,CV1 CV2 CV3,S1,
73,,DETONATORS FOR AMMUNITION,,1.1B,1,1,,0,,E0,P133,MP23,,,,,,,1 (B1000C),V2,,CV1 CV2 CV3,S1,
74,,"DIAZODINITROPHENOL, WETTED","with not less than 40% water or mixture of alcohol and water, by mass",1.1A,1,1,,0,266,E0,P110(b),MP20,PP42,,,,,,0 (B),V2,,CV1 CV2 CV3,S1,
75,,"DIETHYLENEGLYCOL DINITRATE, DESENSITIZED","with not less than 25% non-volatile water-insoluble phlegmatizer, by mass",1.1D,1,1,,0,266,E0,P115,MP20,PP53 PP54 PP57 PP58,,,,,,1 (B1000C),V2,,CV1 CV2 CV3,S1,
76,a,DINITROPHENOL,"dry or wetted with less than 15% water, by mass",1.1D,1,1+6.1,,0,,E0,P112(a),MP20,PP26,,,,,,1 (B1000C),V2 V3,,CV1 CV2 CV3 CV28,S1,
76,b,DINITROPHENOL,"dry or wetted with less than 15% water, by mass",1.1D,1,1+6.1,,0,,E0,P112(b),MP20,PP26,,,,,,1 (B1000C),V2 V3,,CV1 CV2 CV3 CV28,S1,
76,c,DINITROPHENOL,"dry or wetted with less than 15% water, by mass",1.1D,1,1+6.1,,0,,E0,P112(c),MP20,PP26,,,,,,1 (B1000C),V2 V3,,CV1 CV2 CV3 CV28,S1,
77,a,DINITROPHENOLATES,"alkali metals, dry or wetted with less than 15% water, by mass",1.3C,1,1+6.1,,0,,E0,P114(a),MP20,PP26,,,,,,1 (C5000D),V2 V3,,CV1 CV2 CV3 CV28,S1,
77,b,DINITROPHENOLATES,"alkali metals, dry or wetted with less than 15% water, by mass",1.3C,1,1+6.1,,0,,E0,P114(b),MP20,PP26,,,,,,1 (C5000D),V2 V3,,CV1 CV2 CV3 CV28,S1,
78,a,DINITRORESORCINOL,"dry or wetted with less than 15% water, by mass",1.1D,1,1,,0,,E0,P112(a),MP20,PP26,,,,,,1 (B1000C),V2 V3,,CV1 CV2 CV3,S1,
78,b,DINITRORESORCINOL,"dry or wetted with less than 15% water, by mass",1.1D,1,1,,0,,E0,P112(b),MP20,PP26,,,,,,1 (B1000C),V2 V3,,CV1 CV2 CV3,S1,
78,c,DINITRORESORCINOL,"dry or wetted with less than 15% water, by mass",1.1D,1,1,,0,,E0,P112(c),MP20,PP26,,,,,,1 (B1000C),V2 V3,,CV1 CV2 CV3,S1,
79,a,HEXANITRODIPHENYLAMINE,,1.1D,1,1,,0,,E0,P112(b),MP20,,,,,,,1 (B1000C),V2 V3,,CV1 CV2 CV3,S1,
79,b,HEXANITRODIPHENYLAMINE,,1.1D,1,1,,0,,E0,P112(c),MP20,,,,,,,1 (B1000C),V2 V3,,CV1 CV2 CV3,S1,
79,c,DIPICRYLAMINE,,1.1D,1,1,,0,,E0,P112(b),MP20,,,,,,,1 (B1000C),V2 V3,,CV1 CV2 CV3,S1,
79,d,DIPICRYLAMINE,,1.1D,1,1,,0,,E0,P112(c),MP20,,,,,,,1 (B1000C),V2 V3,,CV1 CV2 CV3,S1,
79,e,HEXYL,,1.1D,1,1,,0,,E0,P112(b),MP20,,,,,,,1 (B1000C),V2 V3,,CV1 CV2 CV3,S1,
79,f,HEXYL,,1.1D,1,1,,0,,E0,P112(c),MP20,,,,,,,1 (B1000C),V2 V3,,CV1 CV2 CV3,S1,
81,a,"EXPLOSIVE, BLASTING, TYPE A",,1.1D,1,1,,0,616 617,E0,P116,MP20,PP63 PP66,,,,,,1 (a)(B1000C),V2 V3,,CV1 CV2 CV3,S1,
81,b,"EXPLOSIVE, BLASTING, TYPE A",,1.1D,1,1,,0,616 617,E0,P116,MP20,PP63 PP66,,,,,,1 (a)(B1000C),V2 V3,,CV1 CV2 CV3,S1,
82,a,"EXPLOSIVE, BLASTING, TYPE B",,1.1D,1,1,,0,617,E0,P116 IBC100,MP20,PP61 PP62 B9,,,,,,1 (a)(B1000C),V2 V3 V12,,CV1 CV2 CV3,S1,
82,b,"EXPLOSIVE, BLASTING, TYPE B",,1.1D,1,1,,0,617,E0,P116 IBC100,MP20,PP61 PP62 B9,,,,,,1 (a)(B1000C),V2 V3 V12,,CV1 CV2 CV3,S1,
83,,"EXPLOSIVE, BLASTING, TYPE C",,1.1D,1,1,,0,267 617,E0,P116,MP20,,,,,,,1 (B1000C),V2 V3,,CV1 CV2 CV3,S1,
84,,"EXPLOSIVE, BLASTING, TYPE D",,1.1D,1,1,,0,617,E0,P116,MP20,,,,,,,1 (a)(B1000C),V2,,CV1 CV2 CV3,S1,
92,,"FLARES, SURFACE",,1.3G,1,1,,0,,E0,P135,MP23,,,,,,,1 (C5000D),V2,,CV1 CV2 CV3,S1,
93,,"FLARES, AERIAL",,1.3G,1,1,,0,,E0,P135,MP23,,,,,,,1 (C5000D),V2,,CV1 CV2 CV3,S1,
94,,FLASH POWDER,,1.1G,1,1,,0,,E0,P113,MP20,PP49,,,,,,1 (B1000C),V2 V3,,CV1 CV2 CV3,S1,
99,,"FRACTURING DEVICES, EXPLOSIVE","without detonator, for oil wells",1.1D,1,1,,0,,E0,P134 LP102,MP21,,,,,,,1 (B1000C),V2,,CV1 CV2 CV3,S1,
101,,"FUSE, NON-DETONATING",,1.3G,1,1,,0,,E0,P140,MP23,PP74 PP75,,,,,,1 (C5000D),V2,,CV1 CV2 CV3,S1,
102,a,"CORD, DETONATING",metal clad,1.2D,1,1,,0,,E0,P139,MP21,PP71,,,,,,1 (B1000C),V2,,CV1 CV2 CV3,S1,
102,b,"FUSE, DETONATING",metal clad,1.2D,1,1,,0,,E0,P139,MP21,PP71,,,,,,1 (B1000C),V2,,CV1 CV2 CV3,S1,
103,,"FUSE, IGNITER","tubular, metal clad",1.4G,1,1.4,,0,,E0,P140,MP23,,,,,,,2 (E),V2,,CV1 CV2 CV3,S1,
104,a,"CORD, DETONATING, MILD EFFECT",metal clad,1.4D,1,1.4,,0,,E0,P139,MP21,PP71,,,,,,2 (E),V2,,CV1 CV2 CV3,S1,
104,b,"FUSE, DETONATING, MILD EFFECT",metal clad,1.4D,1,1.4,,0,,E0,P139,MP21,PP71,,,,,,2 (E),V2,,CV1 CV2 CV3,S1,
105,,"FUSE, SAFETY",,1.4S,1,1.4,,0,,E0,P140,MP23,PP73,,,,,,4 (E),,,CV1 CV2 CV3,S1,
106,,"FUZES, DETONATING",,1.1B,1,1,,0,,E0,P141,MP23,,,,,,,1 (B1000C),V2,,CV1 CV2 CV3,S1,
107,,"FUZES, DETONATING",,1.2B,1,1,,0,,E0,P141,MP23,,,,,,,1 (B1000C),V2,,CV1 CV2 CV3,S1,
110,,"GRENADES, PRACTICE",hand or rifle,1.4S,1,1.4,,0,,E0,P141,MP23,,,,,,,4 (E),,,CV1 CV2 CV3,S1,
113,,"GUANYL NITROSAMINOGUANYLIDENE HYDRAZINE, WETTED","with not less than 30% water, by mass",1.1A,1,1,,0,266,E0,P110(b),MP20,PP42,,,,,,0 (B),V2,,CV1 CV2 CV3,S1,
114,a,"GUANYL NITROSAMINOGUANYLTETRAZENE, WETTED","with not less than 30% water, or mixture of alcohol and water, by mass",1.1A,1,1,,0,266,E0,P110(b),MP20,PP42,,,,,,0 (B),V2,,CV1 CV2 CV3,S1,
114,b,"TETRAZENE, WETTED","with not less than 30% water, or mixture of alcohol and water, by mass",1.1A,1,1,,0,266,E0,P110(b),MP20,PP42,,,,,,0 (B),V2,,CV1 CV2 CV3,S1,
118,a,HEXOLITE,"dry or wetted with less than 15% water, by mass",1.1D,1,1,,0,,E0,P112(a),MP20,,,,,,,1 (B1000C),V2 V3,,CV1 CV2 CV3,S1,
118,b,HEXOLITE,"dry or wetted with less than 15% water, by mass",1.1D,1,1,,0,,E0,P112(b),MP20,,,,,,,1 (B1000C),V2 V3,,CV1 CV2 CV3,S1,
118,c,HEXOLITE,"dry or wetted with less than 15% water, by mass",1.1D,1,1,,0,,E0,P112(c),MP20,,,,,,,1 (B1000C),V2 V3,,CV1 CV2 CV3,S1,
118,d,HEXOTOL,"dry or wetted with less than 15% water, by mass",1.1D,1,1,,0,,E0,P112(a),MP20,,,,,,,1 (B1000C),V2 V3,,CV1 CV2 CV3,S1,
118,e,HEXOTOL,"dry or wetted with less than 15% water, by mass",1.1D,1,1,,0,,E0,P112(b),MP20,,,,,,,1 (B1000C),V2 V3,,CV1 CV2 CV3,S1,
118,f,HEXOTOL,"dry or wetted with less than 15% water, by mass",1.1D,1,1,,0,,E0,P112(c),MP20,,,,,,,1 (B1000C),V2 V3,,CV1 CV2 CV3,S1,
121,,IGNITERS,,1.1G,1,1,,0,,E0,P142,MP23,,,,,,,1 (B1000C),V2,,CV1 CV2 CV3,S1,
124,,"JET PERFORATING GUNS, CHARGED","oil well, without detonator",1.1D,1,1,,0,,E0,P101,MP21,,,,,,,1 (B1000C),V2,,CV1 CV2 CV3,S1,
129,,"LEAD AZIDE, WETTED","with not less than 20% water, or mixture of alcohol and water, by mass",1.1A,1,1,,0,266,E0,P110(b),MP20,PP42,,,,,,0 (B),V2,,CV1 CV2 CV3,S1,
130,a,"LEAD STYPHNATE, WETTED","with not less than 20% water, or mixture of alcohol and water, by mass",1.1A,1,1,,0,266,E0,P110(b),MP20,PP42,,,,,,0 (B),V2,,CV1 CV2 CV3,S1,
130,b,"LEAD TRINITRORESORCINATE, WETTED","with not less than 20% water, or mixture of alcohol and water, by mass",1.1A,1,1,,0,266,E0,P110(b),MP20,PP42,,,,,,0 (B),V2,,CV1 CV2 CV3,S1,
131,,"LIGHTERS, FUSE",,1.4S,1,1.4,,0,,E0,P142,MP23,,,,,,,4 (E),,,CV1 CV2 CV3,S1,
132,,"DEFLAGRATING METAL SALTS OF AROMATIC NITRODERIVATIVES, N.O.S.",,1.3C,1,1,,0,274,E0,P114(b),MP2,PP26,,,,,,1 (C5000D),V2 V3,,CV1 CV2 CV3,S1,
133,a,"MANNITOL HEXANITRATE, WETTED","with not less than 40% water, or mixture of alcohol and water, by mass",1.1D,1,1,,0,266,E0,P112(a),MP20,,,,,,,1 (B1000C),V2,,CV1 CV2 CV3,S1,
133,b,"NITROMANNITE, WETTED","with not less than 40% water, or mixture of alcohol and water, by mass",1.1D,1,1,,0,266,E0,P112(a),MP20,,,,,,,1 (B1000C),V2,,CV1 CV2 CV3,S1,
135,,"MERCURY FULMINATE, WETTED","with not less than 20% water, or mixture of alcohol and water, by mass",1.1A,1,1,,0,266,E0,P110(b),MP20,PP42,,,,,,0 (B),V2,,CV1 CV2 CV3,S1,
136,,MINES,with bursting charge,1.1F,1,1,,0,,E0,P130 LP101,MP23,,,,,,,1 (B1000C),V2,,CV1 CV2 CV3,S1,
137,,MINES,with bursting charge,1.1D,1,1,,0,,E0,P130 LP101,MP21,PP67 L1,,,,,,1 (B1000C),V2,,CV1 CV2 CV3,S1,
138,,MINES,with bursting charge,1.2D,1,1,,0,,E0,P130 LP101,MP21,PP67 L1,,,,,,1 (B1000C),V2,,CV1 CV2 CV3,S1,
143,a,"NITROGLYCERIN, DESENSITIZED","with not less than 40% non-volatile water-insoluble phlegmatizer, by mass",1.1D,1,1+6.1,,0,266 271,E0,P115,MP20,PP53 PP54 PP57 PP58,,,,,,1 (B1000C),V2,,CV1 CV2 CV3 CV28,S1,
143,b,"NITROGLYCERIN, DESENSITIZED","with not less than 40% non-volatile water-insoluble phlegmatizer, by mass",1.1D,1,1+6.1,,0,266 271,E0,P115,MP20,PP53 PP54 PP57 PP58,,,,,,1 (B1000C),V2,,CV1 CV2 CV3 CV28,S1,
144,,NITROGLYCERIN SOLUTION IN ALCOHOL,with more than 1% but not more than 10% nitroglycerin,1.1D,1,1,,0,358,E0,P115,MP20,PP45 PP55 PP56 PP59 PP60,,,,,,1 (B1000C),V2,,CV1 CV2 CV3,S1,
146,a,NITROSTARCH,"dry or wetted, with less than 20% water, by mass",1.1D,1,1,,0,,E0,P112(a),MP20,,,,,,,1 (B1000C),V2 V3,,CV1 CV2 CV3,S1,
146,b,NITROSTARCH,"dry or wetted, with less than 20% water, by mass",1.1D,1,1,,0,,E0,P112(b),MP20,,,,,,,1 (B1000C),V2 V3,,CV1 CV2 CV3,S1,
146,c,NITROSTARCH,"dry or wetted, with less than 20% water, by mass",1.1D,1,1,,0,,E0,P112(c),MP20,,,,,,,1 (B1000C),V2 V3,,CV1 CV2 CV3,S1,
147,,NITRO UREA,,1.1D,1,1,,0,,E0,P112(b),MP20,,,,,,,1 (B1000C),V2 V3,,CV1 CV2 CV3,S1,
150,a,"PENTAERYTHRITE TETRANITRATE, WETTED","with not less than 25% water, by mass",1.1D,1,1,,0,266,E0,P112(a),MP20,,,,,,,1 (B1000C),V2 V3,,CV1 CV2 CV3,S1,
150,b,"PENTAERYTHRITOL TETRANITRATE, WETTED","with not less than 25% water, by mass",1.1D,1,1,,0,266,E0,P112(a),MP20,,,,,,,1 (B1000C),V2 V3,,CV1 CV2 CV3,S1,
150,c,"PETN, WETTED","with not less than 25% water, by mass",1.1D,1,1,,0,266,E0,P112(a),MP20,,,,,,,1 (B1000C),V2 V3,,CV1 CV2 CV3,S1,
150,d,"PENTAERYTHRITE TETRANITRATE, DESENSITIZED","with not less than 15% phlegmatizer, by mass",1.1D,1,1,,0,266,E0,P112(b),MP20,,,,,,,1 (B1000C),V2 V3,,CV1 CV2 CV3,S1,
150,e,"PENTAERYTHRITOL TETRANITRATE, DESENSITIZED","with not less than 15% phlegmatizer, by mass",1.1D,1,1,,0,266,E0,P112(b),MP20,,,,,,,1 (B1000C),V2 V3,,CV1 CV2 CV3,S1,
150,f,"PETN, DESENSITIZED","with not less than 15% phlegmatizer, by mass",1.1D,1,1,,0,266,E0,P112(b),MP20,,,,,,,1 (B1000C),V2 V3,,CV1 CV2 CV3,S1,
151,a,PENTOLITE,"dry or wetted with less than 15% water, by mass",1.1D,1,1,,0,,E0,P112(a),MP20,,,,,,,1 (B1000C),V2 V3,,CV1 CV2 CV3,S1,
151,b,PENTOLITE,"dry or wetted with less than 15% water, by mass",1.1D,1,1,,0,,E0,P112(b),MP20,,,,,,,1 (B1000C),V2 V3,,CV1 CV2 CV3,S1,
151,c,PENTOLITE,"dry or wetted with less than 15% water, by mass",1.1D,1,1,,0,,E0,P112(c),MP20,,,,,,,1 (B1000C),V2 V3,,CV1 CV2 CV3,S1,
153,a,TRINITROANILINE,,1.1D,1,1,,0,,E0,P112(b),MP20,,,,,,,1 (B1000C),V2 V3,,CV1 CV2 CV3,S1,
153,b,TRINITROANILINE,,1.1D,1,1,,0,,E0,P112(c),MP20,,,,,,,1 (B1000C),V2 V3,,CV1 CV2 CV3,S1,
153,c,PICRAMIDE,,1.1D,1,1,,0,,E0,P112(b),MP20,,,,,,,1 (B1000C),V2 V3,,CV1 CV2 CV3,S1,
153,d,PICRAMIDE,,1.1D,1,1,,0,,E0,P112(c),MP20,,,,,,,1 (B1000C),V2 V3,,CV1 CV2 CV3,S1,
154,a,TRINITROPHENOL,"dry or wetted with less than 30% water, by mass",1.1D,1,1,,0,,E0,P112(a),MP20,PP26,,,,,,1 (B1000C),V2 V3,,CV1 CV2 CV3,S1,
154,b,TRINITROPHENOL,"dry or wetted with less than 30% water, by mass",1.1D,1,1,,0,,E0,P112(b),MP20,PP26,,,,,,1 (B1000C),V2 V3,,CV1 CV2 CV3,S1,
154,c,TRINITROPHENOL,"dry or wetted with less than 30% water, by mass",1.1D,1,1,,0,,E0,P112(c),MP20,PP26,,,,,,1 (B1000C),V2 V3,,CV1 CV2 CV3,S1,
154,d,PICRIC ACID,"dry or wetted with less than 30% water, by mass",1.1D,1,1,,0,,E0,P112(a),MP20,PP26,,,,,,1 (B1000C),V2 V3,,CV1 CV2 CV3,S1,
154,e,PICRIC ACID,"dry or wetted with less than 30% water, by mass",1.1D,1,1,,0,,E0,P112(b),MP20,PP26,,,,,,1 (B1000C),V2 V3,,CV1 CV2 CV3,S1,
154,f,PICRIC ACID,"dry or wetted with less than 30% water, by mass",1.1D,1,1,,0,,E0,P112(c),MP20,PP26,,,,,,1 (B1000C),V2 V3,,CV1 CV2 CV3,S1,
155,a,TRINITROCHLOROBENZENE,,1.1D,1,1,,0,,E0,P112(b),MP20,,,,,,,1 (B1000C),V2 V3,,CV1 CV2 CV3,S1,
155,b,TRINITROCHLOROBENZENE,,1.1D,1,1,,0,,E0,P112(c),MP20,,,,,,,1 (B1000C),V2 V3,,CV1 CV2 CV3,S1,
155,c,PICRYL CHLORIDE,,1.1D,1,1,,0,,E0,P112(b),MP20,,,,,,,1 (B1000C),V2 V3,,CV1 CV2 CV3,S1,
155,d,PICRYL CHLORIDE,,1.1D,1,1,,0,,E0,P112(c),MP20,,,,,,,1 (B1000C),V2 V3,,CV1 CV2 CV3,S1,
159,a,"POWDER CAKE, WETTED","with not less than 25% water, by mass",1.3C,1,1,,0,266,E0,P111,MP20,PP43,,,,,,1 (C5000D),V2,,CV1 CV2 CV3,S1,
159,b,"POWDER PASTE, WETTED","with not less than 25% water, by mass",1.3C,1,1,,0,266,E0,P111,MP20,PP43,,,,,,1 (C5000D),V2,,CV1 CV2 CV3,S1,
160,,"POWDER, SMOKELESS",,1.1C,1,1,,0,,E0,P114(b),MP20 MP24,PP50 PP52,,,,,,1 (B1000C),V2 V3,,CV1 CV2 CV3,S1,
161,,"POWDER, SMOKELESS",,1.3C,1,1,,0,,E0,P114(b),MP20 MP24,PP50 PP52,,,,,,1 (C5000D),V2 V3,,CV1 CV2 CV3,S1,
167,,PROJECTILES,with bursting charge,1.1F,1,1,,0,,E0,P130 LP101,MP23,,,,,,,1 (B1000C),V2,,CV1 CV2 CV3,S1,
168,,PROJECTILES,with bursting charge,1.1D,1,1,,0,,E0,P130 LP101,MP21,PP67 L1,,,,,,1 (B1000C),V2,,CV1 CV2 CV3,S1,
169,,PROJECTILES,with bursting charge,1.2D,1,1,,0,,E0,P130 LP101,MP21,PP67 L1,,,,,,1 (B1000C),V2,,CV1 CV2 CV3,S1,
171,,"AMMUNITION, ILLUMINATING","with or without burster, expelling charge or propelling charge",1.2G,1,1,,0,,E0,P130 LP101,MP23,PP67 L1,,,,,,1 (B1000C),V2,,CV1 CV2 CV3,S1,
173,,"RELEASE DEVICES, EXPLOSIVE",,1.4S,1,1.4,,0,,E0,P134 LP102,MP23,,,,,,,4 (E),,,CV1 CV2 CV3,S1,
174,,"RIVETS, EXPLOSIVE",,1.4S,1,1.4,,0,,E0,P134 LP102,MP23,,,,,,,4 (E),,,CV1 CV2 CV3,S1,
180,,ROCKETS,with bursting charge,1.1F,1,1,,0,,E0,P130 LP101,MP23,,,,,,,1 (B1000C),V2,,CV1 CV2 CV3,S1,
181,,ROCKETS,with bursting charge,1.1E,1,1,,0,,E0,P130 LP101,MP21,PP67 L1,,,,,,1 (B1000C),V2,,CV1 CV2 CV3,S1,
182,,ROCKETS,with bursting charge,1.2E,1,1,,0,,E0,P130 LP101,MP21,PP67 L1,,,,,,1 (B1000C),V2,,CV1 CV2 CV3,S1,
183,,ROCKETS,with inert head,1.3C,1,1,,0,,E0,P130 LP101,MP22,PP67 L1,,,,,,1 (C5000D),V2,,CV1 CV2 CV3,S1,
186,,ROCKET MOTORS,,1.3C,1,1,,0,,E0,P130 LP101,MP22 MP24,PP67 L1,,,,,,1 (C5000D),V2,,CV1 CV2 CV3,S1,
190,a,"SAMPLES, EXPLOSIVE",other than initiating explosive,,1,,,0,16 274,E0,P101,MP2,,,,,,,0 (E),V2,,CV1 CV2 CV3,S1,
190,b,"SAMPLES, EXPLOSIVE",other than initiating explosive,,1,,,0,16 274,E0,P101,MP2,,,,,,,0 (E),V2,,CV1 CV2 CV3,S1,
190,c,"SAMPLES, EXPLOSIVE",other than initiating explosive,,1,,,0,16 274,E0,P101,MP2,,,,,,,0 (E),V2,,CV1 CV2 CV3,S1,
190,d,"SAMPLES, EXPLOSIVE",other than initiating explosive,,1,,,0,16 274,E0,P101,MP2,,,,,,,0 (E),V2,,CV1 CV2 CV3,S1,
190,e,"SAMPLES, EXPLOSIVE",other than initiating explosive,,1,,,0,16 274,E0,P101,MP2,,,,,,,0 (E),V2,,CV1 CV2 CV3,S1,
190,f,"SAMPLES, EXPLOSIVE",other than initiating explosive,,1,,,0,16 274,E0,P101,MP2,,,,,,,0 (E),V2,,CV1 CV2 CV3,S1,
190,g,"SAMPLES, EXPLOSIVE",other than initiating explosive,,1,,,0,16 274,E0,P101,MP2,,,,,,,0 (E),V2,,CV1 CV2 CV3,S1,
190,h,"SAMPLES, EXPLOSIVE",other than initiating explosive,,1,,,0,16 274,E0,P101,MP2,,,,,,,0 (E),V2,,CV1 CV2 CV3,S1,
190,i,"SAMPLES, EXPLOSIVE",other than initiating explosive,,1,,,0,16 274,E0,P101,MP2,,,,,,,0 (E),V2,,CV1 CV2 CV3,S1,
190,j,"SAMPLES, EXPLOSIVE",other than initiating explosive,,1,,,0,16 274,E0,P101,MP2,,,,,,,0 (E),V2,,CV1 CV2 CV3,S1,
190,k,"SAMPLES, EXPLOSIVE",other than initiating explosive,,1,,,0,16 274,E0,P101,MP2,,,,,,,0 (E),V2,,CV1 CV2 CV3,S1,
190,l,"SAMPLES, EXPLOSIVE",other than initiating explosive,,1,,,0,16 274,E0,P101,MP2,,,,,,,0 (E),V2,,CV1 CV2 CV3,S1,
190,m,"SAMPLES, EXPLOSIVE",other than initiating explosive,,1,,,0,16 274,E0,P101,MP2,,,,,,,0 (E),V2,,CV1 CV2 CV3,S1,
190,n,"SAMPLES, EXPLOSIVE",other than initiating explosive,,1,,,0,16 274,E0,P101,MP2,,,,,,,0 (E),V2,,CV1 CV2 CV3,S1,
190,o,"SAMPLES, EXPLOSIVE",other than initiating explosive,,1,,,0,16 274,E0,P101,MP2,,,,,,,0 (E),V2,,CV1 CV2 CV3,S1,
190,p,"SAMPLES, EXPLOSIVE",other than initiating explosive,,1,,,0,16 274,E0,P101,MP2,,,,,,,0 (E),V2,,CV1 CV2 CV3,S1,
190,q,"SAMPLES, EXPLOSIVE",other than initiating explosive,,1,,,0,16 274,E0,P101,MP2,,,,,,,0 (E),V2,,CV1 CV2 CV3,S1,
190,r,"SAMPLES, EXPLOSIVE",other than initiating explosive,,1,,,0,16 274,E0,P101,MP2,,,,,,,0 (E),V2,,CV1 CV2 CV3,S1,
190,s,"SAMPLES, EXPLOSIVE",other than initiating explosive,,1,,,0,16 274,E0,P101,MP2,,,,,,,0 (E),V2,,CV1 CV2 CV3,S1,
190,t,"SAMPLES, EXPLOSIVE",other than initiating explosive,,1,,,0,16 274,E0,P101,MP2,,,,,,,0 (E),V2,,CV1 CV2 CV3,S1,
190,u,"SAMPLES, EXPLOSIVE",other than initiating explosive,,1,,,0,16 274,E0,P101,MP2,,,,,,,0 (E),V2,,CV1 CV2 CV3,S1,
190,v,"SAMPLES, EXPLOSIVE",other than initiating explosive,,1,,,0,16 274,E0,P101,MP2,,,,,,,0 (E),V2,,CV1 CV2 CV3,S1,
190,w,"SAMPLES, EXPLOSIVE",other than initiating explosive,,1,,,0,16 274,E0,P101,MP2,,,,,,,0 (E),V2,,CV1 CV2 CV3,S1,
190,x,"SAMPLES, EXPLOSIVE",other than initiating explosive,,1,,,0,16 274,E0,P101,MP2,,,,,,,0 (E),V2,,CV1 CV2 CV3,S1,
190,y,"SAMPLES, EXPLOSIVE",other than initiating explosive,,1,,,0,16 274,E0,P101,MP2,,,,,,,0 (E),V2,,CV1 CV2 CV3,S1,
190,za,"SAMPLES, EXPLOSIVE",other than initiating explosive,,1,,,0,16 274,E0,P101,MP2,,,,,,,0 (E),V2,,CV1 CV2 CV3,S1,
190,zb,"SAMPLES, EXPLOSIVE",other than initiating explosive,,1,,,0,16 274,E0,P101,MP2,,,,,,,0 (E),V2,,CV1 CV2 CV3,S1,
190,zc,"SAMPLES, EXPLOSIVE",other than initiating explosive,,1,,,0,16 274,E0,P101,MP2,,,,,,,0 (E),V2,,CV1 CV2 CV3,S1,
190,zd,"SAMPLES, EXPLOSIVE",other than initiating explosive,,1,,,0,16 274,E0,P101,MP2,,,,,,,0 (E),V2,,CV1 CV2 CV3,S1,
190,ze,"SAMPLES, EXPLOSIVE",other than initiating explosive,,1,,,0,16 274,E0,P101,MP2,,,,,,,0 (E),V2,,CV1 CV2 CV3,S1,
190,zf,"SAMPLES, EXPLOSIVE",other than initiating explosive,,1,,,0,16 274,E0,P101,MP2,,,,,,,0 (E),V2,,CV1 CV2 CV3,S1,
190,zg,"SAMPLES, EXPLOSIVE",other than initiating explosive,,1,,,0,16 274,E0,P101,MP2,,,,,,,0 (E),V2,,CV1 CV2 CV3,S1,
190,zh,"SAMPLES, EXPLOSIVE",other than initiating explosive,,1,,,0,16 274,E0,P101,MP2,,,,,,,0 (E),V2,,CV1 CV2 CV3,S1,
190,zi,"SAMPLES, EXPLOSIVE",other than initiating explosive,,1,,,0,16 274,E0,P101,MP2,,,,,,,0 (E),V2,,CV1 CV2 CV3,S1,
190,zj,"SAMPLES, EXPLOSIVE",other than initiating explosive,,1,,,0,16 274,E0,P101,MP2,,,,,,,0 (E),V2,,CV1 CV2 CV3,S1,
191,,"SIGNAL DEVICES, HAND",,1.4G,1,1.4,,0,,E0,P135,MP23 MP24,,,,,,,2 (E),V2,,CV1 CV2 CV3,S1,
192,,"SIGNALS, RAILWAY TRACK, EXPLOSIVE",,1.1G,1,1,,0,,E0,P135,MP23,,,,,,,1 (B1000C),V2,,CV1 CV2 CV3,S1,
193,,"SIGNALS, RAILWAY TRACK, EXPLOSIVE",,1.4S,1,1.4,,0,,E0,P135,MP23,,,,,,,4 (E),,,CV1 CV2 CV3,S1,
194,,"SIGNALS, DISTRESS",ship,1.1G,1,1,,0,,E0,P135,MP23 MP24,,,,,,,1 (B1000C),V2,,CV1 CV2 CV3,S1,
195,,"SIGNALS, DISTRESS",ship,1.3G,1,1,,0,,E0,P135,MP23 MP24,,,,,,,1 (C5000D),V2,,CV1 CV2 CV3,S1,
196,,"SIGNALS, SMOKE",,1.1G,1,1,,0,,E0,P135,MP23,,,,,,,1 (B1000C),V2,,CV1 CV2 CV3,S1,
197,,"SIGNALS, SMOKE",,1.4G,1,1.4,,0,,E0,P135,MP23 MP24,,,,,,,2 (E),V2,,CV1 CV2 CV3,S1,
204,,"SOUNDING DEVICES, EXPLOSIVE",,1.2F,1,1,,0,,E0,P134 LP102,MP23,,,,,,,1 (B1000C),V2,,CV1 CV2 CV3,S1,
207,a,TETRANITROANILINE,,1.1D,1,1,,0,,E0,P112(b),MP20,,,,,,,1 (B1000C),V2 V3,,CV1 CV2 CV3,S1,
207,b,TETRANITROANILINE,,1.1D,1,1,,0,,E0,P112(c),MP20,,,,,,,1 (B1000C),V2 V3,,CV1 CV2 CV3,S1,
208,a,TRINITROPHENYLMETHYLNITRAMINE,,1.1D,1,1,,0,,E0,P112(b),MP20,,,,,,,1 (B1000C),V2 V3,,CV1 CV2 CV3,S1,
208,b,TRINITROPHENYLMETHYLNITRAMINE,,1.1D,1,1,,0,,E0,P112(c),MP20,,,,,,,1 (B1000C),V2 V3,,CV1 CV2 CV3,S1,
208,c,TETRYL,,1.1D,1,1,,0,,E0,P112(b),MP20,,,,,,,1 (B1000C),V2 V3,,CV1 CV2 CV3,S1,
208,d,TETRYL,,1.1D,1,1,,0,,E0,P112(c),MP20,,,,,,,1 (B1000C),V2 V3,,CV1 CV2 CV3,S1,
209,a,,,,,,,,,,,,,,(only listed with P112(b) or (c)),,,,,,,,,
209,b,TRINITROTOLUENE,"dry or wetted with less than 30% water, by mass",1.1D,1,1,,0,,E0,P112(b),MP20,PP46,,,,,,1 (B1000C),V2 V3,,CV1 CV2 CV3,S1,
209,c,TRINITROTOLUENE,"dry or wetted with less than 30% water, by mass",1.1D,1,1,,0,,E0,P112(c),MP20,PP46,,,,,,1 (B1000C),V2 V3,,CV1 CV2 CV3,S1,
209,d,,,,,,,,,,,,,,(only listed with P112(b) or (c)),,,,,,,,,
209,e,TNT,"dry or wetted with less than 30% water, by mass",1.1D,1,1,,0,,E0,P112(b),MP20,PP46,,,,,,1 (B1000C),V2 V3,,CV1 CV2 CV3,S1,
209,f,TNT,"dry or wetted with less than 30% water, by mass",1.1D,1,1,,0,,E0,P112(c),MP20,PP46,,,,,,1 (B1000C),V2 V3,,CV1 CV2 CV3,S1,
212,,TRACERS FOR AMMUNITION,,1.3G,1,1,,0,,E0,P133,MP23,PP69,,,,,,1 (C5000D),V2,,CV1 CV2 CV3,S1,
213,a,TRINITROANISOLE,,1.1D,1,1,,0,,E0,P112(b),MP20,,,,,,,1 (B1000C),V2 V3,,CV1 CV2 CV3,S1,
213,b,TRINITROANISOLE,,1.1D,1,1,,0,,E0,P112(c),MP20,,,,,,,1 (B1000C),V2 V3,,CV1 CV2 CV3,S1,
214,a,TRINITROBENZENE,"dry or wetted with less than 30% water, by mass",1.1D,1,1,,0,,E0,P112(a),MP20,,,,,,,1 (B1000C),V2 V3,,CV1 CV2 CV3,S1,
214,b,TRINITROBENZENE,"dry or wetted with less than 30% water, by mass",1.1D,1,1,,0,,E0,P112(b),MP20,,,,,,,1 (B1000C),V2 V3,,CV1 CV2 CV3,S1,
214,c,TRINITROBENZENE,"dry or wetted with less than 30% water, by mass",1.1D,1,1,,0,,E0,P112(c),MP20,,,,,,,1 (B1000C),V2 V3,,CV1 CV2 CV3,S1,
215,a,TRINITROBENZOIC ACID,"dry or wetted with less than 30% water, by mass",1.1D,1,1,,0,,E0,P112(a),MP20,,,,,,,1 (B1000C),V2 V3,,CV1 CV2 CV3,S1,
215,b,TRINITROBENZOIC ACID,"dry or wetted with less than 30% water, by mass",1.1D,1,1,,0,,E0,P112(b),MP20,,,,,,,1 (B1000C),V2 V3,,CV1 CV2 CV3,S1,
215,c,TRINITROBENZOIC ACID,"dry or wetted with less than 30% water, by mass",1.1D,1,1,,0,,E0,P112(c),MP20,,,,,,,1 (B1000C),V2 V3,,CV1 CV2 CV3,S1,
216,a,TRINITRO-m-CRESOL,,1.1D,1,1,,0,,E0,P112(b),MP20,PP26,,,,,,1 (B1000C),V2 V3,,CV1 CV2 CV3,S1,
216,b,TRINITRO-m-CRESOL,,1.1D,1,1,,0,,E0,P112(c),MP20,PP26,,,,,,1 (B1000C),V2 V3,,CV1 CV2 CV3,S1,
217,a,TRINITRONAPHTHALENE,,1.1D,1,1,,0,,E0,P112(b),MP20,,,,,,,1 (B1000C),V2 V3,,CV1 CV2 CV3,S1,
217,b,TRINITRONAPHTHALENE,,1.1D,1,1,,0,,E0,P112(c),MP20,,,,,,,1 (B1000C),V2 V3,,CV1 CV2 CV3,S1,
218,a,TRINITROPHENETOLE,,1.1D,1,1,,0,,E0,P112(b),MP20,,,,,,,1 (B1000C),V2 V3,,CV1 CV2 CV3,S1,
218,b,TRINITROPHENETOLE,,1.1D,1,1,,0,,E0,P112(c),MP20,,,,,,,1 (B1000C),V2 V3,,CV1 CV2 CV3,S1,
219,a,TRINITRORESORCINOL,"dry or wetted with less than 20% water, or mixture of alcohol and water, by mass",1.1D,1,1,,0,,E0,P112(a),MP20,PP26,,,,,,1 (B1000C),V2 V3,,CV1 CV2 CV3,S1,
219,b,TRINITRORESORCINOL,"dry or wetted with less than 20% water, or mixture of alcohol and water, by mass",1.1D,1,1,,0,,E0,P112(b),MP20,PP26,,,,,,1 (B1000C),V2 V3,,CV1 CV2 CV3,S1,
219,c,TRINITRORESORCINOL,"dry or wetted with less than 20% water, or mixture of alcohol and water, by mass",1.1D,1,1,,0,,E0,P112(c),MP20,PP26,,,,,,1 (B1000C),V2 V3,,CV1 CV2 CV3,S1,
219,d,STYPHNIC ACID,"dry or wetted with less than 20% water, or mixture of alcohol and water, by mass",1.1D,1,1,,0,,E0,P112(a),MP20,PP26,,,,,,1 (B1000C),V2 V3,,CV1 CV2 CV3,S1,
219,e,STYPHNIC ACID,"dry or wetted with less than 20% water, or mixture of alcohol and water, by mass",1.1D,1,1,,0,,E0,P112(b),MP20,PP26,,,,,,1 (B1000C),V2 V3,,CV1 CV2 CV3,S1,
219,f,STYPHNIC ACID,"dry or wetted with less than 20% water, or mixture of alcohol and water, by mass",1.1D,1,1,,0,,E0,P112(c),MP20,PP26,,,,,,1 (B1000C),V2 V3,,CV1 CV2 CV3,S1,
220,a,UREA NITRATE,"dry or wetted with less than 20% water, by mass",1.1D,1,1,,0,,E0,P112(a),MP20,,,,,,,1 (B1000C),V2 V3,,CV1 CV2 CV3,S1,
220,b,UREA NITRATE,"dry or wetted with less than 20% water, by mass",1.1D,1,1,,0,,E0,P112(b),MP20,,,,,,,1 (B1000C),V2 V3,,CV1 CV2 CV3,S1,
220,c,UREA NITRATE,"dry or wetted with less than 20% water, by mass",1.1D,1,1,,0,,E0,P112(c),MP20,,,,,,,1 (B1000C),V2 V3,,CV1 CV2 CV3,S1,
221,,"WARHEADS, TORPEDO",with bursting charge,1.1D,1,1,,0,,E0,P130 LP101,MP21,PP67 L1,,,,,,1 (B1000C),V2,,CV1 CV2 CV3,S1,
222,a,AMMONIUM NITRATE,,1.1D,1,1,,0,370,E0,P112(b),MP20,PP47 B3 B17,,,,,,1 (B1000C),V2 V3,,CV1 CV2 CV3,S1,
222,b,AMMONIUM NITRATE,,1.1D,1,1,,0,370,E0,P112(c),MP20,PP47 B3 B17,,,,,,1 (B1000C),V2 V3,,CV1 CV2 CV3,S1,
224,,BARIUM AZIDE,"dry or wetted with less than 50% water, by mass",1.1A,1,1+6.1,,0,,E0,P110(b),MP20,PP42,,,,,,0 (B),V2 V3,,CV1 CV2 CV3 CV28,S1,
225,,BOOSTERS WITH DETONATOR,,1.1B,1,1,,0,,E0,P133,MP23,PP69,,,,,,1 (B1000C),V2,,CV1 CV2 CV3,S1,
226,a,"CYCLOTETRAMETHYLENETETRANITRAMINE, WETTED","with not less than 15% water, by mass",1.1D,1,1,,0,266,E0,P112(a),MP20,PP45,,,,,,1 (B1000C),V2,,CV1 CV2 CV3,S1,
226,b,"HMX, WETTED","with not less than 15% water, by mass",1.1D,1,1,,0,266,E0,P112(a),MP20,PP45,,,,,,1 (B1000C),V2,,CV1 CV2 CV3,S1,
226,c,"OCTOGEN, WETTED","with not less than 15% water, by mass",1.1D,1,1,,0,266,E0,P112(a),MP20,PP45,,,,,,1 (B1000C),V2,,CV1 CV2 CV3,S1,
234,a,SODIUM DINITRO-o-CRESOLATE,"dry or wetted with less than 15% water, by mass",1.3C,1,1,,0,,E0,P114(a),MP20,PP26,,,,,,1 (C5000D),V2 V3,,CV1 CV2 CV3,S1,
234,b,SODIUM DINITRO-o-CRESOLATE,"dry or wetted with less than 15% water, by mass",1.3C,1,1,,0,,E0,P114(b),MP20,PP26,,,,,,1 (C5000D),V2 V3,,CV1 CV2 CV3,S1,
235,a,SODIUM PICRAMATE,"dry or wetted with less than 20% water, by mass",1.3C,1,1,,0,,E0,P114(a),MP20,PP26,,,,,,1 (C5000D),V2 V3,,CV1 CV2 CV3,S1,
235,b,SODIUM PICRAMATE,"dry or wetted with less than 20% water, by mass",1.3C,1,1,,0,,E0,P114(b),MP20,PP26,,,,,,1 (C5000D),V2 V3,,CV1 CV2 CV3,S1,
236,a,ZIRCONIUM PICRAMATE,"dry or wetted with less than 20% water, by mass",1.3C,1,1,,0,,E0,P114(a),MP20,PP26,,,,,,1 (C5000D),V2 V3,,CV1 CV2 CV3,S1,
236,b,ZIRCONIUM PICRAMATE,"dry or wetted with less than 20% water, by mass",1.3C,1,1,,0,,E0,P114(b),MP20,PP26,,,,,,1 (C5000D),V2 V3,,CV1 CV2 CV3,S1,
237,,"CHARGES, SHAPED, FLEXIBLE, LINEAR",,1.4D,1,1.4,,0,,E0,P138,MP21,,,,,,,2 (E),V2,,CV1 CV2 CV3,S1,
238,,"ROCKETS, LINE-THROWING",,1.2G,1,1,,0,,E0,P130 LP101,MP23 MP24,,,,,,,1 (B1000C),V2,,CV1 CV2 CV3,S1,
240,,"ROCKETS, LINE-THROWING",,1.3G,1,1,,0,,E0,P130 LP101,MP23 MP24,,,,,,,1 (C5000D),V2,,CV1 CV2 CV3,S1,
241,a,"EXPLOSIVE, BLASTING, TYPE E",,1.1D,1,1,,0,617,E0,P116 IBC100,MP20,PP61 PP62 B10,,,,,,1 (a)(B1000C),V2 V12,,CV1 CV2 CV3,S1,
241,b,"EXPLOSIVE, BLASTING, TYPE E",,1.1D,1,1,,0,617,E0,P116 IBC100,MP20,PP61 PP62 B10,,,,,,1 (a)(B1000C),V2 V12,,CV1 CV2 CV3,S1,
242,,"CHARGES, PROPELLING, FOR CANNON",,1.3C,1,1,,0,,E0,P130 LP101,MP22,,,,,,,1 (C5000D),V2,,CV1 CV2 CV3,S1,
243,,"AMMUNITION, INCENDIARY, WHITE PHOSPHORUS","with burster, expelling charge or propelling charge",1.2H,1,1,,0,,E0,P130 LP101,MP23,PP67 L1,,,,,,1 (B1000C),V2,,CV1 CV2 CV3,S1,
244,,"AMMUNITION, INCENDIARY, WHITE PHOSPHORUS","with burster, expelling charge or propelling charge",1.3H,1,1,,0,,E0,P130 LP101,MP23,PP67 L1,,,,,,1 (C),V2,,CV1 CV2 CV3,S1,
245,,"AMMUNITION, SMOKE, WHITE PHOSPHORUS","with burster, expelling charge or propelling charge",1.2H,1,1,,0,,E0,P130 LP101,MP23,PP67 L1,,,,,,1 (B1000C),V2,,CV1 CV2 CV3,S1,
246,,"AMMUNITION, SMOKE, WHITE PHOSPHORUS","with burster, expelling charge or propelling charge",1.3H,1,1,,0,,E0,P130 LP101,MP23,PP67 L1,,,,,,1 (C),V2,,CV1 CV2 CV3,S1,
247,,"AMMUNITION, INCENDIARY","liquid or gel, with burster, expelling charge or propelling charge",1.3J,1,1,,0,,E0,P101,MP23,,,,,,,1 (C),V2,,CV1 CV2 CV3,S1,
248,,"CONTRIVANCES, WATER-ACTIVATED","with burster, expelling charge or propelling charge",1.2L,1,1,,0,274,E0,P144,MP1,PP77,,,,,,0 (B),V2,,CV1 CV2 CV3 CV4,S1,
249,,"CONTRIVANCES, WATER-ACTIVATED","with burster, expelling charge or propelling charge",1.3L,1,1,,0,274,E0,P144,MP1,PP77,,,,,,0 (B),V2,,CV1 CV2 CV3 CV4,S1,
250,,ROCKET MOTORS WITH HYPERGOLIC LIQUIDS,with or without expelling charge,1.3L,1,1,,0,,E0,P101,MP1,,,,,,,0 (B),V2,,CV1 CV2 CV3 CV4,S1,
254,,"AMMUNITION, ILLUMINATING","with or without burster, expelling charge or propelling charge",1.3G,1,1,,0,,E0,P130 LP101,MP23,PP67 L1,,,,,,1 (C5000D),V2,,CV1 CV2 CV3,S1,
255,,"DETONATORS, ELECTRIC",for blasting,1.4B,1,1.4,,0,,E0,P131,MP23,,,,,,,2 (E),V2,,CV1 CV2 CV3,S1,
257,,"FUZES, DETONATING",,1.4B,1,1.4,,0,,E0,P141,MP23,,,,,,,2 (E),V2,,CV1 CV2 CV3,S1,
266,a,OCTOLITE,"dry or wetted with less than 15% water, by mass",1.1D,1,1,,0,,E0,P112(a),MP20,,,,,,,1 (B1000C),V2 V3,,CV1 CV2 CV3,S1,
266,b,OCTOLITE,"dry or wetted with less than 15% water, by mass",1.1D,1,1,,0,,E0,P112(b),MP20,,,,,,,1 (B1000C),V2 V3,,CV1 CV2 CV3,S1,
266,c,OCTOLITE,"dry or wetted with less than 15% water, by mass",1.1D,1,1,,0,,E0,P112(c),MP20,,,,,,,1 (B1000C),V2 V3,,CV1 CV2 CV3,S1,
266,d,OCTOL,"dry or wetted with less than 15% water, by mass",1.1D,1,1,,0,,E0,P112(a),MP20,,,,,,,1 (B1000C),V2 V3,,CV1 CV2 CV3,S1,
266,e,OCTOL,"dry or wetted with less than 15% water, by mass",1.1D,1,1,,0,,E0,P112(b),MP20,,,,,,,1 (B1000C),V2 V3,,CV1 CV2 CV3,S1,
266,f,OCTOL,"dry or wetted with less than 15% water, by mass",1.1D,1,1,,0,,E0,P112(c),MP20,,,,,,,1 (B1000C),V2 V3,,CV1 CV2 CV3,S1,
267,,"DETONATORS, NON-ELECTRIC",for blasting,1.4B,1,1.4,,0,,E0,P131,MP23,PP68,,,,,,2 (E),V2,,CV1 CV2 CV3,S1,
268,,BOOSTERS WITH DETONATOR,,1.2B,1,1,,0,,E0,P133,MP23,PP69,,,,,,1 (B1000C),V2,,CV1 CV2 CV3,S1,
271,,"CHARGES, PROPELLING",,1.1C,1,1,,0,,E0,P143,MP22,PP76,,,,,,1 (B1000C),V2,,CV1 CV2 CV3,S1,
272,,"CHARGES, PROPELLING",,1.3C,1,1,,0,,E0,P143,MP22,PP76,,,,,,1 (C5000D),V2,,CV1 CV2 CV3,S1,
275,,"CARTRIDGES, POWER DEVICE",,1.3C,1,1,,0,,E0,P134 LP102,MP22,,,,,,,1 (C5000D),V2,,CV1 CV2 CV3,S1,
276,,"CARTRIDGES, POWER DEVICE",,1.4C,1,1.4,,0,,E0,P134 LP102,MP22,,,,,,,2 (E),V2,,CV1 CV2 CV3,S1,
277,,"CARTRIDGES, OIL WELL",,1.3C,1,1,,0,,E0,P134 LP102,MP22,,,,,,,1 (C5000D),V2,,CV1 CV2 CV3,S1,
278,,"CARTRIDGES, OIL WELL",,1.4C,1,1.4,,0,,E0,P134 LP102,MP22,,,,,,,2 (E),V2,,CV1 CV2 CV3,S1,
279,,"CHARGES, PROPELLING, FOR CANNON",,1.1C,1,1,,0,,E0,P130 LP101,MP22,,,,,,,1 (B1000C),V2,,CV1 CV2 CV3,S1,
280,,ROCKET MOTORS,,1.1C,1,1,,0,,E0,P130 LP101,MP22,PP67 L1,,,,,,1 (B1000C),V2,,CV1 CV2 CV3,S1,
281,,ROCKET MOTORS,,1.2C,1,1,,0,,E0,P130 LP101,MP22,PP67 L1,,,,,,1 (B1000C),V2,,CV1 CV2 CV3,S1,
282,a,NITROGUANIDINE,"dry or wetted with less than 20% water, by mass",1.1D,1,1,,0,,E0,P112(a),MP20,,,,,,,1 (B1000C),V2 V3,,CV1 CV2 CV3,S1,
282,b,NITROGUANIDINE,"dry or wetted with less than 20% water, by mass",1.1D,1,1,,0,,E0,P112(b),MP20,,,,,,,1 (B1000C),V2 V3,,CV1 CV2 CV3,S1,
282,c,NITROGUANIDINE,"dry or wetted with less than 20% water, by mass",1.1D,1,1,,0,,E0,P112(c),MP20,,,,,,,1 (B1000C),V2 V3,,CV1 CV2 CV3,S1,
282,d,PICRITE,"dry or wetted with less than 20% water, by mass",1.1D,1,1,,0,,E0,P112(a),MP20,,,,,,,1 (B1000C),V2 V3,,CV1 CV2 CV3,S1,
282,e,PICRITE,"dry or wetted with less than 20% water, by mass",1.1D,1,1,,0,,E0,P112(b),MP20,,,,,,,1 (B1000C),V2 V3,,CV1 CV2 CV3,S1,
282,f,PICRITE,"dry or wetted with less than 20% water, by mass",1.1D,1,1,,0,,E0,P112(c),MP20,,,,,,,1 (B1000C),V2 V3,,CV1 CV2 CV3,S1,
283,a,BOOSTERS,without detonator,1.2D,1,1,,0,,E0,P132(a),MP21,,,,,,,1 (B1000C),V2,,CV1 CV2 CV3,S1,
283,b,BOOSTERS,without detonator,1.2D,1,1,,0,,E0,P132(b),MP21,,,,,,,1 (B1000C),V2,,CV1 CV2 CV3,S1,
284,,GRENADES,"hand or rifle, with bursting charge",1.1D,1,1,,0,,E0,P141,MP21,,,,,,,1 (B1000C),V2,,CV1 CV2 CV3,S1,
285,,GRENADES,"hand or rifle, with bursting charge",1.2D,1,1,,0,,E0,P141,MP21,,,,,,,1 (B1000C),V2,,CV1 CV2 CV3,S1,
286,,"WARHEADS, ROCKET",with bursting charge,1.1D,1,1,,0,,E0,P130 LP101,MP21,PP67 L1,,,,,,1 (B1000C),V2,,CV1 CV2 CV3,S1,
287,,"WARHEADS, ROCKET",with bursting charge,1.2D,1,1,,0,,E0,P130 LP101,MP21,PP67 L1,,,,,,1 (B1000C),V2,,CV1 CV2 CV3,S1,
288,,"CHARGES, SHAPED, FLEXIBLE, LINEAR",,1.1D,1,1,,0,,E0,P138,MP21,,,,,,,1 (B1000C),V2,,CV1 CV2 CV3,S1,
289,,"CORD, DETONATING",flexible,1.4D,1,1.4,,0,,E0,P139,MP21,PP71 PP72,,,,,,2 (E),V2,,CV1 CV2 CV3,S1,
290,a,"CORD, DETONATING",metal clad,1.1D,1,1,,0,,E0,P139,MP21,PP71,,,,,,1 (B1000C),V2,,CV1 CV2 CV3,S1,
290,b,"FUSE, DETONATING",metal clad,1.1D,1,1,,0,,E0,P139,MP21,PP71,,,,,,1 (B1000C),V2,,CV1 CV2 CV3,S1,
291,,BOMBS,with bursting charge,1.2F,1,1,,0,,E0,P130 LP101,MP23,,,,,,,1 (B1000C),V2,,CV1 CV2 CV3,S1,
292,,GRENADES,"hand or rifle, with bursting charge",1.1F,1,1,,0,,E0,P141,MP23,,,,,,,1 (B1000C),V2,,CV1 CV2 CV3,S1,
293,,GRENADES,"hand or rifle, with bursting charge",1.2F,1,1,,0,,E0,P141,MP23,,,,,,,1 (B1000C),V2,,CV1 CV2 CV3,S1,
294,,MINES,with bursting charge,1.2F,1,1,,0,,E0,P130 LP101,MP23,,,,,,,1 (B1000C),V2,,CV1 CV2 CV3,S1,
295,,ROCKETS,with bursting charge,1.2F,1,1,,0,,E0,P130 LP101,MP23,,,,,,,1 (B1000C),V2,,CV1 CV2 CV3,S1,
296,,"SOUNDING DEVICES, EXPLOSIVE",,1.1F,1,1,,0,,E0,P134 LP102,MP23,,,,,,,1 (B1000C),V2,,CV1 CV2 CV3,S1,
297,,"AMMUNITION, ILLUMINATING","with or without burster, expelling charge or propelling charge",1.4G,1,1.4,,0,,E0,P130 LP101,MP23,PP67 L1,,,,,,2 (E),V2,,CV1 CV2 CV3,S1,
299,,"BOMBS, PHOTO-FLASH",,1.3G,1,1,,0,,E0,P130 LP101,MP23,PP67 L1,,,,,,1 (C5000D),V2,,CV1 CV2 CV3,S1,
300,,"AMMUNITION, INCENDIARY","with or without burster, expelling charge or propelling charge",1.4G,1,1.4,,0,,E0,P130 LP101,MP23,PP67 L1,,,,,,2 (E),V2,,CV1 CV2 CV3,S1,
301,,"AMMUNITION, TEAR-PRODUCING","with burster, expelling charge or propelling charge",1.4G,1,1.4+6.1+8,,0,,E0,P130 LP101,MP23,PP67 L1,,,,,,2 (E),V2,,CV1 CV2 CV3 CV28,S1,
303,a,"AMMUNITION, SMOKE","with or without burster, expelling charge or propelling charge, containing corrosive substances",1.4G,1,1.4+8,,0,,E0,P130 LP101,MP23,PP67 L1,,,,,,2 (E),V2,,CV1 CV2 CV3,S1,
303,b,"AMMUNITION, SMOKE","with or without burster, expelling charge or propelling charge, containing toxic substances",1.4G,1,1+6.1,,0,,E0,P130 LP101,MP23,PP67 L1,,,,,,2 (E),V2,,CV1 CV2 CV3,S1,
303,c,"AMMUNITION, SMOKE","with or without burster, expelling charge or propelling charge",1.4G,1,1.4,,0,,E0,P130 LP101,MP23,PP67 L1,,,,,,2 (E),V2,,CV1 CV2 CV3 CV28,S1,
305,,FLASH POWDER,,1.3G,1,1,,0,,E0,P113,MP20,PP49,,,,,,1 (C5000D),V2 V3,,CV1 CV2 CV3,S1,
306,,TRACERS FOR AMMUNITION,,1.4G,1,1.4,,0,,E0,P133,MP23,PP69,,,,,,2 (E),V2,,CV1 CV2 CV3,S1,
312,,"CARTRIDGES, SIGNAL",,1.4G,1,1.4,,0,,E0,P135,MP23 MP24,,,,,,,2 (E),V2,,CV1 CV2 CV3,S1,
313,,"SIGNALS, SMOKE",,1.2G,1,1,,0,,E0,P135,MP23,,,,,,,1 (B1000C),V2,,CV1 CV2 CV3,S1,
314,,IGNITERS,,1.2G,1,1,,0,,E0,P142,MP23,,,,,,,1 (B1000C),V2,,CV1 CV2 CV3,S1,
315,,IGNITERS,,1.3G,1,1,,0,,E0,P142,MP23,,,,,,,1 (C5000D),V2,,CV1 CV2 CV3,S1,
316,,"FUZES, IGNITING",,1.3G,1,1,,0,,E0,P141,MP23,,,,,,,1 (C5000D),V2,,CV1 CV2 CV3,S1,
317,,"FUZES, IGNITING",,1.4G,1,1.4,,0,,E0,P141,MP23,,,,,,,2 (E),V2,,CV1 CV2 CV3,S1,
318,,"GRENADES, PRACTICE",hand or rifle,1.3G,1,1,,0,,E0,P141,MP23,,,,,,,1 (C5000D),V2,,CV1 CV2 CV3,S1,
319,,"PRIMERS, TUBULAR",,1.3G,1,1,,0,,E0,P133,MP23,,,,,,,1 (C5000D),V2,,CV1 CV2 CV3,S1,
320,,"PRIMERS, TUBULAR",,1.4G,1,1.4,,0,,E0,P133,MP23,,,,,,,2 (E),V2,,CV1 CV2 CV3,S1,
321,,CARTRIDGES FOR WEAPONS,with bursting charge,1.2E,1,1,,0,,E0,P130 LP101,MP21,PP67 L1,,,,,,1 (B1000C),V2,,CV1 CV2 CV3,S1,
322,,ROCKET MOTORS WITH HYPERGOLIC LIQUIDS,with or without expelling charge,1.2L,1,1,,0,,E0,P101,MP1,,,,,,,0 (B),V2,,CV1 CV2 CV3 CV4,S1,
323,,"CARTRIDGES, POWER DEVICE",,1.4S,1,1.4,,0,347,E0,P134 LP102,MP23,,,,,,,4 (E),,,CV1 CV2 CV3,S1,
324,,PROJECTILES,with bursting charge,1.2F,1,1,,0,,E0,P130 LP101,MP23,,,,,,,1 (B1000C),V2,,CV1 CV2 CV3,S1,
325,,IGNITERS,,1.4G,1,1.4,,0,,E0,P142,MP23,,,,,,,2 (E),V2,,CV1 CV2 CV3,S1,
326,,"CARTRIDGES FOR WEAPONS, BLANK",,1.1C,1,1,,0,,E0,P130 LP101,MP22,,,,,,,1 (B1000C),V2,,CV1 CV2 CV3,S1,
327,a,"CARTRIDGES FOR WEAPONS, BLANK",,1.3C,1,1,,0,,E0,P130 LP101,MP22,,,,,,,1 (C5000D),V2,,CV1 CV2 CV3,S1,
327,b,"CARTRIDGES, SMALL ARMS, BLANK",,1.3C,1,1,,0,,E0,P130 LP101,MP22,,,,,,,1 (C5000D),V2,,CV1 CV2 CV3,S1,
328,,"CARTRIDGES FOR WEAPONS, INERT PROJECTILE",,1.2C,1,1,,0,,E0,P130 LP101,MP22,PP67 L1,,,,,,1 (B1000C),V2,,CV1 CV2 CV3,S1,
329,,TORPEDOES,with bursting charge,1.1E,1,1,,0,,E0,P130 LP101,MP21,PP67 L1,,,,,,1 (B1000C),V2,,CV1 CV2 CV3,S1,
330,,TORPEDOES,with bursting charge,1.1F,1,1,,0,,E0,P130 LP101,MP23,,,,,,,1 (B1000C),V2,,CV1 CV2 CV3,S1,
331,a,"EXPLOSIVE, BLASTING, TYPE B",,1.5D,1,1.5,,0,617,E0,P116 IBC100,MP20,PP61 PP62 PP64,T1,S2.65AN(+),TP1 TP17 TP32,TU3 TU12 TU41 TC8 TA1 TA5,EX/III,1 (a)(B1000C),V2 V12,,CV1 CV2 CV3,S1,1.5D
331,b,"AGENT, BLASTING, TYPE B",,1.5D,1,1.5,,0,617,E0,P116 IBC100,MP20,PP61 PP62 PP64,T1,S2.65AN(+),TP1 TP17 TP32,TU3 TU12 TU41 TC8 TA1 TA5,EX/III,1 (a)(B1000C),V2 V12,,CV1 CV2 CV3,S1,1.5D
331,c,"EXPLOSIVE, BLASTING, TYPE B",,1.5D,1,1.5,,0,617,E0,P116 IBC100,MP20,PP61 PP62 PP64,T1,S2.65AN(+),TP1 TP17 TP32,TU3 TU12 TU41 TC8 TA1 TA5,EX/III,1 (a)(B1000C),V2 V12,,CV1 CV2 CV3,S1,1.5D
331,d,"AGENT, BLASTING, TYPE B",,1.5D,1,1.5,,0,617,E0,P116 IBC100,MP20,PP61 PP62 PP64,T1,S2.65AN(+),TP1 TP17 TP32,TU3 TU12 TU41 TC8 TA1 TA5,EX/III,1 (a)(B1000C),V2 V12,,CV1 CV2 CV3,S1,1.5D
332,a,"EXPLOSIVE, BLASTING, TYPE E",,1.5D,1,1.5,,0,617,E0,P116 IBC100,MP20,PP61 PP62,T1,,TP1 TP17 TP32,,EX/III,1 (a)(B1000C),V2 V12,,CV1 CV2 CV3,S1,1.5D
332,b,"AGENT, BLASTING, TYPE E",,1.5D,1,1.5,,0,617,E0,P116 IBC100,MP20,PP61 PP62,T1,,TP1 TP17 TP32,,EX/III,1 (a)(B1000C),V2 V12,,CV1 CV2 CV3,S1,1.5D
332,c,"EXPLOSIVE, BLASTING, TYPE E",,1.5D,1,1.5,,0,617,E0,P116 IBC100,MP20,PP61 PP62,T1,,TP1 TP17 TP32,,EX/III,1 (a)(B1000C),V2 V12,,CV1 CV2 CV3,S1,1.5D
332,d,"AGENT, BLASTING, TYPE E",,1.5D,1,1.5,,0,617,E0,P116 IBC100,MP20,PP61 PP62,T1,,TP1 TP17 TP32,,EX/III,1 (a)(B1000C),V2 V12,,CV1 CV2 CV3,S1,1.5D
333,,FIREWORKS,,1.1G,1,1,,0,645,E0,P135,MP23 MP24,,,,,,,1 (B1000C),V2 V3,,CV1 CV2 CV3,S1,
334,,FIREWORKS,,1.2G,1,1,,0,645,E0,P135,MP23 MP24,,,,,,,1 (B1000C),V2 V3,,CV1 CV2 CV3,S1,
335,,FIREWORKS,,1.3G,1,1,,0,645,E0,P135,MP23 MP24,,,,,,,1 (C5000D),V2 V3,,CV1 CV2 CV3,S1,
336,,FIREWORKS,,1.4G,1,1.4,,0,645 651,E0,P135,MP23 MP24,,,,,,,2 (E),V2,,CV1 CV2 CV3,S1,
337,,FIREWORKS,,1.4S,1,1.4,,0,645,E0,P135,MP23 MP24,,,,,,,4 (E),,,CV1 CV2 CV3,S1,
338,a,"CARTRIDGES FOR WEAPONS, BLANK",,1.4C,1,1.4,,0,,E0,P130 LP101,MP22,,,,,,,2 (E),V2,,CV1 CV2 CV3,S1,
338,b,"CARTRIDGES, SMALL ARMS, BLANK",,1.4C,1,1.4,,0,,E0,P130 LP101,MP22,,,,,,,2 (E),V2,,CV1 CV2 CV3,S1,
339,a,"CARTRIDGES FOR WEAPONS, INERT PROJECTILE",,1.4C,1,1.4,,0,,E0,P130 LP101,MP22,,,,,,,2 (E),V2,,CV1 CV2 CV3,S1,
339,b,"CARTRIDGES, SMALL ARMS",,1.4C,1,1.4,,0,,E0,P130 LP101,MP22,,,,,,,2 (E),V2,,CV1 CV2 CV3,S1,
340,a,NITROCELLULOSE,"dry or wetted with less than 25% water (or alcohol), by mass",1.1D,1,1,,0,393,E0,P112(a),MP20,,,,,,,1 (B1000C),V2 V3,,CV1 CV2 CV3,S1,
340,b,NITROCELLULOSE,"dry or wetted with less than 25% water (or alcohol), by mass",1.1D,1,1,,0,393,E0,P112(b),MP20,,,,,,,1 (B1000C),V2 V3,,CV1 CV2 CV3,S1,
341,,NITROCELLULOSE,"unmodified or plasticized with less than 18% plasticizing substance, by mass",1.1D,1,1,,0,393,E0,P112(b),MP20,,,,,,,1 (B1000C),V2 V3,,CV1 CV2 CV3,S1,
342,,"NITROCELLULOSE, WETTED","with not less than 25% alcohol, by mass",1.3C,1,1,,0,105 393,E0,P114(a),MP20,PP43,,,,,,1 (C5000D),V2,,CV1 CV2 CV3,S1,
343,,"NITROCELLULOSE, PLASTICIZED","with not less than 18% plasticizing substance, by mass",1.3C,1,1,,0,105 393,E0,P111,MP20,,,,,,,1 (C5000D),V2,,CV1 CV2 CV3,S1,
344,,PROJECTILES,with bursting charge,1.4D,1,1.4,,0,,E0,P130 LP101,MP21,PP67 L1,,,,,,2 (E),V2,,CV1 CV2 CV3,S1,
345,,PROJECTILES,inert with tracer,1.4S,1,1.4,,0,,E0,P130 LP101,MP23,PP67 L1,,,,,,4 (E),,,CV1 CV2 CV3,S1,
346,,PROJECTILES,with burster or expelling charge,1.2D,1,1,,0,,E0,P130 LP101,MP21,PP67 L1,,,,,,1 (B1000C),V2,,CV1 CV2 CV3,S1,
347,,PROJECTILES,with burster or expelling charge,1.4D,1,1.4,,0,,E0,P130 LP101,MP21,PP67 L1,,,,,,2 (E),V2,,CV1 CV2 CV3,S1,
348,,CARTRIDGES FOR WEAPONS,with bursting charge,1.4F,1,1.4,,0,,E0,P130 LP101,MP23,,,,,,,2 (E),V2,,CV1 CV2 CV3,S1,
349,,"ARTICLES, EXPLOSIVE, N.O.S.",,1.4S,1,1.4,,0,178 274 347,E0,P101,MP2,,,,,,,4 (E),,,CV1 CV2 CV3,S1,
350,,"ARTICLES, EXPLOSIVE, N.O.S.",,1.4B,1,1.4,,0,178 274,E0,P101,MP2,,,,,,,2 (E),V2,,CV1 CV2 CV3,S1,
351,,"ARTICLES, EXPLOSIVE, N.O.S.",,1.4C,1,1.4,,0,178 274,E0,P101,MP2,,,,,,,2 (E),V2,,CV1 CV2 CV3,S1,
352,,"ARTICLES, EXPLOSIVE, N.O.S.",,1.4D,1,1.4,,0,178 274,E0,P101,MP2,,,,,,,2 (E),V2,,CV1 CV2 CV3,S1,
353,,"ARTICLES, EXPLOSIVE, N.O.S.",,1.4G,1,1.4,,0,178 274,E0,P101,MP2,,,,,,,2 (E),V2,,CV1 CV2 CV3,S1,
354,a,"ARTICLES, EXPLOSIVE, N.O.S.",,1.1L,1,1,,0,178 274,E0,P101,MP1,,,,,,,0 (B),V2,,CV1 CV2 CV3 CV4,S1,
354,b,"ARTICLES, EXPLOSIVE, N.O.S.",,1.1L,1,1,,0,178 274,E0,P101,MP1,,,,,,,0 (B),V2,,CV1 CV2 CV3 CV4,S1,
355,a,"ARTICLES, EXPLOSIVE, N.O.S.",,1.2L,1,1,,0,178 274,E0,P101,MP1,,,,,,,0 (B),V2,,CV1 CV2 CV3 CV4,S1,
355,b,"ARTICLES, EXPLOSIVE, N.O.S.",,1.2L,1,1,,0,178 274,E0,P101,MP1,,,,,,,0 (B),V2,,CV1 CV2 CV3 CV4,S1,
356,a,"ARTICLES, EXPLOSIVE, N.O.S.",,1.3L,1,1,,0,178 274,E0,P101,MP1,,,,,,,0 (B),V2,,CV1 CV2 CV3 CV4,S1,
356,b,"ARTICLES, EXPLOSIVE, N.O.S.",,1.3L,1,1,,0,178 274,E0,P101,MP1,,,,,,,0 (B),V2,,CV1 CV2 CV3 CV4,S1,
357,,"SUBSTANCES, EXPLOSIVE, N.O.S.",,1.1L,1,1,,0,178 274,E0,P101,MP1,,,,,,,0 (B),V2,,CV1 CV2 CV3 CV4,S1,
358,,"SUBSTANCES, EXPLOSIVE, N.O.S.",,1.2L,1,1,,0,178 274,E0,P101,MP1,,,,,,,0 (B),V2,,CV1 CV2 CV3 CV4,S1,
359,,"SUBSTANCES, EXPLOSIVE, N.O.S.",,1.3L,1,1,,0,178 274,E0,P101,MP1,,,,,,,0 (B),V2,,CV1 CV2 CV3 CV4,S1,
360,,"DETONATOR ASSEMBLIES, NON-ELECTRIC",for blasting,1.1B,1,1,,0,,E0,P131,MP23,,,,,,,1 (B1000C),V2,,CV1 CV2 CV3,S1,
361,,"DETONATOR ASSEMBLIES, NON-ELECTRIC",for blasting,1.4B,1,1.4,,0,,E0,P131,MP23,,,,,,,2 (E),V2,,CV1 CV2 CV3,S1,
362,,"AMMUNITION, PRACTICE",,1.4G,1,1.4,,0,,E0,P130 LP101,MP23,PP67 L1,,,,,,2 (E),V2,,CV1 CV2 CV3,S1,
363,,"AMMUNITION, PROOF",,1.4G,1,1.4,,0,,E0,P130 LP101,MP23,PP67 L1,,,,,,2 (E),V2,,CV1 CV2 CV3,S1,
364,,DETONATORS FOR AMMUNITION,,1.2B,1,1,,0,,E0,P133,MP23,,,,,,,1 (B1000C),V2,,CV1 CV2 CV3,S1,
365,,DETONATORS FOR AMMUNITION,,1.4B,1,1.4,,0,,E0,P133,MP23,,,,,,,2 (E),V2,,CV1 CV2 CV3,S1,
366,,DETONATORS FOR AMMUNITION,,1.4S,1,1.4,,0,347,E0,P133,MP23,,,,,,,4 (E),,,CV1 CV2 CV3,S1,
367,,"FUZES, DETONATING",,1.4S,1,1.4,,0,347,E0,P141,MP23,,,,,,,4 (E),,,CV1 CV2 CV3,S1,
368,,"FUZES, IGNITING",,1.4S,1,1.4,,0,,E0,P141,MP23,,,,,,,4 (E),,,CV1 CV2 CV3,S1,
369,,"WARHEADS, ROCKET",with bursting charge,1.1F,1,1,,0,,E0,P130 LP101,MP23,,,,,,,1 (B1000C),V2,,CV1 CV2 CV3,S1,
370,,"WARHEADS, ROCKET",with burster or expelling charge,1.4D,1,1.4,,0,,E0,P130 LP101,MP21,PP67 L1,,,,,,2 (E),V2,,CV1 CV2 CV3,S1,
371,,"WARHEADS, ROCKET",with burster or expelling charge,1.4F,1,1.4,,0,,E0,P130 LP101,MP23,,,,,,,2 (E),V2,,CV1 CV2 CV3,S1,
372,,"GRENADES, PRACTICE",hand or rifle,1.2G,1,1,,0,,E0,P141,MP23,,,,,,,1 (B1000C),V2,,CV1 CV2 CV3,S1,
373,,"SIGNAL DEVICES, HAND",,1.4S,1,1.4,,0,,E0,P135,MP23 MP24,,,,,,,4 (E),,,CV1 CV2 CV3,S1,
374,,"SOUNDING DEVICES, EXPLOSIVE",,1.1D,1,1,,0,,E0,P134 LP102,MP21,,,,,,,1 (B1000C),V2,,CV1 CV2 CV3,S1,
375,,"SOUNDING DEVICES, EXPLOSIVE",,1.2D,1,1,,0,,E0,P134 LP102,MP21,,,,,,,1 (B1000C),V2,,CV1 CV2 CV3,S1,
376,,"PRIMERS, TUBULAR",,1.4S,1,1.4,,0,,E0,P133,MP23,,,,,,,4 (E),,,CV1 CV2 CV3,S1,
377,,"PRIMERS, CAP TYPE",,1.1B,1,1,,0,,E0,P133,MP23,,,,,,,1 (B1000C),V2,,CV1 CV2 CV3,S1,
378,,"PRIMERS, CAP TYPE",,1.4B,1,1.4,,0,,E0,P133,MP23,,,,,,,2 (E),V2,,CV1 CV2 CV3,S1,
379,,"CASES, CARTRIDGE, EMPTY, WITH PRIMER",,1.4C,1,1.4,,0,,E0,P136,MP22,,,,,,,2 (E),V2,,CV1 CV2 CV3,S1,
380,,"ARTICLES, PYROPHORIC",,1.2L,1,1,,0,,E0,P101,MP1,,,,,,,0 (B),V2,,CV1 CV2 CV3 CV4,S1,
381,,"CARTRIDGES, POWER DEVICE",,1.2C,1,1,,0,,E0,P134 LP102,MP22,,,,,,,1 (B1000C),V2,,CV1 CV2 CV3,S1,
382,,"COMPONENTS, EXPLOSIVE TRAIN, N.O.S.",,1.2B,1,1,,0,178 274,E0,P101,MP2,,,,,,,1 (B1000C),V2,,CV1 CV2 CV3,S1,
383,,"COMPONENTS, EXPLOSIVE TRAIN, N.O.S.",,1.4B,1,1.4,,0,178 274,E0,P101,MP2,,,,,,,2 (E),V2,,CV1 CV2 CV3,S1,
384,,"COMPONENTS, EXPLOSIVE TRAIN, N.O.S.",,1.4S,1,1.4,,0,178 274 347,E0,P101,MP2,,,,,,,4 (E),,,CV1 CV2 CV3,S1,
385,a,5-NITROBENZOTRIAZOL,,1.1D,1,1,,0,,E0,P112(b),MP20,,,,,,,1 (B1000C),V2 V3,,CV1 CV2 CV3,S1,
385,b,5-NITROBENZOTRIAZOL,,1.1D,1,1,,0,,E0,P112(c),MP20,,,,,,,1 (B1000C),V2 V3,,CV1 CV2 CV3,S1,
386,a,TRINITROBENZENESULPHONIC ACID,,1.1D,1,1,,0,,E0,P112(b),MP20,PP26,,,,,,1 (B1000C),V2 V3,,CV1 CV2 CV3,S1,
386,b,TRINITROBENZENESULPHONIC ACID,,1.1D,1,1,,0,,E0,P112(c),MP20,PP26,,,,,,1 (B1000C),V2 V3,,CV1 CV2 CV3,S1,
387,a,TRINITROFLUORENONE,,1.1D,1,1,,0,,E0,P112(b),MP20,,,,,,,1 (B1000C),V2 V3,,CV1 CV2 CV3,S1,
387,b,TRINITROFLUORENONE,,1.1D,1,1,,0,,E0,P112(c),MP20,,,,,,,1 (B1000C),V2 V3,,CV1 CV2 CV3,S1,
388,a,TRINITROTOLUENE AND TRINITROBENZENE MIXTURE,,1.1D,1,1,,0,,E0,P112(b),MP20,,,,,,,1 (B1000C),V2 V3,,CV1 CV2 CV3,S1,
388,b,TRINITROTOLUENE AND TRINITROBENZENE MIXTURE,,1.1D,1,1,,0,,E0,P112(c),MP20,,,,,,,1 (B1000C),V2 V3,,CV1 CV2 CV3,S1,
388,c,TNT AND TRINITROBENZENE MIXTURE,,1.1D,1,1,,0,,E0,P112(b),MP20,,,,,,,1 (B1000C),V2 V3,,CV1 CV2 CV3,S1,
388,d,TNT AND TRINITROBENZENE MIXTURE,,1.1D,1,1,,0,,E0,P112(c),MP20,,,,,,,1 (B1000C),V2 V3,,CV1 CV2 CV3,S1,
388,e,TRINITROTOLUENE AND HEXANITROSTILBENE MIXTURE,,1.1D,1,1,,0,,E0,P112(b),MP20,,,,,,,1 (B1000C),V2 V3,,CV1 CV2 CV3,S1,
388,f,TRINITROTOLUENE AND HEXANITROSTILBENE MIXTURE,,1.1D,1,1,,0,,E0,P112(c),MP20,,,,,,,1 (B1000C),V2 V3,,CV1 CV2 CV3,S1,
388,g,TNT AND HEXANITROSTILBENE MIXTURE,,1.1D,1,1,,0,,E0,P112(b),MP20,,,,,,,1 (B1000C),V2 V3,,CV1 CV2 CV3,S1,
388,h,TNT AND HEXANITROSTILBENE MIXTURE,,1.1D,1,1,,0,,E0,P112(c),MP20,,,,,,,1 (B1000C),V2 V3,,CV1 CV2 CV3,S1,
389,a,TRINITROTOLUENE MIXTURE CONTAINING TRINITROBENZENE AND HEXANITROSTILBENE,,1.1D,1,1,,0,,E0,P112(b),MP20,,,,,,,1 (B1000C),V2 V3,,CV1 CV2 CV3,S1,
389,b,TRINITROTOLUENE MIXTURE CONTAINING TRINITROBENZENE AND HEXANITROSTILBENE,,1.1D,1,1,,0,,E0,P112(c),MP20,,,,,,,1 (B1000C),V2 V3,,CV1 CV2 CV3,S1,
389,c,TNT MIXTURE CONTAINING TRINITROBENZENE AND HEXANITROSTILBENE,,1.1D,1,1,,0,,E0,P112(b),MP20,,,,,,,1 (B1000C),V2 V3,,CV1 CV2 CV3,S1,
389,d,TNT MIXTURE CONTAINING TRINITROBENZENE AND HEXANITROSTILBENE,,1.1D,1,1,,0,,E0,P112(c),MP20,,,,,,,1 (B1000C),V2 V3,,CV1 CV2 CV3,S1,
390,a,TRITONAL,,1.1D,1,1,,0,,E0,P112(b),MP20,,,,,,,1 (B1000C),V2 V3,,CV1 CV2 CV3,S1,
390,b,TRITONAL,,1.1D,1,1,,0,,E0,P112(c),MP20,,,,,,,1 (B1000C),V2 V3,,CV1 CV2 CV3,S1,
391,a,"CYCLOTRIMETHYLENETRINITRAMINE AND CYCLOTETRAMETHYLENETETRANITRAMINE MIXTURE, WETTED","with not less than 15% water, by mass",1.1D,1,1,,0,266,E0,P112(a),MP20,,,,,,,1 (B1000C),V2 V3,,CV1 CV2 CV3,S1,
391,b,"CYCLOTRIMETHYLENETRINITRAMINE AND HMX MIXTURE, WETTED","with not less than 15% water, by mass",1.1D,1,1,,0,266,E0,P112(a),MP20,,,,,,,1 (B1000C),V2 V3,,CV1 CV2 CV3,S1,
391,c,"CYCLOTRIMETHYLENETRINITRAMINE AND OCTOGEN MIXTURE, WETTED","with not less than 15% water, by mass",1.1D,1,1,,0,266,E0,P112(a),MP20,,,,,,,1 (B1000C),V2 V3,,CV1 CV2 CV3,S1,
391,d,"CYCLONITE AND CYCLOTETRAMETHYLENETETRANITRAMINE MIXTURE, WETTED","with not less than 15% water, by mass",1.1D,1,1,,0,266,E0,P112(a),MP20,,,,,,,1 (B1000C),V2 V3,,CV1 CV2 CV3,S1,
391,e,"CYCLONITE AND HMX MIXTURE, WETTED","with not less than 15% water, by mass",1.1D,1,1,,0,266,E0,P112(a),MP20,,,,,,,1 (B1000C),V2 V3,,CV1 CV2 CV3,S1,
391,f,"CYCLONITE AND OCTOGEN MIXTURE, WETTED","with not less than 15% water, by mass",1.1D,1,1,,0,266,E0,P112(a),MP20,,,,,,,1 (B1000C),V2 V3,,CV1 CV2 CV3,S1,
391,g,"HEXOGEN AND CYCLOTETRAMETHYLENETETRANITRAMINE MIXTURE, WETTED","with not less than 15% water, by mass",1.1D,1,1,,0,266,E0,P112(a),MP20,,,,,,,1 (B1000C),V2 V3,,CV1 CV2 CV3,S1,
391,h,"HEXOGEN AND HMX MIXTURE, WETTED","with not less than 15% water, by mass",1.1D,1,1,,0,266,E0,P112(a),MP20,,,,,,,1 (B1000C),V2 V3,,CV1 CV2 CV3,S1,
391,i,"HEXOGEN AND OCTOGEN MIXTURE, WETTED","with not less than 15% water, by mass",1.1D,1,1,,0,266,E0,P112(a),MP20,,,,,,,1 (B1000C),V2 V3,,CV1 CV2 CV3,S1,
391,j,"RDX AND CYCLOTETRAMETHYLENETETRANITRAMINE MIXTURE, WETTED","with not less than 15% water, by mass",1.1D,1,1,,0,266,E0,P112(a),MP20,,,,,,,1 (B1000C),V2 V3,,CV1 CV2 CV3,S1,
391,k,"RDX AND HMX MIXTURE, WETTED","with not less than 15% water, by mass",1.1D,1,1,,0,266,E0,P112(a),MP20,,,,,,,1 (B1000C),V2 V3,,CV1 CV2 CV3,S1,
391,l,"RDX AND OCTOGEN MIXTURE, WETTED","with not less than 15% water, by mass",1.1D,1,1,,0,266,E0,P112(a),MP20,,,,,,,1 (B1000C),V2 V3,,CV1 CV2 CV3,S1,
391,m,"CYCLOTRIMETHYLENETRINITRAMINE AND CYCLOTETRAMETHYLENETETRANITRAMINE MIXTURE, DESENSITIZED","with not less than 10% phlegmatizer, by mass",1.1D,1,1,,0,266,E0,P112(b),MP20,,,,,,,1 (B1000C),V2 V3,,CV1 CV2 CV3,S1,
391,n,"CYCLOTRIMETHYLENETRINITRAMINE AND HMX MIXTURE, DESENSITIZED","with not less than 10% phlegmatizer, by mass",1.1D,1,1,,0,266,E0,P112(b),MP20,,,,,,,1 (B1000C),V2 V3,,CV1 CV2 CV3,S1,
391,o,"CYCLOTRIMETHYLENETRINITRAMINE AND OCTOGEN MIXTURE, DESENSITIZED","with not less than 10% phlegmatizer, by mass",1.1D,1,1,,0,266,E0,P112(b),MP20,,,,,,,1 (B1000C),V2 V3,,CV1 CV2 CV3,S1,
391,p,"CYCLONITE AND CYCLOTETRAMETHYLENETETRANITRAMINE MIXTURE, DESENSITIZED","with not less than 10% phlegmatizer, by mass",1.1D,1,1,,0,266,E0,P112(b),MP20,,,,,,,1 (B1000C),V2 V3,,CV1 CV2 CV3,S1,
391,q,"CYCLONITE AND HMX MIXTURE, DESENSITIZED","with not less than 10% phlegmatizer, by mass",1.1D,1,1,,0,266,E0,P112(b),MP20,,,,,,,1 (B1000C),V2 V3,,CV1 CV2 CV3,S1,
391,r,"CYCLONITE AND OCTOGEN MIXTURE, DESENSITIZED","with not less than 10% phlegmatizer, by mass",1.1D,1,1,,0,266,E0,P112(b),MP20,,,,,,,1 (B1000C),V2 V3,,CV1 CV2 CV3,S1,
391,s,"HEXOGEN AND CYCLOTETRAMETHYLENETETRANITRAMINE MIXTURE, DESENSITIZED","with not less than 10% phlegmatizer, by mass",1.1D,1,1,,0,266,E0,P112(b),MP20,,,,,,,1 (B1000C),V2 V3,,CV1 CV2 CV3,S1,
391,t,"HEXOGEN AND HMX MIXTURE, DESENSITIZED","with not less than 10% phlegmatizer, by mass",1.1D,1,1,,0,266,E0,P112(b),MP20,,,,,,,1 (B1000C),V2 V3,,CV1 CV2 CV3,S1,
391,u,"HEXOGEN AND OCTOGEN MIXTURE, DESENSITIZED","with not less than 10% phlegmatizer, by mass",1.1D,1,1,,0,266,E0,P112(b),MP20,,,,,,,1 (B1000C),V2 V3,,CV1 CV2 CV3,S1,
391,v,"RDX AND CYCLOTETRAMETHYLENETETRANITRAMINE MIXTURE, DESENSITIZED","with not less than 10% phlegmatizer, by mass",1.1D,1,1,,0,266,E0,P112(b),MP20,,,,,,,1 (B1000C),V2 V3,,CV1 CV2 CV3,S1,
391,w,"RDX AND HMX MIXTURE, DESENSITIZED","with not less than 10% phlegmatizer, by mass",1.1D,1,1,,0,266,E0,P112(b),MP20,,,,,,,1 (B1000C),V2 V3,,CV1 CV2 CV3,S1,
391,x,"RDX AND OCTOGEN MIXTURE, DESENSITIZED","with not less than 10% phlegmatizer, by mass",1.1D,1,1,,0,266,E0,P112(b),MP20,,,,,,,1 (B1000C),V2 V3,,CV1 CV2 CV3,S1,
392,a,HEXANITROSTILBENE,,1.1D,1,1,,0,,E0,P112(b),MP20,,,,,,,1 (B1000C),V2 V3,,CV1 CV2 CV3,S1,
392,b,HEXANITROSTILBENE,,1.1D,1,1,,0,,E0,P112(c),MP20,,,,,,,1 (B1000C),V2 V3,,CV1 CV2 CV3,S1,
393,,HEXOTONAL,,1.1D,1,1,,0,,E0,P112(b),MP20,,,,,,,1 (B1000C),V2 V3,,CV1 CV2 CV3,S1,
394,a,"TRINITRORESORCINOL, WETTED","with not less than 20% water, or mixture of alcohol and water, by mass",1.1D,1,1,,0,,E0,P112(a),MP20,PP26,,,,,,1 (B1000C),V2,,CV1 CV2 CV3,S1,
394,b,"STYPHNIC ACID, WETTED","with not less than 20% water, or mixture of alcohol and water, by mass",1.1D,1,1,,0,,E0,P112(a),MP20,PP26,,,,,,1 (B1000C),V2,,CV1 CV2 CV3,S1,
395,,"ROCKET MOTORS, LIQUID FUELLED",,1.2J,1,1,,0,,E0,P101,MP23,,,,,,,1 (B1000C),V2,,CV1 CV2 CV3,S1,
396,,"ROCKET MOTORS, LIQUID FUELLED",,1.3J,1,1,,0,,E0,P101,MP23,,,,,,,1 (C),V2,,CV1 CV2 CV3,S1,
397,,"ROCKETS, LIQUID FUELLED",with bursting charge,1.1J,1,1,,0,,E0,P101,MP23,,,,,,,1 (B1000C),V2,,CV1 CV2 CV3,S1,
398,,"ROCKETS, LIQUID FUELLED",with bursting charge,1.2J,1,1,,0,,E0,P101,MP23,,,,,,,1 (B1000C),V2,,CV1 CV2 CV3,S1,
399,,BOMBS WITH FLAMMABLE LIQUID,with bursting charge,1.1J,1,1,,0,,E0,P101,MP23,,,,,,,1 (B1000C),V2,,CV1 CV2 CV3,S1,
400,,BOMBS WITH FLAMMABLE LIQUID,with bursting charge,1.2J,1,1,,0,,E0,P101,MP23,,,,,,,1 (B1000C),V2,,CV1 CV2 CV3,S1,
401,a,DIPICRYL SULPHIDE,"dry or wetted with less than 10% water, by mass",1.1D,1,1,,0,,E0,P112(a),MP20,,,,,,,1 (B1000C),V2 V3,,CV1 CV2 CV3,S1,
401,b,DIPICRYL SULPHIDE,"dry or wetted with less than 10% water, by mass",1.1D,1,1,,0,,E0,P112(b),MP20,,,,,,,1 (B1000C),V2 V3,,CV1 CV2 CV3,S1,
401,c,DIPICRYL SULPHIDE,"dry or wetted with less than 10% water, by mass",1.1D,1,1,,0,,E0,P112(c),MP20,,,,,,,1 (B1000C),V2 V3,,CV1 CV2 CV3,S1,
402,a,AMMONIUM PERCHLORATE,,1.1D,1,1,,0,152,E0,P112(b),MP20,,,,,,,1 (B1000C),V2 V3,,CV1 CV2 CV3,S1,
402,b,AMMONIUM PERCHLORATE,,1.1D,1,1,,0,152,E0,P112(c),MP20,,,,,,,1 (B1000C),V2 V3,,CV1 CV2 CV3,S1,
403,,"FLARES, AERIAL",,1.4G,1,1.4,,0,,E0,P135,MP23,,,,,,,2 (E),V2,,CV1 CV2 CV3,S1,
404,,"FLARES, AERIAL",,1.4S,1,1.4,,0,,E0,P135,MP23,,,,,,,4 (E),,,CV1 CV2 CV3,S1,
405,,"CARTRIDGES, SIGNAL",,1.4S,1,1.4,,0,,E0,P135,MP23 MP24,,,,,,,4 (E),,,CV1 CV2 CV3,S1,
406,,DINITROSOBENZENE,,1.3C,1,1,,0,,E0,P114(b),MP20,,,,,,,1 (C5000D),V2 V3,,CV1 CV2 CV3,S1,
407,,TETRAZOL-1-ACETIC ACID,,1.4C,1,1.4,,0,,E0,P114(b),MP20,,,,,,,2 (E),V2,,CV1 CV2 CV3,S1,
408,,"FUZES, DETONATING",with protective features,1.1D,1,1,,0,,E0,P141,MP21,,,,,,,1 (B1000C),V2,,CV1 CV2 CV3,S1,
409,,"FUZES, DETONATING",with protective features,1.2D,1,1,,0,,E0,P141,MP21,,,,,,,1 (B1000C),V2,,CV1 CV2 CV3,S1,
410,,"FUZES, DETONATING",with protective features,1.4D,1,1.4,,0,,E0,P141,MP21,,,,,,,2 (E),V2,,CV1 CV2 CV3,S1,
411,a,PENTAERYTHRITE TETRANITRATE,"with not less than 7% wax, by mass",1.1D,1,1,,0,131,E0,P112(b),MP20,,,,,,,1 (B1000C),V2 V3,,CV1 CV2 CV3,S1,
411,b,PENTAERYTHRITE TETRANITRATE,"with not less than 7% wax, by mass",1.1D,1,1,,0,131,E0,P112(c),MP20,,,,,,,1 (B1000C),V2 V3,,CV1 CV2 CV3,S1,
411,c,PENTAERYTHRITOL TETRANITRATE,"with not less than 7% wax, by mass",1.1D,1,1,,0,131,E0,P112(b),MP20,,,,,,,1 (B1000C),V2 V3,,CV1 CV2 CV3,S1,
411,d,PENTAERYTHRITOL TETRANITRATE,"with not less than 7% wax, by mass",1.1D,1,1,,0,131,E0,P112(c),MP20,,,,,,,1 (B1000C),V2 V3,,CV1 CV2 CV3,S1,
411,e,PETN,"with not less than 7% wax, by mass",1.1D,1,1,,0,131,E0,P112(b),MP20,,,,,,,1 (B1000C),V2 V3,,CV1 CV2 CV3,S1,
411,f,PETN,"with not less than 7% wax, by mass",1.1D,1,1,,0,131,E0,P112(c),MP20,,,,,,,1 (B1000C),V2 V3,,CV1 CV2 CV3,S1,
412,,CARTRIDGES FOR WEAPONS,with bursting charge,1.4E,1,1.4,,0,,E0,P130 LP101,MP21,PP67 L1,,,,,,2 (E),V2,,CV1 CV2 CV3,S1,
413,,"CARTRIDGES FOR WEAPONS, BLANK",,1.2C,1,1,,0,,E0,P130 LP101,MP22,,,,,,,1 (B1000C),V2,,CV1 CV2 CV3,S1,
414,,"CHARGES, PROPELLING, FOR CANNON",,1.2C,1,1,,0,,E0,P130 LP101,MP22,,,,,,,1 (B1000C),V2,,CV1 CV2 CV3,S1,
415,,"CHARGES, PROPELLING",,1.2C,1,1,,0,,E0,P143,MP22,PP76,,,,,,1 (B1000C),V2,,CV1 CV2 CV3,S1,
417,a,"CARTRIDGES FOR WEAPONS, INERT PROJECTILE",,1.3C,1,1,,0,,E0,P130 LP101,MP22,,,,,,,1 (C5000D),V2,,CV1 CV2 CV3,S1,
417,b,"CARTRIDGES, SMALL ARMS",,1.3C,1,1,,0,,E0,P130 LP101,MP22,,,,,,,1 (C5000D),V2,,CV1 CV2 CV3,S1,
418,,"FLARES, SURFACE",,1.1G,1,1,,0,,E0,P135,MP23,,,,,,,1 (B1000C),V2,,CV1 CV2 CV3,S1,
419,,"FLARES, SURFACE",,1.2G,1,1,,0,,E0,P135,MP23,,,,,,,1 (B1000C),V2,,CV1 CV2 CV3,S1,
420,,"FLARES, AERIAL",,1.1G,1,1,,0,,E0,P135,MP23,,,,,,,1 (B1000C),V2,,CV1 CV2 CV3,S1,
421,,"FLARES, AERIAL",,1.2G,1,1,,0,,E0,P135,MP23,,,,,,,1 (B1000C),V2,,CV1 CV2 CV3,S1,
424,,PROJECTILES,"inert, with tracer",1.3G,1,1,,0,,E0,P130 LP101,MP23,PP67 L1,,,,,,1 (C5000D),V2,,CV1 CV2 CV3,S1,
425,,PROJECTILES,"inert, with tracer",1.4G,1,1.4,,0,,E0,P130 LP101,MP23,PP67 L1,,,,,,2 (E),V2,,CV1 CV2 CV3,S1,
426,,PROJECTILES,with burster or expelling charge,1.2F,1,1,,0,,E0,P130 LP101,MP23,,,,,,,1 (B1000C),V2,,CV1 CV2 CV3,S1,
427,,PROJECTILES,with burster or expelling charge,1.4F,1,1.4,,0,,E0,P130 LP101,MP23,,,,,,,2 (E),V2,,CV1 CV2 CV3,S1,
428,,"ARTICLES, PYROTECHNIC",for technical purposes,1.1G,1,1,,0,,E0,P135,MP23 MP24,,,,,,,1 (B1000C),V2,,CV1 CV2 CV3,S1,
429,,"ARTICLES, PYROTECHNIC",for technical purposes,1.2G,1,1,,0,,E0,P135,MP23 MP24,,,,,,,1 (B1000C),V2,,CV1 CV2 CV3,S1,
430,,"ARTICLES, PYROTECHNIC",for technical purposes,1.3G,1,1,,0,,E0,P135,MP23 MP24,,,,,,,1 (C5000D),V2,,CV1 CV2 CV3,S1,
431,,"ARTICLES, PYROTECHNIC",for technical purposes,1.4G,1,1.4,,0,,E0,P135,MP23 MP24,,,,,,,2 (E),V2,,CV1 CV2 CV3,S1,
432,,"ARTICLES, PYROTECHNIC",for technical purposes,1.4S,1,1.4,,0,,E0,P135,MP23 MP24,,,,,,,4 (E),,,CV1 CV2 CV3,S1,
433,a,"POWDER CAKE, WETTED","with not less than 17% alcohol, by mass",1.1C,1,1,,0,266,E0,P111,MP20,,,,,,,1 (B1000C),V2,,CV1 CV2 CV3,S1,
433,b,"POWDER PASTE, WETTED","with not less than 17% alcohol, by mass",1.1C,1,1,,0,266,E0,P111,MP20,,,,,,,1 (B1000C),V2,,CV1 CV2 CV3,S1,
434,,PROJECTILES,with burster or expelling charge,1.2G,1,1,,0,,E0,P130 LP101,MP23,PP67 L1,,,,,,1 (B1000C),V2,,CV1 CV2 CV3,S1,
435,,PROJECTILES,with burster or expelling charge,1.4G,1,1.4,,0,,E0,P130 LP101,MP23,PP67 L1,,,,,,2 (E),V2,,CV1 CV2 CV3,S1,
436,,ROCKETS,with expelling charge,1.2C,1,1,,0,,E0,P130 LP101,MP22,PP67 L1,,,,,,1 (B1000C),V2,,CV1 CV2 CV3,S1,
437,,ROCKETS,with expelling charge,1.3C,1,1,,0,,E0,P130 LP101,MP22,PP67 L1,,,,,,1 (C5000D),V2,,CV1 CV2 CV3,S1,
438,,ROCKETS,with expelling charge,1.4C,1,1.4,,0,,E0,P130 LP101,MP22,PP67 L1,,,,,,2 (E),V2,,CV1 CV2 CV3,S1,
439,,"CHARGES, SHAPED",without detonator,1.2D,1,1,,0,,E0,P137,MP21,PP70,,,,,,1 (B1000C),V2,,CV1 CV2 CV3,S1,
440,,"CHARGES, SHAPED",without detonator,1.4D,1,1.4,,0,,E0,P137,MP21,PP70,,,,,,2 (E),V2,,CV1 CV2 CV3,S1,
441,,"CHARGES, SHAPED",without detonator,1.4S,1,1.4,,0,347,E0,P137,MP23,PP70,,,,,,4 (E),,,CV1 CV2 CV3,S1,
442,,"CHARGES, EXPLOSIVE, COMMERCIAL",without detonator,1.1D,1,1,,0,,E0,P137,MP21,,,,,,,1 (B1000C),V2,,CV1 CV2 CV3,S1,
443,,"CHARGES, EXPLOSIVE, COMMERCIAL",without detonator,1.2D,1,1,,0,,E0,P137,MP21,,,,,,,1 (B1000C),V2,,CV1 CV2 CV3,S1,
444,,"CHARGES, EXPLOSIVE, COMMERCIAL",without detonator,1.4D,1,1.4,,0,,E0,P137,MP21,,,,,,,2 (E),V2,,CV1 CV2 CV3,S1,
445,,"CHARGES, EXPLOSIVE, COMMERCIAL",without detonator,1.4S,1,1.4,,0,347,E0,P137,MP23,,,,,,,4 (E),,,CV1 CV2 CV3,S1,
446,,"CASES, COMBUSTIBLE, EMPTY, WITHOUT PRIMER",,1.4C,1,1.4,,0,,E0,P136,MP22,,,,,,,2 (E),V2,,CV1 CV2 CV3,S1,
447,,"CASES, COMBUSTIBLE, EMPTY, WITHOUT PRIMER",,1.3C,1,1,,0,,E0,P136,MP22,,,,,,,1 (C5000D),V2,,CV1 CV2 CV3,S1,
448,,5-MERCAPTOTETRAZOL-1-ACETIC ACID,,1.4C,1,1.4,,0,,E0,P114(b),MP20,,,,,,,2 (E),V2,,CV1 CV2 CV3,S1,
449,,"TORPEDOES, LIQUID FUELLED",with or without bursting charge,1.1J,1,1,,0,,E0,P101,MP23,,,,,,,1 (B1000C),V2,,CV1 CV2 CV3,S1,
450,,"TORPEDOES, LIQUID FUELLED",with inert head,1.3J,1,1,,0,,E0,P101,MP23,,,,,,,1 (C),V2,,CV1 CV2 CV3,S1,
451,,TORPEDOES,with bursting charge,1.1D,1,1,,0,,E0,P130 LP101,MP21,PP67 L1,,,,,,1 (B1000C),V2,,CV1 CV2 CV3,S1,
452,,"GRENADES, PRACTICE",hand or rifle,1.4G,1,1.4,,0,,E0,P141,MP23,,,,,,,2 (E),V2,,CV1 CV2 CV3,S1,
453,,"ROCKETS, LINE-THROWING",,1.4G,1,1.4,,0,,E0,P130 LP101,MP23,,,,,,,2 (E),V2,,CV1 CV2 CV3,S1,
454,,IGNITERS,,1.4S,1,1.4,,0,,E0,P142,MP23,,,,,,,4 (E),,,CV1 CV2 CV3,S1,
455,,"DETONATORS, NON-ELECTRIC",for blasting,1.4S,1,1.4,,0,347,E0,P131,MP23,PP68,,,,,,4 (E),,,CV1 CV2 CV3,S1,
456,,"DETONATORS, ELECTRIC",for blasting,1.4S,1,1.4,,0,347,E0,P131,MP23,,,,,,,4 (E),,,CV1 CV2 CV3,S1,
457,,"CHARGES, BURSTING, PLASTICS BONDED",,1.1D,1,1,,0,,E0,P130 LP101,MP21,,,,,,,1 (B1000C),V2,,CV1 CV2 CV3,S1,
458,,"CHARGES, BURSTING, PLASTICS BONDED",,1.2D,1,1,,0,,E0,P130 LP101,MP21,,,,,,,1 (B1000C),V2,,CV1 CV2 CV3,S1,
459,,"CHARGES, BURSTING, PLASTICS BONDED",,1.4D,1,1.4,,0,,E0,P130 LP101,MP21,,,,,,,2 (E),V2,,CV1 CV2 CV3,S1,
460,,"CHARGES, BURSTING, PLASTICS BONDED",,1.4S,1,1.4,,0,347,E0,P130 LP101,MP23,,,,,,,4 (E),,,CV1 CV2 CV3,S1,
461,,"COMPONENTS, EXPLOSIVE TRAIN, N.O.S.",,1.1B,1,1,,0,178 274,E0,P101,MP2,,,,,,,1 (B1000C),V2,,CV1 CV2 CV3,S1,
462,,"ARTICLES, EXPLOSIVE, N.O.S.",,1.1C,1,1,,0,178 274,E0,P101,MP2,,,,,,,1 (B1000C),V2,,CV1 CV2 CV3,S1,
463,,"ARTICLES, EXPLOSIVE, N.O.S.",,1.1D,1,1,,0,178 274,E0,P101,MP2,,,,,,,1 (B1000C),V2,,CV1 CV2 CV3,S1,
464,,"ARTICLES, EXPLOSIVE, N.O.S.",,1.1E,1,1,,0,178 274,E0,P101,MP2,,,,,,,1 (B1000C),V2,,CV1 CV2 CV3,S1,
465,,"ARTICLES, EXPLOSIVE, N.O.S.",,1.1F,1,1,,0,178 274,E0,P101,MP2,,,,,,,1 (B1000C),V2,,CV1 CV2 CV3,S1,
466,,"ARTICLES, EXPLOSIVE, N.O.S.",,1.2C,1,1,,0,178 274,E0,P101,MP2,,,,,,,1 (B1000C),V2,,CV1 CV2 CV3,S1,
467,,"ARTICLES, EXPLOSIVE, N.O.S.",,1.2D,1,1,,0,178 274,E0,P101,MP2,,,,,,,1 (B1000C),V2,,CV1 CV2 CV3,S1,
468,,"ARTICLES, EXPLOSIVE, N.O.S.",,1.2E,1,1,,0,178 274,E0,P101,MP2,,,,,,,1 (B1000C),V2,,CV1 CV2 CV3,S1,
469,,"ARTICLES, EXPLOSIVE, N.O.S.",,1.2F,1,1,,0,178 274,E0,P101,MP2,,,,,,,1 (B1000C),V2,,CV1 CV2 CV3,S1,
470,,"ARTICLES, EXPLOSIVE, N.O.S.",,1.3C,1,1,,0,178 274,E0,P101,MP2,,,,,,,1 (C5000D),V2,,CV1 CV2 CV3,S1,
471,,"ARTICLES, EXPLOSIVE, N.O.S.",,1.4E,1,1.4,,0,178 274,E0,P101,MP2,,,,,,,2 (E),V2,,CV1 CV2 CV3,S1,
472,,"ARTICLES, EXPLOSIVE, N.O.S.",,1.4F,1,1.4,,0,178 274,E0,P101,MP2,,,,,,,2 (E),V2,,CV1 CV2 CV3,S1,
473,,"SUBSTANCES, EXPLOSIVE, N.O.S.",,1.1A,1,1,,0,178 274,E0,P101,MP2,,,,,,,0 (B),V2,,CV1 CV2 CV3,S1,
474,,"SUBSTANCES, EXPLOSIVE, N.O.S.",,1.1C,1,1,,0,178 274,E0,P101,MP2,,,,,,,1 (B1000C),V2 V3,,CV1 CV2 CV3,S1,
475,,"SUBSTANCES, EXPLOSIVE, N.O.S.",,1.1D,1,1,,0,178 274,E0,P101,MP2,,,,,,,1 (B1000C),V2 V3,,CV1 CV2 CV3,S1,
476,,"SUBSTANCES, EXPLOSIVE, N.O.S.",,1.1G,1,1,,0,178 274,E0,P101,MP2,,,,,,,1 (B1000C),V2 V3,,CV1 CV2 CV3,S1,
477,,"SUBSTANCES, EXPLOSIVE, N.O.S.",,1.3C,1,1,,0,178 274,E0,P101,MP2,,,,,,,1 (C5000D),V2 V3,,CV1 CV2 CV3,S1,
478,,"SUBSTANCES, EXPLOSIVE, N.O.S.",,1.3G,1,1,,0,178 274,E0,P101,MP2,,,,,,,1 (C5000D),V2 V3,,CV1 CV2 CV3,S1,
479,,"SUBSTANCES, EXPLOSIVE, N.O.S.",,1.4C,1,1.4,,0,178 274,E0,P101,MP2,,,,,,,2 (E),V2,,CV1 CV2 CV3,S1,
480,,"SUBSTANCES, EXPLOSIVE, N.O.S.",,1.4D,1,1.4,,0,178 274,E0,P101,MP2,,,,,,,2 (E),V2,,CV1 CV2 CV3,S1,
481,,"SUBSTANCES, EXPLOSIVE, N.O.S.",,1.4S,1,1.4,,0,178 274 347,E0,P101,MP2,,,,,,,4 (E),,,CV1 CV2 CV3,S1,
482,a,"SUBSTANCES, EXPLOSIVE, VERY INSENSITIVE, N.O.S.",,1.5D,1,1.5,,0,178 274,E0,P101,MP2,,,,,,,1 (a)(B1000C),V2,,CV1 CV2 CV3,S1,
482,b,"SUBSTANCES, EVI, N.O.S.",,1.5D,1,1.5,,0,178 274,E0,P101,MP2,,,,,,,1 (a)(B1000C),V2,,CV1 CV2 CV3,S1,
483,a,"CYCLOTRIMETHYLENETRINITRAMINE, DESENSITIZED",,1.1D,1,1,,0,,E0,P112(b),MP20,,,,,,,1 (B1000C),V2 V3,,CV1 CV2 CV3,S1,
483,b,"CYCLOTRIMETHYLENETRINITRAMINE, DESENSITIZED",,1.1D,1,1,,0,,E0,P112(c),MP20,,,,,,,1 (B1000C),V2 V3,,CV1 CV2 CV3,S1,
483,c,"CYCLONITE, DESENSITIZED",,1.1D,1,1,,0,,E0,P112(b),MP20,,,,,,,1 (B1000C),V2 V3,,CV1 CV2 CV3,S1,
483,d,"CYCLONITE, DESENSITIZED",,1.1D,1,1,,0,,E0,P112(c),MP20,,,,,,,1 (B1000C),V2 V3,,CV1 CV2 CV3,S1,
483,e,"HEXOGEN, DESENSITIZED",,1.1D,1,1,,0,,E0,P112(b),MP20,,,,,,,1 (B1000C),V2 V3,,CV1 CV2 CV3,S1,
483,f,"HEXOGEN, DESENSITIZED",,1.1D,1,1,,0,,E0,P112(c),MP20,,,,,,,1 (B1000C),V2 V3,,CV1 CV2 CV3,S1,
483,g,"RDX, DESENSITIZED",,1.1D,1,1,,0,,E0,P112(b),MP20,,,,,,,1 (B1000C),V2 V3,,CV1 CV2 CV3,S1,
483,h,"RDX, DESENSITIZED",,1.1D,1,1,,0,,E0,P112(c),MP20,,,,,,,1 (B1000C),V2 V3,,CV1 CV2 CV3,S1,
484,a,"CYCLOTETRAMETHYLENETETRANITRAMINE, DESENSITIZED",,1.1D,1,1,,0,,E0,P112(b),MP20,,,,,,,1 (B1000C),V2 V3,,CV1 CV2 CV3,S1,
484,b,"CYCLOTETRAMETHYLENETETRANITRAMINE, DESENSITIZED",,1.1D,1,1,,0,,E0,P112(c),MP20,,,,,,,1 (B1000C),V2 V3,,CV1 CV2 CV3,S1,
484,c,"OCTOGEN, DESENSITIZED",,1.1D,1,1,,0,,E0,P112(b),MP20,,,,,,,1 (B1000C),V2 V3,,CV1 CV2 CV3,S1,
484,d,"OCTOGEN, DESENSITIZED",,1.1D,1,1,,0,,E0,P112(c),MP20,,,,,,,1 (B1000C),V2 V3,,CV1 CV2 CV3,S1,
484,e,"HMX, DESENSITIZED",,1.1D,1,1,,0,,E0,P112(b),MP20,,,,,,,1 (B1000C),V2 V3,,CV1 CV2 CV3,S1,
484,f,"HMX, DESENSITIZED",,1.1D,1,1,,0,,E0,P112(c),MP20,,,,,,,1 (B1000C),V2 V3,,CV1 CV2 CV3,S1,
485,,"SUBSTANCES, EXPLOSIVE, N.O.S.",,1.4G,1,1.4,,0,178 274,E0,P101,MP2,,,,,,,2 (E),V2 V3,,CV1 CV2 CV3,S1,
486,a,"ARTICLES, EXPLOSIVE, EXTREMELY INSENSITIVE",,1.6N,1,1.6,,0,,E0,P101,MP23,,,,,,,2 (E),V2,,CV1 CV2 CV3,S1,
486,b,"ARTICLES, EEI",,1.6N,1,1.6,,0,,E0,P101,MP23,,,,,,,2 (E),V2,,CV1 CV2 CV3,S1,
487,,"SIGNALS, SMOKE",,1.3G,1,1,,0,,E0,P135,MP23,,,,,,,1 (C5000D),V2,,CV1 CV2 CV3,S1,
488,,"AMMUNITION, PRACTICE",,1.3G,1,1,,0,,E0,P130 LP101,MP23,PP67 L1,,,,,,1 (C5000D),V2,,CV1 CV2 CV3,S1,
489,a,DINITROGLYCOLURIL,,1.1D,1,1,,0,,E0,P112(b),MP20,,,,,,,1 (B1000C),V2 V3,,CV1 CV2 CV3,S1,
489,b,DINITROGLYCOLURIL,,1.1D,1,1,,0,,E0,P112(c),MP20,,,,,,,1 (B1000C),V2 V3,,CV1 CV2 CV3,S1,
489,c,DINGU,,1.1D,1,1,,0,,E0,P112(b),MP20,,,,,,,1 (B1000C),V2 V3,,CV1 CV2 CV3,S1,
489,d,DINGU,,1.1D,1,1,,0,,E0,P112(c),MP20,,,,,,,1 (B1000C),V2 V3,,CV1 CV2 CV3,S1,
490,a,NITROTRIAZOLONE,,1.1D,1,1,,0,,E0,P112(b),MP20,,,,,,,1 (B1000C),V2 V3,,CV1 CV2 CV3,S1,
490,b,NITROTRIAZOLONE,,1.1D,1,1,,0,,E0,P112(c),MP20,,,,,,,1 (B1000C),V2 V3,,CV1 CV2 CV3,S1,
490,c,NTO,,1.1D,1,1,,0,,E0,P112(b),MP20,,,,,,,1 (B1000C),V2 V3,,CV1 CV2 CV3,S1,
490,d,NTO,,1.1D,1,1,,0,,E0,P112(c),MP20,,,,,,,1 (B1000C),V2 V3,,CV1 CV2 CV3,S1,
491,,"CHARGES, PROPELLING",,1.4C,1,1.4,,0,,E0,P143,MP22,PP76,,,,,,2 (E),V2,,CV1 CV2 CV3,S1,
492,,"SIGNALS, RAILWAY TRACK, EXPLOSIVE",,1.3G,1,1,,0,,E0,P135,MP23,,,,,,,1 (C5000D),V2,,CV1 CV2 CV3,S1,
493,,"SIGNALS, RAILWAY TRACK, EXPLOSIVE",,1.4G,1,1.4,,0,,E0,P135,MP23,,,,,,,2 (E),V2,,CV1 CV2 CV3,S1,
494,,"JET PERFORATING GUNS, CHARGED","oil well, without detonator",1.4D,1,1.4,,0,,E0,P101,MP21,,,,,,,2 (E),V2,,CV1 CV2 CV3,S1,
495,,"PROPELLANT, LIQUID",,1.3C,1,1,,0,224,E0,P115,MP20,PP53 PP54 PP57 PP58,,,,,,1 (C5000D),V2,,CV1 CV2 CV3,S1,
496,a,OCTONAL,,1.1D,1,1,,0,,E0,P112(b),MP20,,,,,,,1 (B1000C),V2 V3,,CV1 CV2 CV3,S1,
496,b,OCTONAL,,1.1D,1,1,,0,,E0,P112(c),MP20,,,,,,,1 (B1000C),V2 V3,,CV1 CV2 CV3,S1,
497,,"PROPELLANT, LIQUID",,1.1C,1,1,,0,224,E0,P115,MP20,PP53 PP54 PP57 PP58,,,,,,1 (B1000C),V2,,CV1 CV2 CV3,S1,
498,,"PROPELLANT, SOLID",,1.1C,1,1,,0,,E0,P114(b),MP20,,,,,,,1 (B1000C),V2,,CV1 CV2 CV3,S1,
499,,"PROPELLANT, SOLID",,1.3C,1,1,,0,,E0,P114(b),MP20,,,,,,,1 (C5000D),V2,,CV1 CV2 CV3,S1,
500,,"DETONATOR ASSEMBLIES, NON-ELECTRIC",for blasting,1.4S,1,1.4,,0,347,E0,P131,MP23,,,,,,,4 (E),,,CV1 CV2 CV3,S1,
501,,"PROPELLANT, SOLID",,1.4C,1,1.4,,0,,E0,P114(b),MP20,,,,,,,2 (E),V2,,CV1 CV2 CV3,S1,
502,,ROCKETS,with inert head,1.2C,1,1,,0,,E0,P130 LP101,MP22,PP67 L1,,,,,,1 (B1000C),V2,,CV1 CV2 CV3,S1,
503,,"SAFETY DEVICES, PYROTECHNIC",,1.4G,1,1.4,,0,235 289,E0,P135,MP23,,,,,,,2 (E),V2,,CV1 CV2 CV3,S1,
504,,1H-TETRAZOLE,,1.1D,1,1,,0,,E0,P112(c),MP20,PP48,,,,,,1 (B1000C),V2 V3,,CV1 CV2 CV3,S1,
505,,"SIGNALS, DISTRESS",ship,1.4G,1,1.4,,0,,E0,P135,MP23 MP24,,,,,,,2 (E),V2,,CV1 CV2 CV3,S1,
506,,"SIGNALS, DISTRESS",ship,1.4S,1,1.4,,0,,E0,P135,MP23 MP24,,,,,,,4 (E),,,CV1 CV2 CV3,S1,
507,,"SIGNALS, SMOKE",,1.4S,1,1.4,,0,,E0,P135,MP23 MP24,,,,,,,4 (E),,,CV1 CV2 CV3,S1,
508,,"1-HYDROXYBENZOTRIAZOLE, ANHYDROUS","dry or wetted with less than 20% water, by mass",1.3C,1,1,,0,,E0,P114(b),MP20,PP48 PP50,,,,,,1 (C5000D),V2 V3,,CV1 CV2 CV3,S1,
509,,"POWDER, SMOKELESS",,1.4C,1,1.4,,0,,E0,P114(b),MP20 MP24,PP48,,,,,,2 (E),V2,,CV1 CV2 CV3,S1,
510,,ROCKET MOTORS,,1.4C,1,1.4,,0,,E0,P130 LP101,MP22,PP67 L1,,,,,,2 (E),V2,,CV1 CV2 CV3,S1,
511,,"DETONATORS, ELECTRONIC",programmable for blasting,1.1B,1,1,,0,,E0,P131,MP23,,,,,,,1 (B1000C),V2,,CV1 CV2 CV3,S1,
512,,"DETONATORS, ELECTRONIC",programmable for blasting,1.4B,1,1.4,,0,,E0,P131,MP23,,,,,,,2 (E),V2,,CV1 CV2 CV3,S1,
513,,"DETONATORS, ELECTRONIC",programmable for blasting,1.4S,1,1.4,,0,347,E0,P131,MP23,,,,,,,4 (E),,,CV1 CV2 CV3,S1,
1001,,"ACETYLENE, DISSOLVED",,4F,2,2.1,,0,662,E0,P200,MP9,,,PxBN(M),,TU17 TA4 TT9,FL,2 (B/D),,,CV9 CV10 CV36,S2,239
1002,,"AIR, COMPRESSED",,1A,2,2.2,,120 mL,392 397 655 662,E1,P200,MP9,,(M),CxBN(M),,TA4 TT9,AT,3 (E),,,CV9 CV10,,20
1003,,"AIR, REFRIGERATED LIQUID",,3O,2,2.2+5.1,,0,,E0,P203,MP9,,T75,RxBN,TP5 TP22,TU7 TU19 TA4 TT9,AT,3 (C/E),V5,,CV9 CV11 CV36,S20,225
1005,,"AMMONIA, ANHYDROUS",,2TC,2,2.3+8,,0,23 379,E0,P200,MP9,,(M) T50,PxBH(M),,TA4 TT8 TT9,AT,1 (a)(C/D),,,CV9 CV10 CV36,S14,268
1006,,"ARGON, COMPRESSED",,1A,2,2.2,,120 mL,378 392 653 662,E1,P200,MP9,,(M),CxBN(M),,TA4 TT9,AT,3 (E),,,CV9 CV10 CV36,,20
1008,a,BORON TRIFLUORIDE,,2TC,2,2.3+8,,0,373,E0,P200,MP9,,(M),PxBH(M),,TA4 TT9 TT10,AT,1 (C/D),,,CV9 CV10 CV36,S14,268
1008,b,BORON TRIFLUORIDE,,2TC,2,2.3+8,,0,373,E0,P200,MP9,,(M),PxBH(M),,TA4 TT9 TT10,AT,1 (C/D),,,CV9 CV10 CV36,S14,268
1009,a,BROMOTRIFLUOROMETHANE,,2A,2,2.2,,120 mL,662,E1,P200,MP9,,(M) T50,PxBN(M),,TA4 TT9,AT,3 (C/E),,,CV9 CV10 CV36,,20
1009,b,REFRIGERANT GAS R 13B1,,2A,2,2.2,,120 mL,662,E1,P200,MP9,,(M) T50,PxBN(M),,TA4 TT9,AT,3 (C/E),,,CV9 CV10 CV36,,20
1010,a,"BUTADIENES, STABILIZED",,2F,2,2.1,,0,386 618 662 676,E0,P200,MP9,,(M) T50,PxBN(M),,TA4 TT9,FL,2 (B/D),V8,,CV9 CV10 CV36,S2 S4 S20,239
1010,b,"BUTADIENES AND HYDROCARBON MIXTURE, STABILIZED",containing more than 40% butadienes,2F,2,2.1,,0,386 618 662 676,E0,P200,MP9,,(M) T50,PxBN(M),,TA4 TT9,FL,2 (B/D),V8,,CV9 CV10 CV36,S2 S4 S20,239
1011,,BUTANE,,2F,2,2.1,,0,392 652 657 662 674,E0,P200,MP9,,(M) T50,PxBN(M),,TA4 TT9 TT11,FL,2 (B/D),,,CV9 CV10 CV36,S2 S20,23
1012,,BUTYLENE or 1-BUTYLENE or Cis-2-BUTYLENE or Trans-2-BUTYLENE,,2F,2,2.1,,0,398 662,E0,P200,MP9,,(M) T50,PxBN(M),,TA4 TT9,FL,2 (B/D),,,CV9 CV10 CV36,S2 S20,23
1013,,CARBON DIOXIDE,,2A,2,2.2,,120 mL,378 392 584 653 662,E1,P200,MP9,,(M),PxBN(M),,TA4 TT9,AT,3 (C/E),,,CV9 CV10 CV36,,20
1016,,"CARBON MONOXIDE, COMPRESSED",,1TF,2,2.3+2.1,,0,,E0,P200,MP9,,(M),CxBH(M),,TA4 TT9,FL,1 (B/D),,,CV9 CV10 CV36,S2 S14,263
1017,,CHLORINE,,2TOC,2,2.3+5.1+8,,0,,E0,P200,MP9,,(M) T50,P22DH(M),TP19,TA4 TT9 TT10,AT,1 (a)(C/D),,,CV9 CV10 CV36,S14,265
1018,a,CHLORODIFLUOROMETHANE,,2A,2,2.2,,120 mL,662,E1,P200,MP9,,(M) T50,PxBN(M),,TA4 TT9,AT,3 (C/E),,,CV9 CV10 CV36,,20
1018,b,REFRIGERANT GAS R 22,,2A,2,2.2,,120 mL,662,E1,P200,MP9,,(M) T50,PxBN(M),,TA4 TT9,AT,3 (C/E),,,CV9 CV10 CV36,,20
1020,a,CHLOROPENTAFLUOROETHANE,,2A,2,2.2,,120 mL,662,E1,P200,MP9,,(M) T50,PxBN(M),,TA4 TT9,AT,3 (C/E),,,CV9 CV10 CV36,,20
1020,b,REFRIGERANT GAS R 115,,2A,2,2.2,,120 mL,662,E1,P200,MP9,,(M) T50,PxBN(M),,TA4 TT9,AT,3 (C/E),,,CV9 CV10 CV36,,20
1021,a,"1-CHLORO-1,2,2,2-TETRAFLUOROETHANE",,2A,2,2.2,,120 mL,662,E1,P200,MP9,,(M) T50,PxBN(M),,TA4 TT9,AT,3 (C/E),,,CV9 CV10 CV36,,20
1021,b,REFRIGERANT GAS R 124,,2A,2,2.2,,120 mL,662,E1,P200,MP9,,(M) T50,PxBN(M),,TA4 TT9,AT,3 (C/E),,,CV9 CV10 CV36,,20
1022,a,CHLOROTRIFLUOROMETHANE,,2A,2,2.2,,120 mL,662,E1,P200,MP9,,(M),PxBN(M),,TA4 TT9,AT,3 (C/E),,,CV9 CV10 CV36,,20
1022,b,REFRIGERANT GAS R 13,,2A,2,2.2,,120 mL,662,E1,P200,MP9,,(M),PxBN(M),,TA4 TT9,AT,3 (C/E),,,CV9 CV10 CV36,,20
1023,,"COAL GAS, COMPRESSED",,1TF,2,2.3+2.1,,0,,E0,P200,MP9,,(M),CxBH(M),,TA4 TT9,FL,1 (B/D),,,CV9 CV10 CV36,S2 S14,263
1026,,CYANOGEN,,2TF,2,2.3+2.1,,0,,E0,P200,MP9,,(M),PxBH(M),,TA4 TT9,FL,1 (B/D),,,CV9 CV10 CV36,S2 S14,263
1027,,CYCLOPROPANE,,2F,2,2.1,,0,662,E0,P200,MP9,,(M) T50,PxBN(M),,TA4 TT9,FL,2 (B/D),,,CV9 CV10 CV36,S2 S20,23
1028,a,DICHLORODIFLUOROMETHANE,,2A,2,2.2,,120 mL,662,E1,P200,MP9,,(M) T50,PxBN(M),,TA4 TT9,AT,3 (C/E),,,CV9 CV10 CV36,,20
1028,b,REFRIGERANT GAS R 12,,2A,2,2.2,,120 mL,662,E1,P200,MP9,,(M) T50,PxBN(M),,TA4 TT9,AT,3 (C/E),,,CV9 CV10 CV36,,20
1029,a,DICHLOROFLUOROMETHANE,,2A,2,2.2,,120 mL,662,E1,P200,MP9,,(M) T50,PxBN(M),,TA4 TT9,AT,3 (C/E),,,CV9 CV10 CV36,,20
1029,b,REFRIGERANT GAS R 21,,2A,2,2.2,,120 mL,662,E1,P200,MP9,,(M) T50,PxBN(M),,TA4 TT9,AT,3 (C/E),,,CV9 CV10 CV36,,20
1030,a,"1,1-DIFLUOROETHANE",,2F,2,2.1,,0,662,E0,P200,MP9,,(M) T50,PxBN(M),,TA4 TT9,FL,2 (B/D),,,CV9 CV10 CV36,S2 S20,23
1030,b,REFRIGERANT GAS R 152a,,2F,2,2.1,,0,662,E0,P200,MP9,,(M) T50,PxBN(M),,TA4 TT9,FL,2 (B/D),,,CV9 CV10 CV36,S2 S20,23
1032,,"DIMETHYLAMINE, ANHYDROUS",,2F,2,2.1,,0,662,E0,P200,MP9,,(M) T50,PxBN(M),,TA4 TT9,FL,2 (B/D),,,CV9 CV10 CV36,S2 S20,23
1033,,DIMETHYL ETHER,,2F,2,2.1,,0,662,E0,P200,MP9,,(M) T50,PxBN(M),,TA4 TT9,FL,2 (B/D),,,CV9 CV10 CV36,S2 S20,23
1035,,ETHANE,,2F,2,2.1,,0,662,E0,P200,MP9,,(M),PxBN(M),,TA4 TT9,FL,2 (B/D),,,CV9 CV10 CV36,S2 S20,23
1036,,ETHYLAMINE,,2F,2,2.1,,0,662,E0,P200,MP9,,(M) T50,PxBN(M),,TA4 TT9,FL,2 (B/D),,,CV9 CV10 CV36,S2 S20,23
1037,,ETHYL CHLORIDE,,2F,2,2.1,,0,662,E0,P200,MP9,,(M) T50,PxBN(M),,TA4 TT9,FL,2 (B/D),,,CV9 CV10 CV36,S2 S20,23
1038,,"ETHYLENE, REFRIGERATED LIQUID",,3F,2,2.1,,0,,E0,P203,MP9,,T75,RxBN,TP5,TU18 TA4 TT9,FL,2 (B/D),V5,,CV9 CV11 CV36,S2 S17,223
1039,,ETHYL METHYL ETHER,,2F,2,2.1,,0,662,E0,P200,MP9,,(M),PxBN(M),,TA4 TT9,FL,2 (B/D),,,CV9 CV10 CV36,S2 S20,23
1040,a,ETHYLENE OXIDE,,2TF,2,2.3+2.1,,0,342,E0,P200,MP9,,(M),,,,FL,1 (B/D),,,CV9 CV10 CV36,S2 S14,263
1040,b,ETHYLENE OXIDE WITH NITROGEN,up to a total pressure of 1MPa (10 bar) at 50°C,2TF,2,2.3+2.1,,0,342,E0,P200,MP9,,(M) T50,PxBH(M),TP20,TA4 TT9,FL,1 (B/D),,,CV9 CV10 CV36,S2 S14,263
1040,c,ETHYLENE OXIDE,,2TF,2,2.3+2.1,,0,342,E3,P200,MP9,,(M),,,,FL,1 (B/D),,,CV9 CV10 CV36,S2 S14,263
1040,d,ETHYLENE OXIDE WITH NITROGEN,up to a total pressure of 1MPa (10 bar) at 50°C,2TF,2,2.3+2.1,,0,342,E3,P200,MP9,,(M) T50,PxBH(M),TP20,TA4 TT9,FL,1 (B/D),,,CV9 CV10 CV36,S2 S14,263
1041,,ETHYLENE OXIDE AND CARBON DIOXIDE MIXTURE,with more than 9% but not more than 87% ethylene oxide,2F,2,2.1,,0,662,E0,P200,MP9,,(M) T50,PxBN(M),,TA4 TT9,FL,2 (B/D),,,CV9 CV10 CV36,S2 S20,239
1043,,FERTILIZER AMMONIATING SOLUTION,with free ammonia,4A,2,2.2,,,642,,,,,,,,,,- (E),,,,,
1044,,FIRE EXTINGUISHERS,with compressed or liquefied gas,6A,2,2.2,,120 mL,225 594,E0,P003,MP9,PP91,,,,,,3 (E),,,CV9,,
1045,,"FLUORINE, COMPRESSED",,1TOC,2,2.3+5.1+8,,0,,E0,P200,MP9,,,,,,,1 (D),,,CV9 CV10 CV36,S14,
1046,,"HELIUM, COMPRESSED",,1A,2,2.2,,120 mL,378 392 653 662,E1,P200,MP9,,(M),CxBN(M),,TA4 TT9,AT,3 (E),,,CV9 CV10 CV36,,20
1048,,"HYDROGEN BROMIDE, ANHYDROUS",,2TC,2,2.3+8,,0,,E0,P200,MP9,,(M),PxBH(M),,TA4 TT9 TT10,AT,1 (C/D),,,CV9 CV10 CV36,S14,268
1049,,"HYDROGEN, COMPRESSED",,1F,2,2.1,,0,392 662,E0,P200,MP9,,(M),CxBN(M),,TA4 TT9,FL,2 (B/D),,,CV9 CV10 CV36,S2 S20,23
1050,,"HYDROGEN CHLORIDE, ANHYDROUS",,2TC,2,2.3+8,,0,,E0,P200,MP9,,(M),PxBH(M),,TA4 TT9 TT10,AT,1 (C/D),,,CV9 CV10 CV36,S14,268
1051,,"HYDROGEN CYANIDE, STABILIZED",containing less than 3% water,TF1,6.1,6.1+3,I,0,386 603 676,E0,P200,MP2,,,,,,,0 (D),V8,,CV1 CV13 CV28,S2 S4 S9 S10 S14,
1052,,"HYDROGEN FLUORIDE, ANHYDROUS",,CT1,8,8+6.1,I,0,,E0,P200,MP2,,T10,L21DH(+),TP2,TU14 TU34 TC1 TE21 TA4 TT9 TM3,AT,1 (C/D),,,CV13 CV28 CV34,S14,886
1053,,HYDROGEN SULPHIDE,,2TF,2,2.3+2.1,,0,,E0,P200,MP9,,(M),PxDH(M),,TA4 TT9 TT10,FL,1 (B/D),,,CV9 CV10 CV36,S2 S14,263
1055,,ISOBUTYLENE,,2F,2,2.1,,0,662,E0,P200,MP9,,(M) T50,PxBN(M),,TA4 TT9,FL,2 (B/D),,,CV9 CV10 CV36,S2 S20,23
1056,,"KRYPTON, COMPRESSED",,1A,2,2.2,,120 mL,378 392 662,E1,P200,MP9,,(M),CxBN(M),,TA4 TT9,AT,3 (E),,,CV9 CV10 CV36,,20
1057,a,LIGHTERS,containing flammable gas,6F,2,2.1,,0,201 654 658,E0,P002,MP9,PP84 RR5,,,,,,2 (D),,,CV9,S2,
1057,b,LIGHTER REFILLS,containing flammable gas,6F,2,2.1,,0,201 654 658,E0,P002,MP9,PP84 RR5,,,,,,2 (D),,,CV9,S2,
1058,,LIQUEFIED GASES,"non-flammable, charged with nitrogen, carbon dioxide or air",2A,2,2.2,,120 mL,392 662,E1,P200,MP9,,(M),PxBN(M),,TA4 TT9,AT,3 (C/E),,,CV9 CV10 CV36,,20
1060,,"METHYLACETYLENE AND PROPADIENE MIXTURE, STABILIZED",such as mixture P1 or mixture P2,2F,2,2.1,,0,386 581 662 676,E0,P200,MP9,,(M) T50,PxBN(M),,TA4 TT9,FL,2 (B/D),V8,,CV9 CV10 CV36,S2 S4 S20,239
1061,,"METHYLAMINE, ANHYDROUS",,2F,2,2.1,,0,662,E0,P200,MP9,,(M) T50,PxBN(M),,TA4 TT9,FL,2 (B/D),,,CV9 CV10 CV36,S2 S20,23
1062,,METHYL BROMIDE,with not more than 2% chloropicrin,2T,2,2.3,,0,23,E0,P200,MP9,,(M) T50,PxBH(M),,TA4 TT9,AT,1 (C/D),,,CV9 CV10 CV36,S14,26
1063,a,METHYL CHLORIDE,,2F,2,2.1,,0,662,E0,P200,MP9,,(M) T50,PxBN(M),,TA4 TT9,FL,2 (B/D),,,CV9 CV10 CV36,S2 S20,23
1063,b,REFRIGERANT GAS R 40,,2F,2,2.1,,0,662,E0,P200,MP9,,(M) T50,PxBN(M),,TA4 TT9,FL,2 (B/D),,,CV9 CV10 CV36,S2 S20,23
1064,,METHYL MERCAPTAN,,2TF,2,2.3+2.1,,0,,E0,P200,MP9,,(M) T50,PxDH(M),,TA4 TT9,FL,1 (B/D),,,CV9 CV10 CV36,S2 S14,263
1065,,"NEON, COMPRESSED",,1A,2,2.2,,120 mL,378 392 662,E1,P200,MP9,,(M),CxBN(M),,TA4 TT9,AT,3 (E),,,CV9 CV10 CV36,,20
1066,,"NITROGEN, COMPRESSED",,1A,2,2.2,,120 mL,378 392 653 662,E1,P200,MP9,,(M),CxBN(M),,TA4 TT9,AT,3 (E),,,CV9 CV10 CV36,,20
1067,a,DINITROGEN TETROXIDE,,2TOC,2,2.3+5.1+8,,0,,E0,P200,MP9,,T50,PxBH(M),TP21,TU17 TA4 TT9,AT,1 (C/D),,,CV9 CV10 CV36,S14,265
1067,b,NITROGEN DIOXIDE,,2TOC,2,2.3+5.1+8,,0,,E0,P200,MP9,,T50,PxBH(M),TP21,TU17 TA4 TT9,AT,1 (C/D),,,CV9 CV10 CV36,S14,265
1069,,NITROSYL CHLORIDE,,2TC,2,2.3+8,,0,,E0,P200,MP9,,,,,,,1 (D),,,CV9 CV10 CV36,S14,
1070,,NITROUS OXIDE,,2O,2,2.2+5.1,,0,584 662,E0,P200,MP9,,(M),PxBN(M),,TA4 TT9,AT,3 (C/E),,,CV9 CV10 CV36,,25
1071,,"OIL GAS, COMPRESSED",,1TF,2,2.3+2.1,,0,,E0,P200,MP9,,(M),CxBH(M),,TA4 TT9,FL,1 (B/D),,,CV9 CV10 CV36,S2 S14,263
1072,,"OXYGEN, COMPRESSED",,1O,2,2.2+5.1,,0,355 655 662,E0,P200,MP9,,(M),CxBN(M),,TA4 TT9,AT,3 (E),,,CV9 CV10 CV36,,25
1073,,"OXYGEN, REFRIGERATED LIQUID",,3O,2,2.2+5.1,,0,,E0,P203,MP9,,T75,RxBN,TP5 TP22,TU7 TU19 TA4 TT9,AT,3 (C/E),V5,,CV9 CV11 CV36,S20,225
1075,,"PETROLEUM GASES, LIQUEFIED",,2F,2,2.1,,0,274 392 583 639 662 674,E0,P200,MP9,,(M) T50,PxBN(M),,TA4 TT9 TT11,FL,2 (B/D),,,CV9 CV10 CV36,S2 S20,23
1076,,PHOSGENE,,2TC,2,2.3+8,,0,,E0,P200,MP9,,,P22DH(M),,TU17 TA4 TT9,AT,1 (C/D),,,CV9 CV10 CV36,S14,268
1077,,PROPYLENE,,2F,2,2.1,,0,662,E0,P200,MP9,,(M) T50,PxBN(M),,TA4 TT9,FL,2 (B/D),,,CV9 CV10 CV36,S2 S20,23
1078,,"REFRIGERANT GAS, N.O.S.","such as mixture F1, mixture F2 or mixture F3",2A,2,2.2,,120 mL,274 582 662,E1,P200,MP9,,(M) T50,PxBN(M),,TA4 TT9,AT,3 (C/E),,,CV9 CV10 CV36,,20
1079,,SULPHUR DIOXIDE,,2TC,2,2.3+8,,0,,E0,P200,MP9,,(M) T50,PxDH(M),TP19,TA4 TT9 TT10,AT,1 (C/D),,,CV9 CV10 CV36,S14,268
1080,,SULPHUR HEXAFLUORIDE,,2A,2,2.2,,120 mL,392 662,E1,P200,MP9,,(M),PxBN(M),,TA4 TT9,AT,3 (C/E),,,CV9 CV10 CV36,,20
1081,,"TETRAFLUOROETHYLENE, STABILIZED",,2F,2,2.1,,0,386 662 676,E0,P200,MP9,,(M),PxBN(M),,TU40 TA4 TT9,FL,2 (B/D),V8,,CV9 CV10 CV36,S2 S4 S20,239
1082,a,"TRIFLUOROCHLOROETHYLENE, STABILIZED",,2TF,2,2.3+2.1,,0,386 676,E0,P200,MP9,,(M) T50,PxBH(M),,TA4 TT9,FL,1 (B/D),V8,,CV9 CV10 CV36,S2 S4 S14,263
1082,b,REFRIGERANT GAS R 1113,,2TF,2,2.3+2.1,,0,386 676,E0,P200,MP9,,(M) T50,PxBH(M),,TA4 TT9,FL,1 (B/D),V8,,CV9 CV10 CV36,S2 S4 S14,263
1083,,"TRIMETHYLAMINE, ANHYDROUS",,2F,2,2.1,,0,662,E0,P200,MP9,,(M) T50,PxBN(M),,TA4 TT9,FL,2 (B/D),,,CV9 CV10 CV36,S2 S20,23
1085,,"VINYL BROMIDE, STABILIZED",,2F,2,2.1,,0,386 662 676,E0,P200,MP9,,(M) T50,PxBN(M),,TA4 TT9,FL,2 (B/D),V8,,CV9 CV10 CV36,S2 S4 S20,239
1086,,"VINYL CHLORIDE, STABILIZED",,2F,2,2.1,,0,386 662 676,E0,P200,MP9,,(M) T50,PxBN(M),,TA4 TT9,FL,2 (B/D),V8,,CV9 CV10 CV36,S2 S4 S20,239
1087,,"VINYL METHYL ETHER, STABILIZED",,2F,2,2.1,,0,386 662 676,E0,P200,MP9,,(M) T50,PxBN(M),,TA4 TT9,FL,2 (B/D),V8,,CV9 CV10 CV36,S2 S4 S20,239
1088,,ACETAL,,F1,3,3,II,1 L,,E2,P001 IBC02 R001,MP19,,T4,LGBF,TP1,,FL,2 (D/E),,,,S2 S20,33
1089,,ACETALDEHYDE,,F1,3,3,I,0,,E0,P001,MP7 MP17,,T11,L4BN,TP2 TP7,TU8,FL,1 (D/E),,,,S2 S20,33
1090,,ACETONE,,F1,3,3,II,1 L,,E2,P001 IBC02 R001,MP19,,T4,LGBF,TP1,,FL,2 (D/E),,,,S2 S20,33
1091,,ACETONE OILS,,F1,3,3,II,1 L,,E2,P001 IBC02 R001,MP19,,T4,LGBF,TP1 TP8,,FL,2 (D/E),,,,S2 S20,33
1092,,"ACROLEIN, STABILIZED",,TF1,6.1,6.1+3,I,0,354 386 676,E0,P601,MP8 MP17,,T22,L15CH,TP2 TP7,TU14 TU15 TE19 TE21,FL,1 (C/D),V8,,CV1 CV13 CV28,S2 S4 S9 S14,663
1093,,"ACRYLONITRILE, STABILIZED",,FT1,3,3+6.1,I,0,386 676,E0,P001,MP7 MP17,,T14,L10CH,TP2,TU14 TU15 TE21,FL,1 (C/E),V8,,CV13 CV28,S2 S4 S22,336
1098,,ALLYL ALCOHOL,,TF1,6.1,6.1+3,I,0,354,E0,P602,MP8 MP17,,T20,L10CH,TP2,TU14 TU15 TE19 TE21,FL,1 (C/D),,,CV1 CV13 CV28,S2 S9 S14,663
1099,,ALLYL BROMIDE,,FT1,3,3+6.1,I,0,,E0,P001,MP7 MP17,,T14,L10CH,TP2,TU14 TU15 TE21,FL,1 (C/E),,,CV13 CV28,S2 S22,336
1100,,ALLYL CHLORIDE,,FT1,3,3+6.1,I,0,,E0,P001,MP7 MP17,,T14,L10CH,TP2,TU14 TU15 TE21,FL,1 (C/E),,,CV13 CV28,S2 S22,336
1104,,AMYL ACETATES,,F1,3,3,III,5 L,,E1,P001 IBC03 LP01 R001,MP19,,T2,LGBF,TP1,,FL,3 (D/E),V12,,,S2,30
1105,a,PENTANOLS,,F1,3,3,II,1 L,,E2,P001 IBC02 R001,MP19,,T4,LGBF,TP1 TP29,,FL,2 (D/E),,,,S2 S20,33
1105,b,PENTANOLS,,F1,3,3,III,5 L,,E1,P001 IBC03 LP01 R001,MP19,,T2,LGBF,TP1,,FL,3 (D/E),V12,,,S2,30
1106,a,AMYLAMINE,,FC,3,3+8,II,1 L,,E2,P001 IBC02,MP19,,T7,L4BH,TP1,,FL,2 (D/E),,,,S2 S20,338
1106,b,AMYLAMINE,,FC,3,3+8,III,5 L,,E1,P001 IBC03 R001,MP19,,T4,L4BN,TP1,,FL,3 (D/E),V12,,,S2,38
1107,,AMYL CHLORIDE,,F1,3,3,II,1 L,,E2,P001 IBC02 R001,MP19,,T4,LGBF,TP1,,FL,2 (D/E),,,,S2 S20,33
1108,a,1-PENTENE,,F1,3,3,I,0,,E3,P001,MP7 MP17,,T11,L4BN,TP2,,FL,1 (D/E),,,,S2 S20,33
1108,b,n-AMYLENE,,F1,3,3,I,0,,E3,P001,MP7 MP17,,T11,L4BN,TP2,,FL,1 (D/E),,,,S2 S20,33
1109,,AMYL FORMATES,,F1,3,3,III,5 L,,E1,P001 IBC03 LP01 R001,MP19,,T2,LGBF,TP1,,FL,3 (D/E),V12,,,S2,30
1110,,n-AMYL METHYL KETONE,,F1,3,3,III,5 L,,E1,P001 IBC03 LP01 R001,MP19,,T2,LGBF,TP1,,FL,3 (D/E),V12,,,S2,30
1111,,AMYL MERCAPTAN,,F1,3,3,II,1 L,,E2,P001 IBC02 R001,MP19,,T4,LGBF,TP1,,FL,2 (D/E),,,,S2 S20,33
1112,,AMYL NITRATE,,F1,3,3,III,5 L,,E1,P001 IBC03 LP01 R001,MP19,,T2,LGBF,TP1,,FL,3 (D/E),V12,,,S2,30
1113,,AMYL NITRITE,,F1,3,3,II,1 L,,E2,P001 IBC02 R001,MP19,,T4,LGBF,TP1,,FL,2 (D/E),,,,S2 S20,33
1114,,BENZENE,,F1,3,3,II,1 L,,E2,P001 IBC02 R001,MP19,,T4,LGBF,TP1,,FL,2 (D/E),,,,S2 S20,33
1120,a,BUTANOLS,,F1,3,3,II,1 L,,E2,P001 IBC02 R001,MP19,,T4,LGBF,TP1 TP29,,FL,2 (D/E),,,,S2 S20,33
1120,b,BUTANOLS,,F1,3,3,III,5 L,,E1,P001 IBC03 LP01 R001,MP19,,T2,LGBF,TP1,,FL,3 (D/E),V12,,,S2,30
1123,a,BUTYL ACETATES,,F1,3,3,II,1 L,,E2,P001 IBC02 R001,MP19,,T4,LGBF,TP1,,FL,2 (D/E),,,,S2 S20,33
1123,b,BUTYL ACETATES,,F1,3,3,III,5 L,,E1,P001 IBC03 LP01 R001,MP19,,T2,LGBF,TP1,,FL,3 (D/E),V12,,,S2,30
1125,,n-BUTYLAMINE,,FC,3,3+8,II,1 L,,E2,P001 IBC02,MP19,,T7,L4BH,TP1,,FL,2 (D/E),,,,S2 S20,338
1126,,1-BROMOBUTANE,,F1,3,3,II,1 L,,E2,P001 IBC02 R001,MP19,,T4,LGBF,TP1,,FL,2 (D/E),,,,S2 S20,33
1127,,CHLOROBUTANES,,F1,3,3,II,1 L,,E2,P001 IBC02 R001,MP19,,T4,LGBF,TP1,,FL,2 (D/E),,,,S2 S20,33
1128,,n-BUTYL FORMATE,,F1,3,3,II,1 L,,E2,P001 IBC02 R001,MP19,,T4,LGBF,TP1,,FL,2 (D/E),,,,S2 S20,33
1129,,BUTYRALDEHYDE,,F1,3,3,II,1 L,,E2,P001 IBC02 R001,MP19,,T4,LGBF,TP1,,FL,2 (D/E),,,,S2 S20,33
1130,,CAMPHOR OIL,,F1,3,3,III,5 L,,E1,P001 IBC03 LP01 R001,MP19,,T2,LGBF,TP1,,FL,3 (D/E),V12,,,S2,30
1131,,CARBON DISULPHIDE,,FT1,3,3+6.1,I,0,,E0,P001,MP7 MP17,PP31,T14,L10CH,TP2 TP7,TU2 TU14 TU15 TE21,FL,1 (C/E),,,CV13 CV28,S2 S22,336
1133,a,ADHESIVES,containing flammable liquid,F1,3,3,I,500 mL,,E3,P001,MP7 MP17,,T11,L4BN,TP1 TP8 TP27,,FL,1 (D/E),,,,S2 S20,33
1133,b,ADHESIVES,containing flammable liquid,F1,3,3,II,5 L,640C/D,E2,P001 IBC02* R001*,MP19,PP1,T4,L1.5BN/LGBF,TP1 TP8,,FL,2 (D/E),,,,S2 S20,33
1133,c,ADHESIVES,containing flammable liquid,F1,3,3,III,5 L,,E1,P001 IBC02* LP01* R001,MP19,PP1 BB4*,T2*,LGBF*,TP1*,,FL*,3 (D/E)*,V12,,,S2,30*
1134,,CHLOROBENZENE,,F1,3,3,III,5 L,,E1,P001 IBC03 LP01 R001,MP19,,T2,LGBF,TP1,,FL,3 (D/E),V12,,,S2,30
1135,,ETHYLENE CHLOROHYDRIN,,TF1,6.1,6.1+3,I,0,354,E0,P602,MP8 MP17,,T20,L10CH,TP2,TU14 TU15 TE19 TE21,FL,1 (C/D),,,CV1 CV13 CV28,S2 S9 S14,663
1136,a,"COAL TAR DISTILLATES, FLAMMABLE",,F1,3,3,II,1 L,,E2,P001 IBC02 R001,MP19,,T4,LGBF,TP1,,FL,2 (D/E),,,,S2 S20,33
1136,b,"COAL TAR DISTILLATES, FLAMMABLE",,F1,3,3,III,5 L,,E1,P001 IBC03 LP01 R001,MP19,,T4,LGBF,TP1 TP29,,FL,3 (D/E),V12,,,S2,30
1139,a,COATING SOLUTION,"(includes surface treatments or coatings used for industrial or other purposes such as vehicle under coating, drum or barrel lining)",F1,3,3,I,500 mL,,E3,P001,MP7 MP17,,T11,L4BN,TP1 TP8 TP27,,FL,1 (D/E),,,,S2 S20,33
1139,b,COATING SOLUTION,"(includes surface treatments or coatings used for industrial or other purposes such as vehicle under coating, drum or barrel lining)",F1,3,3,II,5 L,640C/D,E2,P001 IBC02* R001*,MP19,,T4,L1.5BN/LGBF,TP1 TP8,,FL,2 (D/E),,,,S2 S20,33
1139,c,COATING SOLUTION,"(includes surface treatments or coatings used for industrial or other purposes such as vehicle under coating, drum or barrel lining)",F1,3,3,III,5 L,,E1,P001 IBC02* LP01* R001,MP19,,T2*,LGBF*,TP1*,,FL*,3 (D/E)*,V12,,,S2,30*
1143,a,CROTONALDEHYDE,,TF1,6.1,6.1+3,I,0,324 354 386 676,E0,P602,MP8 MP17,,T20,L10CH,TP2,TU14 TU15 TE19 TE21,FL,1 (C/D),V8,,CV1 CV13 CV28,S2 S4 S9 S14,663
1143,b,"CROTONALDEHYDE, STABILIZED",,TF1,6.1,6.1+3,I,0,324 354 386 676,E0,P602,MP8 MP17,,T20,L10CH,TP2,TU14 TU15 TE19 TE21,FL,1 (C/D),V8,,CV1 CV13 CV28,S2 S4 S9 S14,663
1144,,CROTONYLENE,,F1,3,3,I,0,,E3,P001,MP7 MP17,,T11,L4BN,TP2,,FL,1 (D/E),,,,S2 S20,339
1145,,CYCLOHEXANE,,F1,3,3,II,1 L,,E2,P001 IBC02 R001,MP19,,T4,LGBF,TP1,,FL,2 (D/E),,,,S2 S20,33
1146,,CYCLOPENTANE,,F1,3,3,II,1 L,,E2,P001 IBC02 R001,MP19,,T7,LGBF,TP1,,FL,2 (D/E),,,,S2 S20,33
1147,,DECAHYDRONAPHTHALENE,,F1,3,3,III,5 L,,E1,P001 IBC03 LP01 R001,MP19,,T2,LGBF,TP1,,FL,3 (D/E),V12,,,S2,30
1148,a,DIACETONE ALCOHOL,,F1,3,3,II,1 L,,E2,P001 IBC02 R001,MP19,,T4,LGBF,TP1,,FL,2 (D/E),,,,S2 S20,33
1148,b,DIACETONE ALCOHOL,,F1,3,3,III,5 L,,E1,P001 IBC03 LP01 R001,MP19,,T2,LGBF,TP1,,FL,3 (D/E),V12,,,S2,30
1149,,DIBUTYL ETHERS,,F1,3,3,III,5 L,,E1,P001 IBC03 LP01 R001,MP19,,T2,LGBF,TP1,,FL,3 (D/E),V12,,,S2,30
1150,,"1,2-DICHLOROETHYLENE",,F1,3,3,II,1 L,,E2,P001 IBC02 R001,MP19,,T7,LGBF,TP2,,FL,2 (D/E),,,,S2 S20,33
1152,,DICHLOROPENTANES,,F1,3,3,III,5 L,,E1,P001 IBC03 LP01 R001,MP19,,T2,LGBF,TP1,,FL,3 (D/E),V12,,,S2,30
1153,a,ETHYLENE GLYCOL DIETHYL ETHER,,F1,3,3,II,1 L,,E2,P001 IBC02 R001,MP19,,T4,LGBF,TP1,,FL,2 (D/E),,,,S2 S20,33
1153,b,ETHYLENE GLYCOL DIETHYL ETHER,,F1,3,3,III,5 L,,E1,P001 IBC03 LP01 R001,MP19,,T2,LGBF,TP1,,FL,3 (D/E),V12,,,S2,30
1154,,DIETHYLAMINE,,FC,3,3+8,II,1 L,,E2,P001 IBC02,MP19,,T7,L4BH,TP1,,FL,2 (D/E),,,,S2 S20,338
1155,a,DIETHYL ETHER,,F1,3,3,I,0,,E3,P001,MP7 MP17,,T11,L4BN,TP2,,FL,1 (D/E),,,,S2 S20,33
1155,b,ETHYL ETHER,,F1,3,3,I,0,,E3,P001,MP7 MP17,,T11,L4BN,TP2,,FL,1 (D/E),,,,S2 S20,33
1156,,DIETHYL KETONE,,F1,3,3,II,1 L,,E2,P001 IBC02 R001,MP19,,T4,LGBF,TP1,,FL,2 (D/E),,,,S2 S20,33
1157,,DIISOBUTYL KETONE,,F1,3,3,III,5 L,,E1,P001 IBC03 LP01 R001,MP19,,T2,LGBF,TP1,,FL,3 (D/E),V12,,,S2,30
1158,,DIISOPROPYLAMINE,,FC,3,3+8,II,1 L,,E2,P001 IBC02,MP19,,T7,L4BH,TP1,,FL,2 (D/E),,,,S2 S20,338
1159,,DIISOPROPYL ETHER,,F1,3,3,II,1 L,,E2,P001 IBC02 R001,MP19,,T4,LGBF,TP1,,FL,2 (D/E),,,,S2 S20,33
1160,,DIMETHYLAMINE AQUEOUS SOLUTION,,FC,3,3+8,II,1 L,,E2,P001 IBC02,MP19,,T7,L4BH,TP1,,FL,2 (D/E),,,,S2 S20,338
1161,,DIMETHYL CARBONATE,,F1,3,3,II,1 L,,E2,P001 IBC02 R001,MP19,,T4,LGBF,TP1,,FL,2 (D/E),,,,S2 S20,33
1162,,DIMETHYLDICHLOROSILANE,,FC,3,3+8,II,0,,E0,P010,MP19,,T10,L4BH,TP2 TP7,,FL,2 (D/E),,,,S2 S20,X338
1163,,"DIMETHYLHYDRAZINE, UNSYMMETRICAL",,TFC,6.1,6.1+3+8,I,0,354,E0,P602,MP8 MP17,,T20,L10CH,TP2,TU14 TU15 TE19 TE21,FL,1 (C/D),,,CV1 CV13 CV28,S2 S9 S14,663
1164,,DIMETHYL SULPHIDE,,F1,3,3,II,1 L,,E2,P001 IBC02,MP19,B8,T7,L1.5BN,TP2,,FL,2 (D/E),,,,S2 S20,33
1165,,DIOXANE,,F1,3,3,II,1 L,,E2,P001 IBC02 R001,MP19,,T4,LGBF,TP1,,FL,2 (D/E),,,,S2 S20,33
1166,,DIOXOLANE,,F1,3,3,II,1 L,,E2,P001 IBC02 R001,MP19,,T4,LGBF,TP1,,FL,2 (D/E),,,,S2 S20,33
1167,,"DIVINYL ETHER, STABILIZED",,F1,3,3,I,0,386 676,E3,P001,MP7 MP17,,T11,L4BN,TP2,,FL,1 (D/E),V8,,,S2 S4 S20,339
1170,a,ETHANOL,,F1,3,3,II,1 L,144 601,E2,P001 IBC02 R001,MP19,,T4,LGBF,TP1,,FL,2 (D/E),,,,S2 S20,33
1170,b,ETHYL ALCOHOL,,F1,3,3,II,1 L,144 601,E2,P001 IBC02 R001,MP19,,T4,LGBF,TP1,,FL,2 (D/E),,,,S2 S20,33
1170,c,ETHANOL SOLUTION,,F1,3,3,II,1 L,144 601,E2,P001 IBC02 R001,MP19,,T4,LGBF,TP1,,FL,2 (D/E),,,,S2 S20,33
1170,d,ETHYL ALCOHOL SOLUTION,,F1,3,3,II,1 L,144 601,E2,P001 IBC02 R001,MP19,,T4,LGBF,TP1,,FL,2 (D/E),,,,S2 S20,33
1170,e,ETHANOL,,,3,,,,,,,,,,(only listed as pg II),,,,,,,,,
1170,f,ETHYL ALCOHOL,,,3,,,,,,,,,,(only listed as pg II),,,,,,,,,
1170,g,ETHANOL SOLUTION,,F1,3,3,III,5 L,144 601,E1,P001 IBC03 LP01 R001,MP19,,T2,LGBF,TP1,,FL,3 (D/E),V12,,,S2,30
1170,h,ETHYL ALCOHOL SOLUTION,,F1,3,3,III,5 L,144 601,E1,P001 IBC03 LP01 R001,MP19,,T2,LGBF,TP1,,FL,3 (D/E),V12,,,S2,30
1171,,ETHYLENE GLYCOL MONOETHYL ETHER,,F1,3,3,III,5 L,,E1,P001 IBC03 LP01 R001,MP19,,T2,LGBF,TP1,,FL,3 (D/E),V12,,,S2,30
1172,,ETHYLENE GLYCOL MONOETHYL ETHER ACETATE,,F1,3,3,III,5 L,,E1,P001 IBC03 LP01 R001,MP19,,T2,LGBF,TP1,,FL,3 (D/E),V12,,,S2,30
1173,,ETHYL ACETATE,,F1,3,3,II,1 L,,E2,P001 IBC02 R001,MP19,,T4,LGBF,TP1,,FL,2 (D/E),,,,S2 S20,33
1175,,ETHYLBENZENE,,F1,3,3,II,1 L,,E2,P001 IBC02 R001,MP19,,T4,LGBF,TP1,,FL,2 (D/E),,,,S2 S20,33
1176,,ETHYL BORATE,,F1,3,3,II,1 L,,E2,P001 IBC02 R001,MP19,,T4,LGBF,TP1,,FL,2 (D/E),,,,S2 S20,33
1177,,2-ETHYLBUTYL ACETATE,,F1,3,3,III,5 L,,E1,P001 IBC03 LP01 R001,MP19,,T2,LGBF,TP1,,FL,3 (D/E),V12,,,S2,30
1178,,2-ETHYLBUTYRALDEHYDE,,F1,3,3,II,1 L,,E2,P001 IBC02 R001,MP19,,T4,LGBF,TP1,,FL,2 (D/E),,,,S2 S20,33
1179,,ETHYL BUTYL ETHER,,F1,3,3,II,1 L,,E2,P001 IBC02 R001,MP19,,T4,LGBF,TP1,,FL,2 (D/E),,,,S2 S20,33
1180,,ETHYL BUTYRATE,,F1,3,3,III,5 L,,E1,P001 IBC03 LP01 R001,MP19,,T2,LGBF,TP1,,FL,3 (D/E),V12,,,S2,30
1181,,ETHYL CHLOROACETATE,,TF1,6.1,6.1+3,II,100 mL,,E4,P001 IBC02,MP15,,T7,L4BH,TP2,TU15 TE19,FL,2 (D/E),,,CV13 CV28,S2 S9 S19,63
1182,,ETHYL CHLOROFORMATE,,TFC,6.1,6.1+3+8,I,0,354,E0,P602,MP8 MP17,,T20,L10CH,TP2,TU14 TU15 TE19 TE21,FL,1 (C/D),,,CV1 CV13 CV28,S2 S9 S14,663
1183,,ETHYLDICHLOROSILANE,,WFC,4.3,4.3+3+8,I,0,,E0,P401,MP2,RR7,T14,L10DH,TP2 TP7,TU14 TU23 TE21 TM2 TM3,FL,0 (B/E),V1,,CV23,S2 S20,X338
1184,,ETHYLENE DICHLORIDE,,FT1,3,3+6.1,II,1 L,,E2,P001 IBC02,MP19,,T7,L4BH,TP1,TU15,FL,2 (D/E),,,CV13 CV28,S2 S19,336
1185,,"ETHYLENEIMINE, STABILIZED",,TF1,6.1,6.1+3,I,0,354 386 676,E0,P601,MP2,,T22,L15CH,TP2,TU14 TU15 TE19 TE21,FL,1 (C/D),V8,,CV1 CV13 CV28,S2 S4 S9 S14,663
1188,,ETHYLENE GLYCOL MONOMETHYL ETHER,,F1,3,3,III,5 L,,E1,P001 IBC03 LP01 R001,MP19,,T2,LGBF,TP1,,FL,3 (D/E),V12,,,S2,30
1189,,ETHYLENE GLYCOL MONOMETHYL ETHER ACETATE,,F1,3,3,III,5 L,,E1,P001 IBC03 LP01 R001,MP19,,T2,LGBF,TP1,,FL,3 (D/E),V12,,,S2,30
1190,,ETHYL FORMATE,,F1,3,3,II,1 L,,E2,P001 IBC02 R001,MP19,,T4,LGBF,TP1,,FL,2 (D/E),,,,S2 S20,33
1191,,OCTYL ALDEHYDES,,F1,3,3,III,5 L,,E1,P001 IBC03 LP01 R001,MP19,,T2,LGBF,TP1,,FL,3 (D/E),V12,,,S2,30
1192,,ETHYL LACTATE,,F1,3,3,III,5 L,,E1,P001 IBC03 LP01 R001,MP19,,T2,LGBF,TP1,,FL,3 (D/E),V12,,,S2,30
1193,a,ETHYL METHYL KETONE,,F1,3,3,II,1 L,,E2,P001 IBC02 R001,MP19,,T4,LGBF,TP1,,FL,2 (D/E),,,,S2 S20,33
1193,b,METHYL ETHYL KETONE,,F1,3,3,II,1 L,,E2,P001 IBC02 R001,MP19,,T4,LGBF,TP1,,FL,2 (D/E),,,,S2 S20,33
1194,,ETHYL NITRITE SOLUTION,,FT1,3,3+6.1,I,0,,E0,P001,MP7 MP17,,,L10CH,,TU14 TU15 TE21,FL,1 (C/E),,,CV13 CV28,S2 S22,336
1195,,ETHYL PROPIONATE,,F1,3,3,II,1 L,,E2,P001 IBC02 R001,MP19,,T4,LGBF,TP1,,FL,2 (D/E),,,,S2 S20,33
1196,,ETHYLTRICHLOROSILANE,,FC,3,3+8,II,0,,E0,P010,MP19,,T10,L4BH,TP2 TP7,,FL,2 (D/E),,,,S2 S20,X338
1197,a,"EXTRACTS, LIQUID",for flavour or aroma,F1,3,3,II,5 L,601 640C/D,E2,P001 IBC02* R001*,MP19,,T4,L1.5BN/LGBF,TP1 TP8,,FL,2 (D/E),,,,S2 S20,33
1197,b,"EXTRACTS, LIQUID",for flavour or aroma,F1,3,3,III,5 L,601,E1,P001 IBC03 LP01 R001,MP19,,T2,LGBF,TP1,,FL,3 (D/E),V12,,,S2,30
1198,,"FORMALDEHYDE SOLUTION, FLAMMABLE",,FC,3,3+8,III,5 L,,E1,P001 IBC03 R001,MP19,,T4,L4BN,TP1,,FL,3 (D/E),V12,,,S2,38
1199,,FURALDEHYDES,,TF1,6.1,6.1+3,II,100 mL,,E4,P001 IBC02,MP15,,T7,L4BH,TP2,TU15 TE19,FL,2 (D/E),,,CV13 CV28,S2 S9 S19,63
1201,a,FUSEL OIL,,F1,3,3,II,1 L,,E2,P001 IBC02 R001,MP19,,T4,LGBF,TP1,,FL,2 (D/E),,,,S2 S20,33
1201,b,FUSEL OIL,,F1,3,3,III,5 L,,E1,P001 IBC03 LP01 R001,MP19,,T2,LGBF,TP1,,FL,3 (D/E),V12,,,S2,30
1202,a,GAS OIL,,F1,3,3,III,5 L,640K/L/M 664,E1,P001 IBC03 LP01 R001,MP19,,T2,LGB*,TP1,,FL/AT,3 (D/E),V12,,,S2*,30
1202,b,DIESEL FUEL,,F1,3,3,III,5 L,640K/L/M 664,E1,P001 IBC03 LP01 R001,MP19,,T2,LGB*,TP1,,FL/AT,3 (D/E),V12,,,S2*,30
1202,c,"HEATING OIL, LIGHT",,F1,3,3,III,5 L,640K/L/M 664,E1,P001 IBC03 LP01 R001,MP19,,T2,LGB*,TP1,,FL/AT,3 (D/E),V12,,,S2*,30
1203,a,MOTOR SPIRIT,,F1,3,3,II,1 L,243 534 664,E2,P001 IBC02 R001,MP19,BB2,T4,LGBF,TP1,TU9,FL,2 (D/E),,,,S2 S20,33
1203,b,GASOLINE,,F1,3,3,II,1 L,243 534 664,E2,P001 IBC02 R001,MP19,BB2,T4,LGBF,TP1,TU9,FL,2 (D/E),,,,S2 S20,33
1203,c,PETROL,,F1,3,3,II,1 L,243 534 664,E2,P001 IBC02 R001,MP19,BB2,T4,LGBF,TP1,TU9,FL,2 (D/E),,,,S2 S20,33
1204,,NITROGLYCERIN SOLUTION IN ALCOHOL,with not more than 1% nitroglycerin,D,3,3,II,1 L,601,E0,P001 IBC02,MP2,PP5,,,,,,2 (B),,,,S2 S14,
1206,,HEPTANES,,F1,3,3,II,1 L,,E2,P001 IBC02 R001,MP19,,T4,LGBF,TP1,,FL,2 (D/E),,,,S2 S20,33
1207,,HEXALDEHYDE,,F1,3,3,III,5 L,,E1,P001 IBC03 LP01 R001,MP19,,T2,LGBF,TP1,,FL,3 (D/E),V12,,,S2,30
1208,,HEXANES,,F1,3,3,II,1 L,,E2,P001 IBC02 R001,MP19,,T4,LGBF,TP1,,FL,2 (D/E),,,,S2 S20,33
1210,a,PRINTING INK,flammable,F1,3,3,I,500 mL,163 367,E3,P001,MP7 MP17,,T11,L4BN,TP1 TP8,,FL,1 (D/E),,,,S2 S20,33
1210,b,PRINTING INK RELATED MATERIAL,"(including printing ink thinning or reducing compound), flammable",F1,3,3,I,500 mL,163 367,E3,P001,MP7 MP17,,T11,L4BN,TP1 TP8,,FL,1 (D/E),,,,S2 S20,33
1210,c,PRINTING INK,flammable,F1,3,3,II,5 L,163 367 640C/D,E2,P001 IBC02* R001*,MP19,PP1,T4,L1.5BN/LGBF,TP1 TP8,,FL,2 (D/E),,,,S2 S20,33
1210,d,PRINTING INK RELATED MATERIAL,"(including printing ink thinning or reducing compound), flammable",F1,3,3,II,5 L,163 367 640C/D,E2,P001 IBC02* R001*,MP19,PP1,T4,L1.5BN/LGBF,TP1 TP8,,FL,2 (D/E),,,,S2 S20,33
1210,e,PRINTING INK,flammable,F1,3,3,III,5 L,163 367,E1,P001 IBC03 LP01 R001,MP19,PP1,T2,LGBF,TP1,,FL,3 (D/E),V12,,,S2,30
1210,f,PRINTING INK RELATED MATERIAL,"(including printing ink thinning or reducing compound), flammable",F1,3,3,III,5 L,163 367,E1,P001 IBC03 LP01 R001,MP19,PP1,T2,LGBF,TP1,,FL,3 (D/E),V12,,,S2,30
1212,a,ISOBUTANOL,,F1,3,3,III,5 L,,E1,P001 IBC03 LP01 R001,MP19,,T2,LGBF,TP1,,FL,3 (D/E),V12,,,S2,30
1212,b,ISOBUTYL ALCOHOL,,F1,3,3,III,5 L,,E1,P001 IBC03 LP01 R001,MP19,,T2,LGBF,TP1,,FL,3 (D/E),V12,,,S2,30
1213,,ISOBUTYL ACETATE,,F1,3,3,II,1 L,,E2,P001 IBC02 R001,MP19,,T4,LGBF,TP1,,FL,2 (D/E),,,,S2 S20,33
1214,,ISOBUTYLAMINE,,FC,3,3+8,II,1 L,,E2,P001 IBC02,MP19,,T7,L4BH,TP1,,FL,2 (D/E),,,,S2 S20,338
1216,,ISOOCTENES,,F1,3,3,II,1 L,,E2,P001 IBC02 R001,MP19,,T4,LGBF,TP1,,FL,2 (D/E),,,,S2 S20,33
1218,,"ISOPRENE, STABILIZED",,F1,3,3,I,0,386 676,E3,P001,MP7 MP17,,T11,L4BN,TP2,,FL,1 (D/E),V8,,,S2 S4 S20,339
1219,a,ISOPROPANOL,,F1,3,3,II,1 L,601,E2,P001 IBC02 R001,MP19,,T4,LGBF,TP1,,FL,2 (D/E),,,,S2 S20,33
1219,b,ISOPROPYL ALCOHOL,,F1,3,3,II,1 L,601,E2,P001 IBC02 R001,MP19,,T4,LGBF,TP1,,FL,2 (D/E),,,,S2 S20,33
1220,,ISOPROPYL ACETATE,,F1,3,3,II,1 L,,E2,P001 IBC02 R001,MP19,,T4,LGBF,TP1,,FL,2 (D/E),,,,S2 S20,33
1221,,ISOPROPYLAMINE,,FC,3,3+8,I,0,,E0,P001,MP7 MP17,,T11,L10CH,TP2,TU14 TE21,FL,1 (C/E),,,,S2 S20,338
1222,,ISOPROPYL NITRATE,,F1,3,3,II,1 L,,E2,P001 IBC02 R001,MP19,B7,,,,,,2 (E),,,,S2 S20,
1223,,KEROSENE,,F1,3,3,III,5 L,664,E1,P001 IBC03 LP01 R001,MP19,,T2,LGBF,TP2,,FL,3 (D/E),V12,,,S2,30
1224,a,"KETONES, LIQUID, N.O.S.",,F1,3,3,II,1 L,274 640C/D,E2,P001 IBC02* R001*,MP19,,T7,L1.5BN/LGBF,TP1 TP8 TP28,,FL,2 (D/E),,,,S2 S20,33
1224,b,"KETONES, LIQUID, N.O.S.",,F1,3,3,III,5 L,274,E1,P001 IBC03 LP01 R001,MP19,,T4,LGBF,TP1 TP29,,FL,3 (D/E),V12,,,S2,30
1228,a,"MERCAPTANS, LIQUID, FLAMMABLE, TOXIC, N.O.S.",,FT1,3,3+6.1,II,1 L,274,E0,P001 IBC02,MP19,,T11,L4BH,TP2 TP27,TU15,FL,2 (D/E),,,CV13 CV28,S2 S19,336
1228,b,"MERCAPTAN MIXTURE, LIQUID, FLAMMABLE, TOXIC, N.O.S.",,FT1,3,3+6.1,II,1 L,274,E0,P001 IBC02,MP19,,T11,L4BH,TP2 TP27,TU15,FL,2 (D/E),,,CV13 CV28,S2 S19,336
1228,c,"MERCAPTANS, LIQUID, FLAMMABLE, TOXIC, N.O.S.",,FT1,3,3+6.1,III,5 L,274,E1,P001 IBC03 R001,MP19,,T7,L4BH,TP1 TP28,TU15,FL,3 (D/E),V12,,CV13 CV28,S2,36
1228,d,"MERCAPTAN MIXTURE, LIQUID, FLAMMABLE, TOXIC, N.O.S.",,FT1,3,3+6.1,III,5 L,274,E1,P001 IBC03 R001,MP19,,T7,L4BH,TP1 TP28,TU15,FL,3 (D/E),V12,,CV13 CV28,S2,36
1229,,MESITYL OXIDE,,F1,3,3,III,5 L,,E1,P001 IBC03 LP01 R001,MP19,,T2,LGBF,TP1,,FL,3 (D/E),V12,,,S2,30
1230,,METHANOL,,FT1,3,3+6.1,II,1 L,279,E2,P001 IBC02,MP19,,T7,L4BH,TP2,TU15,FL,2 (D/E),,,CV13 CV28,S2 S19,336
1231,,METHYL ACETATE,,F1,3,3,II,1 L,,E2,P001 IBC02 R001,MP19,,T4,LGBF,TP1,,FL,2 (D/E),,,,S2 S20,33
1233,,METHYLAMYL ACETATE,,F1,3,3,III,5 L,,E1,P001 IBC03 LP01 R001,MP19,,T2,LGBF,TP1,,FL,3 (D/E),V12,,,S2,30
1234,,METHYLAL,,F1,3,3,II,1 L,,E2,P001 IBC02,MP19,B8,T7,L1.5BN,TP2,,FL,2 (D/E),,,,S2 S20,33
1235,,"METHYLAMINE, AQUEOUS SOLUTION",,FC,3,3+8,II,1 L,,E2,P001 IBC02,MP19,,T7,L4BH,TP1,,FL,2 (D/E),,,,S2 S20,338
1237,,METHYL BUTYRATE,,F1,3,3,II,1 L,,E2,P001 IBC02 R001,MP19,,T4,LGBF,TP1,,FL,2 (D/E),,,,S2 S20,33
1238,,METHYL CHLOROFORMATE,,TFC,6.1,6.1+3+8,I,0,354,E0,P602,MP8 MP17,,T22,L15CH,TP2,TU14 TU15 TE19 TE21,FL,1 (C/D),,,CV1 CV13 CV28,S2 S9 S14,663
1239,,METHYL CHLOROMETHYL ETHER,,TF1,6.1,6.1+3,I,0,354,E0,P602,MP8 MP17,,T22,L15CH,TP2,TU14 TU15 TE19 TE21,FL,1 (C/D),,,CV1 CV13 CV28,S2 S9 S14,663
1242,,METHYLDICHLOROSILANE,,WFC,4.3,4.3+3+8,I,0,,E0,P401,MP2,RR7,T14,L10DH,TP2 TP7,TU14 TU24 TE21 TM2 TM3,FL,0 (B/E),V1,,CV23,S2 S20,X338
1243,,METHYL FORMATE,,F1,3,3,I,0,,E3,P001,MP7 MP17,,T11,L4BN,TP2,,FL,1 (D/E),,,,S2 S20,33
1244,,METHYLHYDRAZINE,,TFC,6.1,6.1+3+8,I,0,354,E0,P602,MP8 MP17,,T22,L15CH,TP2,TU14 TU15 TE19 TE21,FL,1 (C/D),,,CV1 CV13 CV28,S2 S9 S14,663
1245,,METHYL ISOBUTYL KETONE,,F1,3,3,II,1 L,,E2,P001 IBC02 R001,MP19,,T4,LGBF,TP1,,FL,2 (D/E),,,,S2 S20,33
1246,,"METHYL ISOPROPENYL KETONE, STABILIZED",,F1,3,3,II,1 L,386 676,E2,P001 IBC02 R001,MP19,,T4,LGBF,TP1,,FL,2 (D/E),V8,,,S2 S4 S20,339
1247,,"METHYL METHACRYLATE MONOMER, STABILIZED",,F1,3,3,II,1 L,386 676,E2,P001 IBC02 R001,MP19,,T4,LGBF,TP1,,FL,2 (D/E),V8,,,S2 S4 S20,339
1248,,METHYL PROPIONATE,,F1,3,3,II,1 L,,E2,P001 IBC02 R001,MP19,,T4,LGBF,TP1,,FL,2 (D/E),,,,S2 S20,33
1249,,METHYL PROPYL KETONE,,F1,3,3,II,1 L,,E2,P001 IBC02 R001,MP19,,T4,LGBF,TP1,,FL,2 (D/E),,,,S2 S20,33
1250,,METHYLTRICHLOROSILANE,,FC,3,3+8,II,0,,E0,P010,MP19,,T10,L4BH,TP2 TP7,,FL,2 (D/E),,,,S2 S20,X338
1251,,"METHYL VINYL KETONE, STABILIZED",,TFC,6.1,6.1+3+8,I,0,354 386 676,E0,P601,MP8 MP17,RR7,T22,L15CH,TP2,TU14 TU15 TE19 TE21,FL,1 (C/D),V8,,CV1 CV13 CV28,S2 S4 S9 S14,639
1259,,NICKEL CARBONYL,,TF1,6.1,6.1+3,I,0,,E0,P601,MP2,,,L15CH,,TU14 TU15 TU31 TE19 TE21 TM3,FL,1 (C/D),,,CV1 CV13 CV28,S2 S9 S14,663
1261,,NITROMETHANE,,F1,3,3,II,1 L,,E0,P001 R001,MP19,RR2,,,,,,2 (E),,,,S2 S20,
1262,,OCTANES,,F1,3,3,II,1 L,,E2,P001 IBC02 R001,MP19,,T4,LGBF,TP1,,FL,2 (D/E),,,,S2 S20,33
1263,a,PAINT,"(including paint, lacquer, enamel, stain, shellac, varnish, polish, liquid filler and liquid lacquer base)",F1,3,3,I,500 mL,163 367 650,E3,P001,MP7 MP17,,T11,L4BN,TP1 TP8 TP27,,FL,1 (D/E),,,,S2 S20,33
1263,b,PAINT RELATED MATERIAL,(including paint thinning or reducing compound),F1,3,3,I,500 mL,163 367 650,E3,P001,MP7 MP17,,T11,L4BN,TP1 TP8 TP27,,FL,1 (D/E),,,,S2 S20,33
1263,c,PAINT,"(including paint, lacquer, enamel, stain, shellac, varnish, polish, liquid filler and liquid lacquer base)",F1,3,3,II,5 L,163 367 640C/D 650,E2,P001 IBC02* R001*,MP19,PP1,T4,L1.5BN/LGBF,TP1 TP8 TP28,,FL,2 (D/E),,,,S2 S20,33
1263,d,PAINT RELATED MATERIAL,(including paint thinning or reducing compound),F1,3,3,II,5 L,163 367 640C/D 650,E2,P001 IBC02* R001*,MP19,PP1,T4,L1.5BN/LGBF,TP1 TP8 TP28,,FL,2 (D/E),,,,S2 S20,33
1263,e,PAINT,"(including paint, lacquer, enamel, stain, shellac, varnish, polish, liquid filler and liquid lacquer base)",F1,3,3,III,5 L,163 367 650,E1,P001 IBC03 LP01 R001,MP19,PP1,T2,LGBF,TP1 TP29,,FL,3 (D/E),V12,,,S2,30
1263,f,PAINT RELATED MATERIAL,(including paint thinning or reducing compound),F1,3,3,III,5 L,163 367 650,E1,P001 IBC03 LP01 R001,MP19,PP1,T2,LGBF,TP1 TP29,,FL,3 (D/E),V12,,,S2,30
1264,,PARALDEHYDE,,F1,3,3,III,5 L,,E1,P001 IBC03 LP01 R001,MP19,,T2,LGBF,TP1,,FL,3 (D/E),V12,,,S2,30
1265,a,PENTANES,liquid,F1,3,3,I,0,,E3,P001,MP7 MP17,,T11,L4BN,TP2,,FL,1 (D/E),,,,S2 S20,33
1265,b,PENTANES,liquid,F1,3,3,II,1 L,,E2,P001 IBC02,MP19,B8,T4,L1.5BN,TP1,,FL,2 (D/E),,,,S2 S20,33
1266,a,PERFUMERY PRODUCTS,with flammable solvents,F1,3,3,II,5 L,163 640C/D,E2,P001 IBC02* R001*,MP19,,T4,L1.5BN/LGBF,TP1 TP8,,FL,2 (D/E),,,,S2 S20,33
1266,b,PERFUMERY PRODUCTS,with flammable solvents,F1,3,3,III,5 L,163,E1,P001 IBC02* LP01* R001,MP19,BB4*,T2*,LGBF*,TP1*,,FL*,3 (D/E)*,V12,,,S2,30*
1267,a,PETROLEUM CRUDE OIL,,F1,3,3,I,500 mL,357,E3,P001,MP7 MP17,,T11,L4BN,TP1 TP8,,FL,1 (D/E),,,,S2 S20,33
1267,b,PETROLEUM CRUDE OIL,,F1,3,3,II,1 L,357 640C/D,E2,P001 IBC02* R001*,MP19,,T4,L1.5BN/LGBF,TP1 TP8,,FL,2 (D/E),,,,S2 S20,33
1267,c,PETROLEUM CRUDE OIL,,F1,3,3,III,5 L,357,E1,P001 IBC03 LP01 R001,MP19,,T2,LGBF,TP1,,FL,3 (D/E),V12,,,S2,30
1268,a,"PETROLEUM DISTILLATES, N.O.S.",,F1,3,3,I,500 mL,664,E3,P001,MP7 MP17,,T11,L4BN,TP1 TP8,,FL,1 (D/E),,,,S2 S20,33
1268,b,"PETROLEUM PRODUCTS, N.O.S.",,F1,3,3,I,500 mL,664,E3,P001,MP7 MP17,,T11,L4BN,TP1 TP8,,FL,1 (D/E),,,,S2 S20,33
1268,c,"PETROLEUM DISTILLATES, N.O.S.",,F1,3,3,II,1 L,640C/D 664,E2,P001 IBC02* R001*,MP19,,T7,L1.5BN/LGBF,TP1 TP8 TP28,,FL,2 (D/E),,,,S2 S20,33
1268,d,"PETROLEUM PRODUCTS, N.O.S.",,F1,3,3,II,1 L,640C/D 664,E2,P001 IBC02* R001*,MP19,,T7,L1.5BN/LGBF,TP1 TP8 TP28,,FL,2 (D/E),,,,S2 S20,33
1268,e,"PETROLEUM DISTILLATES, N.O.S.",,F1,3,3,III,5 L,664,E1,P001 IBC03 LP01 R001,MP19,,T4,LGBF,TP1 TP29,,FL,3 (D/E),V12,,,S2,30
1268,f,"PETROLEUM PRODUCTS, N.O.S.",,F1,3,3,III,5 L,664,E1,P001 IBC03 LP01 R001,MP19,,T4,LGBF,TP1 TP29,,FL,3 (D/E),V12,,,S2,30
1272,,PINE OIL,,F1,3,3,III,5 L,,E1,P001 IBC03 LP01 R001,MP19,,T2,LGBF,TP1,,FL,3 (D/E),V12,,,S2,30
1274,a,n-PROPANOL,,F1,3,3,II,1 L,,E2,P001 IBC02 R001,MP19,,T4,LGBF,TP1,,FL,2 (D/E),,,,S2 S20,33
1274,b,"PROPYL ALCOHOL, NORMAL",,F1,3,3,II,1 L,,E2,P001 IBC02 R001,MP19,,T4,LGBF,TP1,,FL,2 (D/E),,,,S2 S20,33
1274,c,n-PROPANOL,,F1,3,3,III,5 L,,E1,P001 IBC03 LP01 R001,MP19,,T2,LGBF,TP1,,FL,3 (D/E),V12,,,S2,30
1274,d,"PROPYL ALCOHOL, NORMAL",,F1,3,3,III,5 L,,E1,P001 IBC03 LP01 R001,MP19,,T2,LGBF,TP1,,FL,3 (D/E),V12,,,S2,30
1275,,PROPIONALDEHYDE,,F1,3,3,II,1 L,,E2,P001 IBC02 R001,MP19,,T7,LGBF,TP1,,FL,2 (D/E),,,,S2 S20,33
1276,,n-PROPYL ACETATE,,F1,3,3,II,1 L,,E2,P001 IBC02 R001,MP19,,T4,LGBF,TP1,,FL,2 (D/E),,,,S2 S20,33
1277,,PROPYLAMINE,,FC,3,3+8,II,1 L,,E2,P001 IBC02,MP19,,T7,L4BH,TP1,,FL,2 (D/E),,,,S2 S20,338
1278,,1-CHLOROPROPANE,,F1,3,3,II,1 L,,E0,P001 IBC02,MP19,B8,T7,L1.5BN,TP2,,FL,2 (D/E),,,,S2 S20,33
1279,,"1,2-DICHLOROPROPANE",,F1,3,3,II,1 L,,E2,P001 IBC02 R001,MP19,,T4,LGBF,TP1,,FL,2 (D/E),,,,S2 S20,33
1280,,PROPYLENE OXIDE,,F1,3,3,I,0,,E3,P001,MP7 MP17,,T11,L4BN,TP2 TP7,,FL,1 (D/E),,,,S2 S20,33
1281,,PROPYL FORMATES,,F1,3,3,II,1 L,,E2,P001 IBC02 R001,MP19,,T4,LGBF,TP1,,FL,2 (D/E),,,,S2 S20,33
1282,,PYRIDINE,,F1,3,3,II,1 L,,E2,P001 IBC02 R001,MP19,,T4,LGBF,TP2,,FL,2 (D/E),,,,S2 S20,33
1286,a,ROSIN OIL,,F1,3,3,II,5 L,640C/D,E2,P001* IBC02 R001*,MP19,,T4,L1.5BN/LGBF,TP1,,FL,2 (D/E),,,,S2 S20,33
1286,b,ROSIN OIL,,F1,3,3,III,5 L,,E1,IBC03 LP01 R001,MP19,,T2,LGBF,TP1,,FL,3 (D/E),V12,,,S2,30
1287,a,RUBBER SOLUTION,,F1,3,3,II,5 L,640C/D,E2,P001 IBC02* R001*,MP19,,T4,L1.5BN/LGBF,TP1 TP8,,FL,2 (D/E),,,,S2 S20,33
1287,b,RUBBER SOLUTION,,F1,3,3,III,5 L,,E1,P001 IBC03 LP01 R001,MP19,,T2,LGBF,TP1,,FL,3 (D/E),V12,,,S2,30
1288,a,SHALE OIL,,F1,3,3,II,1 L,,E2,P001 IBC02 R001,MP19,,T4,LGBF,TP1 TP8,,FL,2 (D/E),,,,S2 S20,33
1288,b,SHALE OIL,,F1,3,3,III,5 L,,E1,P001 IBC03 LP01 R001,MP19,,T2,LGBF,TP1,,FL,3 (D/E),V12,,,S2,30
1289,a,SODIUM METHYLATE SOLUTION,in alcohol,FC,3,3+8,II,1 L,,E2,P001 IBC02,MP19,,T7,L4BH,TP1 TP8,,FL,2 (D/E),,,,S2 S20,338
1289,b,SODIUM METHYLATE SOLUTION,in alcohol,FC,3,3+8,III,5 L,,E1,P001 IBC02 R001,MP19,,T4,L4BN,TP1,,FL,3 (D/E),,,,S2,38
1292,,TETRAETHYL SILICATE,,F1,3,3,III,5 L,,E1,P001 IBC03 LP01 R001,MP19,,T2,LGBF,TP1,,FL,3 (D/E),V12,,,S2,30
1293,a,"TINCTURES, MEDICINAL",,F1,3,3,II,1 L,601,E2,P001 IBC02 R001,MP19,,T4,LGBF,TP1 TP8,,FL,2 (D/E),,,,S2 S20,33
1293,b,"TINCTURES, MEDICINAL",,F1,3,3,III,5 L,601,E1,P001 IBC03 LP01 R001,MP19,,T2,LGBF,TP1,,FL,3 (D/E),V12,,,S2,30
1294,,TOLUENE,,F1,3,3,II,1 L,,E2,P001 IBC02 R001,MP19,,T4,LGBF,TP1,,FL,2 (D/E),,,,S2 S20,33
1295,,TRICHLOROSILANE,,WFC,4.3,4.3+3+8,I,0,,E0,P401,MP2,RR7,T14,L10DH,TP2 TP7,TU14 TU25 TE21 TM2 TM3,FL,0 (B/E),V1,,CV23,S2 S20,X338
1296,,TRIETHYLAMINE,,FC,3,3+8,II,1 L,,E2,P001 IBC02,MP19,,T7,L4BH,TP1,,FL,2 (D/E),,,,S2 S20,338
1297,a,"TRIMETHYLAMINE, AQUEOUS SOLUTION","not more than 50% trimethylamine, by mass",FC,3,3+8,I,0,,E0,P001,MP7 MP17,,T11,L10CH,TP1,TU14 TE21,FL,1 (C/E),,,,S2 S20,338
1297,b,"TRIMETHYLAMINE, AQUEOUS SOLUTION","not more than 50% trimethylamine, by mass",FC,3,3+8,II,1 L,,E2,P001 IBC02,MP19,,T7,L4BH,TP1,,FL,2 (D/E),,,,S2 S20,338
1297,c,"TRIMETHYLAMINE, AQUEOUS SOLUTION","not more than 50% trimethylamine, by mass",FC,3,3+8,III,5 L,,E1,P001 IBC03 R001,MP19,,T7,L4BN,TP1,,FL,3 (D/E),V12,,,S2,38
1298,,TRIMETHYLCHLOROSILANE,,FC,3,3+8,II,0,,E0,P010,MP19,,T10,L4BH,TP2 TP7,,FL,2 (D/E),,,,S2 S20,X338
1299,,TURPENTINE,,F1,3,3,III,5 L,,E1,P001 IBC03 LP01 R001,MP19,,T2,LGBF,TP1,,FL,3 (D/E),V12,,,S2,30
1300,a,TURPENTINE SUBSTITUTE,,F1,3,3,II,1 L,,E2,P001 IBC02 R001,MP19,,T4,LGBF,TP1,,FL,2 (D/E),,,,S2 S20,33
1300,b,TURPENTINE SUBSTITUTE,,F1,3,3,III,5 L,,E1,P001 IBC03 LP01 R001,MP19,,T2,LGBF,TP1,,FL,3 (D/E),V12,,,S2,30
1301,,"VINYL ACETATE, STABILIZED",,F1,3,3,II,1 L,386 676,E2,P001 IBC02 R001,MP19,,T4,LGBF,TP1,,FL,2 (D/E),V8,,,S2 S4 S20,339
1302,,"VINYL ETHYL ETHER, STABILIZED",,F1,3,3,I,0,386 676,E3,P001,MP7 MP17,,T11,L4BN,TP2,,FL,1 (D/E),V8,,,S2 S4 S20,339
1303,,"VINYLIDENE CHLORIDE, STABILIZED",,F1,3,3,I,0,386 676,E3,P001,MP7 MP17,,T12,L4BN,TP2 TP7,,FL,1 (D/E),V8,,,S2 S4 S20,339
1304,,"VINYL ISOBUTYL ETHER, STABILIZED",,F1,3,3,II,1 L,386 676,E2,P001 IBC02 R001,MP19,,T4,LGBF,TP1,,FL,2 (D/E),V8,,,S2 S4 S20,339
1305,,VINYLTRICHLOROSILANE,,FC,3,3+8,II,0,,E0,P010,MP19,,T10,L4BH,TP2 TP7,,FL,2 (D/E),,,,S2 S20,X338
1306,a,"WOOD PRESERVATIVES, LIQUID",,F1,3,3,II,5 L,640C/D,E2,P001 IBC02* R001*,MP19,,T4,L1.5BN/LGBF,TP1 TP8,,FL,2 (D/E),,,,S2 S20,33
1306,b,"WOOD PRESERVATIVES, LIQUID",,F1,3,3,III,5 L,,E1,P001 IBC03 LP01 R001,MP19,,T2,LGBF,TP1,,FL,3 (D/E),V12,,,S2,30
1307,a,XYLENES,,F1,3,3,II,1 L,,E2,P001 IBC02 R001,MP19,,T4,LGBF,TP1,,FL,2 (D/E),,,,S2 S20,33
1307,b,XYLENES,,F1,3,3,III,5 L,,E1,P001 IBC03 LP01 R001,MP19,,T2,LGBF,TP1,,FL,3 (D/E),V12,,,S2,30
1308,a,ZIRCONIUM SUSPENDED IN A FLAMMABLE LIQUID,,F1,3,3,I,0,,E0,P001,MP7 MP17,PP33,,L4BN,,,FL,1 (D/E),,,,S2 S20,33
1308,b,ZIRCONIUM SUSPENDED IN A FLAMMABLE LIQUID,,F1,3,3,II,1 L,640C/D,E2,P001 R001,MP19,PP33,,L1.5BN/LGBF,,,FL,2 (D/E),,,,S2 S20,33
1308,c,ZIRCONIUM SUSPENDED IN A FLAMMABLE LIQUID,,F1,3,3,III,5 L,,E1,P001 R001,MP19,,,LGBF,,,FL,3 (D/E),,,,S2,30
1309,a,"ALUMINIUM POWDER, COATED",,F3,4.1,4.1,II,1 kg,,E2,P002 IBC08,MP11,PP38 B4,T3,SGAN,TP33,,AT,2 (E),V11,,,,40
1309,b,"ALUMINIUM POWDER, COATED",,F3,4.1,4.1,III,5 kg,,E1,P002 IBC08 LP02 R001,MP11,PP11 B3,T1,SGAV,TP33,,AT,3 (E),,VC1 VC2,,,40
1310,,"AMMONIUM PICRATE, WETTED","with not less than 10% water, by mass",D,4.1,4.1,I,0,,E0,P406,MP2,PP26,,,,,,1 (B),,,,S14,
1312,,BORNEOL,,F1,4.1,4.1,III,5 kg,,E1,P002 IBC08 LP02 R001,MP10,B3,T1,SGAV,TP33,,AT,3 (E),,VC1 VC2,,,40
1313,,CALCIUM RESINATE,,F3,4.1,4.1,III,5 kg,,E1,P002 IBC06 R001,MP11,,T1,SGAV,TP33,,AT,3 (E),,VC1 VC2,,,40
1314,,"CALCIUM RESINATE, FUSED",,F3,4.1,4.1,III,5 kg,,E1,P002 IBC04 R001,MP11,,T1,SGAV,TP33,,AT,3 (E),,VC1 VC2,,,40
1318,,"COBALT RESINATE, PRECIPITATED",,F3,4.1,4.1,III,5 kg,,E1,P002 IBC06 R001,MP11,,T1,SGAV,TP33,,AT,3 (E),,VC1 VC2,,,40
1320,,"DINITROPHENOL, WETTED","with not less than 15% water, by mass",DT,4.1,4.1+6.1,I,0,,E0,P406,MP2,PP26,,,,,,1 (B),,,CV28,S14,
1321,,"DINITROPHENOLATES, WETTED","with not less than 15% water, by mass",DT,4.1,4.1+6.1,I,0,,E0,P406,MP2,PP26,,,,,,1 (B),,,CV28,S14,
1322,,"DINITRORESORCINOL, WETTED","with not less than 15% water, by mass",D,4.1,4.1,I,0,,E0,P406,MP2,PP26,,,,,,1 (B),,,,S14,
1323,,FERROCERIUM,,F3,4.1,4.1,II,1 kg,249,E2,P002 IBC08,MP11,B4,T3,SGAN,TP33,,AT,2 (E),V11,,,,40
1324,,"FILMS, NITROCELLULOSE BASE","gelatin coated, except scrap",F1,4.1,4.1,III,5 kg,,E1,P002 R001,MP11,PP15,,,,,,3 (E),,,,,
1325,a,"FLAMMABLE SOLID, ORGANIC, N.O.S.",,F1,4.1,4.1,II,1 kg,274,E2,P002 IBC08,MP10,B4,T3,SGAN,TP33,,AT,2 (E),V11,,,,40
1325,b,"FLAMMABLE SOLID, ORGANIC, N.O.S.",,F1,4.1,4.1,II,1 kg,274,E2,P002 IBC08,MP10,B4,T3,SGAN,TP33,,AT,2 (E),V11,,,,40
1325,c,"FLAMMABLE SOLID, ORGANIC, N.O.S.",,F1,4.1,4.1,III,5 kg,274,E1,P002 IBC08 LP02 R001,MP10,B3,T1,SGAV,TP33,,AT,3 (E),,VC1 VC2,,,40
1325,d,"FLAMMABLE SOLID, ORGANIC, N.O.S.",,F1,4.1,4.1,III,5 kg,274,E1,P002 IBC08 LP02 R001,MP10,B3,T1,SGAV,TP33,,AT,3 (E),,VC1 VC2,,,40
1326,,"HAFNIUM POWDER, WETTED",with not less than 25% water,F3,4.1,4.1,II,1 kg,586,E2,P410 IBC06,MP11,PP40,T3,SGAN,TP33,,AT,2 (E),V11,,,,40
1327,a,"Hay, Straw or Bhusa",,F1,4.1,,,,,,,,,,Not subject to ADR,,,,,,,,,
1327,b,"Hay, Straw or Bhusa",,F1,4.1,,,,,,,,,,Not subject to ADR,,,,,,,,,
1327,c,"Hay, Straw or Bhusa",,F1,4.1,,,,,,,,,,Not subject to ADR,,,,,,,,,
1328,,HEXAMETHYLENETETRAMINE,,F1,4.1,4.1,III,5 kg,,E1,P002 IBC08 R001,MP10,B3,T1,SGAV,TP33,,AT,3 (E),,VC1 VC2,,,40
1330,,MANGANESE RESINATE,,F3,4.1,4.1,III,5 kg,,E1,P002 IBC06 R001,MP11,,T1,SGAV,TP33,,AT,3 (E),,VC1 VC2,,,40
1331,,"MATCHES, ""STRIKE ANYWHERE""",,F1,4.1,4.1,III,5 kg,293,E0,P407,MP12,PP27,,,,,,4 (E),,,,,
1332,,METALDEHYDE,,F1,4.1,4.1,III,5 kg,,E1,P002 IBC08 LP02 R001,MP10,B3,T1,SGAV,TP33,,AT,3 (E),,VC1 VC2,,,40
1333,,CERIUM,"slabs, ingots or rods",F3,4.1,4.1,II,1 kg,,E2,P002 IBC08,MP11,B4,,,,,,2 (E),V11,,,,
1334,a,"NAPHTHALENE, CRUDE",,F1,4.1,4.1,III,5 kg,501,E1,P002 IBC08 LP02 R001,MP10,B3,T1 BK1 BK2 BK3,SGAV,TP33,,AT,3 (E),,VC1 VC2 AP1,,,40
1334,b,"NAPHTHALENE, REFINED",,F1,4.1,4.1,III,5 kg,501,E1,P002 IBC08 LP02 R001,MP10,B3,T1 BK1 BK2 BK3,SGAV,TP33,,AT,3 (E),,VC1 VC2 AP1,,,40
1336,a,"NITROGUANIDINE, WETTED","with not less than 20% water, by mass",D,4.1,4.1,I,0,,E0,P406,MP2,,,,,,,1 (B),,,,S14,
1336,b,"PICRITE, WETTED","with not less than 20% water, by mass",D,4.1,4.1,I,0,,E0,P406,MP2,,,,,,,1 (B),,,,S14,
1337,,"NITROSTARCH, WETTED","with not less than 20% water, by mass",D,4.1,4.1,I,0,,E0,P406,MP2,,,,,,,1 (B),,,,S14,
1338,,"PHOSPHORUS, AMORPHOUS",,F3,4.1,4.1,III,5 kg,,E1,P410 IBC08 R001,MP11,B3,T1,SGAV,TP33,,AT,3 (E),,VC1 VC2,,,40
1339,,PHOSPHORUS HEPTASULPHIDE,free from yellow and white phosphorus,F3,4.1,4.1,II,1 kg,602,E2,P410 IBC04,MP11,,T3,SGAN,TP33,,AT,2 (E),,,,,40
1340,,PHOSPHORUS PENTASULPHIDE,free from yellow and white phosphorus,WF2,4.3,4.3+4.1,II,500 g,602,E2,P410 IBC04,MP14,,T3,SGAN,TP33,,AT,0 (D/E),V1,,CV23,,423
1341,,PHOSPHORUS SESQUISULPHIDE,free from yellow and white phosphorus,F3,4.1,4.1,II,1 kg,602,E2,P410 IBC04,MP11,,T3,SGAN,TP33,,AT,2 (E),,,,,40
1343,,PHOSPHORUS TRISULPHIDE,free from yellow and white phosphorus,F3,4.1,4.1,II,1 kg,602,E2,P410 IBC04,MP11,,T3,SGAN,TP33,,AT,2 (E),,,,,40
1344,a,"TRINITROPHENOL, WETTED","with not less than 30% water, by mass",D,4.1,4.1,I,0,,E0,P406,MP2,PP26,,,,,,1 (B),,,,S14,
1344,b,"PICRIC ACID, WETTED","with not less than 30% water, by mass",D,4.1,4.1,I,0,,E0,P406,MP2,PP26,,,,,,1 (B),,,,S14,
1345,a,RUBBER SCRAP,"powdered or granulated, not exceeding 840 microns and rubber content exceeding 45%",F1,4.1,4.1,II,1 kg,,E2,P002 IBC08,MP11,B4,T3,SGAN,TP33,,AT,4 (E),V11,,,,40
1345,b,RUBBER SHODDY,"powdered or granulated, not exceeding 840 microns and rubber content exceeding 45%",F1,4.1,4.1,II,1 kg,,E2,P002 IBC08,MP11,B4,T3,SGAN,TP33,,AT,4 (E),V11,,,,40
1346,,"SILICON POWDER, AMORPHOUS",,F3,4.1,4.1,III,5 kg,32,E1,P002 IBC08 LP02 R001,MP11,B3,T1,SGAV,TP33,,AT,3 (E),,VC1 VC2,,,40
1347,,"SILVER PICRATE, WETTED","with not less than 30% water, by mass",D,4.1,4.1,I,0,,E0,P406,MP2,PP25 PP26,,,,,,1 (B),,,,S14,
1348,,"SODIUM DINITRO-o-CRESOLATE, WETTED","with not less than 15% water, by mass",DT,4.1,4.1+6.1,I,0,,E0,P406,MP2,PP26,,,,,,1 (B),,,CV28,S14,
1349,,"SODIUM PICRAMATE, WETTED","with not less than 20% water, by mass",D,4.1,4.1,I,0,,E0,P406,MP2,PP26,,,,,,1 (B),,,,S14,
1350,,SULPHUR,,F3,4.1,4.1,III,5 kg,242,E1,P002 IBC08 LP02 R001,MP11,B3,T1 BK1 BK2 BK3,SGAV,TP33,,AT,3 (E),,VC1 VC2,,,40
1352,,"TITANIUM POWDER, WETTED",with not less than 25% water,F3,4.1,4.1,II,1 kg,586,E2,P410 IBC06,MP11,PP40,T3,SGAN,TP33,,AT,2 (E),V11,,,,40
1353,a,"FIBRES IMPREGNATED WITH WEAKLY NITRATED NITROCELLULOSE, N.O.S.",,F1,4.1,4.1,III,5 kg,502,E1,P410 IBC08 R001,MP11,B3,,,,,,3 (E),,,,,
1353,b,"FABRICS IMPREGNATED WITH WEAKLY NITRATED NITROCELLULOSE, N.O.S.",,F1,4.1,4.1,III,5 kg,502,E1,P410 IBC08 R001,MP11,B3,,,,,,3 (E),,,,,
1354,,"TRINITROBENZENE, WETTED","with not less than 30% water, by mass",D,4.1,4.1,I,0,,E0,P406,MP2,,,,,,,1 (B),,,,S14,
1355,,"TRINITROBENZOIC ACID, WETTED","with not less than 30% water, by mass",D,4.1,4.1,I,0,,E0,P406,MP2,,,,,,,1 (B),,,,S14,
1356,a,"TRINITROTOLUENE, WETTED","with not less than 30% water, by mass",D,4.1,4.1,I,0,,E0,P406,MP2,,,,,,,1 (B),,,,S14,
1356,b,"TNT, WETTED","with not less than 30% water, by mass",D,4.1,4.1,I,0,,E0,P406,MP2,,,,,,,1 (B),,,,S14,
1357,,"UREA NITRATE, WETTED","with not less than 20% water, by mass",D,4.1,4.1,I,0,227,E0,P406,MP2,,,,,,,1 (B),,,,S14,
1358,,"ZIRCONIUM POWDER, WETTED",with not less than 25% water,F3,4.1,4.1,II,1 kg,586,E2,P410 IBC06,MP11,PP40,T3,SGAN,TP33,,AT,2 (E),V11,,,,40
1360,,CALCIUM PHOSPHIDE,,WT2,4.3,4.3+6.1,I,0,,E0,P403,MP2,,,,,,,1 (E),V1,,CV23 CV28,S20,
1361,a,CARBON,animal or vegetable origin,S2,4.2,4.2,II,0,,E0,P002 IBC06,MP14,PP12,T3,SGAN,TP33,TU11,AT,2 (D/E),V1 V13,,,,40
1361,b,CARBON,animal or vegetable origin,S2,4.2,4.2,III,0,665,E0,P002 IBC08 LP02 R001,MP14,PP12 B3,T1,SGAV,TP33,,AT,4 (E),V1 V13,VC1 VC2 AP1,,,40
1362,,"CARBON, ACTIVATED",,S2,4.2,4.2,III,0,646,E1,P002 IBC08 LP02 R001,MP14,PP11 B3,T1,SGAV,TP33,,AT,4 (E),V1,VC1 VC2 AP1,,,40
1363,,COPRA,,S2,4.2,4.2,III,0,,E0,P003 IBC08 LP02 R001,MP14,PP20 B3 B6,BK2,,,,,3 (E),V1,VC1 VC2 AP1,,,40
1364,,"COTTON WASTE, OILY",,S2,4.2,4.2,III,0,,E0,P003 IBC08 LP02 R001,MP14,PP19 B3 B6,,,,,,3 (E),V1,VC1 VC2 AP1,,,40
1365,,"COTTON, WET",,S2,4.2,4.2,III,0,,E0,P003 IBC08 LP02 R001,MP14,PP19 B3 B6,,,,,,3 (E),V1,VC1 VC2 AP1,,,40
1369,,p-NITROSODIMETHYLANILINE,,S2,4.2,4.2,II,0,,E2,P410 IBC06,MP14,,T3,SGAN,TP33,,AT,2 (D/E),V1,,,,40
1372,a,"Fibres, animal","burnt, wet or damp",S2,4.2,,,,,,,,,,Not subject to ADR,,,,,,,,,
1372,b,"Fibres, vegetable","burnt, wet or damp",S2,4.2,,,,,,,,,,Not subject to ADR,,,,,,,,,
1373,a,"FIBRES, ANIMAL, N.O.S.",with oil,S2,4.2,4.2,III,0,,E0,P410 IBC08 R001,MP14,B3,T1,,TP33,,AT,3 (E),V1,VC1 VC2 AP1,,,40
1373,b,"FIBRES, VEGETABLE, N.O.S.",with oil,S2,4.2,4.2,III,0,,E0,P410 IBC08 R001,MP14,B3,T1,,TP33,,AT,3 (E),V1,VC1 VC2 AP1,,,40
1373,c,"FIBRES, SYNTHETIC, N.O.S.",with oil,S2,4.2,4.2,III,0,,E0,P410 IBC08 R001,MP14,B3,T1,,TP33,,AT,3 (E),V1,VC1 VC2 AP1,,,40
1373,d,"FABRICS, ANIMAL, N.O.S.",with oil,S2,4.2,4.2,III,0,,E0,P410 IBC08 R001,MP14,B3,T1,,TP33,,AT,3 (E),V1,VC1 VC2 AP1,,,40
1373,e,"FABRICS, VEGETABLE, N.O.S.",with oil,S2,4.2,4.2,III,0,,E0,P410 IBC08 R001,MP14,B3,T1,,TP33,,AT,3 (E),V1,VC1 VC2 AP1,,,40
1373,f,"FABRICS, SYNTHETIC, N.O.S.",with oil,S2,4.2,4.2,III,0,,E0,P410 IBC08 R001,MP14,B3,T1,,TP33,,AT,3 (E),V1,VC1 VC2 AP1,,,40
1374,a,"FISH MEAL, UNSTABILIZED",,S2,4.2,4.2,II,0,300,E2,P410 IBC08,MP14,B4,T3,,TP33,,AT,2 (D/E),V1,,,,40
1374,b,"FISH SCRAP, UNSTABILIZED",,S2,4.2,4.2,II,0,300,E2,P410 IBC08,MP14,B4,T3,,TP33,,AT,2 (D/E),V1,,,,40
1374,c,"FISH MEAL, UNSTABILIZED",,,4.2,,,,,,,,,,(only listed as pg II),,,,,,,,,
1374,d,"FISH SCRAP, UNSTABILIZED",,,4.2,,,,,,,,,,(only listed as pg II),,,,,,,,,
1376,a,"IRON OXIDE, SPENT",obtained from coal gas purification,S4,4.2,4.2,III,0,592,E0,P002 IBC08 LP02 R001,MP14,B3,T1 BK2,SGAV,TP33,,AT,3 (E),V1,VC1 VC2 AP1,,,40
1376,b,"IRON SPONGE, SPENT",obtained from coal gas purification,S4,4.2,4.2,III,0,592,E0,P002 IBC08 LP02 R001,MP14,B3,T1 BK2,SGAV,TP33,,AT,3 (E),V1,VC1 VC2 AP1,,,40
1378,,"METAL CATALYST, WETTED",with a visible excess of liquid,S4,4.2,4.2,II,0,274,E0,P410 IBC01,MP14,PP39,T3,SGAN,TP33,,AT,2 (D/E),V1,,,,40
1379,,"PAPER, UNSATURATED OIL TREATED",incompletely dried (including carbon paper),S2,4.2,4.2,III,0,,E0,P410 IBC08 R001,MP14,B3,,,,,,3 (E),V1,VC1 VC2 AP1,,,40
1380,,PENTABORANE,,ST3,4.2,4.2+6.1,I,0,,E0,P601,MP2,,,L21DH,,TU14 TC1 TE21 TM1,AT,0 (B/E),V1,,CV28,S20,333
1381,a,"PHOSPHORUS, WHITE, DRY",,ST4,4.2,4.2+6.1,I,0,503,E0,P405,MP2,,T9,L10DH(+),TP3 TP31,TU14 TU16 TU21 TE3 TE21,AT,0 (B/E),V1,,CV28,S20,46
1381,b,"PHOSPHORUS, WHITE, UNDER WATER",,ST3,4.2,4.2+6.1,I,0,503,E0,P405,MP2,,T9,L10DH(+),TP3 TP31,TU14 TU16 TU21 TE3 TE21,AT,0 (B/E),V1,,CV28,S20,46
1381,c,"PHOSPHORUS, WHITE, IN SOLUTION",,ST3,4.2,4.2+6.1,I,0,503,E0,P405,MP2,,T9,L10DH(+),TP3 TP31,TU14 TU16 TU21 TE3 TE21,AT,0 (B/E),V1,,CV28,S20,46
1381,d,"PHOSPHORUS, YELLOW, DRY",,ST4,4.2,4.2+6.1,I,0,503,E0,P405,MP2,,T9,L10DH(+),TP3 TP31,TU14 TU16 TU21 TE3 TE21,AT,0 (B/E),V1,,CV28,S20,46
1381,e,"PHOSPHORUS, YELLOW, UNDER WATER",,ST3,4.2,4.2+6.1,I,0,503,E0,P405,MP2,,T9,L10DH(+),TP3 TP31,TU14 TU16 TU21 TE3 TE21,AT,0 (B/E),V1,,CV28,S20,46
1381,f,"PHOSPHORUS, YELLOW, IN SOLUTION",,ST3,4.2,4.2+6.1,I,0,503,E0,P405,MP2,,T9,L10DH(+),TP3 TP31,TU14 TU16 TU21 TE3 TE21,AT,0 (B/E),V1,,CV28,S20,46
1382,a,"POTASSIUM SULPHIDE, ANHYDROUS",,S4,4.2,4.2,II,0,504,E2,P410 IBC06,MP14,,T3,SGAN,TP33,,AT,2 (D/E),V1,,,,40
1382,b,POTASSIUM SULPHIDE,with less than 30% water of crystallization,S4,4.2,4.2,II,0,504,E2,P410 IBC06,MP14,,T3,SGAN,TP33,,AT,2 (D/E),V1,,,,40
1383,a,"PYROPHORIC METAL, N.O.S.",,S4,4.2,4.2,I,0,274,E0,P404,MP13,,T21,,TP7 TP33,,AT,0 (B/E),V1,,,S20,43
1383,b,"PYROPHORIC ALLOY, N.O.S.",,S4,4.2,4.2,I,0,274,E0,P404,MP13,,T21,,TP7 TP33,,AT,0 (B/E),V1,,,S20,43
1384,a,SODIUM DITHIONITE,,S4,4.2,4.2,II,0,,E2,P410 IBC06,MP14,,T3,SGAN,TP33,,AT,2 (D/E),V1,,,,40
1384,b,SODIUM HYDROSULPHITE,,S4,4.2,4.2,II,0,,E2,P410 IBC06,MP14,,T3,SGAN,TP33,,AT,2 (D/E),V1,,,,40
1385,a,"SODIUM SULPHIDE, ANHYDROUS",,S4,4.2,4.2,II,0,504,E2,P410 IBC06,MP14,,T3,SGAN,TP33,,AT,2 (D/E),V1,,,,40
1385,b,SODIUM SULPHIDE,with less than 30% water of crystallization,S4,4.2,4.2,II,0,504,E2,P410 IBC06,MP14,,T3,SGAN,TP33,,AT,2 (D/E),V1,,,,40
1386,a,SEED CAKE,with more than 1.5% oil and not more than 11% moisture,S2,4.2,4.2,III,0,,E0,P003 IBC08 LP02 R001,MP14,PP20 B3 B6,BK2,,,,,3 (E),V1,VC1 VC2 AP1,,,40
1386,b,SEED CAKE,with more than 1.5% oil and not more than 11% moisture,S2,4.2,4.2,III,0,,E0,P003 IBC08 LP02 R001,MP14,PP20 B3 B6,BK2,,,,,3 (E),V1,VC1 VC2 AP1,,,40
1387,,"Wool waste, wet",,S2,4.2,,,,,,,,,,Not subject to ADR,,,,,,,,,
1389,,"ALKALI METAL AMALGAM, LIQUID",,W1,4.3,4.3,I,0,182,E0,P402,MP2,RR8,,L10BN(+),,TU1 TE5 TT3 TM2,AT,1 (B/E),V1,,CV23,S20,X323
1390,,ALKALI METAL AMIDES,,W2,4.3,4.3,II,500 g,182 505,E2,P410 IBC07,MP14,,T3,SGAN,TP33,,AT,0 (D/E),V1,,CV23,,423
1391,a,ALKALI METAL DISPERSION,,W1,4.3,4.3,I,0,182 183 506,E0,P402,MP2,RR8,,L10BN(+),,TU1 TE5 TT3 TM2,AT,1 (B/E),V1,,CV23,S20,X323
1391,b,ALKALINE EARTH METAL DISPERSION,,W1,4.3,4.3,I,0,182 183 506,E0,P402,MP2,RR8,,L10BN(+),,TU1 TE5 TT3 TM2,AT,1 (B/E),V1,,CV23,S20,X323
1392,,"ALKALINE EARTH METAL AMALGAM, LIQUID",,W1,4.3,4.3,I,0,183 506,E0,P402,MP2,,,L10BN(+),,TU1 TE5 TT3 TM2,AT,1 (B/E),V1,,CV23,S20,X323
1393,,"ALKALINE EARTH METAL ALLOY, N.O.S.",,W2,4.3,4.3,II,500 g,183 506,E2,P410 IBC07,MP14,,T3,SGAN,TP33,,AT,2 (D/E),V1,,CV23,,423
1394,,ALUMINIUM CARBIDE,,W2,4.3,4.3,II,500 g,,E2,P410 IBC07,MP14,,T3,SGAN,TP33,,AT,2 (D/E),V1,VC1 VC2 AP3 AP4 AP5,CV23,,423
1395,,ALUMINIUM FERROSILICON POWDER,,WT2,4.3,4.3+6.1,II,500 g,,E2,P410 IBC05,MP14,PP40,T3,SGAN,TP33,,AT,2 (D/E),V1,,CV23 CV28,,462
1396,a,"ALUMINIUM POWDER, UNCOATED",,W2,4.3,4.3,II,500 g,,E2,P410 IBC07,MP14,PP40,T3,SGAN,TP33,,AT,2 (D/E),V1,,CV23,,423
1396,b,"ALUMINIUM POWDER, UNCOATED",,W2,4.3,4.3,III,1 kg,,E1,P410 IBC08 R001,MP14,B4,T1,SGAN,TP33,,AT,3 (E),V1,VC2 AP4 AP5,CV23,,423
1397,,ALUMINIUM PHOSPHIDE,,WT2,4.3,4.3+6.1,I,0,507,E0,P403,MP2,,,,,,,1 (E),V1,,CV23 CV28,S20,
1398,,"ALUMINIUM SILICON POWDER, UNCOATED",,W2,4.3,4.3,III,1 kg,37,E1,P410 IBC08 R001,MP14,B4,T1 BK2,SGAN,TP33,,AT,3 (E),V1,VC2 AP4 AP5,CV23,,423
1400,,BARIUM,,W2,4.3,4.3,II,500 g,,E2,P410 IBC07,MP14,,T3,SGAN,TP33,,AT,2 (D/E),V1,,CV23,,423
1401,,CALCIUM,,W2,4.3,4.3,II,500 g,,E2,P410 IBC07,MP14,,T3,SGAN,TP33,,AT,2 (D/E),V1,,CV23,,423
1402,a,CALCIUM CARBIDE,,W2,4.3,4.3,I,0,,E0,P403 IBC04,MP2,,T9,S2.65AN(+),TP7 TP33,TU4 TU22 TM2 TA5,AT,1 (B/E),V1,,CV23,S20,X423
1402,b,CALCIUM CARBIDE,,W2,4.3,4.3,II,500 g,,E2,P410 IBC07,MP14,,T3,SGAN,TP33,,AT,2 (D/E),V1,VC1 VC2 AP3 AP4 AP5,CV23,,423
1403,,CALCIUM CYANAMIDE,with more than 0.1% calcium carbide,W2,4.3,4.3,III,1 kg,38,E1,P410 IBC08 R001,MP14,B4,T1,SGAN,TP33,,AT,0 (E),V1,,CV23,,423
1404,,CALCIUM HYDRIDE,,W2,4.3,4.3,I,0,,E0,P403,MP2,,,,,,,1 (E),V1,,CV23,S20,
1405,a,CALCIUM SILICIDE,,W2,4.3,4.3,II,500 g,,E2,P410 IBC07,MP14,,T3,SGAN,TP33,,AT,2 (D/E),V1,VC1 VC2 AP3 AP4 AP5,CV23,,423
1405,b,CALCIUM SILICIDE,,W2,4.3,4.3,III,1 kg,,E1,P410 IBC08 R001,MP14,B4,T1,SGAN,TP33,,AT,3 (E),V1,VC1 VC2 AP3 AP4 AP5,CV23,,423
1407,,CAESIUM,,W2,4.3,4.3,I,0,,E0,P403 IBC04,MP2,,,L10CH(+),,TU2 TU14 TE5 TE21 TT3 TM2,AT,1 (B/E),V1,,CV23,S20,X423
1408,,FERROSILICON,with 30% or more but less than 90% silicon,WT2,4.3,4.3+6.1,III,1 kg,39,E1,P003 IBC08 R001,MP14,PP20 B4 B6,T1 BK2,SGAN,TP33,,AT,3 (E),V1,VC1 VC2 AP3 AP4 AP5,CV23 CV28,,462
1409,a,"METAL HYDRIDES, WATER-REACTIVE, N.O.S.",,W2,4.3,4.3,I,0,274 508,E0,P403,MP2,,,,,,,1 (E),V1,,CV23,S20,
1409,b,"METAL HYDRIDES, WATER-REACTIVE, N.O.S.",,W2,4.3,4.3,II,500 g,274 508,E2,P410 IBC04,MP14,,T3,SGAN,TP33,,AT,2 (D/E),V1,,CV23,,423
1410,,LITHIUM ALUMINIUM HYDRIDE,,W2,4.3,4.3,I,0,,E0,P403,MP2,,,,,,,1 (E),V1,,CV23,S20,
1411,,"LITHIUM ALUMINIUM HYDRIDE, ETHEREAL",,WF1,4.3,4.3+3,I,0,,E0,P402,MP2,RR8,,,,,,1 (E),V1,,CV23,S2 S20,
1413,,LITHIUM BOROHYDRIDE,,W2,4.3,4.3,I,0,,E0,P403,MP2,,,,,,,1 (E),V1,,CV23,S20,
1414,,LITHIUM HYDRIDE,,W2,4.3,4.3,I,0,,E0,P403,MP2,,,,,,,1 (E),V1,,CV23,S20,
1415,,LITHIUM,,W2,4.3,4.3,I,0,,E0,P403 IBC04,MP2,,T9,L10BN(+),TP7 TP33,TU1 TE5 TT3 TM2,AT,1 (B/E),V1,,CV23,S20,X423
1417,,LITHIUM SILICON,,W2,4.3,4.3,II,500 g,,E2,P410 IBC07,MP14,,T3,SGAN,TP33,,AT,2 (D/E),V1,,CV23,,423
1418,a,MAGNESIUM POWDER,,WS,4.3,4.3+4.2,I,0,,E0,P403,MP2,,,,,,,1 (E),V1,,CV23,S20,
1418,b,MAGNESIUM ALLOYS POWDER,,WS,4.3,4.3+4.2,I,0,,E0,P403,MP2,,,,,,,1 (E),V1,,CV23,S20,
1418,c,MAGNESIUM POWDER,,WS,4.3,4.3+4.2,II,0,,E2,P410 IBC05,MP14,,T3,SGAN,TP33,,AT,2 (D/E),V1,,CV23,,423
1418,d,MAGNESIUM ALLOYS POWDER,,WS,4.3,4.3+4.2,II,0,,E2,P410 IBC05,MP14,,T3,SGAN,TP33,,AT,2 (D/E),V1,,CV23,,423
1418,e,MAGNESIUM POWDER,,WS,4.3,4.3+4.2,III,0,,E1,P410 IBC08 R001,MP14,B4,T1,SGAN,TP33,,AT,3 (E),V1,VC2 AP4 AP5,CV23,,423
1418,f,MAGNESIUM ALLOYS POWDER,,WS,4.3,4.3+4.2,III,0,,E1,P410 IBC08 R001,MP14,B4,T1,SGAN,TP33,,AT,3 (E),V1,VC2 AP4 AP5,CV23,,423
1419,,MAGNESIUM ALUMINIUM PHOSPHIDE,,WT2,4.3,4.3+6.1,I,0,,E0,P403,MP2,,,,,,,1 (E),V1,,CV23 CV28,S20,
1420,,"POTASSIUM METAL ALLOYS, LIQUID",,W1,4.3,4.3,I,0,,E0,P402,MP2,,,L10BN(+),,TU1 TE5 TT3 TM2,AT,1 (B/E),V1,,CV23,S20,X323
1421,,"ALKALI METAL ALLOY, LIQUID, N.O.S.",,W1,4.3,4.3,I,0,182,E0,P402,MP2,RR8,,L10BN(+),,TU1 TE5 TT3 TM2,AT,1 (B/E),V1,,CV23,S20,X323
1422,,"POTASSIUM SODIUM ALLOYS, LIQUID",,W1,4.3,4.3,I,0,,E0,P402,MP2,,T9,L10BN(+),TP3 TP7 TP31,TU1 TE5 TT3 TM2,AT,1 (B/E),V1,,CV23,S20,X323
1423,,RUBIDIUM,,W2,4.3,4.3,I,0,,E0,P403 IBC04,MP2,,,L10CH(+),,TU2 TU14 TE5 TE21 TT3 TM2,AT,1 (B/E),V1,,CV23,S20,X423
1426,,SODIUM BOROHYDRIDE,,W2,4.3,4.3,I,0,,E0,P403,MP2,,,,,,,1 (E),V1,,CV23,S20,
1427,,SODIUM HYDRIDE,,W2,4.3,4.3,I,0,,E0,P403,MP2,,,,,,,1 (E),V1,,CV23,S20,
1428,,SODIUM,,W2,4.3,4.3,I,0,,E0,P403 IBC04,MP2,,T9,L10BN(+),TP7 TP33,TU1 TE5 TT3 TM2,AT,1 (B/E),V1,,CV23,S20,X423
1431,,SODIUM METHYLATE,,SC4,4.2,4.2+8,II,0,,E2,P410 IBC05,MP14,,T3,SGAN,TP33,,AT,2 (D/E),V1,,,,48
1432,,SODIUM PHOSPHIDE,,WT2,4.3,4.3+6.1,I,0,,E0,P403,MP2,,,,,,,1 (E),V1,,CV23 CV28,S20,
1433,,STANNIC PHOSPHIDES,,WT2,4.3,4.3+6.1,I,0,,E0,P403,MP2,,,,,,,1 (E),V1,,CV23 CV28,S20,
1435,,ZINC ASHES,,W2,4.3,4.3,III,1 kg,,E1,P002 IBC08 R001,MP14,B4,T1 BK2,SGAN,TP33,,AT,3 (E),V1,VC1 VC2 AP3 AP4 AP5,CV23,,423
1436,a,ZINC POWDER,,WS,4.3,4.3+4.2,I,0,,E0,P403,MP2,,,,,,,1 (E),V1,,CV23,S20,
1436,b,ZINC DUST,,WS,4.3,4.3+4.2,I,0,,E0,P403,MP2,,,,,,,1 (E),V1,,CV23,S20,
1436,c,ZINC POWDER,,WS,4.3,4.3+4.2,II,0,,E2,P410 IBC07,MP14,PP40,T3,SGAN,TP33,,AT,2 (D/E),V1,,CV23,,423
1436,d,ZINC DUST,,WS,4.3,4.3+4.2,II,0,,E2,P410 IBC07,MP14,PP40,T3,SGAN,TP33,,AT,2 (D/E),V1,,CV23,,423
1436,e,ZINC POWDER,,WS,4.3,4.3+4.2,III,0,,E1,P410 IBC08 R001,MP14,B4,T1,SGAN,TP33,,AT,3 (E),V1,VC2 AP4 AP5,CV23,,423
1436,f,ZINC DUST,,WS,4.3,4.3+4.2,III,0,,E1,P410 IBC08 R001,MP14,B4,T1,SGAN,TP33,,AT,3 (E),V1,VC2 AP4 AP5,CV23,,423
1437,,ZIRCONIUM HYDRIDE,,F3,4.1,4.1,II,1 kg,,E2,P410 IBC04,MP11,PP40,T3,SGAN,TP33,,AT,2 (E),,,,,40
1438,,ALUMINIUM NITRATE,,O2,5.1,5.1,III,5 kg,,E1,P002 IBC08 LP02 R001,MP10,B3,T1 BK1 BK2,SGAV,TP33,TU3,AT,3 (E),,VC1 VC2 AP6 AP7,CV24,,50
1439,,AMMONIUM DICHROMATE,,O2,5.1,5.1,II,1 kg,,E2,P002 IBC08,MP2,B4,T3,SGAN,TP33,TU3,AT,2 (E),V11,,CV24,,50
1442,,AMMONIUM PERCHLORATE,,O2,5.1,5.1,II,1 kg,152,E2,P002 IBC06,MP2,,T3,,TP33,,AT,2 (E),V11,VC1 VC2 AP6 AP7,CV24,S23,50
1444,,AMMONIUM PERSULPHATE,,O2,5.1,5.1,III,5 kg,,E1,P002 IBC08 LP02 R001,MP10,B3,T1,SGAV,TP33,TU3,AT,3 (E),,VC1 VC2 AP6 AP7,CV24,,50
1445,,"BARIUM CHLORATE, SOLID",,OT2,5.1,5.1+6.1,II,1 kg,,E2,P002 IBC06,MP2,,T3,SGAN,TP33,TU3,AT,2 (E),V11,,CV24 CV28,,56
1446,,BARIUM NITRATE,,OT2,5.1,5.1+6.1,II,1 kg,,E2,P002 IBC08,MP2,B4,T3,SGAN,TP33,TU3,AT,2 (E),V11,,CV24 CV28,,56
1447,,"BARIUM PERCHLORATE, SOLID",,OT2,5.1,5.1+6.1,II,1 kg,,E2,P002 IBC06,MP2,,T3,SGAN,TP33,TU3,AT,2 (E),V11,,CV24 CV28,S23,56
1448,,BARIUM PERMANGANATE,,OT2,5.1,5.1+6.1,II,1 kg,,E2,P002 IBC06,MP2,,T3,SGAN,TP33,TU3,AT,2 (E),V11,,CV24 CV28,,56
1449,,BARIUM PEROXIDE,,OT2,5.1,5.1+6.1,II,1 kg,,E2,P002 IBC06,MP2,,T3,SGAN,TP33,TU3,AT,2 (E),V11,,CV24 CV28,,56
1450,,"BROMATES, INORGANIC, N.O.S.",,O2,5.1,5.1,II,1 kg,274 350,E2,P002 IBC08,MP2,B4,T3,SGAV,TP33,TU3,AT,2 (E),V11,VC1 VC2 AP6 AP7,CV24,,50
1451,,CAESIUM NITRATE,,O2,5.1,5.1,III,5 kg,,E1,P002 IBC08 LP02 R001,MP10,B3,T1,SGAV,TP33,TU3,AT,3 (E),,VC1 VC2 AP6 AP7,CV24,,50
1452,,CALCIUM CHLORATE,,O2,5.1,5.1,II,1 kg,,E2,P002 IBC08,MP2,B4,T3,SGAV,TP33,TU3,AT,2 (E),V11,VC1 VC2 AP6 AP7,CV24,,50
1453,,CALCIUM CHLORITE,,O2,5.1,5.1,II,1 kg,,E2,P002 IBC08,MP2,B4,T3,SGAN,TP33,TU3,AT,2 (E),V11,,CV24,,50
1454,,CALCIUM NITRATE,,O2,5.1,5.1,III,5 kg,208,E1,P002 IBC08 LP02 R001,MP10,B3,T1 BK1 BK2 BK3,SGAV,TP33,TU3,AT,3 (E),,VC1 VC2 AP6 AP7,CV24,,50
1455,,CALCIUM PERCHLORATE,,O2,5.1,5.1,II,1 kg,,E2,P002 IBC06,MP2,,T3,SGAV,TP33,TU3,AT,2 (E),V11,VC1 VC2 AP6 AP7,CV24,S23,50
1456,,CALCIUM PERMANGANATE,,O2,5.1,5.1,II,1 kg,,E2,P002 IBC06,MP2,,T3,SGAN,TP33,TU3,AT,2 (E),V11,,CV24,,50
1457,,CALCIUM PEROXIDE,,O2,5.1,5.1,II,1 kg,,E2,P002 IBC06,MP2,,T3,SGAN,TP33,TU3,AT,2 (E),V11,,CV24,,50
1458,a,CHLORATE AND BORATE MIXTURE,,O2,5.1,5.1,II,1 kg,,E2,P002 IBC08,MP2,B4,T3,SGAV,TP33,TU3,AT,2 (E),V11,VC1 VC2 AP6 AP7,CV24,,50
1458,b,CHLORATE AND BORATE MIXTURE,,O2,5.1,5.1,III,5 kg,,E1,P002 IBC08 LP02 R001,MP2,B3,T1,SGAV,TP33,TU3,AT,3 (E),,VC1 VC2 AP6 AP7,CV24,,50
1459,a,"CHLORATE AND MAGNESIUM CHLORIDE MIXTURE, SOLID",,O2,5.1,5.1,II,1 kg,,E2,P002 IBC08,MP2,B4,T3,SGAV,TP33,TU3,AT,2 (E),V11,VC1 VC2 AP6 AP7,CV24,,50
1459,b,"CHLORATE AND MAGNESIUM CHLORIDE MIXTURE, SOLID",,O2,5.1,5.1,III,5 kg,,E1,P002 IBC08 LP02 R001,MP2,B3,T1,SGAV,TP33,TU3,AT,3 (E),,VC1 VC2 AP6 AP7,CV24,,50
1461,,"CHLORATES, INORGANIC, N.O.S.",,O2,5.1,5.1,II,1 kg,274 351,E2,P002 IBC06,MP2,,T3,SGAV,TP33,TU3,AT,2 (E),V11,VC1 VC2 AP6 AP7,CV24,,50
1462,,"CHLORITES, INORGANIC, N.O.S.",,O2,5.1,5.1,II,1 kg,274 352 509,E2,P002 IBC06,MP2,,T3,SGAN,TP33,TU3,AT,2 (E),V11,,CV24,,50
1463,,"CHROMIUM TRIOXIDE, ANHYDROUS",,OTC,5.1,5.1+6.1+8,II,1 kg,510,E2,P002 IBC08,MP2,B4,T3,SGAN,TP33,TU3,AT,2 (E),V11,,CV24 CV28,,568
1465,,DIDYMIUM NITRATE,,O2,5.1,5.1,III,5 kg,,E1,P002 IBC08 LP02 R001,MP10,B3,T1,SGAV,TP33,TU3,AT,3 (E),,VC1 VC2 AP6 AP7,CV24,,50
1466,,FERRIC NITRATE,,O2,5.1,5.1,III,5 kg,,E1,P002 IBC08 LP02 R001,MP10,B3,T1,SGAV,TP33,TU3,AT,3 (E),,VC1 VC2 AP6 AP7,CV24,,50
1467,,GUANIDINE NITRATE,,O2,5.1,5.1,III,5 kg,,E1,P002 IBC08 LP02 R001,MP10,B3,T1,SGAV,TP33,TU3,AT,3 (E),,VC1 VC2 AP6 AP7,CV24,,50
1469,,LEAD NITRATE,,OT2,5.1,5.1+6.1,II,1 kg,,E2,P002 IBC08,MP2,B4,T3,SGAN,TP33,TU3,AT,2 (E),V11,,CV24 CV28,,56
1470,,"LEAD PERCHLORATE, SOLID",,OT2,5.1,5.1+6.1,II,1 kg,,E2,P002 IBC06,MP2,,T3,SGAN,TP33,TU3,AT,2 (E),V11,,CV24 CV28,S23,56
1471,a,"LITHIUM HYPOCHLORITE, DRY",,O2,5.1,5.1,II,1 kg,,E2,P002 IBC08,MP10,B4,,SGAN,,TU3,AT,2 (E),V11,,CV24,,50
1471,b,LITHIUM HYPOCHLORITE MIXTURE,,O2,5.1,5.1,II,1 kg,,E2,P002 IBC08,MP10,B4,,SGAN,,TU3,AT,2 (E),V11,,CV24,,50
1471,c,"LITHIUM HYPOCHLORITE, DRY",,O2,5.1,5.1,III,5 kg,,E1,P002 IBC08 LP02 R001,MP10,B3,T1,SGAV,TP33,TU3,AT,3 (E),,,CV24,,50
1471,d,LITHIUM HYPOCHLORITE MIXTURE,,O2,5.1,5.1,III,5 kg,,E1,P002 IBC08 LP02 R001,MP10,B3,T1,SGAV,TP33,TU3,AT,3 (E),,,CV24,,50
1472,,LITHIUM PEROXIDE,,O2,5.1,5.1,II,1 kg,,E2,P002 IBC06,MP2,,T3,SGAN,TP33,TU3,AT,2 (E),V11,,CV24,,50
1473,,MAGNESIUM BROMATE,,O2,5.1,5.1,II,1 kg,,E2,P002 IBC08,MP2,B4,T3,SGAV,TP33,TU3,AT,2 (E),V11,VC1 VC2 AP6 AP7,CV24,,50
1474,,MAGNESIUM NITRATE,,O2,5.1,5.1,III,5 kg,332,E1,P002 IBC08 LP02 R001,MP10,B3,T1 BK1 BK2 BK3,SGAV,TP33,TU3,AT,3 (E),,VC1 VC2 AP6 AP7,CV24,,50
1475,,MAGNESIUM PERCHLORATE,,O2,5.1,5.1,II,1 kg,,E2,P002 IBC06,MP2,,T3,SGAV,TP33,TU3,AT,2 (E),V11,VC1 VC2 AP6 AP7,CV24,S23,50
1476,,MAGNESIUM PEROXIDE,,O2,5.1,5.1,II,1 kg,,E2,P002 IBC06,MP2,,T3,SGAN,TP33,TU3,AT,2 (E),V11,,CV24,,50
1477,a,"NITRATES, INORGANIC, N.O.S.",,O2,5.1,5.1,II,1 kg,511,E2,P002 IBC08,MP10,B4,T3,SGAN,TP33,TU3,AT,2 (E),V11,,CV24,,50
1477,b,"NITRATES, INORGANIC, N.O.S.",,O2,5.1,5.1,II,1 kg,511,E2,P002 IBC08,MP10,B4,T3,SGAN,TP33,TU3,AT,2 (E),V11,,CV24,,50
1477,c,"NITRATES, INORGANIC, N.O.S.",,O2,5.1,5.1,III,5 kg,511,E1,P002 IBC08 LP02 R001,MP10,B3,T1,SGAV,TP33,TU3,AT,3 (E),,VC1 VC2 AP6 AP7,CV24,,50
1477,d,"NITRATES, INORGANIC, N.O.S.",,O2,5.1,5.1,III,5 kg,511,E1,P002 IBC08 LP02 R001,MP10,B3,T1,SGAV,TP33,TU3,AT,3 (E),,VC1 VC2 AP6 AP7,CV24,,50
1479,a,"OXIDIZING SOLID, N.O.S.",,O2,5.1,5.1,I,0,274,E0,P503 IBC05,MP2,,,,,,,1 (E),V10,,CV24,S20,
1479,b,"OXIDIZING SOLID, N.O.S.",,O2,5.1,5.1,II,1 kg,274,E2,P002 IBC08,MP2,B4,T3,SGAN,TP33,TU3,AT,2 (E),V11,,CV24,,50
1479,c,"OXIDIZING SOLID, N.O.S.",,O2,5.1,5.1,III,5 kg,274,E1,P002 IBC08 LP02 R001,MP2,B3,T1,SGAN,TP33,TU3,AT,3 (E),,,CV24,,50
1481,a,"PERCHLORATES, INORGANIC, N.O.S.",,O2,5.1,5.1,II,1 kg,,E2,P002 IBC06,MP2,,T3,SGAV,TP33,TU3,AT,2 (E),V11,VC1 VC2 AP6 AP7,CV24,S23,50
1481,b,"PERCHLORATES, INORGANIC, N.O.S.",,O2,5.1,5.1,III,5 kg,,E1,P002 IBC08 LP02 R001,MP2,B3,T1,SGAV,TP33,TU3,AT,3 (E),,VC1 VC2 AP6 AP7,CV24,S23,50
1482,a,"PERMANGANATES, INORGANIC, N.O.S.",,O2,5.1,5.1,II,1 kg,274 353,E2,P002 IBC06,MP2,,T3,SGAN,TP33,TU3,AT,2 (E),V11,,CV24,,50
1482,b,"PERMANGANATES, INORGANIC, N.O.S.",,O2,5.1,5.1,III,5 kg,274 353,E1,P002 IBC08 LP02 R001,MP2,B3,T1,SGAN,TP33,TU3,AT,3 (E),,,CV24,,50
1483,a,"PEROXIDES, INORGANIC, N.O.S.",,O2,5.1,5.1,II,1 kg,,E2,P002 IBC06,MP2,,T3,SGAN,TP33,TU3,AT,2 (E),V11,,CV24,,50
1483,b,"PEROXIDES, INORGANIC, N.O.S.",,O2,5.1,5.1,III,5 kg,,E1,P002 IBC08 LP02 R001,MP2,B3,T1,SGAN,TP33,TU3,AT,3 (E),,,CV24,,50
1484,,POTASSIUM BROMATE,,O2,5.1,5.1,II,1 kg,,E2,P002 IBC08,MP2,B4,T3,SGAV,TP33,TU3,AT,2 (E),V11,VC1 VC2 AP6 AP7,CV24,,50
1485,,POTASSIUM CHLORATE,,O2,5.1,5.1,II,1 kg,,E2,P002 IBC08,MP2,B4,T3,SGAV,TP33,TU3,AT,2 (E),V11,VC1 VC2 AP6 AP7,CV24,,50
1486,,POTASSIUM NITRATE,,O2,5.1,5.1,III,5 kg,,E1,P002 IBC08 LP02 R001,MP10,B3,T1 BK1 BK2 BK3,SGAV,TP33,TU3,AT,3 (E),,VC1 VC2 AP6 AP7,CV24,,50
1487,,POTASSIUM NITRATE AND SODIUM NITRITE MIXTURE,,O2,5.1,5.1,II,1 kg,607,E2,P002 IBC08,MP10,B4,T3,SGAV,TP33,TU3,AT,2 (E),V11,VC1 VC2 AP6 AP7,CV24,,50
1488,,POTASSIUM NITRITE,,O2,5.1,5.1,II,1 kg,,E2,P002 IBC08,MP10,B4,T3,SGAV,TP33,TU3,AT,2 (E),V11,VC1 VC2 AP6 AP7,CV24,,50
1489,,POTASSIUM PERCHLORATE,,O2,5.1,5.1,II,1 kg,,E2,P002 IBC06,MP2,,T3,SGAV,TP33,TU3,AT,2 (E),V11,VC1 VC2 AP6 AP7,CV24,S23,50
1490,,POTASSIUM PERMANGANATE,,O2,5.1,5.1,II,1 kg,,E2,P002 IBC08,MP2,B4,T3,SGAN,TP33,TU3,AT,2 (E),V11,,CV24,,50
1491,,POTASSIUM PEROXIDE,,O2,5.1,5.1,I,0,,E0,P503 IBC06,MP2,,,,,,,1 (E),V10,,CV24,S20,
1492,,POTASSIUM PERSULPHATE,,O2,5.1,5.1,III,5 kg,,E1,P002 IBC08 LP02 R001,MP10,B3,T1,SGAV,TP33,TU3,AT,3 (E),,VC1 VC2 AP6 AP7,CV24,,50
1493,,SILVER NITRATE,,O2,5.1,5.1,II,1 kg,,E2,P002 IBC08,MP10,B4,T3,SGAV,TP33,TU3,AT,2 (E),V11,VC1 VC2 AP6 AP7,CV24,,50
1494,,SODIUM BROMATE,,O2,5.1,5.1,II,1 kg,,E2,P002 IBC08,MP2,B4,T3,SGAV,TP33,TU3,AT,2 (E),V11,VC1 VC2 AP6 AP7,CV24,,50
1495,,SODIUM CHLORATE,,O2,5.1,5.1,II,1 kg,,E2,P002 IBC08,MP2,B4,T3 BK1 BK2,SGAV,TP33,TU3,AT,2 (E),V11,VC1 VC2 AP6 AP7,CV24,,50
1496,,SODIUM CHLORITE,,O2,5.1,5.1,II,1 kg,,E2,P002 IBC08,MP2,B4,T3,SGAN,TP33,TU3,AT,2 (E),V11,,CV24,,50
1498,,SODIUM NITRATE,,O2,5.1,5.1,III,5 kg,,E1,P002 IBC08 LP02 R001,MP10,B3,T1 BK1 BK2 BK3,SGAV,TP33,TU3,AT,3 (E),,VC1 VC2 AP6 AP7,CV24,,50
1499,,SODIUM NITRATE AND POTASSIUM NITRATE MIXTURE,,O2,5.1,5.1,III,5 kg,,E1,P002 IBC08 LP02 R001,MP10,B3,T1 BK1 BK2 BK3,SGAV,TP33,TU3,AT,3 (E),,VC1 VC2 AP6 AP7,CV24,,50
1500,,SODIUM NITRITE,,OT2,5.1,5.1+6.1,III,5 kg,,E1,P002 IBC08 R001,MP10,B3,T1,SGAN,TP33,TU3,AT,3 (E),,,CV24 CV28,,56
1502,,SODIUM PERCHLORATE,,O2,5.1,5.1,II,1 kg,,E2,P002 IBC06,MP2,,T3,SGAV,TP33,TU3,AT,2 (E),V11,VC1 VC2 AP6 AP7,CV24,S23,50
1503,,SODIUM PERMANGANATE,,O2,5.1,5.1,II,1 kg,,E2,P002 IBC06,MP2,,T3,SGAN,TP33,TU3,AT,2 (E),V11,,CV24,,50
1504,,SODIUM PEROXIDE,,O2,5.1,5.1,I,0,,E0,P503 IBC05,MP2,,,,,,,1 (E),V10,,CV24,S20,
1505,,SODIUM PERSULPHATE,,O2,5.1,5.1,III,5 kg,,E1,P002 IBC08 LP02 R001,MP10,B3,T1,SGAV,TP33,TU3,AT,3 (E),,VC1 VC2 AP6 AP7,CV24,,50
1506,,STRONTIUM CHLORATE,,O2,5.1,5.1,II,1 kg,,E2,P002 IBC08,MP2,B4,T3,SGAV,TP33,TU3,AT,2 (E),V11,VC1 VC2 AP6 AP7,CV24,,50
1507,,STRONTIUM NITRATE,,O2,5.1,5.1,III,5 kg,,E1,P002 IBC08 LP02 R001,MP10,B3,T1,SGAV,TP33,TU3,AT,3 (E),,VC1 VC2 AP6 AP7,CV24,,50
1508,,STRONTIUM PERCHLORATE,,O2,5.1,5.1,II,1 kg,,E2,P002 IBC06,MP2,,T3,SGAV,TP33,TU3,AT,2 (E),V11,VC1 VC2 AP6 AP7,CV24,S23,50
1509,,STRONTIUM PEROXIDE,,O2,5.1,5.1,II,1 kg,,E2,P002 IBC06,MP2,,T3,SGAN,TP33,TU3,AT,2 (E),V11,,CV24,,50
1510,,TETRANITROMETHANE,,TO1,6.1,6.1+5.1,I,0,354 609,E0,P602,MP8 MP17,,,L10CH,,TU14 TU15 TE19 TE21,AT,1 (B/D),,,CV1 CV13 CV28,S9 S14,665
1511,,UREA HYDROGEN PEROXIDE,,OC2,5.1,5.1+8,III,5 kg,,E1,P002 IBC08 R001,MP2,B3,T1,SGAN,TP33,TU3,AT,3 (E),,,CV24,,58
1512,,ZINC AMMONIUM NITRITE,,O2,5.1,5.1,II,1 kg,,E2,P002 IBC08,MP10,B4,T3,SGAN,TP33,TU3,AT,2 (E),V11,,CV24,,50
1513,,ZINC CHLORATE,,O2,5.1,5.1,II,1 kg,,E2,P002 IBC08,MP2,B4,T3,SGAV,TP33,TU3,AT,2 (E),V11,VC1 VC2 AP6 AP7,CV24,,50
1514,,ZINC NITRATE,,O2,5.1,5.1,II,1 kg,,E2,P002 IBC08,MP10,B4,T3,SGAN,TP33,TU3,AT,2 (E),V11,,CV24,,50
1515,,ZINC PERMANGANATE,,O2,5.1,5.1,II,1 kg,,E2,P002 IBC06,MP2,,T3,SGAN,TP33,TU3,AT,2 (E),V11,,CV24,,50
1516,,ZINC PEROXIDE,,O2,5.1,5.1,II,1 kg,,E2,P002 IBC06,MP2,,T3,SGAN,TP33,TU3,AT,2 (E),V11,,CV24,,50
1517,,"ZIRCONIUM PICRAMATE, WETTED","with not less than 20% water, by mass",D,4.1,4.1,I,0,,E0,P406,MP2,PP26,,,,,,1 (B),,,,S14,
1541,,"ACETONE CYANOHYDRIN, STABILIZED",,T1,6.1,6.1,I,0,354,E0,P602,MP8 MP17,,T20,L10CH,TP2,TU14 TU15 TE19 TE21,AT,1 (C/D),,,CV1 CV13 CV28,S9 S14,669
1544,a,"ALKALOIDS, SOLID, N.O.S.",,T2,6.1,6.1,I,0,43 274,E5,P002 IBC07,MP18,,T6,S10AH,TP33,TU15 TE19,AT,1 (C/E),V10,,CV1 CV13 CV28,S9 S14,66
1544,b,"ALKALOID SALTS, SOLID, N.O.S.",,T2,6.1,6.1,I,0,43 274,E5,P002 IBC07,MP18,,T6,S10AH,TP33,TU15 TE19,AT,1 (C/E),V10,,CV1 CV13 CV28,S9 S14,66
1544,c,"ALKALOIDS, SOLID, N.O.S.",,T2,6.1,6.1,II,500 g,43 274,E4,P002 IBC08,MP10,B4,T3,SGAH L4BH,TP33,TU15 TE19,AT,2 (D/E),V11,,CV13 CV28,S9 S19,60
1544,d,"ALKALOID SALTS, SOLID, N.O.S.",,T2,6.1,6.1,II,500 g,43 274,E4,P002 IBC08,MP10,B4,T3,SGAH L4BH,TP33,TU15 TE19,AT,2 (D/E),V11,,CV13 CV28,S9 S19,60
1544,e,"ALKALOIDS, SOLID, N.O.S.",,T2,6.1,6.1,III,5 kg,43 274,E1,P002 IBC08 LP02 R001,MP10,B3,T1,SGAH L4BH,TP33,TU15 TE19,AT,2 (E),,VC1 VC2 AP7,CV13 CV28,S9,60
1544,f,"ALKALOID SALTS, SOLID, N.O.S.",,T2,6.1,6.1,III,5 kg,43 274,E1,P002 IBC08 LP02 R001,MP10,B3,T1,SGAH L4BH,TP33,TU15 TE19,AT,2 (E),,VC1 VC2 AP7,CV13 CV28,S9,60
1545,,"ALLYL ISOTHIOCYANATE, STABILIZED",,TF1,6.1,6.1+3,II,100 mL,386 676,E0,P001 IBC02,MP15,,T7,L4BH,TP2,TU15 TE19,FL,2 (D/E),V8,,CV13 CV28,S2 S4 S9 S19,639
1546,,AMMONIUM ARSENATE,,T5,6.1,6.1,II,500 g,,E4,P002 IBC08,MP10,B4,T3,SGAH,TP33,TU15 TE19,AT,2 (D/E),V11,,CV13 CV28,S9 S19,60
1547,,ANILINE,,T1,6.1,6.1,II,100 mL,279,E4,P001 IBC02,MP15,,T7,L4BH,TP2,TU15 TE19,AT,2 (D/E),,,CV13 CV28,S9 S19,60
1548,,ANILINE HYDROCHLORIDE,,T2,6.1,6.1,III,5 kg,,E1,P002 IBC08 LP02 R001,MP10,B3,T1,SGAH,TP33,TU15 TE19,AT,2 (E),,VC1 VC2 AP7,CV13 CV28,S9,60
1549,,"ANTIMONY COMPOUND, INORGANIC, SOLID, N.O.S.",,T5,6.1,6.1,III,5 kg,45 274 512,E1,P002 IBC08 LP02 R001,MP10,B3,T1,SGAH L4BH,TP33,TU15 TE19,AT,2 (E),,VC1 VC2 AP7,CV13 CV28,S9,60
1550,,ANTIMONY LACTATE,,T5,6.1,6.1,III,5 kg,,E1,P002 IBC08 LP02 R001,MP10,B3,T1,SGAH L4BH,TP33,TU15 TE19,AT,2 (E),,VC1 VC2 AP7,CV13 CV28,S9,60
1551,,ANTIMONY POTASSIUM TARTRATE,,T5,6.1,6.1,III,5 kg,,E1,P002 IBC08 LP02 R001,MP10,B3,T1,SGAH L4BH,TP33,TU15 TE19,AT,2 (E),,VC1 VC2 AP7,CV13 CV28,S9,60
1553,,"ARSENIC ACID, LIQUID",,T4,6.1,6.1,I,0,,E5,P001,MP8 MP17,,T20,L10CH,TP2 TP7,TU14 TU15 TE19 TE21,AT,1 (C/E),,,CV1 CV13 CV28,S9 S14,66
1554,,"ARSENIC ACID, SOLID",,T5,6.1,6.1,II,500 g,,E4,P002 IBC08,MP10,B4,T3,SGAH L4BH,TP33,TU15 TE19,AT,2 (D/E),V11,,CV13 CV28,S9 S19,60
1555,,ARSENIC BROMIDE,,T5,6.1,6.1,II,500 g,,E4,P002 IBC08,MP10,B4,T3,SGAH L4BH,TP33,TU15 TE19,AT,2 (D/E),V11,,CV13 CV28,S9 S19,60
1556,a,"ARSENIC COMPOUND, LIQUID, N.O.S.","inorganic, including: Arsenates, n.o.s., Arsenites, n.o.s.; and Arsenic sulphides, n.o.s.",T4,6.1,6.1,I,0,43 274,E5,P001,MP8 MP17,,T14,L10CH,TP2 TP27,TU14 TU15 TE19 TE21,AT,1 (C/E),,,CV1 CV13 CV28,S9 S14,66
1556,b,"ARSENIC COMPOUND, LIQUID, N.O.S.","inorganic, including: Arsenates, n.o.s., Arsenites, n.o.s.; and Arsenic sulphides, n.o.s.",T4,6.1,6.1,I,0,43 274,E5,P001,MP8 MP17,,T14,L10CH,TP2 TP27,TU14 TU15 TE19 TE21,AT,1 (C/E),,,CV1 CV13 CV28,S9 S14,66
1556,c,"ARSENIC COMPOUND, LIQUID, N.O.S.","inorganic, including: Arsenates, n.o.s., Arsenites, n.o.s.; and Arsenic sulphides, n.o.s.",T4,6.1,6.1,II,100 mL,43 274,E4,P001 IBC02,MP15,,T11,L4BH,TP2 TP27,TU15 TE19,AT,2 (D/E),,,CV13 CV28,S9 S19,60
1556,d,"ARSENIC COMPOUND, LIQUID, N.O.S.","inorganic, including: Arsenates, n.o.s., Arsenites, n.o.s.; and Arsenic sulphides, n.o.s.",T4,6.1,6.1,II,100 mL,43 274,E4,P001 IBC02,MP15,,T11,L4BH,TP2 TP27,TU15 TE19,AT,2 (D/E),,,CV13 CV28,S9 S19,60
1556,e,"ARSENIC COMPOUND, LIQUID, N.O.S.","inorganic, including: Arsenates, n.o.s., Arsenites, n.o.s.; and Arsenic sulphides, n.o.s.",T4,6.1,6.1,III,5 L,43 274,E1,P001 IBC03 LP01 R001,MP19,,T7,L4BH,TP2 TP28,TU15 TE19,AT,2 (E),V12,,CV13 CV28,S9,60
1556,f,"ARSENIC COMPOUND, LIQUID, N.O.S.","inorganic, including: Arsenates, n.o.s., Arsenites, n.o.s.; and Arsenic sulphides, n.o.s.",T4,6.1,6.1,III,5 L,43 274,E1,P001 IBC03 LP01 R001,MP19,,T7,L4BH,TP2 TP28,TU15 TE19,AT,2 (E),V12,,CV13 CV28,S9,60
1557,a,"ARSENIC COMPOUND, SOLID, N.O.S.","inorganic, including: Arsenates, n.o.s.; Arsenites, n.o.s.; and Arsenic sulphides, n.o.s.",T5,6.1,6.1,I,0,43 274,E5,P002 IBC07,MP18,,T6,S10AH L10CH,TP33,TU15 TE19,AT,1 (C/E),V10,,CV1 CV13 CV28,S9 S14,66
1557,b,"ARSENIC COMPOUND, SOLID, N.O.S.","inorganic, including: Arsenates, n.o.s.; Arsenites, n.o.s.; and Arsenic sulphides, n.o.s.",T5,6.1,6.1,I,0,43 274,E5,P002 IBC07,MP18,,T6,S10AH L10CH,TP33,TU15 TE19,AT,1 (C/E),V10,,CV1 CV13 CV28,S9 S14,66
1557,c,"ARSENIC COMPOUND, SOLID, N.O.S.","inorganic, including: Arsenates, n.o.s.; Arsenites, n.o.s.; and Arsenic sulphides, n.o.s.",T5,6.1,6.1,II,500 g,43 274,E4,P002 IBC08,MP10,B4,T3,SGAH L4BH,TP33,TU15 TE19,AT,2 (D/E),V11,,CV13 CV28,S9 S19,60
1557,d,"ARSENIC COMPOUND, SOLID, N.O.S.","inorganic, including: Arsenates, n.o.s.; Arsenites, n.o.s.; and Arsenic sulphides, n.o.s.",T5,6.1,6.1,II,500 g,43 274,E4,P002 IBC08,MP10,B4,T3,SGAH L4BH,TP33,TU15 TE19,AT,2 (D/E),V11,,CV13 CV28,S9 S19,60
1557,e,"ARSENIC COMPOUND, SOLID, N.O.S.","inorganic, including: Arsenates, n.o.s.; Arsenites, n.o.s.; and Arsenic sulphides, n.o.s.",T5,6.1,6.1,III,5 kg,43 274,E1,P002 IBC08 LP02 R001,MP10,B3,T1,SGAH L4BH,TP33,TU15 TE19,AT,2 (E),,VC1 VC2 AP7,CV13 CV28,S9,60
1557,f,"ARSENIC COMPOUND, SOLID, N.O.S.","inorganic, including: Arsenates, n.o.s.; Arsenites, n.o.s.; and Arsenic sulphides, n.o.s.",T5,6.1,6.1,III,5 kg,43 274,E1,P002 IBC08 LP02 R001,MP10,B3,T1,SGAH L4BH,TP33,TU15 TE19,AT,2 (E),,VC1 VC2 AP7,CV13 CV28,S9,60
1558,,ARSENIC,,T5,6.1,6.1,II,500 g,,E4,P002 IBC08,MP10,B4,T3,SGAH,TP33,TU15 TE19,AT,2 (D/E),V11,,CV13 CV28,S9 S19,60
1559,,ARSENIC PENTOXIDE,,T5,6.1,6.1,II,500 g,,E4,P002 IBC08,MP10,B4,T3,SGAH,TP33,TU15 TE19,AT,2 (D/E),V11,,CV13 CV28,S9 S19,60
1560,,ARSENIC TRICHLORIDE,,T4,6.1,6.1,I,0,,E0,P602,MP8 MP17,,T14,L10CH,TP2,TU14 TU15 TE19 TE21,AT,1 (C/E),,,CV1 CV13 CV28,S9 S14,66
1561,,ARSENIC TRIOXIDE,,T5,6.1,6.1,II,500 g,,E4,P002 IBC08,MP10,B4,T3,SGAH,TP33,TU15 TE19,AT,2 (D/E),V11,,CV13 CV28,S9 S19,60
1562,,ARSENICAL DUST,,T5,6.1,6.1,II,500 g,,E4,P002 IBC08,MP10,B4,T3,SGAH,TP33,TU15 TE19,AT,2 (D/E),V11,,CV13 CV28,S9 S19,60
1564,a,"BARIUM COMPOUND, N.O.S.",,T5,6.1,6.1,II,500 g,177 274 513 587,E4,P002 IBC08,MP10,B4,T3,SGAH L4BH,TP33,TU15 TE19,AT,2 (D/E),V11,,CV13 CV28,S9 S19,60
1564,b,"BARIUM COMPOUND, N.O.S.",,T5,6.1,6.1,III,5 kg,177 274 513 587,E1,P002 IBC08 LP02 R001,MP10,B3,T1,SGAH L4BH,TP33,TU15 TE19,AT,2 (E),,VC1 VC2 AP7,CV13 CV28,S9,60
1565,,BARIUM CYANIDE,,T5,6.1,6.1,I,0,,E5,P002 IBC07,MP18,,T6,S10AH,TP33,TU15 TE19,AT,1 (C/E),V10,,CV1 CV13 CV28,S9 S14,66
1566,a,"BERYLLIUM COMPOUND, N.O.S.",,T5,6.1,6.1,II,500 g,274 514,E4,P002 IBC08,MP10,B4,T3,SGAH L4BH,TP33,TU15 TE19,AT,2 (D/E),V11,,CV13 CV28,S9 S19,60
1566,b,"BERYLLIUM COMPOUND, N.O.S.",,T5,6.1,6.1,III,5 kg,274 514,E1,P002 IBC08 LP02 R001,MP10,B3,T1,SGAH L4BH,TP33,TU15 TE19,AT,2 (E),,VC1 VC2 AP7,CV13 CV28,S9,60
1567,,BERYLLIUM POWDER,,TF3,6.1,6.1+4.1,II,500 g,,E4,P002 IBC08,MP10,B4,T3,SGAH,TP33,TU15 TE19,AT,2 (D/E),V11,,CV13 CV28,S9 S19,64
1569,,BROMOACETONE,,TF1,6.1,6.1+3,II,0,,E0,P602,MP15,,T20,L4BH,TP2,TU15 TE19,FL,2 (D/E),,,CV13 CV28,S2 S9 S19,63
1570,,BRUCINE,,T2,6.1,6.1,I,0,43,E5,P002 IBC07,MP18,,T6,S10AH L10CH,TP33,TU14 TU15 TE19 TE21,AT,1 (C/E),V10,,CV1 CV13 CV28,S9 S14,66
1571,,"BARIUM AZIDE, WETTED","with not less than 50% water, by mass",DT,4.1,4.1+6.1,I,0,568,E0,P406,MP2,,,,,,,1 (B),,,CV28,S14,
1572,,CACODYLIC ACID,,T5,6.1,6.1,II,500 g,,E4,P002 IBC08,MP10,B4,T3,SGAH,TP33,TU15 TE19,AT,2 (D/E),V11,,CV13 CV28,S9 S19,60
1573,,CALCIUM ARSENATE,,T5,6.1,6.1,II,500 g,,E4,P002 IBC08,MP10,B4,T3,SGAH,TP33,TU15 TE19,AT,2 (D/E),V11,,CV13 CV28,S9 S19,60
1574,,"CALCIUM ARSENATE AND CALCIUM ARSENITE MIXTURE, SOLID",,T5,6.1,6.1,II,500 g,,E4,P002 IBC08,MP10,B4,T3,SGAH,TP33,TU15 TE19,AT,2 (D/E),V11,,CV13 CV28,S9 S19,60
1575,,CALCIUM CYANIDE,,T5,6.1,6.1,I,0,,E5,P002 IBC07,MP18,,T6,S10AH,TP33,TU15 TE19,AT,1 (C/E),V10,,CV1 CV13 CV28,S9 S14,66
1577,,"CHLORODINITROBENZENES, LIQUID",,T1,6.1,6.1,II,100 mL,279,E4,P001 IBC02,MP15,,T7,L4BH,TP2,TU15 TE19,AT,2 (D/E),,,CV13 CV28,S9 S19,60
1578,,"CHLORONITROBENZENES, SOLID",,T2,6.1,6.1,II,500 g,279,E4,P002 IBC08,MP10,B4,T3,SGAH,TP33,TU15 TE19,AT,2 (D/E),V11,,CV13 CV28,S9 S19,60
1579,,"4-CHLORO-o-TOLUIDINE HYDROCHLORIDE, SOLID",,T2,6.1,6.1,III,5 kg,,E1,P002 IBC08 LP02 R001,MP10,B3,T1,SGAH L4BH,TP33,TU15 TE19,AT,2 (E),,VC1 VC2 AP7,CV13 CV28,S9,60
1580,,CHLOROPICRIN,,T1,6.1,6.1,I,0,354,E0,P601,MP8 MP17,,T22,L15CH,TP2,TU14 TU15 TE19 TE21,AT,1 (C/D),,,CV1 CV13 CV28,S9 S14,66
1581,,CHLOROPICRIN AND METHYL BROMIDE MIXTURE,with more than 2% chloropicrin,2T,2,2.3,,0,,E0,P200,MP9,,(M) T50,PxBH(M),,TA4 TT9,AT,1 (C/D),,,CV9 CV10 CV36,S14,26
1582,,CHLOROPICRIN AND METHYL CHLORIDE MIXTURE,,2T,2,2.3,,0,,E0,P200,MP9,,(M) T50,PxBH(M),,TA4 TT9,AT,1 (C/D),,,CV9 CV10 CV36,S14,26
1583,a,"CHLOROPICRIN MIXTURE, N.O.S.",,T1,6.1,6.1,I,0,274 315 515,E0,P602,MP8 MP17,,,L10CH,,TU14 TU15 TE19 TE21,AT,1 (C/E),,,CV1 CV13 CV28,S9 S14,66
1583,b,"CHLOROPICRIN MIXTURE, N.O.S.",,T1,6.1,6.1,II,100 mL,274 515,E0,P001 IBC02,MP15,,,L4BH,,TU15 TE19,AT,2 (D/E),,,CV13 CV28,S9 S19,60
1583,c,"CHLOROPICRIN MIXTURE, N.O.S.",,T1,6.1,6.1,III,5 L,274 515,E0,P001 IBC03 LP01 R001,MP19,,,L4BH,,TU15 TE19,AT,2 (E),V12,,CV13 CV28,S9,60
1585,,COPPER ACETOARSENITE,,T5,6.1,6.1,II,500 g,,E4,P002 IBC08,MP10,B4,T3,SGAH,TP33,TU15 TE19,AT,2 (D/E),V11,,CV13 CV28,S9 S19,60
1586,,COPPER ARSENITE,,T5,6.1,6.1,II,500 g,,E4,P002 IBC08,MP10,B4,T3,SGAH,TP33,TU15 TE19,AT,2 (D/E),V11,,CV13 CV28,S9 S19,60
1587,,COPPER CYANIDE,,T5,6.1,6.1,II,500 g,,E4,P002 IBC08,MP10,B4,T3,SGAH,TP33,TU15 TE19,AT,2 (D/E),V11,,CV13 CV28,S9 S19,60
1588,a,"CYANIDES, INORGANIC, SOLID, N.O.S.",,T5,6.1,6.1,I,0,47 274,E5,P002 IBC07,MP18,,T6,S10AH,TP33,TU15 TE19,AT,1 (C/E),V10,,CV1 CV13 CV28,S9 S14,66
1588,b,"CYANIDES, INORGANIC, SOLID, N.O.S.",,T5,6.1,6.1,II,500 g,47 274,E4,P002 IBC08,MP10,B4,T3,SGAH,TP33,TU15 TE19,AT,2 (D/E),V11,,CV13 CV28,S9 S19,60
1588,c,"CYANIDES, INORGANIC, SOLID, N.O.S.",,T5,6.1,6.1,III,5 kg,47 274,E1,P002 IBC08 LP02 R001,MP10,B3,T1,SGAH,TP33,TU15 TE19,AT,2 (E),,VC1 VC2 AP7,CV13 CV28,S9,60
1589,,"CYANOGEN CHLORIDE, STABILIZED",,2TC,2,2.3+8,,0,386 676,E0,P200,MP9,,,,,,,1 (D),V8,,CV9 CV10 CV36,S4 S14,
1590,,"DICHLOROANILINES, LIQUID",,T1,6.1,6.1,II,100 mL,279,E4,P001 IBC02,MP15,,T7,L4BH,TP2,TU15 TE19,AT,2 (D/E),,,CV13 CV28,S9 S19,60
1591,,o-DICHLOROBENZENE,,T1,6.1,6.1,III,5 L,279,E1,P001 IBC03 LP01 R001,MP19,,T4,L4BH,TP1,TU15 TE19,AT,2 (E),V12,,CV13 CV28,S9,60
1593,,DICHLOROMETHANE,,T1,6.1,6.1,III,5 L,516,E1,P001 IBC03 LP01 R001,MP19,B8,T7,L4BH,TP2,TU15 TE19,AT,2 (E),V12,,CV13 CV28,S9,60
1594,,DIETHYL SULPHATE,,T1,6.1,6.1,II,100 mL,,E4,P001 IBC02,MP15,,T7,L4BH,TP2,TU15 TE19,AT,2 (D/E),,,CV13 CV28,S9 S19,60
1595,,DIMETHYL SULPHATE,,TC1,6.1,6.1+8,I,0,354,E0,P602,MP8 MP17,,T20,L10CH,TP2,TU14 TU15 TE19 TE21,AT,1 (C/D),,,CV1 CV13 CV28,S9 S14,668
1596,,DINITROANILINES,,T2,6.1,6.1,II,500 g,,E4,P002 IBC08,MP10,B4,T3,SGAH L4BH,TP33,TU15 TE19,AT,2 (D/E),V11,,CV13 CV28,S9 S19,60
1597,a,"DINITROBENZENES, LIQUID",,T1,6.1,6.1,II,100 mL,,E4,P001 IBC02,MP15,,T7,L4BH,TP2,TU15 TE19,AT,2 (D/E),,,CV13 CV28,S9 S19,60
1597,b,"DINITROBENZENES, LIQUID",,T1,6.1,6.1,III,5 L,,E1,P001 IBC03 LP01 R001,MP19,,T7,L4BH,TP2,TU15 TE19,AT,2 (E),V12,,CV13 CV28,S9,60
1598,,DINITRO-o-CRESOL,,T2,6.1,6.1,II,500 g,43,E4,P002 IBC08,MP10,B4,T3,SGAH L4BH,TP33,TU15 TE19,AT,2 (D/E),V11,,CV13 CV28,S9 S19,60
1599,a,DINITROPHENOL SOLUTION,,T1,6.1,6.1,II,100 mL,,E4,P001 IBC02,MP15,,T7,L4BH,TP2,TU15 TE19,AT,2 (D/E),,,CV13 CV28,S9 S19,60
1599,b,DINITROPHENOL SOLUTION,,T1,6.1,6.1,III,5 L,,E1,P001 IBC03 LP01 R001,MP19,,T4,L4BH,TP1,TU15 TE19,AT,2 (E),V12,,CV13 CV28,S9,60
1600,,"DINITROTOLUENES, MOLTEN",,T1,6.1,6.1,II,0,,E0,,,,T7,L4BH,TP3,TU15 TE19,AT,0 (D/E),,,CV13,S9 S19,60
1601,a,"DISINFECTANT, SOLID, TOXIC, N.O.S.",,T2,6.1,6.1,I,0,274,E5,P002 IBC07,MP18,,T6,S10AH L10CH,TP33,TU15 TE19,AT,1 (C/E),V10,,CV1 CV13 CV28,S9 S14,66
1601,b,"DISINFECTANT, SOLID, TOXIC, N.O.S.",,T2,6.1,6.1,II,500 g,274,E4,P002 IBC08,MP10,B4,T3,SGAH L4BH,TP33,TU15 TE19,AT,2 (D/E),V11,,CV13 CV28,S9 S19,60
1601,c,"DISINFECTANT, SOLID, TOXIC, N.O.S.",,T2,6.1,6.1,III,5 kg,274,E1,P002 IBC08 LP02 R001,MP10,B3,T1,SGAH L4BH,TP33,TU15 TE19,AT,2 (E),,VC1 VC2 AP7,CV13 CV28,S9,60
1602,a,"DYE, LIQUID, TOXIC, N.O.S.",,T1,6.1,6.1,I,0,274,E5,P001,MP8 MP17,,,L10CH,,TU14 TU15 TE19 TE21,AT,1 (C/E),,,CV1 CV13 CV28,S9 S14,66
1602,b,"DYE INTERMEDIATE, LIQUID, TOXIC, N.O.S.",,T1,6.1,6.1,I,0,274,E5,P001,MP8 MP17,,,L10CH,,TU14 TU15 TE19 TE21,AT,1 (C/E),,,CV1 CV13 CV28,S9 S14,66
1602,c,"DYE, LIQUID, TOXIC, N.O.S.",,T1,6.1,6.1,II,100 mL,274,E4,P001 IBC02,MP15,,,L4BH,,TU15 TE19,AT,2 (D/E),,,CV13 CV28,S9 S19,60
1602,d,"DYE INTERMEDIATE, LIQUID, TOXIC, N.O.S.",,T1,6.1,6.1,II,100 mL,274,E4,P001 IBC02,MP15,,,L4BH,,TU15 TE19,AT,2 (D/E),,,CV13 CV28,S9 S19,60
1602,e,"DYE, LIQUID, TOXIC, N.O.S.",,T1,6.1,6.1,III,5 L,274,E1,P001 IBC03 LP01 R001,MP19,,,L4BH,,TU15 TE19,AT,2 (E),V12,,CV13 CV28,S9,60
1602,f,"DYE INTERMEDIATE, LIQUID, TOXIC, N.O.S.",,T1,6.1,6.1,III,5 L,274,E1,P001 IBC03 LP01 R001,MP19,,,L4BH,,TU15 TE19,AT,2 (E),V12,,CV13 CV28,S9,60
1603,,ETHYL BROMOACETATE,,TF1,6.1,6.1+3,II,100 mL,,E0,P001 IBC02,MP15,,T7,L4BH,TP2,TU15 TE19,FL,2 (D/E),,,CV13 CV28,S2 S9 S19,63
1604,,ETHYLENEDIAMINE,,CF1,8,8+3,II,1 L,,E2,P001 IBC02,MP15,,T7,L4BN,TP2,,FL,2 (D/E),,,,S2,83
1605,,ETHYLENE DIBROMIDE,,T1,6.1,6.1,I,0,354,E0,P602,MP8 MP17,,T20,L10CH,TP2,TU14 TU15 TE19 TE21,AT,1 (C/D),,,CV1 CV13 CV28,S9 S14,66
1606,,FERRIC ARSENATE,,T5,6.1,6.1,II,500 g,,E4,P002 IBC08,MP10,B4,T3,SGAH,TP33,TU15 TE19,AT,2 (D/E),V11,,CV13 CV28,S9 S19,60
1607,,FERRIC ARSENITE,,T5,6.1,6.1,II,500 g,,E4,P002 IBC08,MP10,B4,T3,SGAH,TP33,TU15 TE19,AT,2 (D/E),V11,,CV13 CV28,S9 S19,60
1608,,FERROUS ARSENATE,,T5,6.1,6.1,II,500 g,,E4,P002 IBC08,MP10,B4,T3,SGAH,TP33,TU15 TE19,AT,2 (D/E),V11,,CV13 CV28,S9 S19,60
1611,,HEXAETHYL TETRAPHOSPHATE,,T1,6.1,6.1,II,100 mL,,E4,P001 IBC02,MP15,,T7,L4BH,TP2,TU15 TE19,AT,2 (D/E),,,CV13 CV28,S9 S19,60
1612,,HEXAETHYL TETRAPHOSPHATE AND COMPRESSED GAS MIXTURE,,1T,2,2.3,,0,,E0,P200,MP9,,(M),CxBH(M),,TA4 TT9,AT,1 (C/D),,,CV9 CV10 CV36,S14,26
1613,a,"HYDROCYANIC ACID, AQUEOUS SOLUTION",with not more than 20% hydrogen cyanide,TF1,6.1,6.1+3,I,0,48,E0,P601,MP8 MP17,,T14,L15DH(+),TP2,TU14 TU15 TE19 TE21,FL,0 (C/D),,,CV1 CV13 CV28,S2 S9 S14,663
1613,b,"HYDROGEN CYANIDE, AQUEOUS SOLUTION",with not more than 20% hydrogen cyanide,TF1,6.1,6.1+3,I,0,48,E0,P601,MP8 MP17,,T14,L15DH(+),TP2,TU14 TU15 TE19 TE21,FL,0 (C/D),,,CV1 CV13 CV28,S2 S9 S14,663
1614,,"HYDROGEN CYANIDE, STABILIZED",containing less than 3% water and absorbed in a porous inert material,TF1,6.1,6.1+3,I,0,386 603 676,E0,P099 P601,MP2,RR10,,,,,,0 (D),V8,,CV1 CV13 CV28,S2 S4 S9 S10 S14,
1616,,LEAD ACETATE,,T5,6.1,6.1,III,5 kg,,E1,P002 IBC08 LP02 R001,MP10,B3,T1,SGAH L4BH,TP33,TU15 TE19,AT,2 (E),,VC1 VC2 AP7,CV13 CV28,S9,60
1617,,LEAD ARSENATES,,T5,6.1,6.1,II,500 g,,E4,P002 IBC08,MP10,B4,T3,SGAH,TP33,TU15 TE19,AT,2 (D/E),V11,,CV13 CV28,S9 S19,60
1618,,LEAD ARSENITES,,T5,6.1,6.1,II,500 g,,E4,P002 IBC08,MP10,B4,T3,SGAH,TP33,TU15 TE19,AT,2 (D/E),V11,,CV13 CV28,S9 S19,60
1620,,LEAD CYANIDE,,T5,6.1,6.1,II,500 g,,E4,P002 IBC08,MP10,B4,T3,SGAH,TP33,TU15 TE19,AT,2 (D/E),V11,,CV13 CV28,S9 S19,60
1621,,LONDON PURPLE,,T5,6.1,6.1,II,500 g,43,E4,P002 IBC08,MP10,B4,T3,SGAH,TP33,TU15 TE19,AT,2 (D/E),V11,,CV13 CV28,S9 S19,60
1622,,MAGNESIUM ARSENATE,,T5,6.1,6.1,II,500 g,,E4,P002 IBC08,MP10,B4,T3,SGAH,TP33,TU15 TE19,AT,2 (D/E),V11,,CV13 CV28,S9 S19,60
1623,,MERCURIC ARSENATE,,T5,6.1,6.1,II,500 g,,E4,P002 IBC08,MP10,B4,T3,SGAH,TP33,TU15 TE19,AT,2 (D/E),V11,,CV13 CV28,S9 S19,60
1624,,MERCURIC CHLORIDE,,T5,6.1,6.1,II,500 g,,E4,P002 IBC08,MP10,B4,T3,SGAH,TP33,TU15 TE19,AT,2 (D/E),V11,,CV13 CV28,S9 S19,60
1625,,MERCURIC NITRATE,,T5,6.1,6.1,II,500 g,,E4,P002 IBC08,MP10,B4,T3,SGAH,TP33,TU15 TE19,AT,2 (D/E),V11,,CV13 CV28,S9 S19,60
1626,,MERCURIC POTASSIUM CYANIDE,,T5,6.1,6.1,I,0,,E5,P002 IBC07,MP18,,T6,S10AH,TP33,TU15 TE19,AT,1 (C/E),V10,,CV1 CV13 CV28,S9 S14,66
1627,,MERCUROUS NITRATE,,T5,6.1,6.1,II,500 g,,E4,P002 IBC08,MP10,B4,T3,SGAH,TP33,TU15 TE19,AT,2 (D/E),V11,,CV13 CV28,S9 S19,60
1629,,MERCURY ACETATE,,T5,6.1,6.1,II,500 g,,E4,P002 IBC08,MP10,B4,T3,SGAH,TP33,TU15 TE19,AT,2 (D/E),V11,,CV13 CV28,S9 S19,60
1630,,MERCURY AMMONIUM CHLORIDE,,T5,6.1,6.1,II,500 g,,E4,P002 IBC08,MP10,B4,T3,SGAH,TP33,TU15 TE19,AT,2 (D/E),V11,,CV13 CV28,S9 S19,60
1631,,MERCURY BENZOATE,,T5,6.1,6.1,II,500 g,,E4,P002 IBC08,MP10,B4,T3,SGAH,TP33,TU15 TE19,AT,2 (D/E),V11,,CV13 CV28,S9 S19,60
1634,,MERCURY BROMIDES,,T5,6.1,6.1,II,500 g,,E4,P002 IBC08,MP10,B4,T3,SGAH,TP33,TU15 TE19,AT,2 (D/E),V11,,CV13 CV28,S9 S19,60
1636,,MERCURY CYANIDE,,T5,6.1,6.1,II,500 g,,E4,P002 IBC08,MP10,B4,T3,SGAH,TP33,TU15 TE19,AT,2 (D/E),V11,,CV13 CV28,S9 S19,60
1637,,MERCURY GLUCONATE,,T5,6.1,6.1,II,500 g,,E4,P002 IBC08,MP10,B4,T3,SGAH,TP33,TU15 TE19,AT,2 (D/E),V11,,CV13 CV28,S9 S19,60
1638,,MERCURY IODIDE,,T5,6.1,6.1,II,500 g,,E4,P002 IBC08,MP10,B4,T3,SGAH,TP33,TU15 TE19,AT,2 (D/E),V11,,CV13 CV28,S9 S19,60
1639,,MERCURY NUCLEATE,,T5,6.1,6.1,II,500 g,,E4,P002 IBC08,MP10,B4,T3,SGAH,TP33,TU15 TE19,AT,2 (D/E),V11,,CV13 CV28,S9 S19,60
1640,,MERCURY OLEATE,,T5,6.1,6.1,II,500 g,,E4,P002 IBC08,MP10,B4,T3,SGAH,TP33,TU15 TE19,AT,2 (D/E),V11,,CV13 CV28,S9 S19,60
1641,,MERCURY OXIDE,,T5,6.1,6.1,II,500 g,,E4,P002 IBC08,MP10,B4,T3,SGAH,TP33,TU15 TE19,AT,2 (D/E),V11,,CV13 CV28,S9 S19,60
1642,,"MERCURY OXYCYANIDE, DESENSITIZED",,T5,6.1,6.1,II,500 g,,E4,P002 IBC08,MP10,B4,T3,SGAH,TP33,TU15 TE19,AT,2 (D/E),V11,,CV13 CV28,S9 S19,60
1643,,MERCURY POTASSIUM IODIDE,,T5,6.1,6.1,II,500 g,,E4,P002 IBC08,MP10,B4,T3,SGAH,TP33,TU15 TE19,AT,2 (D/E),V11,,CV13 CV28,S9 S19,60
1644,,MERCURY SALICYLATE,,T5,6.1,6.1,II,500 g,,E4,P002 IBC08,MP10,B4,T3,SGAH,TP33,TU15 TE19,AT,2 (D/E),V11,,CV13 CV28,S9 S19,60
1645,,MERCURY SULPHATE,,T5,6.1,6.1,II,500 g,,E4,P002 IBC08,MP10,B4,T3,SGAH,TP33,TU15 TE19,AT,2 (D/E),V11,,CV13 CV28,S9 S19,60
1646,,MERCURY THIOCYANATE,,T5,6.1,6.1,II,500 g,,E4,P002 IBC08,MP10,B4,T3,SGAH,TP33,TU15 TE19,AT,2 (D/E),V11,,CV13 CV28,S9 S19,60
1647,,"METHYL BROMIDE AND ETHYLENE DIBROMIDE MIXTURE, LIQUID",,T1,6.1,6.1,I,0,354,E0,P602,MP8 MP17,,T20,L10CH,TP2,TU14 TU15 TE19 TE21,AT,1 (C/D),,,CV1 CV13 CV28,S9 S14,66
1648,,ACETONITRILE,,F1,3,3,II,1 L,,E2,P001 IBC02 R001,MP19,,T7,LGBF,TP2,,FL,2 (D/E),,,,S2 S20,33
1649,,MOTOR FUEL ANTI-KNOCK MIXTURE,,T3,6.1,6.1,I,0,,E0,P602,MP8 MP17,,T14,L10CH,TP2,TU14 TU15 TE19 TE21 TT6,AT,1 (C/E),,,CV1 CV13 CV28,S9 S14,66
1650,,"beta-NAPHTHYLAMINE, SOLID",,T2,6.1,6.1,II,500 g,,E4,P002 IBC08,MP10,B4,T3,SGAH L4BH,TP33,TU15 TE19,AT,2 (D/E),V11,,CV13 CV28,S9 S19,60
1651,,NAPHTHYLTHIOUREA,,T2,6.1,6.1,II,500 g,43,E4,P002 IBC08,MP10,B4,T3,SGAH,TP33,TU15 TE19,AT,2 (D/E),V11,,CV13 CV28,S9 S19,60
1652,,NAPHTHYLUREA,,T2,6.1,6.1,II,500 g,,E4,P002 IBC08,MP10,B4,T3,SGAH,TP33,TU15 TE19,AT,2 (D/E),V11,,CV13 CV28,S9 S19,60
1653,,NICKEL CYANIDE,,T5,6.1,6.1,II,500 g,,E4,P002 IBC08,MP10,B4,T3,SGAH L4BH,TP33,TU15 TE19,AT,2 (D/E),V11,,CV13 CV28,S9 S19,60
1654,,NICOTINE,,T1,6.1,6.1,II,100 mL,,E4,P001 IBC02,MP15,,,L4BH,,TU15 TE19,AT,2 (D/E),,,CV13 CV28,S9 S19,60
1655,a,"NICOTINE COMPOUND, SOLID, N.O.S.",,T2,6.1,6.1,I,0,43 274,E5,P002 IBC07,MP18,,T6,S10AH L10CH,TP33,TU15 TE19,AT,1 (C/E),V10,,CV1 CV13 CV28,S9 S14,66
1655,b,"NICOTINE PREPARATION, SOLID, N.O.S.",,T2,6.1,6.1,I,0,43 274,E5,P002 IBC07,MP18,,T6,S10AH L10CH,TP33,TU15 TE19,AT,1 (C/E),V10,,CV1 CV13 CV28,S9 S14,66
1655,c,"NICOTINE COMPOUND, SOLID, N.O.S.",,T2,6.1,6.1,II,500 g,43 274,E4,P002 IBC08,MP10,B4,T3,SGAH L4BH,TP33,TU15 TE19,AT,2 (D/E),V11,,CV13 CV28,S9 S19,60
1655,d,"NICOTINE PREPARATION, SOLID, N.O.S.",,T2,6.1,6.1,II,500 g,43 274,E4,P002 IBC08,MP10,B4,T3,SGAH L4BH,TP33,TU15 TE19,AT,2 (D/E),V11,,CV13 CV28,S9 S19,60
1655,e,"NICOTINE COMPOUND, SOLID, N.O.S.",,T2,6.1,6.1,III,5 kg,43 274,E1,P002 IBC08 LP02 R001,MP10,B3,T1,SGAH L4BH,TP33,TU15 TE19,AT,2 (E),,VC1 VC2 AP7,CV13 CV28,S9,60
1655,f,"NICOTINE PREPARATION, SOLID, N.O.S.",,T2,6.1,6.1,III,5 kg,43 274,E1,P002 IBC08 LP02 R001,MP10,B3,T1,SGAH L4BH,TP33,TU15 TE19,AT,2 (E),,VC1 VC2 AP7,CV13 CV28,S9,60
1656,a,"NICOTINE HYDROCHLORIDE, LIQUID",,T1,6.1,6.1,II,100 mL,43,E4,P001 IBC02,MP15,,,L4BH,,TU15 TE19,AT,2 (D/E),,,CV13 CV28,S9 S19,60
1656,b,NICOTINE HYDROCHLORIDE SOLUTION,,T1,6.1,6.1,II,100 mL,43,E4,P001 IBC02,MP15,,,L4BH,,TU15 TE19,AT,2 (D/E),,,CV13 CV28,S9 S19,60
1656,c,"NICOTINE HYDROCHLORIDE, LIQUID",,T1,6.1,6.1,III,5 L,43,E1,P001 IBC03 LP01 R001,MP19,,,L4BH,,TU15 TE19,AT,2 (E),V12,,CV13 CV28,S9,60
1656,d,NICOTINE HYDROCHLORIDE SOLUTION,,T1,6.1,6.1,III,5 L,43,E1,P001 IBC03 LP01 R001,MP19,,,L4BH,,TU15 TE19,AT,2 (E),V12,,CV13 CV28,S9,60
1657,,NICOTINE SALICYLATE,,T2,6.1,6.1,II,500 g,,E4,P002 IBC08,MP10,B4,T3,SGAH L4BH,TP33,TU15 TE19,AT,2 (D/E),V11,,CV13 CV28,S9 S19,60
1658,a,"NICOTINE SULPHATE, SOLUTION",,T1,6.1,6.1,II,100 mL,,E4,P001 IBC02,MP15,,T7,L4BH,TP2,TU15 TE19,AT,2 (D/E),,,CV13 CV28,S9 S19,60
1658,b,"NICOTINE SULPHATE, SOLUTION",,T1,6.1,6.1,III,5 L,,E1,P001 IBC03 LP01 R001,MP19,,T7,L4BH,TP2,TU15 TE19,AT,2 (E),V12,,CV13 CV28,S9,60
1659,,NICOTINE TARTRATE,,T2,6.1,6.1,II,500 g,,E4,P002 IBC08,MP10,B4,T3,SGAH L4BH,TP33,TU15 TE19,AT,2 (D/E),V11,,CV13 CV28,S9 S19,60
1660,,"NITRIC OXIDE, COMPRESSED",,1TOC,2,2.3+5.1+8,,0,,E0,P200,MP9,,,,,,,1 (D),,,CV9 CV10 CV36,S14,
1661,,NITROANILINES,"(o-, m-, p-)",T2,6.1,6.1,II,500 g,279,E4,P002 IBC08,MP10,B4,T3,SGAH L4BH,TP33,TU15 TE19,AT,2 (D/E),V11,,CV13 CV28,S9 S19,60
1662,,NITROBENZENE,,T1,6.1,6.1,II,100 mL,279,E4,P001 IBC02,MP15,,T7,L4BH,TP2,TU15 TE19,AT,2 (D/E),,,CV13 CV28,S9 S19,60
1663,,NITROPHENOLS,"(o-, m-, p-)",T2,6.1,6.1,III,5 kg,279,E1,P002 IBC08 LP02 R001,MP10,B3,T1,SGAH L4BH,TP33,TU15 TE19,AT,2 (E),,VC1 VC2 AP7,CV13 CV28,S9,60
1664,,"NITROTOLUENES, LIQUID",,T1,6.1,6.1,II,100 mL,,E4,P001 IBC02,MP15,,T7,L4BH,TP2,TU15 TE19,AT,2 (D/E),,,CV13 CV28,S9 S19,60
1665,,"NITROXYLENES, LIQUID",,T1,6.1,6.1,II,100 mL,,E4,P001 IBC02,MP15,,T7,L4BH,TP2,TU15 TE19,AT,2 (D/E),,,CV13 CV28,S9 S19,60
1669,,PENTACHLOROETHANE,,T1,6.1,6.1,II,100 mL,,E4,P001 IBC02,MP15,,T7,L4BH,TP2,TU15 TE19,AT,2 (D/E),,,CV13 CV28,S9 S19,60
1670,,PERCHLOROMETHYL MERCAPTAN,,T1,6.1,6.1,I,0,354,E0,P602,MP8 MP17,,T20,L10CH,TP2,TU14 TU15 TE19 TE21,AT,1 (C/D),,,CV1 CV13 CV28,S9 S14,66
1671,,"PHENOL, SOLID",,T2,6.1,6.1,II,500 g,279,E4,P002 IBC08,MP10,B4,T3,SGAH,TP33,TU15 TE19,AT,2 (D/E),V11,,CV13 CV28,S9 S19,60
1672,,PHENYLCARBYLAMINE CHLORIDE,,T1,6.1,6.1,I,0,,E0,P602,MP8 MP17,,T14,L10CH,TP2,TU14 TU15 TE19 TE21,AT,1 (C/E),,,CV1 CV13 CV28,S9 S14,66
1673,,PHENYLENEDIAMINES,"(o-, m-, p-)",T2,6.1,6.1,III,5 kg,279,E1,P002 IBC08 LP02 R001,MP10,B3,T1,SGAH L4BH,TP33,TU15 TE19,AT,2 (E),,VC1 VC2 AP7,CV13 CV28,S9,60
1674,,PHENYLMERCURIC ACETATE,,T3,6.1,6.1,II,500 g,43,E4,P002 IBC08,MP10,B4,T3,SGAH L4BH,TP33,TU15 TE19,AT,2 (D/E),V11,,CV13 CV28,S9 S19,60
1677,,POTASSIUM ARSENATE,,T5,6.1,6.1,II,500 g,,E4,P002 IBC08,MP10,B4,T3,SGAH,TP33,TU15 TE19,AT,2 (D/E),V11,,CV13 CV28,S9 S19,60
1678,,POTASSIUM ARSENITE,,T5,6.1,6.1,II,500 g,,E4,P002 IBC08,MP10,B4,T3,SGAH,TP33,TU15 TE19,AT,2 (D/E),V11,,CV13 CV28,S9 S19,60
1679,,POTASSIUM CUPROCYANIDE,,T5,6.1,6.1,II,500 g,,E4,P002 IBC08,MP10,B4,T3,SGAH,TP33,TU15 TE19,AT,2 (D/E),V11,,CV13 CV28,S9 S19,60
1680,,"POTASSIUM CYANIDE, SOLID",,T5,6.1,6.1,I,0,,E5,P002 IBC07,MP18,,T6,S10AH,TP33,TU15 TE19,AT,1 (C/E),V10,,CV1 CV13 CV28,S9 S14,66
1683,,SILVER ARSENITE,,T5,6.1,6.1,II,500 g,,E4,P002 IBC08,MP10,B4,T3,SGAH,TP33,TU15 TE19,AT,2 (D/E),V11,,CV13 CV28,S9 S19,60
1684,,SILVER CYANIDE,,T5,6.1,6.1,II,500 g,,E4,P002 IBC08,MP10,B4,T3,SGAH,TP33,TU15 TE19,AT,2 (D/E),V11,,CV13 CV28,S9 S19,60
1685,,SODIUM ARSENATE,,T5,6.1,6.1,II,500 g,,E4,P002 IBC08,MP10,B4,T3,SGAH,TP33,TU15 TE19,AT,2 (D/E),V11,,CV13 CV28,S9 S19,60
1686,a,"SODIUM ARSENITE, AQUEOUS SOLUTION",,T4,6.1,6.1,II,100 mL,43,E4,P001 IBC02,MP15,,T7,L4BH,TP2,TU15 TE19,AT,2 (D/E),,,CV13 CV28,S9 S19,60
1686,b,"SODIUM ARSENITE, AQUEOUS SOLUTION",,T4,6.1,6.1,III,5 L,43,E1,P001 IBC03 LP01 R001,MP19,,T4,L4BH,TP2,TU15 TE19,AT,2 (E),V12,,CV13 CV28,S9,60
1687,,SODIUM AZIDE,,T5,6.1,6.1,II,500 g,,E4,P002 IBC08,MP10,B4,,,,,,2 (E),V11,,CV13 CV28,S9 S19,
1688,,SODIUM CACODYLATE,,T5,6.1,6.1,II,500 g,,E4,P002 IBC08,MP10,B4,T3,SGAH,TP33,TU15 TE19,AT,2 (D/E),V11,,CV13 CV28,S9 S19,60
1689,,"SODIUM CYANIDE, SOLID",,T5,6.1,6.1,I,0,,E5,P002 IBC07,MP18,,T6,S10AH,TP33,TU15 TE19,AT,1 (C/E),V10,,CV1 CV13 CV28,S9 S14,66
1690,,"SODIUM FLUORIDE, SOLID",,T5,6.1,6.1,III,5 kg,,E1,P002 IBC08 LP02 R001,MP10,B3,T1,SGAH,TP33,TU15 TE19,AT,2 (E),,VC1 VC2 AP7,CV13 CV28,S9,60
1691,,STRONTIUM ARSENITE,,T5,6.1,6.1,II,500 g,,E4,P002 IBC08,MP10,B4,T3,SGAH,TP33,TU15 TE19,AT,2 (D/E),V11,,CV13 CV28,S9 S19,60
1692,a,STRYCHNINE,,T2,6.1,6.1,I,0,,E5,P002 IBC07,MP18,,T6,S10AH,TP33,TU15 TE19,AT,1 (C/E),V10,,CV1 CV13 CV28,S9 S14,66
1692,b,STRYCHNINE SALTS,,T2,6.1,6.1,I,0,,E5,P002 IBC07,MP18,,T6,S10AH,TP33,TU15 TE19,AT,1 (C/E),V10,,CV1 CV13 CV28,S9 S14,66
1693,a,"TEAR GAS SUBSTANCE, LIQUID, N.O.S.",,T1,6.1,6.1,I,0,274,E0,P001,MP8 MP17,,,L10CH,,TU14 TU15 TE19 TE21,AT,1 (C/E),,,CV1 CV13 CV28,S9 S14,66
1693,b,"TEAR GAS SUBSTANCE, LIQUID, N.O.S.",,T1,6.1,6.1,II,0,274,E0,P001 IBC02,MP15,,,L4BH,,TU15 TE19,AT,2 (D/E),,,CV13 CV28,S9 S19,60
1694,,"BROMOBENZYL CYANIDES, LIQUID",,T1,6.1,6.1,I,0,138,E0,P001,MP8 MP17,,T14,L10CH,TP2,TU14 TU15 TE19 TE21,AT,1 (C/E),,,CV1 CV13 CV28,S9 S14,66
1695,,"CHLOROACETONE, STABILIZED",,TFC,6.1,6.1+3+8,I,0,354,E0,P602,MP8 MP17,,T20,L10CH,TP2,TU14 TU15 TE19 TE21,FL,1 (C/D),,,CV1 CV13 CV28,S2 S9 S14,663
1697,,"CHLOROACETOPHENONE, SOLID",,T2,6.1,6.1,II,0,,E0,P002 IBC08,MP10,B4,T3,SGAH L4BH,TP33,TU15 TE19,AT,2 (D/E),V11,,CV13 CV28,S9 S19,60
1698,,DIPHENYLAMINE CHLOROARSINE,,T3,6.1,6.1,I,0,,E0,P002,MP18,,T6,S10AH,TP33,TU15 TE19,AT,1 (C/E),,,CV1 CV13 CV28,S9 S14,66
1699,,"DIPHENYLCHLOROARSINE, LIQUID",,T3,6.1,6.1,I,0,,E0,P001,MP8 MP17,,,L10CH,,TU14 TU15 TE19 TE21,AT,1 (C/E),,,CV1 CV13 CV28,S9 S14,66
1700,,TEAR GAS CANDLES,,TF3,6.1,6.1+4.1,,0,,E0,P600,,,,,,,,2 (E),,,CV13 CV28,S9 S19,
1701,,"XYLYL BROMIDE, LIQUID",,T1,6.1,6.1,II,0,,E0,P001 IBC02,MP15,,T7,L4BH,TP2,TU15 TE19,AT,2 (D/E),,,CV13 CV28,S9 S19,60
1702,,"1,1,2,2-TETRACHLOROETHANE",,T1,6.1,6.1,II,100 mL,,E4,P001 IBC02,MP15,,T7,L4BH,TP2,TU15 TE19,AT,2 (D/E),,,CV13 CV28,S9 S19,60
1704,,TETRAETHYL DITHIOPYROPHOSPHATE,,T1,6.1,6.1,II,100 mL,43,E4,P001 IBC02,MP15,,T7,L4BH,TP2,TU15 TE19,AT,2 (D/E),,,CV13 CV28,S9 S19,60
1707,,"THALLIUM COMPOUND, N.O.S.",,T5,6.1,6.1,II,500 g,43 274,E4,P002 IBC08,MP10,B4,T3,SGAH L4BH,TP33,TU15 TE19,AT,2 (D/E),V11,,CV13 CV28,S9 S19,60
1708,,"TOLUIDINES, LIQUID",,T1,6.1,6.1,II,100 mL,279,E4,P001 IBC02,MP15,,T7,L4BH,TP2,TU15 TE19,AT,2 (D/E),,,CV13 CV28,S9 S19,60
1709,,"2,4-TOLUYLENEDIAMINE, SOLID",,T2,6.1,6.1,III,5 kg,,E1,P002 IBC08 LP02 R001,MP10,B3,T1,SGAH L4BH,TP33,TU15 TE19,AT,2 (E),,VC1 VC2 AP7,CV13 CV28,S9,60
1710,,TRICHLOROETHYLENE,,T1,6.1,6.1,III,5 L,,E1,P001 IBC03 LP01 R001,MP19,,T4,L4BH,TP1,TU15 TE19,AT,2 (E),V12,,CV13 CV28,S9,60
1711,,"XYLIDINES, LIQUID",,T1,6.1,6.1,II,100 mL,,E4,P001 IBC02,MP15,,T7,L4BH,TP2,TU15 TE19,AT,2 (D/E),,,CV13 CV28,S9 S19,60
1712,a,ZINC ARSENATE,,T5,6.1,6.1,II,500 g,,E4,P002 IBC08,MP10,B4,T3,SGAH,TP33,TU15 TE19,AT,2 (D/E),V11,,CV13 CV28,S9 S19,60
1712,b,ZINC ARSENITE,,T5,6.1,6.1,II,500 g,,E4,P002 IBC08,MP10,B4,T3,SGAH,TP33,TU15 TE19,AT,2 (D/E),V11,,CV13 CV28,S9 S19,60
1712,c,ZINC ARSENATE AND ZINC ARSENITE MIXTURE,,T5,6.1,6.1,II,500 g,,E4,P002 IBC08,MP10,B4,T3,SGAH,TP33,TU15 TE19,AT,2 (D/E),V11,,CV13 CV28,S9 S19,60
1713,,ZINC CYANIDE,,T5,6.1,6.1,I,0,,E5,P002 IBC07,MP18,,T6,S10AH,TP33,TU15 TE19,AT,1 (C/E),V10,,CV1 CV13 CV28,S9 S14,66
1714,,ZINC PHOSPHIDE,,WT2,4.3,4.3+6.1,I,0,,E0,P403,MP2,,,,,,,1 (E),V1,,CV23 CV28,S14,
1715,,ACETIC ANHYDRIDE,,CF1,8,8+3,II,1 L,,E2,P001 IBC02,MP15,,T7,L4BN,TP2,,FL,2 (D/E),,,,S2,83
1716,,ACETYL BROMIDE,,C3,8,8,II,1 L,,E2,P001 IBC02,MP15,,T8,L4BN,TP2,,AT,2 (E),,,,,80
1717,,ACETYL CHLORIDE,,FC,3,3+8,II,1 L,,E2,P001 IBC02,MP19,,T8,L4BH,TP2,,FL,2 (D/E),,,,S2 S20,X338
1718,,BUTYL ACID PHOSPHATE,,C3,8,8,III,5 L,,E1,P001 IBC03 LP01 R001,MP19,,T4,L4BN,TP1,,AT,3 (E),V12,,,,80
1719,a,"CAUSTIC ALKALI LIQUID, N.O.S.",,C5,8,8,II,1 L,274,E2,P001 IBC02,MP15,,T11,L4BN,TP2 TP27,,AT,2 (E),,,,,80
1719,b,"CAUSTIC ALKALI LIQUID, N.O.S.",,C5,8,8,III,5 L,274,E1,P001 IBC03 R001,MP19,,T7,L4BN,TP1 TP28,,AT,3 (E),V12,,,,80
1722,,ALLYL CHLOROFORMATE,,TFC,6.1,6.1+3+8,I,0,,E0,P001,MP8 MP17,,T14,L10CH,TP2,TU14 TU15 TE19 TE21,FL,1 (C/D),,,CV1 CV13 CV28,S2 S9 S14,668
1723,,ALLYL IODIDE,,FC,3,3+8,II,1 L,,E2,P001 IBC02,MP19,,T7,L4BH,TP2,,FL,2 (D/E),,,,S2 S20,338
1724,,"ALLYLTRICHLOROSILANE, STABILIZED",,CF1,8,8+3,II,0,386 676,E0,P010,MP15,,T10,L4BN,TP2 TP7,,FL,2 (D/E),V8,,,S2 S4,X839
1725,,"ALUMINIUM BROMIDE, ANHYDROUS",,C2,8,8,II,1 kg,588,E2,P002 IBC08,MP10,B4,T3,SGAN,TP33,,AT,2 (E),V11,,,,80
1726,,"ALUMINIUM CHLORIDE, ANHYDROUS",,C2,8,8,II,1 kg,588,E2,P002 IBC08,MP10,B4,T3,SGAN,TP33,,AT,2 (E),V11,,,,80
1727,,"AMMONIUM HYDROGENDIFLUORIDE, SOLID",,C2,8,8,II,1 kg,,E2,P002 IBC08,MP10,B4,T3,SGAN,TP33,,AT,2 (E),V11,,,,80
1728,,AMYLTRICHLOROSILANE,,C3,8,8,II,0,,E0,P010,MP15,,T10,L4BN,TP2 TP7,,AT,2 (E),,,,,X80
1729,,ANISOYL CHLORIDE,,C4,8,8,II,1 kg,,E2,P002 IBC08,MP10,B4,T3,SGAN L4BN,TP33,,AT,2 (E),V11,,,,80
1730,,"ANTIMONY PENTACHLORIDE, LIQUID",,C1,8,8,II,1 L,,E2,P001 IBC02,MP15,,T7,L4BN,TP2,,AT,2 (E),,,,,X80
1731,a,ANTIMONY PENTACHLORIDE SOLUTION,,C1,8,8,II,1 L,,E2,P001 IBC02,MP15,,T7,L4BN,TP2,,AT,2 (E),,,,,80
1731,b,ANTIMONY PENTACHLORIDE SOLUTION,,C1,8,8,III,5 L,,E1,P001 IBC03 LP01 R001,MP19,,T4,L4BN,TP1,,AT,3 (E),V12,,,,80
1732,,ANTIMONY PENTAFLUORIDE,,CT1,8,8+6.1,II,1 L,,E0,P001 IBC02,MP15,,T7,L4BN,TP2,,AT,2 (E),,,CV13 CV28,,86
1733,,ANTIMONY TRICHLORIDE,,C2,8,8,II,1 kg,,E2,P002 IBC08,MP10,B4,T3,SGAN L4BN,TP33,,AT,2 (E),V11,,,,80
1736,,BENZOYL CHLORIDE,,C3,8,8,II,1 L,,E2,P001 IBC02,MP15,,T8,L4BN,TP2,,AT,2 (E),,,,,80
1737,,BENZYL BROMIDE,,TC1,6.1,6.1+8,II,0,,E4,P001 IBC02,MP15,,T8,L4BH,TP2,TU15 TE19,AT,2 (D/E),,,CV13 CV28,S9 S19,68
1738,,BENZYL CHLORIDE,,TC1,6.1,6.1+8,II,0,,E4,P001 IBC02,MP15,,T8,L4BH,TP2,TU15 TE19,AT,2 (D/E),,,CV13 CV28,S9 S19,68
1739,,BENZYL CHLOROFORMATE,,C9,8,8,I,0,,E0,P001,MP8 MP17,,T10,L10BH,TP2,,AT,1 (E),,,,S20,88
1740,a,"HYDROGENDIFLUORIDES, SOLID, N.O.S.",,C2,8,8,II,1 kg,517,E2,P002 IBC08,MP10,B4,T3,SGAN,TP33,,AT,2 (E),V11,,,,80
1740,b,"HYDROGENDIFLUORIDES, SOLID, N.O.S.",,C2,8,8,III,5 kg,517,E1,P002 IBC08 LP02 R001,MP10,B3,T1,SGAV,TP33,,AT,3 (E),,VC1 VC2 AP7,,,80
1741,,BORON TRICHLORIDE,,2TC,2,2.3+8,,0,,E0,P200,MP9,,(M),,,,AT,1 (C/D),,,CV9 CV10 CV36,S14,268
1742,,"BORON TRIFLUORIDE ACETIC ACID COMPLEX, LIQUID",,C3,8,8,II,1 L,,E2,P001 IBC02,MP15,,T8,L4BN,TP2,,AT,2 (E),,,,,80
1743,,"BORON TRIFLUORIDE PROPIONIC ACID COMPLEX, LIQUID",,C3,8,8,II,1 L,,E2,P001 IBC02,MP15,,T8,L4BN,TP2,,AT,2 (E),,,,,80
1744,a,BROMINE,,CT1,8,8+6.1,I,0,,E0,P804,MP2,,T22,L21DH(+),TP2 TP10,TU14 TU33 TC5 TE21 TT2 TM3 TM5,AT,1 (C/D),,,CV13 CV28,S14,886
1744,b,BROMINE SOLUTION,,CT1,8,8+6.1,I,0,,E0,P804,MP2,,T22,L21DH(+),TP2 TP10,TU14 TU33 TC5 TE21 TT2 TM3 TM5,AT,1 (C/D),,,CV13 CV28,S14,886
1745,,BROMINE PENTAFLUORIDE,,OTC,5.1,5.1+6.1+8,I,0,,E0,P200,MP2,,T22,L10DH,TP2,TU3,AT,1 (B/E),,,CV24 CV28,S14,568
1746,,BROMINE TRIFLUORIDE,,OTC,5.1,5.1+6.1+8,I,0,,E0,P200,MP2,,T22,L10DH,TP2,TU3,AT,1 (B/E),,,CV24 CV28,S14,568
1747,,BUTYLTRICHLOROSILANE,,CF1,8,8+3,II,0,,E0,P010,MP15,,T10,L4BN,TP2 TP7,,FL,2 (D/E),,,,S2,X83
1748,a,"CALCIUM HYPOCHLORITE, DRY",with more than 39% available chlorine (8.8% available oxygen),O2,5.1,5.1,II,1 kg,314,E2,P002 IBC08,MP10,B4 B13,,SGAN,,TU3,AT,2 (E),V11,,CV24 CV35,,50
1748,b,"CALCIUM HYPOCHLORITE MIXTURE, DRY",with more than 39% available chlorine (8.8% available oxygen),O2,5.1,5.1,II,1 kg,314,E2,P002 IBC08,MP10,B4 B13,,SGAN,,TU3,AT,2 (E),V11,,CV24 CV35,,50
1748,c,"CALCIUM HYPOCHLORITE, DRY",with more than 39% available chlorine (8.8% available oxygen),O2,5.1,5.1,III,5 kg,316,E1,P002 IBC08 R001,MP10,B4 B13,,SGAV,,TU3,AT,3 (E),,,CV24 CV35,,50
1748,d,"CALCIUM HYPOCHLORITE MIXTURE, DRY",with more than 39% available chlorine (8.8% available oxygen),O2,5.1,5.1,III,5 kg,316,E1,P002 IBC08 R001,MP10,B4 B13,,SGAV,,TU3,AT,3 (E),,,CV24 CV35,,50
1749,,CHLORINE TRIFLUORIDE,,2TOC,2,2.3+5.1+8,,0,,E0,P200,MP9,,(M),PxBH(M),,TA4 TT9,AT,1 (C/D),,,CV9 CV10 CV36,S14,265
1750,,CHLOROACETIC ACID SOLUTION,,TC1,6.1,6.1+8,II,100 mL,,E4,P001 IBC02,MP15,,T7,L4BH,TP2,TU15 TE19,AT,2 (D/E),,,CV13 CV28,S9 S19,68
1751,,"CHLOROACETIC ACID, SOLID",,TC2,6.1,6.1+8,II,500 g,,E4,P002 IBC08,MP10,B4,T3,SGAH,TP33,TU15 TE19,AT,2 (D/E),V11,,CV13 CV28,S9 S19,68
1752,,CHLOROACETYL CHLORIDE,,TC1,6.1,6.1+8,I,0,354,E0,P602,MP8 MP17,,T20,L10CH,TP2,TU14 TU15 TE19 TE21,AT,1 (C/D),,,CV1 CV13 CV28,S9 S14,668
1753,,CHLOROPHENYLTRICHLOROSILANE,,C3,8,8,II,0,,E0,P010,MP15,,T10,L4BN,TP2 TP7,,AT,2 (E),,,,,X80
1754,,CHLOROSULPHONIC ACID,(with or without sulphur trioxide),C1,8,8,I,0,,E0,P001,MP8 MP17,,T20,L10BH,TP2,,AT,1 (E),,,,S20,X88
1755,a,CHROMIC ACID SOLUTION,,C1,8,8,II,1 L,518,E2,P001 IBC02,MP15,,T8,L4BN,TP2,TU42,AT,2 (E),,,,,80
1755,b,CHROMIC ACID SOLUTION,,C1,8,8,III,5 L,518,E1,P001 IBC02 LP01 R001,MP19,,T4,L4BN,TP1,TU42,AT,3 (E),,,,,80
1756,,"CHROMIC FLUORIDE, SOLID",,C2,8,8,II,1 kg,,E2,P002 IBC08,MP10,B4,T3,SGAN,TP33,,AT,2 (E),V11,,,,80
1757,a,CHROMIC FLUORIDE SOLUTION,,C1,8,8,II,1 L,,E2,P001 IBC02,MP15,,T7,L4BN,TP2,,AT,2 (E),,,,,80
1757,b,CHROMIC FLUORIDE SOLUTION,,C1,8,8,III,5 L,,E1,P001 IBC03 LP01 R001,MP19,,T4,L4BN,TP1,,AT,3 (E),V12,,,,80
1758,,CHROMIUM OXYCHLORIDE,,C1,8,8,I,0,,E0,P001,MP8 MP17,,T10,L10BH,TP2,,AT,1 (E),,,,S20,X88
1759,a,"CORROSIVE SOLID, N.O.S.",,C10,8,8,I,0,274,E0,P002 IBC07,MP18,,T6,S10AN L10BH,TP33,,AT,1 (E),V10,,,S20,88
1759,b,"CORROSIVE SOLID, N.O.S.",,C10,8,8,II,1 kg,274,E2,P002 IBC08,MP10,B4,T3,SGAN L4BN,TP33,,AT,2 (E),V11,,,,80
1759,c,"CORROSIVE SOLID, N.O.S.",,C10,8,8,III,5 kg,274,E1,P002 IBC08 LP02 R001,MP10,B3,T1,SGAV L4BN,TP33,,AT,3 (E),,VC1 VC2 AP7,,,80
1760,a,"CORROSIVE LIQUID, N.O.S.",,C9,8,8,I,0,274,E0,P001,MP8 MP17,,T14,L10BH,TP2 TP27,,AT,1 (E),,,,S20,88
1760,b,"CORROSIVE LIQUID, N.O.S.",,C9,8,8,II,1 L,274,E2,P001 IBC02,MP15,,T11,L4BN,TP2 TP27,,AT,2 (E),,,,,80
1760,c,"CORROSIVE LIQUID, N.O.S.",,C9,8,8,III,5 L,274,E1,P001 IBC03 LP01 R001,MP19,,T7,L4BN,TP1 TP28,,AT,3 (E),V12,,,,80
1761,a,CUPRIETHYLENEDIAMINE SOLUTION,,CT1,8,8+6.1,II,1 L,,E2,P001 IBC02,MP15,,T7,L4BN,TP2,,AT,2 (E),,,CV13 CV28,,86
1761,b,CUPRIETHYLENEDIAMINE SOLUTION,,CT1,8,8+6.1,III,5 L,,E1,P001 IBC03 R001,MP19,,T7,L4BN,TP1 TP28,,AT,3 (E),V12,,CV13 CV28,,86
1762,,CYCLOHEXENYLTRICHLOROSILANE,,C3,8,8,II,0,,E0,P010,MP15,,T10,L4BN,TP2 TP7,,AT,2 (E),,,,,X80
1763,,CYCLOHEXYLTRICHLOROSILANE,,C3,8,8,II,0,,E0,P010,MP15,,T10,L4BN,TP2 TP7,,AT,2 (E),,,,,X80
1764,,DICHLOROACETIC ACID,,C3,8,8,II,1 L,,E2,P001 IBC02,MP15,,T8,L4BN,TP2,,AT,2 (E),,,,,80
1765,,DICHLOROACETYL CHLORIDE,,C3,8,8,II,1 L,,E2,P001 IBC02,MP15,,T7,L4BN,TP2,,AT,2 (E),,,,,X80
1766,,DICHLOROPHENYLTRICHLOROSILANE,,C3,8,8,II,0,,E0,P010,MP15,,T10,L4BN,TP2 TP7,,AT,2 (E),,,,,X80
1767,,DIETHYLDICHLOROSILANE,,CF1,8,8+3,II,0,,E0,P010,MP15,,T10,L4BN,TP2 TP7,,FL,2 (D/E),,,,S2,X83
1768,,"DIFLUOROPHOSPHORIC ACID, ANHYDROUS",,C1,8,8,II,1 L,,E2,P001 IBC02,MP15,,T8,L4BN,TP2,,AT,2 (E),,,,,80
1769,,DIPHENYLDICHLOROSILANE,,C3,8,8,II,0,,E0,P010,MP15,,T10,L4BN,TP2 TP7,,AT,2 (E),,,,,X80
1770,,DIPHENYLMETHYL BROMIDE,,C10,8,8,II,1 kg,,E2,P002 IBC08,MP10,B4,T3,SGAN L4BN,TP33,,AT,2 (E),V11,,,,80
1771,,DODECYLTRICHLOROSILANE,,C3,8,8,II,0,,E0,P010,MP15,,T10,L4BN,TP2 TP7,,AT,2 (E),,,,,X80
1773,,"FERRIC CHLORIDE, ANHYDROUS",,C2,8,8,III,5 kg,590,E1,P002 IBC08 LP02 R001,MP10,B3,T1,SGAV,TP33,,AT,3 (E),,VC1 VC2 AP7,,,80
1774,,FIRE EXTINGUISHER CHARGES,corrosive liquid,C11,8,8,II,1 L,,E0,P001,,PP4,,,,,,2 (E),,,,,
1775,,FLUOROBORIC ACID,,C1,8,8,II,1 L,,E2,P001 IBC02,MP15,,T7,L4BN,TP2,,AT,2 (E),,,,,80
1776,,"FLUOROPHOSPHORIC ACID, ANHYDROUS",,C1,8,8,II,1 L,,E2,P001 IBC02,MP15,,T8,L4BN,TP2,,AT,2 (E),,,,,80
1777,,FLUOROSULPHONIC ACID,,C1,8,8,I,0,,E0,P001,MP8 MP17,,T10,L10BH,TP2,,AT,1 (E),,,,S20,88
1778,,FLUOROSILICIC ACID,,C1,8,8,II,1 L,,E2,P001 IBC02,MP15,,T8,L4BN,TP2,TU42,AT,2 (E),,,,,80
1779,,FORMIC ACID,"with more than 85% acid, by mass",CF1,8,8+3,II,1 L,,E2,P001 IBC02,MP15,,T7,L4BN,TP2,TU42,FL,2 (D/E),,,,S2,83
1780,,FUMARYL CHLORIDE,,C3,8,8,II,1 L,,E2,P001 IBC02,MP15,,T7,L4BN,TP2,,AT,2 (E),,,,,80
1781,,HEXADECYLTRICHLOROSILANE,,C3,8,8,II,0,,E0,P010,MP15,,T10,L4BN,TP2 TP7,,AT,2 (E),,,,,X80
1782,,HEXAFLUOROPHOSPHORIC ACID,,C1,8,8,II,1 L,,E2,P001 IBC02,MP15,,T8,L4BN,TP2,,AT,2 (E),,,,,80
1783,a,HEXAMETHYLENEDIAMINE SOLUTION,,C7,8,8,II,1 L,,E2,P001 IBC02,MP15,,T7,L4BN,TP2,,AT,2 (E),,,,,80
1783,b,HEXAMETHYLENEDIAMINE SOLUTION,,C7,8,8,III,5 L,,E1,P001 IBC03 LP01 R001,MP19,,T4,L4BN,TP1,,AT,3 (E),V12,,,,80
1784,,HEXYLTRICHLOROSILANE,,C3,8,8,II,0,,E0,P010,MP15,,T10,L4BN,TP2 TP7,,AT,2 (E),,,,,X80
1786,,HYDROFLUORIC ACID AND SULPHURIC ACID MIXTURE,,CT1,8,8+6.1,I,0,,E0,P001,MP8 MP17,,T10,L10DH,TP2,TU14 TE21,AT,1 (C/D),,,CV13 CV28,S14,886
1787,a,HYDRIODIC ACID,,C1,8,8,II,1 L,,E2,P001 IBC02,MP15,,T7,L4BN,TP2,,AT,2 (E),,,,,80
1787,b,HYDRIODIC ACID,,C1,8,8,III,5 L,,E1,P001 IBC03 LP01 R001,MP19,,T4,L4BN,TP1,,AT,3 (E),V12,,,,80
1788,a,HYDROBROMIC ACID,,C1,8,8,II,1 L,519,E2,P001 IBC02,MP15,,T7,L4BN,TP2,TU42,AT,2 (E),,,,,80
1788,b,HYDROBROMIC ACID,,C1,8,8,III,5 L,519,E1,P001 IBC03 LP01 R001,MP19,,T4,L4BN,TP1,TU42,AT,3 (E),V12,,,,80
1789,a,HYDROCHLORIC ACID,,C1,8,8,II,1 L,520,E2,P001 IBC02,MP15,,T8,L4BN,TP2,TU42,AT,2 (E),,,,,80
1789,b,HYDROCHLORIC ACID,,C1,8,8,III,5 L,520,E1,P001 IBC03 LP01 R001,MP19,,T4,L4BN,TP1,TU42,AT,3 (E),V12,,,,80
1790,a,HYDROFLUORIC ACID,with more than 85% hydrogen fluoride,CT1,8,8+6.1,I,0,640I,E0,P802,MP2,,T10,L21DH(+),TP2,TU14 TU34 TC1 TE21 TA4 TT9 TM3,AT,1 (C/D),,,CV13 CV28,S14,886
1790,b,HYDROFLUORIC ACID,with more than 60% but not more than 85% hydrogen fluoride,CT1,8,8+6.1,I,0,640J,E0,P001,MP8 MP17,PP81,T10,L10DH,TP2,TU14 TE21,AT,1 (C/D),,,CV13 CV28,S14,886
1790,c,HYDROFLUORIC ACID,with not more than 60% hydrogen fluoride,CT1,8,8+6.1,II,1 L,,E2,P001 IBC02,MP15,,T8,L4DH,TP2,TU14 TE21,AT,2 (E),,,CV13 CV28,,86
1791,a,HYPOCHLORITE SOLUTION,,C9,8,8,II,1 L,521,E2,P001 IBC02,MP15,PP10 B5,T7,L4BV(+),TP2 TP24,TU42 TE11,AT,2 (E),,,,,80
1791,b,HYPOCHLORITE SOLUTION,,C9,8,8,III,5 L,521,E1,P001 IBC02 LP01 R001,MP19,B5,T4,L4BV(+),TP2 TP24,TU42 TE11,AT,3 (E),,,,,80
1792,,"IODINE MONOCHLORIDE, SOLID",,C2,8,8,II,1 kg,,E0,P002 IBC08,MP10,B4,T7,SGAN L4BN,TP2,,AT,2 (E),V11,,,,80
1793,,ISOPROPYL ACID PHOSPHATE,,C3,8,8,III,5 L,,E1,P001 IBC02 LP01 R001,MP19,,T4,L4BN,TP1,,AT,3 (E),,,,,80
1794,,LEAD SULPHATE,with more than 3% free acid,C2,8,8,II,1 kg,591,E2,P002 IBC08,MP10,B4,T3,SGAN,TP33,,AT,2 (E),V11,VC1 VC2 AP7,,,80
1796,a,NITRATING ACID MIXTURE,with more than 50% nitric acid,CO1,8,8+5.1,I,0,,E0,P001,MP8 MP17,,T10,L10BH,TP2,TC6 TT1,AT,1 (E),,,CV24,S14,885
1796,b,NITRATING ACID MIXTURE,with not more than 50% nitric acid,C1,8,8,II,1 L,,E0,P001 IBC02,MP15,,T8,L4BN,TP2,,AT,2 (E),,,,,80
1798,,NITROHYDROCHLORIC ACID,,COT,8,,,,,,,,,,Carriage prohibited,,,,,,,,,
1799,,NONYLTRICHLOROSILANE,,C3,8,8,II,0,,E0,P010,MP15,,T10,L4BN,TP2 TP7,,AT,2 (E),,,,,X80
1800,,OCTADECYLTRICHLOROSILANE,,C3,8,8,II,0,,E0,P010,MP15,,T10,L4BN,TP2 TP7,,AT,2 (E),,,,,X80
1801,,OCTYLTRICHLOROSILANE,,C3,8,8,II,0,,E0,P010,MP15,,T10,L4BN,TP2 TP7,,AT,2 (E),,,,,X80
1802,,PERCHLORIC ACID,"with not more than 50% acid, by mass",CO1,8,8+5.1,II,1 L,522,E0,P001 IBC02,MP3,,T7,L4BN,TP2,,AT,2 (E),,,CV24,,85
1803,a,"PHENOLSULPHONIC ACID, LIQUID",,C3,8,8,II,1 L,,E2,P001 IBC02,MP15,,T7,L4BN,TP2,TU42,AT,2 (E),,,,,80
1803,b,"PHENOLSULPHONIC ACID, LIQUID",,C3,8,8,II,1 L,,E2,P001 IBC02,MP15,,T7,L4BN,TP2,TU42,AT,2 (E),,,,,80
1804,,PHENYLTRICHLOROSILANE,,C3,8,8,II,0,,E0,P010,MP15,,T10,L4BN,TP2 TP7,,AT,2 (E),,,,,X80
1805,,"PHOSPHORIC ACID, SOLUTION",,C1,8,8,III,5 L,,E1,P001 IBC03 LP01 R001,MP19,,T4,L4BN,TP1,TU42,AT,3 (E),V12,,,,80
1806,,PHOSPHORUS PENTACHLORIDE,,C2,8,8,II,1 kg,,E0,P002 IBC08,MP10,B4,T3,SGAN,TP33,,AT,2 (E),V11,,,,80
1807,,PHOSPHORUS PENTOXIDE,,C2,8,8,II,1 kg,,E2,P002 IBC08,MP10,B4,T3,SGAN,TP33,,AT,2 (E),V11,,,,80
1808,,PHOSPHORUS TRIBROMIDE,,C1,8,8,II,1 L,,E0,P001 IBC02,MP15,,T7,L4BN,TP2,,AT,2 (E),,,,,X80
1809,,PHOSPHORUS TRICHLORIDE,,TC3,6.1,6.1+8,I,0,354,E0,P602,MP8 MP17,,T20,L10CH,TP2,TU14 TU15 TE19 TE21,AT,1 (C/D),,,CV1 CV13 CV28,S9 S14,668
1810,,PHOSPHORUS OXYCHLORIDE,,TC3,6.1,6.1+8,I,0,354,E0,P602,MP8 MP17,,T20,L10CH,TP2,TU14 TU15 TE19 TE21,AT,1 (C/D),,,CV1 CV13 CV28,S9 S14,X668
1811,,"POTASSIUM HYDROGENDIFLUORIDE, SOLID",,CT2,8,8+6.1,II,1 kg,,E2,P002 IBC08,MP10,B4,T3,SGAN,TP33,,AT,2 (E),V11,,CV13 CV28,,86
1812,,"POTASSIUM FLUORIDE, SOLID",,T5,6.1,6.1,III,5 kg,,E1,P002 IBC08 LP02 R001,MP10,B3,T1,SGAH,TP33,TU15 TE19,AT,2 (E),,VC1 VC2 AP7,CV13 CV28,S9,60
1813,,"POTASSIUM HYDROXIDE, SOLID",,C6,8,8,II,1 kg,,E2,P002 IBC08,MP10,B4,T3,SGAN,TP33,,AT,2 (E),V11,,,,80
1814,a,POTASSIUM HYDROXIDE SOLUTION,,C5,8,8,II,1 L,,E2,P001 IBC02,MP15,,T7,L4BN,TP2,TU42,AT,2 (E),,,,,80
1814,b,POTASSIUM HYDROXIDE SOLUTION,,C5,8,8,III,5 L,,E1,P001 IBC03 LP01 R001,MP19,,T4,L4BN,TP1,TU42,AT,3 (E),V12,,,,80
1815,,PROPIONYL CHLORIDE,,FC,3,3+8,II,1 L,,E2,P001 IBC02,MP19,,T7,L4BH,TP1,,FL,2 (D/E),,,,S2 S20,338
1816,,PROPYLTRICHLOROSILANE,,CF1,8,8+3,II,0,,E0,P010,MP15,,T10,L4BN,TP2 TP7,,FL,2 (D/E),,,,S2,X83
1817,,PYROSULPHURYL CHLORIDE,,C1,8,8,II,1 L,,E2,P001 IBC02,MP15,,T8,L4BN,TP2,,AT,2 (E),,,,,X80
1818,,SILICON TETRACHLORIDE,,C1,8,8,II,0,,E0,P010,MP15,,T10,L4BN,TP2 TP7,,AT,2 (E),,,,,X80
1819,a,SODIUM ALUMINATE SOLUTION,,C5,8,8,II,1 L,,E2,P001 IBC02,MP15,,T7,L4BN,TP2,TU42,AT,2 (E),,,,,80
1819,b,SODIUM ALUMINATE SOLUTION,,C5,8,8,III,5 L,,E1,P001 IBC03 LP01 R001,MP19,,T4,L4BN,TP1,TU42,AT,3 (E),V12,,,,80
1823,,"SODIUM HYDROXIDE, SOLID",,C6,8,8,II,1 kg,,E2,P002 IBC08,MP10,B4,T3,SGAN,TP33,,AT,2 (E),V11,,,,80
1824,a,SODIUM HYDROXIDE SOLUTION,,C5,8,8,II,1 L,,E2,P001 IBC02,MP15,,T7,L4BN,TP2,TU42,AT,2 (E),,,,,80
1824,b,SODIUM HYDROXIDE SOLUTION,,C5,8,8,III,5 L,,E1,P001 IBC03 LP01 R001,MP19,,T4,L4BN,TP1,TU42,AT,3 (E),V12,,,,80
1825,,SODIUM MONOXIDE,,C6,8,8,II,1 kg,,E2,P002 IBC08,MP10,B4,T3,SGAN,TP33,,AT,2 (E),V11,,,,80
1826,a,"NITRATING ACID MIXTURE, SPENT",with more than 50% nitric acid,CO1,8,8+5.1,I,0,113,E0,P001,MP8 MP17,,T10,L10BH,TP2,,AT,1 (E),,,CV24,S14,885
1826,b,"NITRATING ACID MIXTURE, SPENT",with not more than 50% nitric acid,C1,8,8,II,1 L,113,E0,P001 IBC02,MP15,,T8,L4BN,TP2,,AT,2 (E),,,,,80
1827,,"STANNIC CHLORIDE, ANHYDROUS",,C1,8,8,II,1 L,,E2,P001 IBC02,MP15,,T7,L4BN,TP2,,AT,2 (E),,,,,X80
1828,,SULPHUR CHLORIDES,,C1,8,8,I,0,,E0,P602,MP8 MP17,,T20,L10BH,TP2,,AT,1 (E),,,,S20,X88
1829,,"SULPHUR TRIOXIDE, STABILIZED",,C1,8,8,I,0,386 623 676,E0,P001,MP8 MP17,,T20,L10BH,TP4 TP25 TP26,TU32 TE13 TT5 TM3,AT,1 (E),V8,,,S4 S20,X88
1830,a,SULPHURIC ACID,with more than 51% acid,C1,8,8,II,1 L,,E2,P001 IBC02,MP15,,T8,L4BN,TP2,TU42,AT,2 (E),,,,,80
1830,b,SULPHURIC ACID,with more than 51% acid,C1,8,8,II,1 L,,E2,P001 IBC02,MP15,,T8,L4BN,TP2,TU42,AT,2 (E),,,,,80
1831,a,"SULPHURIC ACID, FUMING",,CT1,8,8+6.1,I,0,,E0,P602,MP8 MP17,,T20,L10BH,TP2,,AT,1 (C/D),,,CV13 CV28,S14,X886
1831,b,"SULPHURIC ACID, FUMING",,CT1,8,8+6.1,I,0,,E0,P602,MP8 MP17,,T20,L10BH,TP2,,AT,1 (C/D),,,CV13 CV28,S14,X886
1832,a,"SULPHURIC ACID, SPENT",,C1,8,8,II,1 L,113,E0,P001 IBC02,MP15,,T8,L4BN,TP2,TU42,AT,2 (E),,,,,80
1832,b,"SULPHURIC ACID, SPENT",,C1,8,8,II,1 L,113,E0,P001 IBC02,MP15,,T8,L4BN,TP2,TU42,AT,2 (E),,,,,80
1833,,SULPHUROUS ACID,,C1,8,8,II,1 L,,E2,P001 IBC02,MP15,,T7,L4BN,TP2,,AT,2 (E),,,,,80
1834,,SULPHURYL CHLORIDE,,TC3,6.1,6.1+8,I,0,354,E0,P602,MP8 MP17,,T20,L10CH,TP2,TU14 TU15 TE19 TE21,AT,1 (C/D),,,CV1 CV13 CV28,S9 S14,X668
1835,a,TETRAMETHYLAMMONIUM HYDROXIDE SOLUTION,,C7,8,8,II,1 L,,E2,P001 IBC02,MP15,,T7,L4BN,TP2,,AT,2 (E),,,,,80
1835,b,TETRAMETHYLAMMONIUM HYDROXIDE SOLUTION,,C7,8,8,III,5 L,,E1,P001 IBC03 LP01 R001,MP19,,T7,L4BN,TP2,,AT,3 (E),V12,,,,80
1836,,THIONYL CHLORIDE,,C1,8,8,I,0,,E0,P802,MP8 MP17,,T10,L10BH,TP2,,AT,1 (E),,,,S20,X88
1837,,THIOPHOSPHORYL CHLORIDE,,C1,8,8,II,1 L,,E0,P001 IBC02,MP15,,T7,L4BN,TP2,,AT,2 (E),,,,,X80
1838,,TITANIUM TETRACHLORIDE,,TC3,6.1,6.1+8,I,0,354,E0,P602,MP8 MP17,,T20,L10CH,TP2,TU14 TU15 TE19 TE21,AT,1 (C/D),,,CV1 CV13 CV28,S9 S14,X668
1839,,TRICHLOROACETIC ACID,,C4,8,8,II,1 kg,,E2,P002 IBC08,MP10,B4,T3,SGAN L4BN,TP33,,AT,2 (E),V11,,,,80
1840,,ZINC CHLORIDE SOLUTION,,C1,8,8,III,5 L,,E1,P001 IBC03 LP01 R001,MP19,,T4,L4BN,TP1,TU42,AT,3 (E),V12,,,,80
1841,,ACETALDEHYDE AMMONIA,,M11,9,9,III,5 kg,,E1,P002 IBC08 LP02 R001,MP10,B3 B6,T1,SGAV,TP33,,AT,3 (E),,VC1 VC2,,,90
1843,,"AMMONIUM DINITRO-o-CRESOLATE, SOLID",,T2,6.1,6.1,II,500 g,,E4,P002 IBC08,MP10,B4,T3,SGAH,TP33,TU15 TE19,AT,2 (D/E),V11,,CV13 CV28,S9 S19,60
1845,a,"Carbon dioxide, solid (Dry ice)",,M11,9,,,,,,,,,,Not subject to ADR except for 5.5.3,,,,,,,,,
1845,b,"Carbon dioxide, solid (Dry ice)",,M11,9,,,,,,,,,,Not subject to ADR except for 5.5.3,,,,,,,,,
1846,,CARBON TETRACHLORIDE,,T1,6.1,6.1,II,100 mL,,E4,P001 IBC02,MP15,,T7,L4BH,TP2,TU15 TE19,AT,2 (D/E),,,CV13 CV28,S9 S19,60
1847,,"POTASSIUM SULPHIDE, HYDRATED",with not less than 30% water of crystallization,C6,8,8,II,1 kg,523,E2,P002 IBC08,MP10,B4,T3,SGAN L4BN,TP33,,AT,2 (E),V11,,,,80
1848,,PROPIONIC ACID,with not less than 10% and less than 90% acid by mass,C3,8,8,III,5 L,,E1,P001 IBC03 LP01 R001,MP19,,T4,L4BN,TP1,,AT,3 (E),V12,,,,80
1849,,"SODIUM SULPHIDE, HYDRATED",with not less than 30% water,C6,8,8,II,1 kg,523,E2,P002 IBC08,MP10,B4,T3,SGAN L4BN,TP33,,AT,2 (E),V11,,,,80
1851,a,"MEDICINE, LIQUID, TOXIC, N.O.S.",,T1,6.1,6.1,II,100 mL,221 601,E4,P001,MP15,,,L4BH,,TU15 TE19,AT,2 (D/E),,,CV13 CV28,S9 S19,60
1851,b,"MEDICINE, LIQUID, TOXIC, N.O.S.",,T1,6.1,6.1,III,5 L,221 601,E1,P001 LP01 R001,MP19,,,L4BH,,TU15 TE19,AT,2 (E),,,CV13 CV28,S9,60
1854,,"BARIUM ALLOYS, PYROPHORIC",,S4,4.2,4.2,I,0,,E0,P404,MP13,,T21,,TP7 TP33,,AT,0 (B/E),V1,,,S20,43
1855,a,"CALCIUM, PYROPHORIC",,S4,4.2,4.2,I,0,,E0,P404,MP13,,,,,,,0 (E),V1,,,S20,
1855,b,"CALCIUM ALLOYS, PYROPHORIC",,S4,4.2,4.2,I,0,,E0,P404,MP13,,,,,,,0 (E),V1,,,S20,
1856,,"Rags, oily",,S2,4.2,,,,,,,,,,Not subject to ADR,,,,,,,,,
1857,,"Textile waste, wet",,S2,4.2,,,,,,,,,,Not subject to ADR,,,,,,,,,
1858,a,HEXAFLUOROPROPYLENE,,2A,2,2.2,,120 mL,662,E1,P200,MP9,,(M) T50,PxBN(M),,TA4 TT9,AT,3 (C/E),,,CV9 CV10 CV36,,20
1858,b,REFRIGERANT GAS R 1216,,2A,2,2.2,,120 mL,662,E1,P200,MP9,,(M) T50,PxBN(M),,TA4 TT9,AT,3 (C/E),,,CV9 CV10 CV36,,20
1859,,SILICON TETRAFLUORIDE,,2TC,2,2.3+8,,0,,E0,P200,MP9,,(M),PxBH(M),,TA4 TT9,AT,1 (C/D),,,CV9 CV10 CV36,S14,268
1860,,"VINYL FLUORIDE, STABILIZED",,2F,2,2.1,,0,386 662 676,E0,P200,MP9,,(M),PxBN(M),,TA4 TT9,FL,2 (B/D),V8,,CV9 CV10 CV36,S2 S4 S20,239
1862,,ETHYL CROTONATE,,F1,3,3,II,1 L,,E2,P001 IBC02 R001,MP19,,T4,LGBF,TP2,,FL,2 (D/E),,,,S2 S20,33
1863,a,"FUEL, AVIATION, TURBINE ENGINE",,F1,3,3,I,500 mL,664,E3,P001,MP7 MP17,,T11,L4BN,TP1 TP8 TP28,,FL,1 (D/E),,,,S2 S20,33
1863,b,"FUEL, AVIATION, TURBINE ENGINE",,F1,3,3,II,1 L,640C/D 664,E2,P001 IBC02* R001*,MP19,,T4,L1.5BN/LGBF,TP1 TP8,,FL,2 (D/E),,,,S2 S20,33
1863,c,"FUEL, AVIATION, TURBINE ENGINE",,F1,3,3,III,5 L,664,E1,P001 IBC03 LP01 R001,MP19,,T2,LGBF,TP1,,FL,3 (D/E),V12,,,S2,30
1865,,n-PROPYL NITRATE,,F1,3,3,II,1 L,,E2,P001 IBC02 R001,MP19,B7,,,,,,2 (E),,,,S2 S20,
1866,a,RESIN SOLUTION,flammable,F1,3,3,I,500 mL,,E3,P001,MP7 MP17,,T11,L4BN,TP1 TP8 TP28,,FL,1 (D/E),,,,S2 S20,33
1866,b,RESIN SOLUTION,flammable,F1,3,3,II,5 L,640C/D,E2,P001 IBC02* R001*,MP19,PP1,T4,L1.5BN/LGBF,TP1 TP8,,FL,2 (D/E),,,,S2 S20,33
1866,c,RESIN SOLUTION,flammable,F1,3,3,III,5 L,,E1,P001 IBC03 LP01 R001,MP19,PP1,T2,LGBF,TP1,,FL,3 (D/E),V12,,,S2,30
1868,,DECABORANE,,FT2,4.1,4.1+6.1,II,1 kg,,E0,P002 IBC06,MP10,,T3,SGAN,TP33,,AT,2 (E),V11,,CV28,,46
1869,a,MAGNESIUM,"in pellets, turnings or ribbons",F3,4.1,4.1,III,5 kg,59,E1,P002 IBC08 LP02 R001,MP11,B3,T1,SGAV,TP33,,AT,3 (E),,VC1 VC2,,,40
1869,b,MAGNESIUM ALLOYS,"with more than 50% magnesium in pellets, turnings or ribbons",F3,4.1,4.1,III,5 kg,59,E1,P002 IBC08 LP02 R001,MP11,B3,T1,SGAV,TP33,,AT,3 (E),,VC1 VC2,,,40
1870,,POTASSIUM BOROHYDRIDE,,W2,4.3,4.3,I,0,,E0,P403,MP2,,,,,,,1 (E),V1,,CV23,S20,
1871,,TITANIUM HYDRIDE,,F3,4.1,4.1,II,1 kg,,E2,P410 IBC04,MP11,PP40,T3,SGAN,TP33,,AT,2 (E),,,,,40
1872,,LEAD DIOXIDE,,O2,5.1,5.1,III,5 kg,,E1,P002 IBC08 LP02 R001,MP2,B3,T1,SGAV,TP33,TU3,AT,3 (E),,VC1 VC2 AP6 AP7,CV24,,50
1873,,PERCHLORIC ACID,"with more than 50% but not more than 72% acid, by mass",OC1,5.1,5.1+8,I,0,60,E0,P502,MP3,PP28,T10,L4DN(+),TP1,TU3 TU28,AT,1 (B/E),,,CV24,S20,558
1884,,BARIUM OXIDE,,T5,6.1,6.1,III,5 kg,,E1,P002 IBC08 LP02 R001,MP10,B3,T1,SGAH L4BH,TP33,TU15 TE19,AT,2 (E),,VC1 VC2 AP7,CV13 CV28,S9,60
1885,,BENZIDINE,,T2,6.1,6.1,II,500 g,,E4,P002 IBC08,MP10,B4,T3,SGAH L4BH,TP33,TU15 TE19,AT,2 (D/E),V11,,CV13 CV28,S9 S19,60
1886,,BENZYLIDENE CHLORIDE,,T1,6.1,6.1,II,100 mL,,E4,P001 IBC02,MP15,,T7,L4BH,TP2,TU15 TE19,AT,2 (D/E),,,CV13 CV28,S9 S19,60
1887,,BROMOCHLOROMETHANE,,T1,6.1,6.1,III,5 L,,E1,P001 IBC03 LP01 R001,MP19,,T4,L4BH,TP1,TU15 TE19,AT,2 (E),V12,,CV13 CV28,S9,60
1888,,CHLOROFORM,,T1,6.1,6.1,III,5 L,,E1,P001 IBC03 LP01 R001,MP19,,T7,L4BH,TP2,TU15 TE19,AT,2 (E),V12,,CV13 CV28,S9,60
1889,,CYANOGEN BROMIDE,,TC2,6.1,6.1+8,I,0,,E0,P002,MP18,,T6,S10AH L10CH,TP33,TU14 TU15 TE19 TE21,AT,1 (C/E),,,CV1 CV13 CV28,S9 S14,668
1891,,ETHYL BROMIDE,,FT1,3,3+6.1,II,1 L,,E2,P001 IBC02,MP19,B8,T7,L4BH,TP2,TU15,FL,2 (D/E),,,CV13 CV28,S2 S19,336
1892,,ETHYLDICHLOROARSINE,,T3,6.1,6.1,I,0,354,E0,P602,MP8 MP17,,T20,L10CH,TP2,TU14 TU15 TE19 TE21,AT,1 (C/D),,,CV1 CV13 CV28,S9 S14,66
1894,,PHENYLMERCURIC HYDROXIDE,,T3,6.1,6.1,II,500 g,,E4,P002 IBC08,MP10,B4,T3,SGAH,TP33,TU15 TE19,AT,2 (D/E),V11,,CV13 CV28,S9 S19,60
1895,,PHENYLMERCURIC NITRATE,,T3,6.1,6.1,II,500 g,,E4,P002 IBC08,MP10,B4,T3,SGAH,TP33,TU15 TE19,AT,2 (D/E),V11,,CV13 CV28,S9 S19,60
1897,,TETRACHLOROETHYLENE,,T1,6.1,6.1,III,5 L,,E1,P001 IBC03 LP01 R001,MP19,,T4,L4BH,TP1,TU15 TE19,AT,2 (E),V12,,CV13 CV28,S9,60
1898,,ACETYL IODIDE,,C3,8,8,II,1 L,,E2,P001 IBC02,MP15,,T7,L4BN,TP2,,AT,2 (E),,,,,80
1902,,DIISOOCTYL ACID PHOSPHATE,,C3,8,8,III,5 L,,E1,P001 IBC03 LP01 R001,MP19,,T4,L4BN,TP1,,AT,3 (E),V12,,,,80
1903,a,"DISINFECTANT, LIQUID, CORROSIVE, N.O.S.",,C9,8,8,I,0,274,E0,P001,MP8 MP17,,,L10BH,,,AT,1 (E),,,,S20,88
1903,b,"DISINFECTANT, LIQUID, CORROSIVE, N.O.S.",,C9,8,8,II,1 L,274,E2,P001 IBC02,MP15,,,L4BN,,,AT,2 (E),,,,,80
1903,c,"DISINFECTANT, LIQUID, CORROSIVE, N.O.S.",,C9,8,8,III,5 L,274,E1,P001 IBC03 LP01 R001,MP19,,,L4BN,,,AT,3 (E),V12,,,,80
1905,,SELENIC ACID,,C2,8,8,I,0,,E0,P002 IBC07,MP18,,T6,S10AN,TP33,,AT,1 (E),V10,,,S20,88
1906,a,SLUDGE ACID,,C1,8,8,II,1 L,,E0,P001 IBC02,MP15,,T8,L4BN,TP2 TP28,TU42,AT,2 (E),,,,,80
1906,b,SLUDGE ACID,,C1,8,8,II,1 L,,E0,P001 IBC02,MP15,,T8,L4BN,TP2 TP28,TU42,AT,2 (E),,,,,80
1907,,SODA LIME,with more than 4% sodium hydroxide,C6,8,8,III,5 kg,62,E1,P002 IBC08 LP02 R001,MP10,B3,T1,SGAV,TP33,,AT,3 (E),,VC1 VC2 AP7,,,80
1908,a,CHLORITE SOLUTION,,C9,8,8,II,1 L,521,E2,P001 IBC02,MP15,,T7,L4BV(+),TP2 TP24,TE11,AT,2 (E),,,,,80
1908,b,CHLORITE SOLUTION,,C9,8,8,III,5 L,521,E1,P001 IBC03 LP01 R001,MP19,,T4,L4BV(+),TP2 TP24,TE11,AT,3 (E),V12,,,,80
1910,,Calcium oxide,,C6,8,,,,,,,,,,Not subject to ADR,,,,,,,,,
1911,,DIBORANE,,2TF,2,2.3+2.1,,0,,E0,P200,MP9,,,,,,,1 (D),,,CV9 CV10 CV36,S2 S14,
1912,,METHYL CHLORIDE AND METHYLENE CHLORIDE MIXTURE,,2F,2,2.1,,0,228 662,E0,P200,MP9,,(M) T50,PxBN(M),,TA4 TT9,FL,2 (B/D),,,CV9 CV10 CV36,S2 S20,23
1913,,"NEON, REFRIGERATED LIQUID",,3A,2,2.2,,120 mL,593,E1,P203,MP9,,T75,RxBN,TP5,TU19 TA4 TT9,AT,3 (C/E),V5,,CV9 CV11 CV36,S20,22
1914,,BUTYL PROPIONATES,,F1,3,3,III,5 L,,E1,P001 IBC03 LP01 R001,MP19,,T2,LGBF,TP1,,FL,3 (D/E),V12,,,S2,30
1915,,CYCLOHEXANONE,,F1,3,3,III,5 L,,E1,P001 IBC03 LP01 R001,MP19,,T2,LGBF,TP1,,FL,3 (D/E),V12,,,S2,30
1916,,"2,2'-DICHLORODIETHYL ETHER",,TF1,6.1,6.1+3,II,100 mL,,E4,P001 IBC02,MP15,,T7,L4BH,TP2,TU15 TE19,FL,2 (D/E),,,CV13 CV28,S2 S9 S19,63
1917,,"ETHYL ACRYLATE, STABILIZED",,F1,3,3,II,1 L,386 676,E2,P001 IBC02 R001,MP19,,T4,LGBF,TP1,,FL,2 (D/E),V8,,,S2 S4 S20,339
1918,,ISOPROPYLBENZENE,,F1,3,3,III,5 L,,E1,P001 IBC03 LP01 R001,MP19,,T2,LGBF,TP1,,FL,3 (D/E),V12,,,S2,30
1919,,"METHYL ACRYLATE, STABILIZED",,F1,3,3,II,1 L,386 676,E2,P001 IBC02 R001,MP19,,T4,LGBF,TP1,,FL,2 (D/E),V8,,,S2 S4 S20,339
1920,,NONANES,,F1,3,3,III,5 L,,E1,P001 IBC03 LP01 R001,MP19,,T2,LGBF,TP1,,FL,3 (D/E),V12,,,S2,30
1921,,"PROPYLENEIMINE, STABILIZED",,FT1,3,3+6.1,I,0,386 676,E0,P001,MP2,,T14,L15CH,TP2,TU14 TU15 TE21,FL,1 (C/E),V8,,CV13 CV28,S2 S4 S22,336
1922,,PYRROLIDINE,,FC,3,3+8,II,1 L,,E2,P001 IBC02,MP19,,T7,L4BH,TP1,,FL,2 (D/E),,,,S2 S20,338
1923,a,CALCIUM DITHIONITE,,S4,4.2,4.2,II,0,,E2,P410 IBC06,MP14,,T3,SGAN,TP33,,AT,2 (D/E),V1,,,,40
1923,b,CALCIUM HYDROSULPHITE,,S4,4.2,4.2,II,0,,E2,P410 IBC06,MP14,,T3,SGAN,TP33,,AT,2 (D/E),V1,,,,40
1928,,METHYLMAGNESIUM BROMIDE IN ETHYL ETHER,,WF1,4.3,4.3+3,I,0,,E0,P402,MP2,RR8,,L10DH,,TU4 TU14 TU22 TE21 TM2,FL,0 (B/E),V1,,CV23,S2 S20,X323
1929,a,POTASSIUM DITHIONITE,,S4,4.2,4.2,II,0,,E2,P410 IBC06,MP14,,T3,SGAN,TP33,,AT,2 (D/E),V1,,,,40
1929,b,POTASSIUM HYDROSULPHITE,,S4,4.2,4.2,II,0,,E2,P410 IBC06,MP14,,T3,SGAN,TP33,,AT,2 (D/E),V1,,,,40
1931,a,ZINC DITHIONITE,,M11,9,9,III,5 kg,,E1,P002 IBC08 LP02 R001,MP10,B3,T1,SGAV,TP33,,AT,3 (E),,VC1 VC2,,,90
1931,b,ZINC HYDROSULPHITE,,M11,9,9,III,5 kg,,E1,P002 IBC08 LP02 R001,MP10,B3,T1,SGAV,TP33,,AT,3 (E),,VC1 VC2,,,90
1932,,"ZIRCONIUM, SCRAP",,S4,4.2,4.2,III,0,524 592,E0,P002 IBC08 LP02 R001,MP14,B3,T1,SGAN,TP33,,AT,3 (E),V1,VC1 VC2 AP1,,,40
1935,a,"CYANIDE SOLUTION, N.O.S.",,T4,6.1,6.1,I,0,274 525,E5,P001,MP8 MP17,,T14,L10CH,TP2 TP27,TU14 TU15 TE19 TE21,AT,1 (C/E),,,CV1 CV13 CV28,S9 S14,66
1935,b,"CYANIDE SOLUTION, N.O.S.",,T4,6.1,6.1,II,100 mL,274 525,E4,P001 IBC02,MP15,,T11,L4BH,TP2 TP27,TU15 TE19,AT,2 (D/E),,,CV13 CV28,S9 S19,60
1935,c,"CYANIDE SOLUTION, N.O.S.",,T4,6.1,6.1,III,5 L,274 525,E1,P001 IBC03 LP01 R001,MP19,,T7,L4BH,TP2 TP28,TU15 TE19,AT,2 (E),V12,,CV13 CV28,S9,60
1938,a,BROMOACETIC ACID SOLUTION,,C3,8,8,II,1 L,,E2,P001 IBC02,MP15,,T7,L4BN,TP2,,AT,2 (E),,,,,80
1938,b,BROMOACETIC ACID SOLUTION,,C3,8,8,III,5 L,,E1,P001 IBC02 LP01 R001,MP19,,T7,L4BN,TP2,,AT,3 (E),,,,,80
1939,,PHOSPHORUS OXYBROMIDE,,C2,8,8,II,1 kg,,E0,P002 IBC08,MP10,B4,T3,SGAN,TP33,,AT,2 (E),V11,,,,80
1940,,THIOGLYCOLIC ACID,,C3,8,8,II,1 L,,E2,P001 IBC02,MP15,,T7,L4BN,TP2,,AT,2 (E),,,,,80
1941,,DIBROMODIFLUOROMETHANE,,M11,9,9,III,5 L,,E1,P001 LP01 R001,MP15,,T11,L4BN,TP2,,AT,3 (E),,,,,90
1942,a,AMMONIUM NITRATE,"with not more than 0.2% combustible substances, including any organic substance calculated as carbon, to the exclusion of any other added substance",O2,5.1,5.1,III,5 kg,306 611,E1,P002 IBC08 LP02 R001,MP10,B3,T1 BK1 BK2 BK3,SGAV,TP33,TU3,AT,3 (E),,VC1 VC2 AP6 AP7,CV24,S23,50
1942,b,AMMONIUM NITRATE,"with not more than 0.2% combustible substances, including any organic substance calculated as carbon, to the exclusion of any other added substance",O2,5.1,5.1,III,5 kg,306 611,E1,P002 IBC08 LP02 R001,MP10,B3,T1 BK1 BK2 BK3,SGAV,TP33,TU3,AT,3 (E),,VC1 VC2 AP6 AP7,CV24,S23,50
1944,,"MATCHES, SAFETY","(book, card or strike on box)",F1,4.1,4.1,III,5 kg,293,E1,P407 R001,MP11,,,,,,,4 (E),,,,,
1945,,"MATCHES, WAX 'VESTA'",,F1,4.1,4.1,III,5 kg,293,E1,P407 R001,MP11,,,,,,,4 (E),,,,,
1950,a,AEROSOLS,above 1 L,,2,,,,,,,,,,(not listed in ADR),,,,,,,,,
1950,b,AEROSOLS,above 1 L,,2,,,,,,,,,,(not listed in ADR),,,,,,,,,
1950,c,AEROSOLS,above 1 L,,2,,,,,,,,,,(not listed in ADR),,,,,,,,,
1950,d,AEROSOLS,above 1 L,,2,,,,,,,,,,(not listed in ADR),,,,,,,,,
1950,e,AEROSOLS,above 1 L,,2,,,,,,,,,,(not listed in ADR),,,,,,,,,
1950,f,AEROSOLS,above 1 L,,2,,,,,,,,,,(not listed in ADR),,,,,,,,,
1950,g,AEROSOLS,above 1 L,,2,,,,,,,,,,(not listed in ADR),,,,,,,,,
1950,h,AEROSOLS,above 1 L,,2,,,,,,,,,,(not listed in ADR),,,,,,,,,
1950,i,AEROSOLS,flammable,5F,2,2.1,,1 L,190 327 344 625,E0,P207 LP200,MP9,PP87 RR6 L2,,,,,,2 (D),V14,,CV9 CV12,S2,
1950,j,AEROSOLS,"flammable, corrosive",5FC,2,2.1+8,,1 L,190 327 344 625,E0,P207 LP200,MP9,PP87 RR6 L2,,,,,,1 (D),V14,,CV9 CV12,S2,
1950,k,AEROSOLS,"toxic, flammable",5TF,2,2.1+6.1,,120 mL,190 327 344 625,E0,P207 LP200,MP9,PP87 RR6 L2,,,,,,1 (D),V14,,CV9 CV12 CV28,S2,
1950,l,AEROSOLS,"toxic, flammable, corrosive",5TFC,2,2.1+6.1+8,,120 mL,190 327 344 625,E0,P207 LP200,MP9,PP87 RR6 L2,,,,,,1 (D),V14,,CV9 CV12 CV28,S2,
1950,m,AEROSOLS,asphyxiant,5A,2,2.2,,1 L,190 327 344 625,E0,P207 LP200,MP9,PP87 RR6 L2,,,,,,3 (E),V14,,CV9 CV12,,
1950,n,AEROSOLS,corrosive,5C,2,2.2+8,,1 L,190 327 344 625,E0,P207 LP200,MP9,PP87 RR6 L2,,,,,,1 (E),V14,,CV9 CV12,,
1950,o,AEROSOLS,toxic,5T,2,2.2+6.1,,120 mL,190 327 344 625,E0,P207 LP200,MP9,PP87 RR6 L2,,,,,,1 (D),V14,,CV9 CV12 CV28,,
1950,p,AEROSOLS,"toxic, corrosive",5TC,2,2.2+6.1+8,,120 mL,190 327 344 625,E0,P207 LP200,MP9,PP87 RR6 L2,,,,,,1 (D),V14,,CV9 CV12 CV28,,
1950,q,WASTE AEROSOLS,flammable,5F,2,2.1,,1 L,190 327 344 625,E0,P207 LP200,MP9,PP87 RR6 L2,,,,,,2 (D),V14,,CV9 CV12,S2,
1950,r,WASTE AEROSOLS,"flammable, corrosive",5FC,2,2.1+8,,1 L,190 327 344 625,E0,P207 LP200,MP9,PP87 RR6 L2,,,,,,1 (D),V14,,CV9 CV12,S2,
1950,s,WASTE AEROSOLS,"toxic, flammable",5TF,2,2.1+6.1,,120 mL,190 327 344 625,E0,P207 LP200,MP9,PP87 RR6 L2,,,,,,1 (D),V14,,CV9 CV12 CV28,S2,
1950,t,WASTE AEROSOLS,"toxic, flammable, corrosive",5TFC,2,2.1+6.1+8,,120 mL,190 327 344 625,E0,P207 LP200,MP9,PP87 RR6 L2,,,,,,1 (D),V14,,CV9 CV12 CV28,S2,
1950,u,WASTE AEROSOLS,asphyxiant,5A,2,2.2,,1 L,190 327 344 625,E0,P207 LP200,MP9,PP87 RR6 L2,,,,,,3 (E),V14,,CV9 CV12,,
1950,v,WASTE AEROSOLS,corrosive,5C,2,2.2+8,,1 L,190 327 344 625,E0,P207 LP200,MP9,PP87 RR6 L2,,,,,,1 (E),V14,,CV9 CV12,,
1950,w,WASTE AEROSOLS,toxic,5T,2,2.2+6.1,,120 mL,190 327 344 625,E0,P207 LP200,MP9,PP87 RR6 L2,,,,,,1 (D),V14,,CV9 CV12 CV28,,
1950,x,WASTE AEROSOLS,"toxic, corrosive",5TC,2,2.2+6.1+8,,120 mL,190 327 344 625,E0,P207 LP200,MP9,PP87 RR6 L2,,,,,,1 (D),V14,,CV9 CV12 CV28,,
1950,y,AEROSOLS,above 1 L,,2,,,,,,,,,,(not listed in ADR),,,,,,,,,
1950,za,AEROSOLS,oxidizing,5O,2,2.2+5.1,,1 L,190 327 344 625,E0,P207 LP02,MP9,PP87 RR6 L2,,,,,,3 (E),V14,,CV9 CV12,,
1950,zb,AEROSOLS,"toxic, oxidizing",5TO,2,2.2+5.1+6.1,,120 mL,190 327 344 625,E0,P207 LP02,MP9,PP87 RR6 L2,,,,,,1 (D),V14,,CV9 CV12 CV28,,
1951,,"ARGON, REFRIGERATED LIQUID",,3A,2,2.2,,120 mL,593,E1,P203,MP9,,T75,RxBN,TP5,TU19 TA4 TT9,AT,3 (C/E),V5,,CV9 CV11 CV36,S20,22
1952,,ETHYLENE OXIDE AND CARBON DIOXIDE MIXTURE,with not more than 9% ethylene oxide,2A,2,2.2,,120 mL,392 662,E1,P200,MP9,,(M),PxBN(M),,TA4 TT9,AT,3 (C/E),,,CV9 CV10 CV36,,20
1953,,"COMPRESSED GAS, TOXIC, FLAMMABLE, N.O.S.",,1TF,2,2.3+2.1,,0,274,E0,P200,MP9,,(M),CxBH(M),,TU6 TA4 TT9,FL,1 (B/D),,,CV9 CV10 CV36,S2 S14,263
1954,,"COMPRESSED GAS, FLAMMABLE, N.O.S.",,1F,2,2.1,,0,274 392 662,E0,P200,MP9,,(M),CxBN(M),,TA4 TT9,FL,2 (B/D),,,CV9 CV10 CV36,S2 S20,23
1955,,"COMPRESSED GAS, TOXIC, N.O.S.",,1T,2,2.3,,0,274,E0,P200,MP9,,(M),CxBH(M),,TU6 TA4 TT9,AT,1 (C/D),,,CV9 CV10 CV36,S14,26
1956,,"COMPRESSED GAS, N.O.S.",,1A,2,2.2,,120 mL,274 378 392 655 662,E1,P200,MP9,,(M),CxBN(M),,TA4 TT9,AT,3 (E),,,CV9 CV10 CV36,,20
1957,,"DEUTERIUM, COMPRESSED",,1F,2,2.1,,0,662,E0,P200,MP9,,(M),CxBN(M),,TA4 TT9,FL,2 (B/D),,,CV9 CV10 CV36,S2 S20,23
1958,a,"1,2-DICHLORO-1,1,2,2-TETRAFLUOROETHANE",,2A,2,2.2,,120 mL,662,E1,P200,MP9,,(M) T50,PxBN(M),,TA4 TT9,AT,3 (C/E),,,CV9 CV10 CV36,,20
1958,b,REFRIGERANT GAS R 114,,2A,2,2.2,,120 mL,662,E1,P200,MP9,,(M) T50,PxBN(M),,TA4 TT9,AT,3 (C/E),,,CV9 CV10 CV36,,20
1959,a,"1,1-DIFLUOROETHYLENE",,2F,2,2.1,,0,662,E0,P200,MP9,,(M),PxBN(M),,TA4 TT9,FL,2 (B/D),,,CV9 CV10 CV36,S2 S20,239
1959,b,REFRIGERANT GAS R 1132a,,2F,2,2.1,,0,662,E0,P200,MP9,,(M),PxBN(M),,TA4 TT9,FL,2 (B/D),,,CV9 CV10 CV36,S2 S20,239
1961,,"ETHANE, REFRIGERATED LIQUID",,3F,2,2.1,,0,,E0,P203,MP9,,T75,RxBN,TP5,TU18 TA4 TT9,FL,2 (B/D),V5,,CV9 CV11 CV36,S2 S17,223
1962,,ETHYLENE,,2F,2,2.1,,0,662,E0,P200,MP9,,(M),PxBN(M),,TA4 TT9,FL,2 (B/D),,,CV9 CV10 CV36,S2 S20,23
1963,,"HELIUM, REFRIGERATED LIQUID",,3A,2,2.2,,120 mL,593,E1,P203,MP9,,T75,RxBN,TP5 TP34,TU19 TA4 TT9,AT,3 (C/E),V5,,CV9 CV11 CV36,S20,22
1964,,"HYDROCARBON GAS MIXTURE, COMPRESSED, N.O.S.",,1F,2,2.1,,0,274 662,E0,P200,MP9,,(M),CxBN(M),,TA4 TT9,FL,2 (B/D),,,CV9 CV10 CV36,S2 S20,23
1965,,"HYDROCARBON GAS MIXTURE, LIQUEFIED, N.O.S.","such as mixtures A, A01, A02, A0, A1, B1, B2, B or C",2F,2,2.1,,0,274 392 583 652 662 674,E0,P200,MP9,,(M) T50,PxBN(M),,TA4 TT9 TT11,FL,2 (B/D),,,CV9 CV10 CV36,S2 S20,23
1966,,"HYDROGEN, REFRIGERATED LIQUID",,3F,2,2.1,,0,,E0,P203,MP9,,T75,RxBN,TP5 TP34,TU18 TA4 TT9,FL,2 (B/D),V5,,CV9 CV11 CV36,S2 S17,223
1967,,"INSECTICIDE GAS, TOXIC, N.O.S.",,2T,2,2.3,,0,274,E0,P200,MP9,,(M),PxBH(M),,TU6 TA4 TT9,AT,1 (C/D),,,CV9 CV10 CV36,S14,26
1968,,"INSECTICIDE GAS, N.O.S.",,2A,2,2.2,,120 mL,274 662,E1,P200,MP9,,(M),PxBN(M),,TA4 TT9,AT,3 (C/E),,,CV9 CV10 CV36,,20
1969,,ISOBUTANE,,2F,2,2.1,,0,392 657 662 674,E0,P200,MP9,,(M) T50,PxBN(M),,TA4 TT9 TT11,FL,2 (B/D),,,CV9 CV10 CV36,S2 S20,23
1970,,"KRYPTON, REFRIGERATED LIQUID",,3A,2,2.2,,120 mL,593,E1,P203,MP9,,T75,RxBN,TP5,TU19 TA4 TT9,AT,3 (C/E),V5,,CV9 CV11 CV36,S20,22
1971,a,"METHANE, COMPRESSED",,1F,2,2.1,,0,392 662,E0,P200,MP9,,(M),CxBN(M),,TA4 TT9,FL,2 (B/D),,,CV9 CV10 CV36,S2 S20,23
1971,b,"NATURAL GAS, COMPRESSED",with high methane content,1F,2,2.1,,0,392 662,E0,P200,MP9,,(M),CxBN(M),,TA4 TT9,FL,2 (B/D),,,CV9 CV10 CV36,S2 S20,23
1972,a,"METHANE, REFRIGERATED LIQUID",,3F,2,2.1,,0,392,E0,P203,MP9,,T75,RxBN,TP5,TU18 TA4 TT9,FL,2 (B/D),V5,,CV9 CV11 CV36,S2 S17,223
1972,b,"NATURAL GAS, REFRIGERATED LIQUID",with high methane content,3F,2,2.1,,0,392,E0,P203,MP9,,T75,RxBN,TP5,TU18 TA4 TT9,FL,2 (B/D),V5,,CV9 CV11 CV36,S2 S17,223
1973,a,CHLORODIFLUOROMETHANE AND CHLOROPENTAFLUOROETHANE MIXTURE,"with a fixed boiling point, with approximately 49% chlorodifluoromethane",2A,2,2.2,,120 mL,662,E1,P200,MP9,,(M) T50,PxBN(M),,TA4 TT9,AT,3 (C/E),,,CV9 CV10 CV36,,20
1973,b,REFRIGERANT GAS R 502,,2A,2,2.2,,120 mL,662,E1,P200,MP9,,(M) T50,PxBN(M),,TA4 TT9,AT,3 (C/E),,,CV9 CV10 CV36,,20
1974,a,CHLORODIFLUOROBROMOMETHANE,,2A,2,2.2,,120 mL,662,E1,P200,MP9,,(M) T50,PxBN(M),,TA4 TT9,AT,3 (C/E),,,CV9 CV10 CV36,,20
1974,b,REFRIGERANT GAS R 12B1,,2A,2,2.2,,120 mL,662,E1,P200,MP9,,(M) T50,PxBN(M),,TA4 TT9,AT,3 (C/E),,,CV9 CV10 CV36,,20
1975,a,NITRIC OXIDE AND DINITROGEN TETROXIDE MIXTURE,,2TOC,2,2.3+5.1+8,,0,,E0,P200,MP9,,,,,,,1 (D),,,CV9 CV10 CV36,S14,
1975,b,NITRIC OXIDE AND NITROGEN DIOXIDE MIXTURE,,2TOC,2,2.3+5.1+8,,0,,E0,P200,MP9,,,,,,,1 (D),,,CV9 CV10 CV36,S14,
1976,a,OCTAFLUOROCYCLOBUTANE,,2A,2,2.2,,120 mL,662,E1,P200,MP9,,(M) T50,PxBN(M),,TA4 TT9,AT,3 (C/E),,,CV9 CV10 CV36,,20
1976,b,REFRIGERANT GAS RC 318,,2A,2,2.2,,120 mL,662,E1,P200,MP9,,(M) T50,PxBN(M),,TA4 TT9,AT,3 (C/E),,,CV9 CV10 CV36,,20
1977,,"NITROGEN, REFRIGERATED LIQUID",,3A,2,2.2,,120 mL,345 346 593,E1,P203,MP9,,T75,RxBN,TP5,TU19 TA4 TT9,AT,3 (C/E),V5,,CV9 CV11 CV36,S20,22
1978,,PROPANE,,2F,2,2.1,,0,392 652 657 662 674,E0,P200,MP9,,(M) T50,PxBN(M),,TA4 TT9 TT11,FL,2 (B/D),,,CV9 CV10 CV36,S2 S20,23
1982,a,TETRAFLUOROMETHANE,,2A,2,2.2,,120 mL,662,E1,P200,MP9,,(M),PxBN(M),,TA4 TT9,AT,3 (C/E),,,CV9 CV10 CV36,,20
1982,b,REFRIGERANT GAS R 14,,2A,2,2.2,,120 mL,662,E1,P200,MP9,,(M),PxBN(M),,TA4 TT9,AT,3 (C/E),,,CV9 CV10 CV36,,20
1983,a,"1-CHLORO-2,2,2-TRIFLUOROETHANE",,2A,2,2.2,,120 mL,662,E1,P200,MP9,,(M) T50,PxBN(M),,TA4 TT9,AT,3 (C/E),,,CV9 CV10 CV36,,20
1983,b,REFRIGERANT GAS R 133a,,2A,2,2.2,,120 mL,662,E1,P200,MP9,,(M) T50,PxBN(M),,TA4 TT9,AT,3 (C/E),,,CV9 CV10 CV36,,20
1984,a,TRIFLUOROMETHANE,,2A,2,2.2,,120 mL,662,E1,P200,MP9,,(M),PxBN(M),,TA4 TT9,AT,3 (C/E),,,CV9 CV10 CV36,,20
1984,b,REFRIGERANT GAS R 23,,2A,2,2.2,,120 mL,662,E1,P200,MP9,,(M),PxBN(M),,TA4 TT9,AT,3 (C/E),,,CV9 CV10 CV36,,20
1986,a,"ALCOHOLS, FLAMMABLE, TOXIC, N.O.S.",,FT1,3,3+6.1,I,0,274,E0,P001,MP7 MP17,,T14,L10CH,TP2 TP27,TU14 TU15 TE21,FL,1 (C/E),,,CV13 CV28,S2 S22,336
1986,b,"ALCOHOLS, FLAMMABLE, TOXIC, N.O.S.",,FT1,3,3+6.1,II,1 L,274,E2,P001 IBC02,MP19,,T11,L4BH,TP2 TP27,TU15,FL,2 (D/E),,,CV13 CV28,S2 S22,336
1986,c,"ALCOHOLS, FLAMMABLE, TOXIC, N.O.S.",,FT1,3,3+6.1,III,5 L,274,E1,P001 IBC03 R001,MP19,,T7,L4BH,TP1 TP28,TU15,FL,3 (D/E),V12,,CV13 CV28,S2,36
1987,a,"ALCOHOLS, N.O.S.",,F1,3,3,II,1 L,274 601 640C/D,E2,P001 IBC02* R001*,MP19,,T7,L1.5BN/LGBF,TP1 TP8 TP28,,FL,2 (D/E),,,,S2 S20,33
1987,b,"ALCOHOLS, N.O.S.",,F1,3,3,III,5 L,274 601,E1,P001 IBC03 LP01 R001,MP19,,T4,LGBF,TP1 TP29,,FL,3 (D/E),V12,,,S2,30
1988,a,"ALDEHYDES, FLAMMABLE, TOXIC, N.O.S.",,FT1,3,3+6.1,I,0,274,E0,P001,MP7 MP17,,T14,L10CH,TP2 TP27,TU14 TU15 TE21,FL,1 (C/E),,,CV13 CV28,S2 S22,336
1988,b,"ALDEHYDES, FLAMMABLE, TOXIC, N.O.S.",,FT1,3,3+6.1,II,1 L,274,E2,P001 IBC02,MP19,,T11,L4BH,TP2 TP27,TU15,FL,2 (D/E),,,CV13 CV28,S2 S22,336
1988,c,"ALDEHYDES, FLAMMABLE, TOXIC, N.O.S.",,FT1,3,3+6.1,III,5 L,274,E1,P001 IBC03 R001,MP19,,T7,L4BH,TP1 TP28,TU15,FL,3 (D/E),V12,,CV13 CV28,S2,36
1989,a,"ALDEHYDES, N.O.S.",,F1,3,3,I,0,274,E3,P001,MP7 MP17,,T11,L4BN,TP1 TP27,,FL,1 (D/E),,,,S2 S20,33
1989,b,"ALDEHYDES, N.O.S.",,F1,3,3,II,1 L,274 640C/D,E2,P001 IBC02* R001*,MP19,,T7,L1.5BN/LGBF,TP1 TP8 TP28,,FL,2 (D/E),,,,S2 S20,33
1989,c,"ALDEHYDES, N.O.S.",,F1,3,3,III,5 L,274,E1,P001 IBC03 LP01 R001,MP19,,T4,LGBF,TP1 TP29,,FL,3 (D/E),V12,,,S2,30
1990,,BENZALDEHYDE,,M11,9,9,III,5 L,,E1,P001 IBC03 LP01 R001,MP15,,T2,LGBV,TP1,,AT,3 (E),V12,,,,90
1991,,"CHLOROPRENE, STABILIZED",,FT1,3,3+6.1,I,0,386 676,E0,P001,MP7 MP17,,T14,L10CH,TP2 TP6,TU14 TU15 TE21,FL,1 (C/E),V8,,CV13 CV28,S2 S4 S22,336
1992,a,"FLAMMABLE LIQUID, TOXIC, N.O.S.",,FT1,3,3+6.1,I,0,274,E0,P001,MP7 MP17,,T14,L10CH,TP2 TP27,TU14 TU15 TE21,FL,1 (C/E),,,CV13 CV28,S2 S22,336
1992,b,"FLAMMABLE LIQUID, TOXIC, N.O.S.",,FT1,3,3+6.1,II,1 L,274,E2,P001 IBC02,MP19,,T7,L4BH,TP2,TU15,FL,2 (D/E),,,CV13 CV28,S2 S22,336
1992,c,"FLAMMABLE LIQUID, TOXIC, N.O.S.",,FT1,3,3+6.1,III,5 L,274,E1,P001 IBC03 R001,MP19,,T7,L4BH,TP1 TP28,TU15,FL,3 (D/E),V12,,CV13 CV28,S2,36
1993,a,"FLAMMABLE LIQUID, N.O.S.",,F1,3,3,I,0,274,E3,P001,MP7 MP17,,T11,L4BN,TP1 TP27,,FL,1 (D/E),,,,S2 S20,33
1993,b,"FLAMMABLE LIQUID, N.O.S.",,F1,3,3,II,1 L,274 601 640C/D,E2,P001 IBC02* R001*,MP19,,T7,L1.5BN/LGBF,TP1 TP8 TP28,,FL,2 (D/E),,,,S2 S20,33
1993,c,"FLAMMABLE LIQUID, N.O.S.",,F1,3,3,III,5 L,274 601,E1,P001 IBC03 LP01 R001,MP19,,T4,LGBF,TP1 TP29,,FL,3 (D/E),V12,,,S2,30
1994,,IRON PENTACARBONYL,,TF1,6.1,6.1+3,I,0,354,E0,P601,MP2,,T22,L15CH,TP2,TU14 TU15 TU31 TE19 TE21 TM3,FL,1 (C/D),,,CV1 CV13 CV28,S2 S9 S14,663
1999,a,"TARS, LIQUID","including road oils, and cutback bitumens",F1,3,3,II,5 L,640C/D,E2,P001 IBC02* R001*,MP19,,T3,L1.5BN/LGBF,TP3 TP29,,FL,2 (D/E),,,,S2 S20,33
1999,b,"TARS, LIQUID","including road oils, and cutback bitumens",F1,3,3,III,5 L,,E1,P001 IBC02* LP01* R001,MP19,BB4*,T1*,LGBF*,TP3*,,FL*,3 (D/E)*,V12,,,S2,30*
2000,,CELLULOID,"in block, rods, rolls, sheets, tubes, etc., except scrap",F1,4.1,4.1,III,5 kg,383 502,E1,P002 LP02 R001,MP11,PP7,,,,,,3 (E),,,,,
2001,,"COBALT NAPHTHENATES, POWDER",,F3,4.1,4.1,III,5 kg,,E1,P002 IBC08 LP02 R001,MP11,B3,T1,SGAV,TP33,,AT,3 (E),,VC1 VC2,,,40
2002,,"CELLULOID, SCRAP",,S2,4.2,4.2,III,0,526 592,E0,P002 IBC08 LP02 R001,MP14,PP8 B3,,,,,,3 (E),V1,,,,
2004,,MAGNESIUM DIAMIDE,,S4,4.2,4.2,II,0,,E2,P410 IBC06,MP14,,T3,SGAN,TP33,,AT,2 (D/E),V1,,,,40
2006,,"PLASTICS, NITROCELLULOSE-BASED, SELF-HEATING, N.O.S.",,S2,4.2,4.2,III,0,274 528,E0,P002 R001,MP14,,,,,,,3 (E),V1,,,,
2008,a,"ZIRCONIUM POWDER, DRY",,S4,4.2,4.2,I,0,524 540,E0,P404,MP13,,T21,,TP7 TP33,,AT,0 (B/E),V1,,,S20,43
2008,b,"ZIRCONIUM POWDER, DRY",,S4,4.2,4.2,II,0,524 540,E2,P410 IBC06,MP14,,T3,SGAN,TP33,,AT,2 (D/E),V1,,,,40
2008,c,"ZIRCONIUM POWDER, DRY",,S4,4.2,4.2,III,0,524 540,E1,P002 IBC08 LP02 R001,MP14,B3,T1,SGAN,TP33,,AT,3 (E),V1,VC1 VC2 AP1,,,40
2009,,"ZIRCONIUM, DRY","finished sheets, strip or coiled wire",S4,4.2,4.2,III,0,524 592,E1,P002 LP02 R001,MP14,,,,,,,3 (E),V1,VC1 VC2 AP1,,,40
2010,,MAGNESIUM HYDRIDE,,W2,4.3,4.3,I,0,,E0,P403,MP2,,,,,,,1 (E),V1,,CV23,S20,
2011,,MAGNESIUM PHOSPHIDE,,WT2,4.3,4.3+6.1,I,0,,E0,P403,MP2,,,,,,,1 (E),V1,,CV23 CV28,S20,
2012,,POTASSIUM PHOSPHIDE,,WT2,4.3,4.3+6.1,I,0,,E0,P403,MP2,,,,,,,1 (E),V1,,CV23 CV28,S20,
2013,,STRONTIUM PHOSPHIDE,,WT2,4.3,4.3+6.1,I,0,,E0,P403,MP2,,,,,,,1 (E),V1,,CV23 CV28,S20,
2014,,"HYDROGEN PEROXIDE, AQUEOUS SOLUTION",with not less than 20% but not more than 60% hydrogen peroxide (stabilized as necessary),OC1,5.1,5.1+8,II,1 L,,E2,P504 IBC02,MP15,PP10 B5,T7,L4BV(+),TP2 TP6 TP24,TU3 TC2 TE8 TE11 TT1,AT,2 (E),,,CV24,,58
2015,a,"HYDROGEN PEROXIDE, STABILIZED",,OC1,5.1,5.1+8,I,0,640N/O,E0,P501,MP2,,T9,L4DV(+)/L4BV(+),TP2 TP6 TP24,TU3 TU28 TC2 TE7* TE8 TE9 TT1,FL,1 (B/E),V5,,CV24,S20,559
2015,b,"HYDROGEN PEROXIDE, AQUEOUS SOLUTION, STABILIZED",with more than 70% hydrogen peroxide,OC1,5.1,5.1+8,I,0,640N/O,E0,P501,MP2,,T9,L4DV(+)/L4BV(+),TP2 TP6 TP24,TU3 TU28 TC2 TE7* TE8 TE9 TT1,FL,1 (B/E),V5,,CV24,S20,559
2015,c,"HYDROGEN PEROXIDE, AQUEOUS SOLUTION, STABILIZED",with more than 60% hydrogen peroxide and not more than 70% hydrogen peroxide,OC1,5.1,5.1+8,I,0,640N/O,E0,P501,MP2,,T9,L4DV(+)/L4BV(+),TP2 TP6 TP24,TU3 TU28 TC2 TE7* TE8 TE9 TT1,FL,1 (B/E),V5,,CV24,S20,559
2016,,"AMMUNITION, TOXIC, NON-EXPLOSIVE","without burster or expelling charge, non-fuzed",T2,6.1,6.1,,0,,E0,P600,MP10,,,,,,,2 (E),,,CV13 CV28,S9 S19,
2017,,"AMMUNITION, TEAR-PRODUCING, NON-EXPLOSIVE","without burster or expelling charge, non-fuzed",TC2,6.1,6.1+8,,0,,E0,P600,,,,,,,,2 (E),,,CV13 CV28,S9 S19,
2018,,"CHLOROANILINES, SOLID",,T2,6.1,6.1,II,500 g,,E4,P002 IBC08,MP10,B4,T3,SGAH L4BH,TP33,TU15 TE19,AT,2 (D/E),V11,,CV13 CV28,S9 S19,60
2019,,"CHLOROANILINES, LIQUID",,T1,6.1,6.1,II,100 mL,,E4,P001 IBC02,MP15,,T7,L4BH,TP2,TU15 TE19,AT,2 (D/E),,,CV13 CV28,S9 S19,60
2020,,"CHLOROPHENOLS, SOLID",,T2,6.1,6.1,III,5 kg,205,E1,P002 IBC08 LP02 R001,MP10,B3,T1,SGAH,TP33,TU15 TE19,AT,2 (E),,VC1 VC2 AP7,CV13 CV28,S9,60
2021,,"CHLOROPHENOLS, LIQUID",,T1,6.1,6.1,III,5 L,,E1,P001 IBC03 LP01 R001,MP19,,T4,L4BH,TP1,TU15 TE19,AT,2 (E),V12,,CV13 CV28,S9,60
2022,,CRESYLIC ACID,,TC1,6.1,6.1+8,II,100 mL,,E4,P001 IBC02,MP15,,T7,L4BH,TP2,TU15 TE19,AT,2 (D/E),,,CV13 CV28,S9 S19,68
2023,,EPICHLOROHYDRIN,,TF1,6.1,6.1+3,II,100 mL,279,E4,P001 IBC02,MP15,,T7,L4BH,TP2,TU15 TE19,FL,2 (D/E),,,CV13 CV28,S2 S9 S19,63
2024,a,"MERCURY COMPOUND, LIQUID, N.O.S.",,T4,6.1,6.1,I,0,43 274,E5,P001,MP8 MP17,,,L10CH,,TU14 TU15 TE19 TE21,AT,1 (C/E),,,CV1 CV13 CV28,S9 S14,66
2024,b,"MERCURY COMPOUND, LIQUID, N.O.S.",,T4,6.1,6.1,II,100 mL,43 274,E4,P001 IBC02,MP15,,,L4BH,,TU15 TE19,AT,2 (D/E),,,CV13 CV28,S9 S19,60
2024,c,"MERCURY COMPOUND, LIQUID, N.O.S.",,T4,6.1,6.1,III,5 L,43 274,E1,P001 IBC03 LP01 R001,MP19,,,L4BH,,TU15 TE19,AT,2 (E),V12,,CV13 CV28,S9,60
2025,a,"MERCURY COMPOUND, SOLID, N.O.S.",,T5,6.1,6.1,I,0,43 66 274 529,E5,P002 IBC07,MP18,,T6,S10AH,TP33,TU15 TE19,AT,1 (C/E),V10,,CV1 CV13 CV28,S9 S14,66
2025,b,"MERCURY COMPOUND, SOLID, N.O.S.",,T5,6.1,6.1,II,500 g,43 66 274 529,E4,P002 IBC08,MP10,B4,T3,SGAH,TP33,TU15 TE19,AT,2 (D/E),V11,,CV13 CV28,S9 S19,60
2025,c,"MERCURY COMPOUND, SOLID, N.O.S.",,T5,6.1,6.1,III,5 kg,43 66 274 529,E1,P002 IBC08 LP02 R001,MP10,B3,T1,SGAH,TP33,TU15 TE19,AT,2 (E),,VC1 VC2 AP7,CV13 CV28,S9,60
2026,a,"PHENYLMERCURIC COMPOUND, N.O.S.",,T3,6.1,6.1,I,0,43 274,E5,P002 IBC07,MP18,,T6,S10AH L10CH,TP33,TU14 TU15 TE19 TE21,AT,1 (C/E),V10,,CV1 CV13 CV28,S9 S14,66
2026,b,"PHENYLMERCURIC COMPOUND, N.O.S.",,T3,6.1,6.1,II,500 g,43 274,E4,P002 IBC08,MP10,B4,T3,SGAH L4BH,TP33,TU15 TE19,AT,2 (D/E),V11,,CV13 CV28,S9 S19,60
2026,c,"PHENYLMERCURIC COMPOUND, N.O.S.",,T3,6.1,6.1,III,5 kg,43 274,E1,P002 IBC08 LP02 R001,MP10,B3,T1,SGAH L4BH,TP33,TU15 TE19,AT,2 (E),,VC1 VC2 AP7,CV13 CV28,S9,60
2027,,"SODIUM ARSENITE, SOLID",,T5,6.1,6.1,II,500 g,43,E4,P002 IBC08,MP10,B4,T3,SGAH,TP33,TU15 TE19,AT,2 (D/E),V11,,CV13 CV28,S9 S19,60
2028,,"BOMBS, SMOKE, NON-EXPLOSIVE","with corrosive liquid, without initiating device",C11,8,8,II,0,,E0,P803,,,,,,,,2 (E),,,,,
2029,,"HYDRAZINE, ANHYDROUS",,CFT,8,8+3+6.1,I,0,,E0,P001,MP8 MP17,,,,,,,1 (E),,,CV13 CV28,S2 S14,
2030,a,HYDRAZINE AQUEOUS SOLUTION,with more than 37% hydrazine by mass,CT1,8,8+6.1,I,0,530,E0,P001,MP8 MP17,,T10,L10BH,TP2,,AT,1 (C/D),,,CV13 CV28,S14,886
2030,b,HYDRAZINE AQUEOUS SOLUTION,with more than 37% hydrazine by mass,CT1,8,8+6.1,II,1 L,530,E0,P001 IBC02,MP15,,T7,L4BN,TP2,,AT,2 (E),,,CV13 CV28,,86
2030,c,HYDRAZINE AQUEOUS SOLUTION,with more than 37% hydrazine by mass,CT1,8,8+6.1,III,5 L,530,E1,P001 IBC03 LP01 R001,MP19,,T4,L4BN,TP1,,AT,3 (E),V12,,CV13 CV28,,86
2031,a,NITRIC ACID,"other than red fuming, with more than 70% nitric acid",CO1,8,8+5.1,I,0,,E0,P001,MP8 MP17,PP81,T10,L10BH,TP2,TC6 TT1,AT,1 (E),,,CV24,S14,885
2031,b,NITRIC ACID,"other than red fuming, with at least 65%, but not more than 70% nitric acid",CO1,8,8+5.1,II,1 L,,E2,P001 IBC02,MP15,PP81 B15,T8,L4BN,TP2,TU42,AT,2 (E),,,CV24,,85
2031,c,NITRIC ACID,"other than red fuming, with less than 65% nitric acid",C1,8,8,II,1 L,,E2,P001 IBC02,MP15,PP81 B15,T8,L4BN,TP2,TU42,AT,2 (E),,,,,80
2032,,"NITRIC ACID, RED FUMING",,COT,8,8+5.1+6.1,I,0,,E0,P602,MP8 MP17,,T20,L10BH,TP2,TC6 TT1,AT,1 (C/D),,,CV13 CV24 CV28,S14,856
2033,,POTASSIUM MONOXIDE,,C6,8,8,II,1 kg,,E2,P002 IBC08,MP10,B4,T3,SGAN,TP33,,AT,2 (E),V11,,,,80
2034,,"HYDROGEN AND METHANE MIXTURE, COMPRESSED",,1F,2,2.1,,0,662,E0,P200,MP9,,(M),CxBN(M),,TA4 TT9,FL,2 (B/D),,,CV9 CV10 CV36,S2 S20,23
2035,a,"1,1,1-TRIFLUOROETHANE",,2F,2,2.1,,0,662,E0,P200,MP9,,(M) T50,PxBN(M),,TA4 TT9,FL,2 (B/D),,,CV9 CV10 CV36,S2 S20,23
2035,b,REFRIGERANT GAS R 143a,,2F,2,2.1,,0,662,E0,P200,MP9,,(M) T50,PxBN(M),,TA4 TT9,FL,2 (B/D),,,CV9 CV10 CV36,S2 S20,23
2036,,XENON,,2A,2,2.2,,120 mL,378 392 662,E1,P200,MP9,,(M),PxBN(M),,TA4 TT9,AT,3 (C/E),,,CV9 CV10 CV36,,20
2037,a,"RECEPTACLES, SMALL, CONTAINING GAS","without a release device, non refillable",5F,2,2.1,,1 L,191 303 327 344,E0,P003 LP200,MP9,PP17 PP96 L2 RR6,,,,,,2 (D),,,CV9 CV12,S2,
2037,b,"RECEPTACLES, SMALL, CONTAINING GAS","without a release device, non refillable",5A,2,2.2,,1 L,191 303 327 344,E0,P003 LP200,MP9,PP17 PP96 L2 RR6,,,,,,3 (E),,,CV9 CV12,,
2037,c,"RECEPTACLES, SMALL, CONTAINING GAS","without a release device, non refillable",5O,2,2.2+5.1,,1 L,191 303 327 344,E0,P003 LP200,MP9,PP17 PP96 L2 RR6,,,,,,3 (E),,,CV9 CV12,,
2037,d,"RECEPTACLES, SMALL, CONTAINING GAS","without a release device, non refillable",5T,2,2.3,,120 mL,303 327 344,E0,P003 LP200,MP9,PP17 PP96 L2 RR6,,,,,,1 (D),,,CV9 CV12,,
2037,e,"RECEPTACLES, SMALL, CONTAINING GAS","without a release device, non refillable",5TF,2,2.3+2.1,,120 mL,303 327 344,E0,P003 LP200,MP9,PP17 PP96 L2 RR6,,,,,,1 (D),,,CV9 CV12,S2,
2037,f,"RECEPTACLES, SMALL, CONTAINING GAS","without a release device, non refillable",5TO,2,2.3+5.1,,120 mL,303 327 344,E0,P003 LP200,MP9,PP17 PP96 L2 RR6,,,,,,1 (D),,,CV9 CV12,,
2037,g,"RECEPTACLES, SMALL, CONTAINING GAS","without a release device, non refillable",5TOC,2,2.3+5.1+8,,120 mL,303 327 344,E0,P003 LP200,MP9,PP17 PP96 L2 RR6,,,,,,1 (D),,,CV9 CV12,,
2037,h,"RECEPTACLES, SMALL, CONTAINING GAS","without a release device, non refillable",5TC,2,2.3+8,,120 mL,303 327 344,E0,P003 LP200,MP9,PP17 PP96 L2 RR6,,,,,,1 (D),,,CV9 CV12,,
2037,i,"RECEPTACLES, SMALL, CONTAINING GAS","without a release device, non refillable",5TFC,2,2.3+2.1+8,,120 mL,303 327 344,E0,P003 LP200,MP9,PP17 PP96 L2 RR6,,,,,,1 (D),,,CV9 CV12,S2,
2037,j,"WASTE RECEPTACLES, SMALL, CONTAINING GAS","without a release device, non refillable",5F,2,2.1,,1 L,191 303 327 344,E0,P003 LP200,MP9,PP17 PP96 L2 RR6,,,,,,2 (D),,,CV9 CV12,S2,
2037,k,"WASTE RECEPTACLES, SMALL, CONTAINING GAS","without a release device, non refillable",5A,2,2.2,,1 L,191 303 327 344,E0,P003 LP200,MP9,PP17 PP96 L2 RR6,,,,,,3 (E),,,CV9 CV12,,
2037,l,"WASTE RECEPTACLES, SMALL, CONTAINING GAS","without a release device, non refillable",5O,2,"2.2, 5.1",,1 L,191 303 327 344,E0,P003 LP200,MP9,PP17 PP96 L2 RR6,,,,,,3 (E),,,CV9 CV12,,
2037,m,"WASTE RECEPTACLES, SMALL, CONTAINING GAS","without a release device, non refillable",5T,2,2.3,,120 mL,303 327 344,E0,P003 LP200,MP9,PP17 PP96 L2 RR6,,,,,,1 (D),,,CV9 CV12,,
2037,n,"WASTE RECEPTACLES, SMALL, CONTAINING GAS","without a release device, non refillable",5TF,2,"2.3, 2.1",,120 mL,303 327 344,E0,P003 LP200,MP9,PP17 PP96 L2 RR6,,,,,,1 (D),,,CV9 CV12,S2,
2037,o,"WASTE RECEPTACLES, SMALL, CONTAINING GAS","without a release device, non refillable",5TO,2,"2.3, 5.1",,120 mL,303 327 344,E0,P003 LP200,MP9,PP17 PP96 L2 RR6,,,,,,1 (D),,,CV9 CV12,,
2037,p,"WASTE RECEPTACLES, SMALL, CONTAINING GAS","without a release device, non refillable",5TOC,2,"2.3, 5.1, 8",,120 mL,303 327 344,E0,P003 LP200,MP9,PP17 PP96 L2 RR6,,,,,,1 (D),,,CV9 CV12,,
2037,q,"WASTE RECEPTACLES, SMALL, CONTAINING GAS","without a release device, non refillable",5TC,2,"2.3, 8",,120 mL,303 327 344,E0,P003 LP200,MP9,PP17 PP96 L2 RR6,,,,,,1 (D),,,CV9 CV12,,
2037,r,"WASTE RECEPTACLES, SMALL, CONTAINING GAS","without a release device, non refillable",5TFC,2,"2.3, 2.1, 8",,120 mL,303 327 344,E0,P003 LP200,MP9,PP17 PP96 L2 RR6,,,,,,1 (D),,,CV9 CV12,S2,
2037,s,GAS CARTRIDGES,"without a release device, non refillable",5F,2,2.1,,1 L,191 303 327 344,E0,P003 LP200,MP9,PP17 PP96 L2 RR6,,,,,,2 (D),,,CV9 CV12,S2,
2037,t,GAS CARTRIDGES,"without a release device, non refillable",5A,2,2.2,,1 L,191 303 327 344,E0,P003 LP200,MP9,PP17 PP96 L2 RR6,,,,,,3 (E),,,CV9 CV12,,
2037,u,GAS CARTRIDGES,"without a release device, non refillable",5O,2,2.2+5.1,,1 L,191 303 327 344,E0,P003 LP200,MP9,PP17 PP96 L2 RR6,,,,,,3 (E),,,CV9 CV12,,
2037,v,GAS CARTRIDGES,"without a release device, non refillable",5T,2,2.3,,120 mL,303 327 344,E0,P003 LP200,MP9,PP17 PP96 L2 RR6,,,,,,1 (D),,,CV9 CV12,,
2037,w,GAS CARTRIDGES,"without a release device, non refillable",5TF,2,2.3+2.1,,120 mL,303 327 344,E0,P003 LP200,MP9,PP17 PP96 L2 RR6,,,,,,1 (D),,,CV9 CV12,S2,
2037,x,GAS CARTRIDGES,"without a release device, non refillable",5TO,2,2.3+5.1,,120 mL,303 327 344,E0,P003 LP200,MP9,PP17 PP96 L2 RR6,,,,,,1 (D),,,CV9 CV12,,
2037,y,GAS CARTRIDGES,"without a release device, non refillable",5TOC,2,2.3+5.1+8,,120 mL,303 327 344,E0,P003 LP200,MP9,PP17 PP96 L2 RR6,,,,,,1 (D),,,CV9 CV12,,
2037,za,GAS CARTRIDGES,"without a release device, non refillable",5TC,2,2.3+8,,120 mL,303 327 344,E0,P003 LP200,MP9,PP17 PP96 L2 RR6,,,,,,1 (D),,,CV9 CV12,,
2037,zb,GAS CARTRIDGES,"without a release device, non refillable",5TFC,2,2.3+2.1+8,,120 mL,303 327 344,E0,P003 LP200,MP9,PP17 PP96 L2 RR6,,,,,,1 (D),,,CV9 CV12,S2,
2037,zc,WASTE GAS CARTRIDGES,"without a release device, non refillable",5F,2,2.1,,1 L,191 303 327 344,E0,P003 LP200,MP9,PP17 PP96 L2 RR6,,,,,,2 (D),,,CV9 CV12,S2,
2037,zd,WASTE GAS CARTRIDGES,"without a release device, non refillable",5A,2,2.2,,1 L,191 303 327 344,E0,P003 LP200,MP9,PP17 PP96 L2 RR6,,,,,,3 (E),,,CV9 CV12,,
2037,ze,WASTE GAS CARTRIDGES,"without a release device, non refillable",5O,2,2.2+5.1,,1 L,191 303 327 344,E0,P003 LP200,MP9,PP17 PP96 L2 RR6,,,,,,3 (E),,,CV9 CV12,,
2037,zf,WASTE GAS CARTRIDGES,"without a release device, non refillable",5T,2,2.3,,120 mL,303 327 344,E0,P003 LP200,MP9,PP17 PP96 L2 RR6,,,,,,1 (D),,,CV9 CV12,,
2037,zg,WASTE GAS CARTRIDGES,"without a release device, non refillable",5TF,2,2.3+2.1,,120 mL,303 327 344,E0,P003 LP200,MP9,PP17 PP96 L2 RR6,,,,,,1 (D),,,CV9 CV12,S2,
2037,zh,WASTE GAS CARTRIDGES,"without a release device, non refillable",5TO,2,2.3+5.1,,120 mL,303 327 344,E0,P003 LP200,MP9,PP17 PP96 L2 RR6,,,,,,1 (D),,,CV9 CV12,,
2037,zi,WASTE GAS CARTRIDGES,"without a release device, non refillable",5TOC,2,2.3+5.1+8,,120 mL,303 327 344,E0,P003 LP200,MP9,PP17 PP96 L2 RR6,,,,,,1 (D),,,CV9 CV12,,
2037,zj,WASTE GAS CARTRIDGES,"without a release device, non refillable",5TC,2,2.3+8,,120 mL,303 327 344,E0,P003 LP200,MP9,PP17 PP96 L2 RR6,,,,,,1 (D),,,CV9 CV12,,
2037,zk,WASTE GAS CARTRIDGES,"without a release device, non refillable",5TFC,2,2.3+2.1+8,,120 mL,303 327 344,E0,P003 LP200,MP9,PP17 PP96 L2 RR6,,,,,,1 (D),,,CV9 CV12,S2,
2038,,"DINITROTOLUENES, LIQUID",,T1,6.1,6.1,II,100 mL,,E4,P001 IBC02,MP15,,T7,L4BH,TP2,TU15 TE19,AT,2 (D/E),,,CV13 CV28,S9 S19,60
2044,,"2,2-DIMETHYLPROPANE",,2F,2,2.1,,0,662,E0,P200,MP9,,(M),PxBN(M),,TA4 TT9,FL,2 (B/D),,,CV9 CV10 CV36,S2 S20,23
2045,a,ISOBUTYL ALDEHYDE,,F1,3,3,II,1 L,,E2,P001 IBC02 R001,MP19,,T4,LGBF,TP1,,FL,2 (D/E),,,,S2 S20,33
2045,b,ISOBUTYRALDEHYDE,,F1,3,3,II,1 L,,E2,P001 IBC02 R001,MP19,,T4,LGBF,TP1,,FL,2 (D/E),,,,S2 S20,33
2046,,CYMENES,,F1,3,3,III,5 L,,E1,P001 IBC03 LP01 R001,MP19,,T2,LGBF,TP1,,FL,3 (D/E),V12,,,S2,30
2047,a,DICHLOROPROPENES,,F1,3,3,II,1 L,,E2,P001 IBC02 R001,MP19,,T4,LGBF,TP1,,FL,2 (D/E),,,,S2 S20,33
2047,b,DICHLOROPROPENES,,F1,3,3,III,5 L,,E1,P001 IBC03 LP01 R001,MP19,,T2,LGBF,TP1,,FL,3 (D/E),V12,,,S2,30
2048,,DICYCLOPENTADIENE,,F1,3,3,III,5 L,,E1,P001 IBC03 LP01 R001,MP19,,T2,LGBF,TP1,,FL,3 (D/E),V12,,,S2,30
2049,,DIETHYLBENZENE,,F1,3,3,III,5 L,,E1,P001 IBC03 LP01 R001,MP19,,T2,LGBF,TP1,,FL,3 (D/E),V12,,,S2,30
2050,,"DIISOBUTYLENE, ISOMERIC COMPOUNDS",,F1,3,3,II,1 L,,E2,P001 IBC02 R001,MP19,,T4,LGBF,TP1,,FL,2 (D/E),,,,S2 S20,33
2051,,2-DIMETHYLAMINOETHANOL,,CF1,8,8+3,II,1 L,,E2,P001 IBC02,MP15,,T7,L4BN,TP2,,FL,2 (D/E),,,,S2,83
2052,,DIPENTENE,,F1,3,3,III,5 L,,E1,P001 IBC03 LP01 R001,MP19,,T2,LGBF,TP1,,FL,3 (D/E),V12,,,S2,30
2053,,METHYL ISOBUTYL CARBINOL,,F1,3,3,III,5 L,,E1,P001 IBC03 LP01 R001,MP19,,T2,LGBF,TP1,,FL,3 (D/E),V12,,,S2,30
2054,,MORPHOLINE,,CF1,8,8+3,I,0,,E0,P001,MP8 MP17,,T10,L10BH,TP2,,FL,1 (D/E),,,,S2 S14,883
2055,,"STYRENE MONOMER, STABILIZED",,F1,3,3,III,5 L,386 676,E1,P001 IBC03 LP01 R001,MP19,,T2,LGBF,TP1,,FL,3 (D/E),V8 V12,,,S2 S4,39
2056,,TETRAHYDROFURAN,,F1,3,3,II,1 L,,E2,P001 IBC02 R001,MP19,,T4,LGBF,TP1,,FL,2 (D/E),,,,S2 S20,33
2057,a,TRIPROPYLENE,,F1,3,3,II,1 L,,E2,P001 IBC02 R001,MP19,,T4,LGBF,TP1,,FL,2 (D/E),,,,S2 S20,33
2057,b,TRIPROPYLENE,,F1,3,3,III,5 L,,E1,P001 IBC03 LP01 R001,MP19,,T2,LGBF,TP1,,FL,3 (D/E),V12,,,S2,30
2058,,VALERALDEHYDE,,F1,3,3,II,1 L,,E2,P001 IBC02 R001,MP19,,T4,LGBF,TP1,,FL,2 (D/E),,,,S2 S20,33
2059,a,"NITROCELLULOSE SOLUTION, FLAMMABLE","with not more than 12.6% nitrogen, by dry mass, and not more than 55% nitrocellulose",D,3,3,I,0,198 531,E0,P001,MP7 MP17,,T11,L4BN,TP1 TP8 TP27,,FL,1 (B),,,,S2 S14,33
2059,b,"NITROCELLULOSE SOLUTION, FLAMMABLE","with not more than 12.6% nitrogen, by dry mass, and not more than 55% nitrocellulose",D,3,3,II,1 L,198 531 640C/D,E0,P001 IBC02 R001*,MP19,,T4,L1.5BN/LGBF,TP1 TP8,,FL,2 (B),,,,S2 S14,33
2059,c,"NITROCELLULOSE SOLUTION, FLAMMABLE","with not more than 12.6% nitrogen, by dry mass, and not more than 55% nitrocellulose",D,3,3,III,5 L,198 531,E0,P001 IBC03 LP01 R001,MP19,,T2,LGBF,TP1,,FL,3 (B),V12,,,S2 S14,30
2067,a,AMMONIUM NITRATE BASED FERTILIZER,,O2,5.1,5.1,III,5 kg,306 307,E1,P002 IBC08 LP02 R001,MP10,B3,T1 BK1 BK2 BK3,SGAV,TP33,TU3,AT,3 (E),,VC1 VC2 AP6 AP7,CV24,S23,50
2067,b,AMMONIUM NITRATE BASED FERTILIZER,,O2,5.1,5.1,III,5 kg,306 307,E1,P002 IBC08 LP02 R001,MP10,B3,T1 BK1 BK2 BK3,SGAV,TP33,TU3,AT,3 (E),,VC1 VC2 AP6 AP7,CV24,S23,50
2071,,AMMONIUM NITRATE BASED FERTILIZER,,M11,9,,,,193,,,,,,,,,,,,,,,
2073,,AMMONIA SOLUTION,"relative density less than 0.880 at 15°C in water, with more than 35% but not more than 50% ammonia",4A,2,2.2,,120 mL,532,E0,P200,MP9,,(M),PxBN(M),,TA4 TT9,AT,3 (E),,,CV9 CV10,,20
2074,,"ACRYLAMIDE, SOLID",,T2,6.1,6.1,III,5 kg,,E1,P002 IBC08 LP02 R001,MP10,B3,T1,SGAH L4BH,TP33,TU15 TE19,AT,2 (E),,VC1 VC2 AP7,CV13 CV28,S9,60
2075,,"CHLORAL, ANHYDROUS, STABILIZED",,T1,6.1,6.1,II,100 mL,,E4,P001 IBC02,MP15,,T7,L4BH,TP2,TU15 TE19,AT,2 (D/E),,,CV13 CV28,S9 S19,69
2076,,"CRESOLS, LIQUID",,TC1,6.1,6.1+8,II,100 mL,,E4,P001 IBC02,MP15,,T7,L4BH,TP2,TU15 TE19,AT,2 (D/E),,,CV13 CV28,S9 S19,68
2077,,alpha-NAPHTHYLAMINE,,T2,6.1,6.1,III,5 kg,,E1,P002 IBC08 LP02 R001,MP10,B3,T1,SGAH L4BH,TP33,TU15 TE19,AT,2 (E),,VC1 VC2 AP7,CV13 CV28,S9,60
2078,,TOLUENE DIISOCYANATE,,T1,6.1,6.1,II,100 mL,279,E4,P001 IBC02,MP15,,T7,L4BH,TP2,TU15 TE19,AT,2 (D/E),,,CV13 CV28,S9 S19,60
2079,,DIETHYLENETRIAMINE,,C7,8,8,II,1 L,,E2,P001 IBC02,MP15,,T7,L4BN,TP2,,AT,2 (E),,,,,80
2186,,"HYDROGEN CHLORIDE, REFRIGERATED LIQUID",,3TC,2,,,,,,,,,,Carriage prohibited,,,,,,,,,
2187,,"CARBON DIOXIDE, REFRIGERATED LIQUID",,3A,2,2.2,,120 mL,,E1,P203,MP9,,T75,RxBN,TP5,TU19 TA4 TT9,AT,3 (C/E),V5,,CV9 CV11 CV36,S20,22
2188,,ARSINE,,2TF,2,2.3+2.1,,0,,E0,P200,MP9,,,,,,,1 (D),,,CV9 CV10 CV36,S2 S14,
2189,,DICHLOROSILANE,,2TFC,2,2.3+2.1+8,,0,,E0,P200,MP9,,(M),PxBH(M),,TA4 TT9,FL,1 (B/D),,,CV9 CV10 CV36,S2 S14,263
2190,,"OXYGEN DIFLUORIDE, COMPRESSED",,1TOC,2,2.3+5.1+8,,0,,E0,P200,MP9,,,,,,,1 (D),,,CV9 CV10 CV36,S14,
2191,,SULPHURYL FLUORIDE,,2T,2,2.3,,0,,E0,P200,MP9,,(M),PxBH(M),,TA4 TT9,AT,1 (C/D),,,CV9 CV10 CV36,S14,26
2192,,GERMANE,,2TF,2,2.3+2.1,,0,632,E0,P200,MP9,,(M),,,,FL,1 (B/D),,,CV9 CV10 CV36,S2 S14,263
2193,a,HEXAFLUOROETHANE,,2A,2,2.2,,120 mL,662,E1,P200,MP9,,(M),PxBN(M),,TA4 TT9,AT,3 (C/E),,,CV9 CV10 CV36,,20
2193,b,REFRIGERANT GAS R 116,,2A,2,2.2,,120 mL,662,E1,P200,MP9,,(M),PxBN(M),,TA4 TT9,AT,3 (C/E),,,CV9 CV10 CV36,,20
2194,,SELENIUM HEXAFLUORIDE,,2TC,2,2.3+8,,0,,E0,P200,MP9,,,,,,,1 (D),,,CV9 CV10 CV36,S14,
2195,,TELLURIUM HEXAFLUORIDE,,2TC,2,2.3+8,,0,,E0,P200,MP9,,,,,,,1 (D),,,CV9 CV10 CV36,S14,
2196,,TUNGSTEN HEXAFLUORIDE,,2TC,2,2.3+8,,0,,E0,P200,MP9,,,,,,,1 (D),,,CV9 CV10 CV36,S14,
2197,,"HYDROGEN IODIDE, ANHYDROUS",,2TC,2,2.3+8,,0,,E0,P200,MP9,,(M),PxBH(M),,TA4 TT9,AT,1 (C/D),,,CV9 CV10 CV36,S14,268
2198,,PHOSPHORUS PENTAFLUORIDE,,2TC,2,2.3+8,,0,,E0,P200,MP9,,,,,,,1 (D),,,CV9 CV10 CV36,S14,
2199,,PHOSPHINE,,2TF,2,2.3+2.1,,0,632,E0,P200,MP9,,,,,,,1 (D),,,CV9 CV10 CV36,S2 S14,
2200,,"PROPADIENE, STABILIZED",,2F,2,2.1,,0,386 662 676,E0,P200,MP9,,(M),PxBN(M),,TA4 TT9,FL,2 (B/D),V8,,CV9 CV10 CV36,S2 S4 S20,239
2201,,"NITROUS OXIDE, REFRIGERATED LIQUID",,3O,2,2.2+5.1,,0,,E0,P203,MP9,,T75,RxBN,TP5 TP22,TU7 TU19 TA4 TT9,AT,3 (C/E),V5,,CV9 CV11 CV36,S20,225
2202,,"HYDROGEN SELENIDE, ANHYDROUS",,2TF,2,2.3+2.1,,0,,E0,P200,MP9,,,,,,,1 (D),,,CV9 CV10 CV36,S2 S14,
2203,,SILANE,,2F,2,2.1,,0,632 662,E0,P200,MP9,,(M),PxBN(M),,TA4 TT9,FL,2 (B/D),,,CV9 CV10 CV36,S2 S20,23
2204,,CARBONYL SULPHIDE,,2TF,2,2.3+2.1,,0,,E0,P200,MP9,,(M),PxBH(M),,TA4 TT9,FL,1 (B/D),,,CV9 CV10 CV36,S2 S14,263
2205,,ADIPONITRILE,,T1,6.1,6.1,III,5 L,,E1,P001 IBC03 LP01 R001,MP19,,T3,L4BH,TP1,TU15 TE19,AT,2 (E),V12,,CV13 CV28,S9,60
2206,a,"ISOCYANATES, TOXIC, N.O.S.",,T1,6.1,6.1,II,100 mL,274 551,E4,P001 IBC02,MP15,,T11,L4BH,TP2 TP27,TU15 TE19,AT,2 (D/E),,,CV13 CV28,S9 S19,60
2206,b,"ISOCYANATE SOLUTION, TOXIC, N.O.S.",,T1,6.1,6.1,II,100 mL,274 551,E4,P001 IBC02,MP15,,T11,L4BH,TP2 TP27,TU15 TE19,AT,2 (D/E),,,CV13 CV28,S9 S19,60
2206,c,"ISOCYANATES, TOXIC, N.O.S.",,T1,6.1,6.1,III,5 L,274 551,E1,P001 IBC03 LP01 R001,MP19,,T7,L4BH,TP1 TP28,TU15 TE19,AT,2 (E),V12,,CV13 CV28,S9,60
2206,d,"ISOCYANATE SOLUTION, TOXIC, N.O.S.",,T1,6.1,6.1,III,5 L,274 551,E1,P001 IBC03 LP01 R001,MP19,,T7,L4BH,TP1 TP28,TU15 TE19,AT,2 (E),V12,,CV13 CV28,S9,60
2208,,"CALCIUM HYPOCHLORITE MIXTURE, DRY",with more than 10% but not more than 39% available chlorine,O2,5.1,5.1,III,5 kg,314,E1,P002 IBC08 LP02 R001,MP10,B3 B13 L3,,SGAN,,TU3,AT,3 (E),,,CV24 CV35,,50
2209,,FORMALDEHYDE SOLUTION,with not less than 25% formaldehyde,C9,8,8,III,5 L,533,E1,P001 IBC03 LP01 R001,MP19,,T4,L4BN,TP1,,AT,3 (E),V12,,,,80
2210,a,MANEB,,SW,4.2,4.2+4.3,III,0,273,E1,P002 IBC06 R001,MP14,,T1,SGAN,TP33,,AT,3 (E),V1,VC1 VC2 AP1,,,40
2210,b,MANEB PREPARATION,with not less than 60% maneb,SW,4.2,4.2+4.3,III,0,273,E1,P002 IBC06 R001,MP14,,T1,SGAN,TP33,,AT,3 (E),V1,VC1 VC2 AP1,,,40
2211,,"POLYMERIC BEADS, EXPANDABLE",evolving flammable vapour,M3,9,None,III,5 kg,382 675 633,E1,P002 IBC08 R001,MP10,PP14 B3 B6,T1,SGAN,TP33,TE20,AT,3 (D/E),,VC1 VC2 AP2,CV36,,90
2212,,"ASBESTOS, AMPHIBOLE","(amosite, tremolite, actinolite, anthophyllite, crocidolite)",M1,9,9,II,1 kg,168 274 542,E0,P002 IBC08,MP10,PP37 B4,T3,SGAH,TP33,TU15,AT,2 (E),V11,,CV1 CV13 CV28,S19,90
2213,,PARAFORMALDEHYDE,,F1,4.1,4.1,III,5 kg,,E1,P002 IBC08 LP02 R001,MP10,PP12 B3,T1 BK1 BK2 BK3,SGAV,TP33,,AT,3 (E),V13,VC1 VC2,,,40
2214,,PHTHALIC ANHYDRIDE,with more than 0.05% of maleic anhydride,C4,8,8,III,5 kg,169,E1,P002 IBC08 LP02 R001,MP10,B3,T1,SGAV L4BN,TP33,,AT,3 (E),,VC1 VC2 AP7,,,80
2215,a,MALEIC ANHYDRIDE,,C4,8,8,III,5 kg,,E1,P002 IBC08 R001,MP10,B3,T1,SGAV,TP33,,AT,3 (E),,VC1 VC2 AP7,,,80
2215,b,"MALEIC ANHYDRIDE, MOLTEN",,C3,8,8,III,0,,E0,,,,T4,L4BN,TP3,,AT,0 (E),,,,,80
2216,a,"Fish meal (Fish scrap), stabilized",,M11,9,,,,,,,,,,Not subject to ADR,,,,,,,,,
2216,b,"Fish meal (Fish scrap), stabilized",,M11,9,,,,,,,,,,Not subject to ADR,,,,,,,,,
2217,,SEED CAKE,with not more than 1.5% oil and not more than 11% moisture,S2,4.2,4.2,III,0,142,E0,P002 IBC08 LP02 R001,MP14,PP20 B3 B6,BK2,,,,,3 (E),V1,VC1 VC2 AP1,,,40
2218,,"ACRYLIC ACID, STABILIZED",,CF1,8,8+3,II,1 L,386 676,E2,P001 IBC02,MP15,,T7,L4BN,TP2,,FL,2 (D/E),V8,,,S2 S4,839
2219,,ALLYL GLYCIDYL ETHER,,F1,3,3,III,5 L,,E1,P001 IBC03 LP01 R001,MP19,,T2,LGBF,TP1,,FL,3 (D/E),V12,,,S2,30
2222,,ANISOLE,,F1,3,3,III,5 L,,E1,P001 IBC03 LP01 R001,MP19,,T2,LGBF,TP1,,FL,3 (D/E),V12,,,S2,30
2224,,BENZONITRILE,,T1,6.1,6.1,II,100 mL,,E4,P001 IBC02,MP15,,T7,L4BH,TP2,TU15 TE19,AT,2 (D/E),,,CV13 CV28,S9 S19,60
2225,,BENZENESULPHONYL CHLORIDE,,C3,8,8,III,5 L,,E1,P001 IBC03 LP01 R001,MP19,,T4,L4BN,TP1,,AT,3 (E),V12,,,,80
2226,,BENZOTRICHLORIDE,,C9,8,8,II,1 L,,E2,P001 IBC02,MP15,,T7,L4BN,TP2,,AT,2 (E),,,,,80
2227,,"n-BUTYL METHACRYLATE, STABILIZED",,F1,3,3,III,5 L,386 676,E1,P001 IBC03 LP01 R001,MP19,,T2,LGBF,TP1,,FL,3 (D/E),V8 V12,,,S2 S4,39
2232,,2-CHLOROETHANAL,,T1,6.1,6.1,I,0,354,E0,P602,MP8 MP17,,T20,L10CH,TP2,TU14 TU15 TE19 TE21,AT,1 (C/D),,,CV1 CV13 CV28,S9 S14,66
2233,,CHLOROANISIDINES,,T2,6.1,6.1,III,5 kg,,E1,P002 IBC08 LP02 R001,MP10,B3,T1,SGAH L4BH,TP33,TU15 TE19,AT,2 (E),,VC1 VC2 AP7,CV13 CV28,S9,60
2234,,CHLOROBENZOTRIFLUORIDES,,F1,3,3,III,5 L,,E1,P001 IBC03 LP01 R001,MP19,,T2,LGBF,TP1,,FL,3 (D/E),V12,,,S2,30
2235,,"CHLOROBENZYL CHLORIDES, LIQUID",,T1,6.1,6.1,III,5 L,,E1,P001 IBC03 LP01 R001,MP19,,T4,L4BH,TP1,TU15 TE19,AT,2 (E),V12,,CV13 CV28,S9,60
2236,,"3-CHLORO-4-METHYLPHENYL ISOCYANATE, LIQUID",,T1,6.1,6.1,II,100 mL,,E4,P001 IBC02,MP15,,,L4BH,,TU15 TE19,AT,2 (D/E),,,CV13 CV28,S9 S19,60
2237,,CHLORONITROANILINES,,T2,6.1,6.1,III,5 kg,,E1,P002 IBC08 LP02 R001,MP10,B3,T1,SGAH L4BH,TP33,TU15 TE19,AT,2 (E),,VC1 VC2 AP7,CV13 CV28,S9,60
2238,,CHLOROTOLUENES,,F1,3,3,III,5 L,,E1,P001 IBC03 LP01 R001,MP19,,T2,LGBF,TP1,,FL,3 (D/E),V12,,,S2,30
2239,,"CHLOROTOLUIDINES, SOLID",,T2,6.1,6.1,III,5 kg,,E1,P002 IBC08 LP02 R001,MP10,B3,T1,SGAH L4BH,TP33,TU15 TE19,AT,2 (E),,VC1 VC2 AP7,CV13 CV28,S9,60
2240,,CHROMOSULPHURIC ACID,,C1,8,8,I,0,,E0,P001,MP8 MP17,,T10,L10BH,TP2,,AT,1 (E),,,,S20,88
2241,,CYCLOHEPTANE,,F1,3,3,II,1 L,,E2,P001 IBC02 R001,MP19,,T4,LGBF,TP1,,FL,2 (D/E),,,,S2 S20,33
2242,,CYCLOHEPTENE,,F1,3,3,II,1 L,,E2,P001 IBC02 R001,MP19,,T4,LGBF,TP1,,FL,2 (D/E),,,,S2 S20,33
2243,,CYCLOHEXYL ACETATE,,F1,3,3,III,5 L,,E1,P001 IBC03 LP01 R001,MP19,,T2,LGBF,TP1,,FL,3 (D/E),V12,,,S2,30
2244,,CYCLOPENTANOL,,F1,3,3,III,5 L,,E1,P001 IBC03 LP01 R001,MP19,,T2,LGBF,TP1,,FL,3 (D/E),V12,,,S2,30
2245,,CYCLOPENTANONE,,F1,3,3,III,5 L,,E1,P001 IBC03 LP01 R001,MP19,,T2,LGBF,TP1,,FL,3 (D/E),V12,,,S2,30
2246,,CYCLOPENTENE,,F1,3,3,II,1 L,,E2,P001 IBC02,MP19,B8,T7,L1.5BN,TP2,,FL,2 (D/E),,,,S2 S20,33
2247,,n-DECANE,,F1,3,3,III,5 L,,E1,P001 IBC03 LP01 R001,MP19,,T2,LGBF,TP1,,FL,3 (D/E),V12,,,S2,30
2248,,DI-n-BUTYLAMINE,,CF1,8,8+3,II,1 L,,E2,P001 IBC02,MP15,,T7,L4BN,TP2,,FL,2 (D/E),,,,S2,83
2249,,"DICHLORODIMETHYL ETHER, SYMMETRICAL",,TF1,6.1,,,,,,,,,,Carriage prohibited,,,,,,,,,
2250,,DICHLOROPHENYL ISOCYANATES,,T2,6.1,6.1,II,500 g,,E4,P002 IBC08,MP10,B4,T3,SGAH L4BH,TP33,TU15 TE19,AT,2 (D/E),V11,,CV13 CV28,S9 S19,60
2251,a,"BICYCLO[2.2.1]HEPTA-2,5-DIENE, STABILIZED",,F1,3,3,II,1 L,386 676,E2,P001 IBC02 R001,MP19,,T7,LGBF,TP2,,FL,2 (D/E),V8,,,S2 S4 S20,339
2251,b,"2,5-NORBORNADIENE, STABILIZED",,F1,3,3,II,1 L,386 676,E2,P001 IBC02 R001,MP19,,T7,LGBF,TP2,,FL,2 (D/E),V8,,,S2 S4 S20,339
2252,,"1,2-DIMETHOXYETHANE",,F1,3,3,II,1 L,,E2,P001 IBC02 R001,MP19,,T4,LGBF,TP1,,FL,2 (D/E),,,,S2 S20,33
2253,,"N,N-DIMETHYLANILINE",,T1,6.1,6.1,II,100 mL,,E4,P001 IBC02,MP15,,T7,L4BH,TP2,TU15 TE19,AT,2 (D/E),,,CV13 CV28,S9 S19,60
2254,,"MATCHES, FUSEE",,F1,4.1,4.1,III,5 kg,293,E0,P407 R001,MP11,,,,,,,4 (E),,,,,
2256,,CYCLOHEXENE,,F1,3,3,II,1 L,,E2,P001 IBC02 R001,MP19,,T4,LGBF,TP1,,FL,2 (D/E),,,,S2 S20,33
2257,,POTASSIUM,,W2,4.3,4.3,I,0,,E0,P403 IBC04,MP2,,T9,L10BN(+),TP7 TP33,TU1 TE5 TT3 TM2,AT,1 (B/E),V1,,CV23,S20,X423
2258,,"1,2-PROPYLENEDIAMINE",,CF1,8,8+3,II,1 L,,E2,P001 IBC02,MP15,,T7,L4BN,TP2,,FL,2 (D/E),,,,S2,83
2259,,TRIETHYLENETETRAMINE,,C7,8,8,II,1 L,,E2,P001 IBC02,MP15,,T7,L4BN,TP2,,AT,2 (E),,,,,80
2260,,TRIPROPYLAMINE,,FC,3,3+8,III,5 L,,E1,P001 IBC03 R001,MP19,,T4,L4BN,TP1,,FL,3 (D/E),V12,,,S2,38
2261,,"XYLENOLS, SOLID",,T2,6.1,6.1,II,500 g,,E4,P002 IBC08,MP10,B4,T3,SGAH L4BH,TP33,TU15 TE19,AT,2 (D/E),V11,,CV13 CV28,S9 S19,60
2262,,DIMETHYLCARBAMOYL CHLORIDE,,C3,8,8,II,1 L,,E2,P001 IBC02,MP15,,T7,L4BN,TP2,,AT,2 (E),,,,,80
2263,,DIMETHYLCYCLOHEXANES,,F1,3,3,II,1 L,,E2,P001 IBC02 R001,MP19,,T4,LGBF,TP1,,FL,2 (D/E),,,,S2 S20,33
2264,,"N,N-DIMETHYLCYCLOHEXYLAMINE",,CF1,8,8+3,II,1 L,,E2,P001 IBC02,MP15,,T7,L4BN,TP2,,FL,2 (D/E),,,,S2,83
2265,,"N,N-DIMETHYLFORMAMIDE",,F1,3,3,III,5 L,,E1,P001 IBC03 LP01 R001,MP19,,T2,LGBF,TP2,,FL,3 (D/E),V12,,,S2,30
2266,,DIMETHYL-N-PROPYLAMINE,,FC,3,3+8,II,1 L,,E2,P001 IBC02,MP19,,T7,L4BH,TP2,,FL,2 (D/E),,,,S2 S20,338
2267,,DIMETHYL THIOPHOSPHORYL CHLORIDE,,TC1,6.1,6.1+8,II,100 mL,,E4,P001 IBC02,MP15,,T7,L4BH,TP2,TU15 TE19,AT,2 (D/E),,,CV13 CV28,S9 S19,68
2269,,"3,3'-IMINODIPROPYLAMINE",,C7,8,8,III,5 L,,E1,P001 IBC03 LP01 R001,MP19,,T4,L4BN,TP2,,AT,3 (E),V12,,,,80
2270,,"ETHYLAMINE, AQUEOUS SOLUTION",with not less than 50% but not more than 70% ethylamine,FC,3,3+8,II,1 L,,E2,P001 IBC02,MP19,,T7,L4BH,TP1,,FL,2 (D/E),,,,S2 S20,338
2271,,ETHYL AMYL KETONE,,F1,3,3,III,5 L,,E1,P001 IBC03 LP01 R001,MP19,,T2,LGBF,TP1,,FL,3 (D/E),V12,,,S2,30
2272,,N-ETHYLANILINE,,T1,6.1,6.1,III,5 L,,E1,P001 IBC03 LP01 R001,MP19,,T4,L4BH,TP1,TU15 TE19,AT,2 (E),V12,,CV13 CV28,S9,60
2273,,2-ETHYLANILINE,,T1,6.1,6.1,III,5 L,,E1,P001 IBC03 LP01 R001,MP19,,T4,L4BH,TP1,TU15 TE19,AT,2 (E),V12,,CV13 CV28,S9,60
2274,,N-ETHYL-N-BENZYLANILINE,,T1,6.1,6.1,III,5 L,,E1,P001 IBC03 LP01 R001,MP19,,T4,L4BH,TP1,TU15 TE19,AT,2 (E),V12,,CV13 CV28,S9,60
2275,,2-ETHYLBUTANOL,,F1,3,3,III,5 L,,E1,P001 IBC03 LP01 R001,MP19,,T2,LGBF,TP1,,FL,3 (D/E),V12,,,S2,30
2276,,2-ETHYLHEXYLAMINE,,FC,3,3+8,III,5 L,,E1,P001 IBC03 R001,MP19,,T4,L4BN,TP1,,FL,3 (D/E),V12,,,S2,38
2277,,"ETHYL METHACRYLATE, STABILIZED",,F1,3,3,II,1 L,386 676,E2,P001 IBC02 R001,MP19,,T4,LGBF,TP1,,FL,2 (D/E),V8,,,S2 S4 S20,339
2278,,n-HEPTENE,,F1,3,3,II,1 L,,E2,P001 IBC02 R001,MP19,,T4,LGBF,TP1,,FL,2 (D/E),,,,S2 S20,33
2279,,HEXACHLOROBUTADIENE,,T1,6.1,6.1,III,5 L,,E1,P001 IBC03 LP01 R001,MP19,,T4,L4BH,TP1,TU15 TE19,AT,2 (E),V12,,CV13 CV28,S9,60
2280,a,"HEXAMETHYLENEDIAMINE, MOLTEN",,,,,,,,,,,,,(only listed as solid),,,,,,,,,
2280,b,"HEXAMETHYLENEDIAMINE, SOLID",,C8,8,8,III,5 kg,,E1,P002 IBC08 LP02 R001,MP10,B3,T1,SGAV L4BN,TP33,,AT,3 (E),,VC1 VC2 AP7,,,80
2281,,HEXAMETHYLENE DIISOCYANATE,,T1,6.1,6.1,II,100 mL,,E4,P001 IBC02,MP15,,T7,L4BH,TP2,TU15 TE19,AT,2 (D/E),,,CV13 CV28,S9 S19,60
2282,,HEXANOLS,,F1,3,3,III,5 L,,E1,P001 IBC03 LP01 R001,MP19,,T2,LGBF,TP1,,FL,3 (D/E),V12,,,S2,30
2283,,"ISOBUTYL METHACRYLATE, STABILIZED",,F1,3,3,III,5 L,386 676,E1,P001 IBC03 LP01 R001,MP19,,T2,LGBF,TP1,,FL,3 (D/E),V8 V12,,,S2 S4,39
2284,,ISOBUTYRONITRILE,,FT1,3,3+6.1,II,1 L,,E2,P001 IBC02,MP19,,T7,L4BH,TP2,TU15,FL,2 (D/E),,,CV13 CV28,S2 S19,336
2285,,ISOCYANATOBENZOTRIFLUORIDES,,TF1,6.1,6.1+3,II,100 mL,,E4,P001 IBC02,MP15,,T7,L4BH,TP2,TU15 TE19,FL,2 (D/E),,,CV13 CV28,S2 S9 S19,63
2286,,PENTAMETHYLHEPTANE,,F1,3,3,III,5 L,,E1,P001 IBC03 LP01 R001,MP19,,T2,LGBF,TP1,,FL,3 (D/E),V12,,,S2,30
2287,,ISOHEPTENE,,F1,3,3,II,1 L,,E2,P001 IBC02 R001,MP19,,T4,LGBF,TP1,,FL,2 (D/E),,,,S2 S20,33
2288,,ISOHEXENE,,F1,3,3,II,1 L,,E2,P001 IBC02 R001,MP19,B8,T11,LGBF,TP1,,FL,2 (D/E),,,,S2 S20,33
2289,,ISOPHORONEDIAMINE,,C7,8,8,III,5 L,,E1,P001 IBC03 LP01 R001,MP19,,T4,L4BN,TP1,,AT,3 (E),V12,,,,80
2290,,ISOPHORONE DIISOCYANATE,,T1,6.1,6.1,III,5 L,,E1,P001 IBC03 LP01 R001,MP19,,T4,L4BH,TP2,TU15 TE19,AT,2 (E),V12,,CV13 CV28,S9,60
2291,,"LEAD COMPOUND, SOLUBLE, N.O.S.",,T5,6.1,6.1,III,5 kg,199 274 535,E1,P002 IBC08 LP02 R001,MP10,B3,T1,SGAH L4BH,TP33,TU15 TE19,AT,2 (E),,VC1 VC2 AP7,CV13 CV28,S9,60
2293,,4-METHOXY-4-METHYLPENTAN-2-ONE,,F1,3,3,III,5 L,,E1,P001 IBC03 LP01 R001,MP19,,T2,LGBF,TP1,,FL,3 (D/E),V12,,,S2,30
2294,,N-METHYLANILINE,,T1,6.1,6.1,III,5 L,,E1,P001 IBC03 LP01 R001,MP19,,T4,L4BH,TP1,TU15 TE19,AT,2 (E),V12,,CV13 CV28,S9,60
2295,,METHYL CHLOROACETATE,,TF1,6.1,6.1+3,I,0,,E0,P001,MP8 MP17,,T14,L10CH,TP2,TU14 TU15 TE19 TE21,FL,1 (C/D),,,CV1 CV13 CV28,S2 S9 S14,663
2296,,METHYLCYCLOHEXANE,,F1,3,3,II,1 L,,E2,P001 IBC02 R001,MP19,,T4,LGBF,TP1,,FL,2 (D/E),,,,S2 S20,33
2297,,METHYLCYCLOHEXANONE,,F1,3,3,III,5 L,,E1,P001 IBC03 LP01 R001,MP19,,T2,LGBF,TP1,,FL,3 (D/E),V12,,,S2,30
2298,,METHYLCYCLOPENTANE,,F1,3,3,II,1 L,,E2,P001 IBC02 R001,MP19,,T4,LGBF,TP1,,FL,2 (D/E),,,,S2 S20,33
2299,,METHYL DICHLOROACETATE,,T1,6.1,6.1,III,5 L,,E1,P001 IBC03 LP01 R001,MP19,,T4,L4BH,TP1,TU15 TE19,AT,2 (E),V12,,CV13 CV28,S9,60
2300,,2-METHYL-5-ETHYLPYRIDINE,,T1,6.1,6.1,III,5 L,,E1,P001 IBC03 LP01 R001,MP19,,T4,L4BH,TP1,TU15 TE19,AT,2 (E),V12,,CV13 CV28,S9,60
2301,,2-METHYLFURAN,,F1,3,3,II,1 L,,E2,P001 IBC02 R001,MP19,,T4,LGBF,TP1,,FL,2 (D/E),,,,S2 S20,33
2302,,5-METHYLHEXAN-2-ONE,,F1,3,3,III,5 L,,E1,P001 IBC03 LP01 R001,MP19,,T2,LGBF,TP1,,FL,3 (D/E),V12,,,S2,30
2303,,ISOPROPENYLBENZENE,,F1,3,3,III,5 L,,E1,P001 IBC03 LP01 R001,MP19,,T2,LGBF,TP1,,FL,3 (D/E),V12,,,S2,30
2304,,"NAPHTHALENE, MOLTEN",,F2,4.1,4.1,III,0,536,E0,,,,T1,LGBV,TP3,TU27 TE4 TE6,AT,3 (E),,,,,44
2305,,NITROBENZENESULPHONIC ACID,,C4,8,8,II,1 kg,,E2,P002 IBC08,MP10,B4,T3,SGAN L4BN,TP33,,AT,2 (E),V11,,,,80
2306,,"NITROBENZOTRIFLUORIDES, LIQUID",,T1,6.1,6.1,II,100 mL,,E4,P001 IBC02,MP15,,T7,L4BH,TP2,TU15 TE19,AT,2 (D/E),,,CV13 CV28,S9 S19,60
2307,,3-NITRO-4-CHLOROBENZOTRIFLUORIDE,,T1,6.1,6.1,II,100 mL,,E4,P001 IBC02,MP10,,T7,L4BH,TP2,TU15 TE19,AT,2 (D/E),,,CV13 CV28,S9 S19,60
2308,,"NITROSYLSULPHURIC ACID, LIQUID",,C1,8,8,II,1 L,,E2,P001 IBC02,MP15,,T8,L4BN,TP2,,AT,2 (E),,,,,X80
2309,,OCTADIENES,,F1,3,3,II,1 L,,E2,P001 IBC02 R001,MP19,,T4,LGBF,TP1,,FL,2 (D/E),,,,S2 S20,33
2310,,"PENTANE-2,4-DIONE",,FT1,3,3+6.1,III,5 L,,E1,P001 IBC03 R001,MP19,,T4,L4BH,TP1,TU15,FL,3 (D/E),V12,,CV13 CV28,S2,36
2311,,PHENETIDINES,,T1,6.1,6.1,III,5 L,279,E1,P001 IBC03 LP01 R001,MP19,,T4,L4BH,TP1,TU15 TE19,AT,2 (E),V12,,CV13 CV28,S9,60
2312,,"PHENOL, MOLTEN",,T1,6.1,6.1,II,0,,E0,,,,T7,L4BH,TP3,TU15 TE19,AT,0 (D/E),,,CV13,S9 S19,60
2313,,PICOLINES,,F1,3,3,III,5 L,,E1,P001 IBC03 LP01 R001,MP19,,T4,LGBF,TP1,,FL,3 (D/E),V12,,,S2,30
2315,,"POLYCHLORINATED BIPHENYLS, LIQUID",,M2,9,9,II,1 L,305,E2,P906 IBC02,MP15,,T4,L4BH,TP1,TU15,AT,0 (D/E),,VC1 VC2 AP9,CV1 CV13 CV28,S19,90
2316,,"SODIUM CUPROCYANIDE, SOLID",,T5,6.1,6.1,I,0,,E5,P002 IBC07,MP18,,T6,S10AH,TP33,TU15 TE19,AT,1 (C/E),V10,,CV1 CV13 CV28,S9 S14,66
2317,,SODIUM CUPROCYANIDE SOLUTION,,T4,6.1,6.1,I,0,,E5,P001,MP8 MP17,,T14,L10CH,TP2,TU14 TU15 TE19 TE21,AT,1 (C/E),,,CV1 CV13 CV28,S9 S14,66
2318,,SODIUM HYDROSULPHIDE,with less than 25% water of crystallization,S4,4.2,4.2,II,0,504,E2,P410 IBC06,MP14,,T3,SGAN,TP33,,AT,2 (D/E),V1,,,,40
2319,,"TERPENE HYDROCARBONS, N.O.S.",,F1,3,3,III,5 L,,E1,P001 IBC03 LP01 R001,MP19,,T4,LGBF,TP1 TP29,,FL,3 (D/E),V12,,,S2,30
2320,,TETRAETHYLENEPENTAMINE,,C7,8,8,III,5 L,,E1,P001 IBC03 LP01 R001,MP19,,T4,L4BN,TP1,,AT,3 (E),V12,,,,80
2321,,"TRICHLOROBENZENES, LIQUID",,T1,6.1,6.1,III,5 L,,E1,P001 IBC03 LP01 R001,MP19,,T4,L4BH,TP1,TU15 TE19,AT,2 (E),V12,,CV13 CV28,S9,60
2322,,TRICHLOROBUTENE,,T1,6.1,6.1,II,100 mL,,E4,P001 IBC02,MP15,,T7,L4BH,TP2,TU15 TE19,AT,2 (D/E),,,CV13 CV28,S9 S19,60
2323,,TRIETHYL PHOSPHITE,,F1,3,3,III,5 L,,E1,P001 IBC03 LP01 R001,MP19,,T2,LGBF,TP1,,FL,3 (D/E),V12,,,S2,30
2324,,TRIISOBUTYLENE,,F1,3,3,III,5 L,,E1,P001 IBC03 LP01 R001,MP19,,T4,LGBF,TP1,,FL,3 (D/E),V12,,,S2,30
2325,,"1,3,5-TRIMETHYLBENZENE",,F1,3,3,III,5 L,,E1,P001 IBC03 LP01 R001,MP19,,T2,LGBF,TP1,,FL,3 (D/E),V12,,,S2,30
2326,,TRIMETHYLCYCLOHEXYLAMINE,,C7,8,8,III,5 L,,E1,P001 IBC03 LP01 R001,MP19,,T4,L4BN,TP1,,AT,3 (E),V12,,,,80
2327,,TRIMETHYLHEXAMETHYLENEDIAMINES,,C7,8,8,III,5 L,,E1,P001 IBC03 LP01 R001,MP19,,T4,L4BN,TP1,,AT,3 (E),V12,,,,80
2328,,TRIMETHYLHEXAMETHYLENE DIISOCYANATE,,T1,6.1,6.1,III,5 L,,E1,P001 IBC03 LP01 R001,MP19,,T4,L4BH,TP2,TU15 TE19,AT,2 (E),V12,,CV13 CV28,S9,60
2329,,TRIMETHYL PHOSPHITE,,F1,3,3,III,5 L,,E1,P001 IBC03 LP01 R001,MP19,,T2,LGBF,TP1,,FL,3 (D/E),V12,,,S2,30
2330,,UNDECANE,,F1,3,3,III,5 L,,E1,P001 IBC03 LP01 R001,MP19,,T2,LGBF,TP1,,FL,3 (D/E),V12,,,S2,30
2331,,"ZINC CHLORIDE, ANHYDROUS",,C2,8,8,III,5 kg,,E1,P002 IBC08 LP02 R001,MP10,B3,T1,SGAV,TP33,,AT,3 (E),,VC1 VC2 AP7,,,80
2332,,ACETALDEHYDE OXIME,,F1,3,3,III,5 L,,E1,P001 IBC03 LP01 R001,MP19,,T4,LGBF,TP1,,FL,3 (D/E),V12,,,S2,30
2333,,ALLYL ACETATE,,FT1,3,3+6.1,II,1 L,,E2,P001 IBC02,MP19,,T7,L4BH,TP1,TU15,FL,2 (D/E),,,CV13 CV28,S2 S19,336
2334,,ALLYLAMINE,,TF1,6.1,6.1+3,I,0,354,E0,P602,MP8 MP17,,T20,L10CH,TP2,TU14 TU15 TE19 TE21,FL,1 (C/D),,,CV1 CV13 CV28,S2 S9 S14,663
2335,,ALLYL ETHYL ETHER,,FT1,3,3+6.1,II,1 L,,E2,P001 IBC02,MP19,,T7,L4BH,TP1,TU15,FL,2 (D/E),,,CV13 CV28,S2 S19,336
2336,,ALLYL FORMATE,,FT1,3,3+6.1,I,0,,E0,P001,MP7 MP17,,T14,L10CH,TP2,TU14 TU15 TE21,FL,1 (C/E),,,CV13 CV28,S2 S22,336
2337,,PHENYL MERCAPTAN,,TF1,6.1,6.1+3,I,0,354,E0,P602,MP8 MP17,,T20,L10CH,TP2,TU14 TU15 TE19 TE21,FL,1 (C/D),,,CV1 CV13 CV28,S2 S9 S14,663
2338,,BENZOTRIFLUORIDE,,F1,3,3,II,1 L,,E2,P001 IBC02 R001,MP19,,T4,LGBF,TP1,,FL,2 (D/E),,,,S2 S20,33
2339,,2-BROMOBUTANE,,F1,3,3,II,1 L,,E2,P001 IBC02 R001,MP19,,T4,LGBF,TP1,,FL,2 (D/E),,,,S2 S20,33
2340,,2-BROMOETHYL ETHYL ETHER,,F1,3,3,II,1 L,,E2,P001 IBC02 R001,MP19,,T4,LGBF,TP1,,FL,2 (D/E),,,,S2 S20,33
2341,,1-BROMO-3-METHYLBUTANE,,F1,3,3,III,5 L,,E1,P001 IBC03 LP01 R001,MP19,,T2,LGBF,TP1,,FL,3 (D/E),V12,,,S2,30
2342,,BROMOMETHYLPROPANES,,F1,3,3,II,1 L,,E2,P001 IBC02 R001,MP19,,T4,LGBF,TP1,,FL,2 (D/E),,,,S2 S20,33
2343,,2-BROMOPENTANE,,F1,3,3,II,1 L,,E2,P001 IBC02 R001,MP19,,T4,LGBF,TP1,,FL,2 (D/E),,,,S2 S20,33
2344,a,BROMOPROPANES,,F1,3,3,II,1 L,,E2,P001 IBC02 R001,MP19,,T4,LGBF,TP1,,FL,2 (D/E),,,,S2 S20,33
2344,b,BROMOPROPANES,,F1,3,3,III,5 L,,E1,P001 IBC03 LP01 R001,MP19,,T2,LGBF,TP1,,FL,3 (D/E),V12,,,S2,30
2345,,3-BROMOPROPYNE,,F1,3,3,II,1 L,,E2,P001 IBC02 R001,MP19,,T4,LGBF,TP1,,FL,2 (D/E),,,,S2 S20,33
2346,,BUTANEDIONE,,F1,3,3,II,1 L,,E2,P001 IBC02 R001,MP19,,T4,LGBF,TP1,,FL,2 (D/E),,,,S2 S20,33
2347,,BUTYL MERCAPTAN,,F1,3,3,II,1 L,,E2,P001 IBC02 R001,MP19,,T4,LGBF,TP1,,FL,2 (D/E),,,,S2 S20,33
2348,,"BUTYL ACRYLATES, STABILIZED",,F1,3,3,III,5 L,386 676,E1,P001 IBC03 LP01 R001,MP19,,T2,LGBF,TP1,,FL,3 (D/E),V8 V12,,,S2 S4,39
2350,,BUTYL METHYL ETHER,,F1,3,3,II,1 L,,E2,P001 IBC02 R001,MP19,,T4,LGBF,TP1,,FL,2 (D/E),,,,S2 S20,33
2351,a,BUTYL NITRITES,,F1,3,3,II,1 L,,E2,P001 IBC02 R001,MP19,,T4,LGBF,TP1,,FL,2 (D/E),,,,S2 S20,33
2351,b,BUTYL NITRITES,,F1,3,3,III,5 L,,E1,P001 IBC03 LP01 R001,MP19,,T2,LGBF,TP1,,FL,3 (D/E),V12,,,S2,30
2352,,"BUTYL VINYL ETHER, STABILIZED",,F1,3,3,II,1 L,386 676,E2,P001 IBC02 R001,MP19,,T4,LGBF,TP1,,FL,2 (D/E),V8,,,S2 S4 S20,339
2353,,BUTYRYL CHLORIDE,,FC,3,3+8,II,1 L,,E2,P001 IBC02,MP19,,T8,L4BH,TP2,,FL,2 (D/E),,,,S2 S20,338
2354,,CHLOROMETHYL ETHYL ETHER,,FT1,3,3+6.1,II,1 L,,E2,P001 IBC02,MP19,,T7,L4BH,TP1,TU15,FL,2 (D/E),,,CV13 CV28,S2 S19,336
2356,,2-CHLOROPROPANE,,F1,3,3,I,0,,E3,P001,MP7 MP17,,T11,L4BN,TP2,,FL,1 (D/E),,,,S2 S20,33
2357,,CYCLOHEXYLAMINE,,CF1,8,8+3,II,1 L,,E2,P001 IBC02,MP15,,T7,L4BN,TP2,,FL,2 (D/E),,,,S2,83
2358,,CYCLOOCTATETRAENE,,F1,3,3,II,1 L,,E2,P001 IBC02 R001,MP19,,T4,LGBF,TP1,,FL,2 (D/E),,,,S2 S20,33
2359,,DIALLYLAMINE,,FTC,3,3+6.1+8,II,1 L,,E2,P001 IBC02,MP19,,T7,L4BH,TP1,TU15,FL,2 (D/E),,,CV13 CV28,S2 S19,338
2360,,DIALLYL ETHER,,FT1,3,3+6.1,II,1 L,,E2,P001 IBC02,MP19,,T7,L4BH,TP1,TU15,FL,2 (D/E),,,CV13 CV28,S2 S19,336
2361,,DIISOBUTYLAMINE,,FC,3,3+8,III,5 L,,E1,P001 IBC03 R001,MP19,,T4,L4BN,TP1,,FL,3 (D/E),V12,,,S2,38
2362,,"1,1-DICHLOROETHANE",,F1,3,3,II,1 L,,E2,P001 IBC02 R001,MP19,,T4,LGBF,TP1,,FL,2 (D/E),,,,S2 S20,33
2363,,ETHYL MERCAPTAN,,F1,3,3,I,0,,E0,P001,MP7 MP17,,T11,L4BN,TP2,,FL,1 (D/E),,,,S2 S20,33
2364,,n-PROPYLBENZENE,,F1,3,3,III,5 L,,E1,P001 IBC03 LP01 R001,MP19,,T2,LGBF,TP1,,FL,3 (D/E),V12,,,S2,30
2366,,DIETHYL CARBONATE,,F1,3,3,III,5 L,,E1,P001 IBC03 LP01 R001,MP19,,T2,LGBF,TP1,,FL,3 (D/E),V12,,,S2,30
2367,,alpha-METHYLVALERALDEHYDE,,F1,3,3,II,1 L,,E2,P001 IBC02 R001,MP19,,T4,LGBF,TP1,,FL,2 (D/E),,,,S2 S20,33
2368,,alpha-PINENE,,F1,3,3,III,5 L,,E1,P001 IBC03 LP01 R001,MP19,,T2,LGBF,TP1,,FL,3 (D/E),V12,,,S2,30
2370,,1-HEXENE,,F1,3,3,II,1 L,,E2,P001 IBC02 R001,MP19,,T4,LGBF,TP1,,FL,2 (D/E),,,,S2 S20,33
2371,,ISOPENTENES,,F1,3,3,I,0,,E3,P001,MP7 MP17,,T11,L4BN,TP2,,FL,1 (D/E),,,,S2 S20,33
2372,,"1,2-DI-(DIMETHYLAMINO) ETHANE",,F1,3,3,II,1 L,,E2,P001 IBC02 R001,MP19,,T4,LGBF,TP1,,FL,2 (D/E),,,,S2 S20,33
2373,,DIETHOXYMETHANE,,F1,3,3,II,1 L,,E2,P001 IBC02 R001,MP19,,T4,LGBF,TP1,,FL,2 (D/E),,,,S2 S20,33
2374,,"3,3-DIETHOXYPROPENE",,F1,3,3,II,1 L,,E2,P001 IBC02 R001,MP19,,T4,LGBF,TP1,,FL,2 (D/E),,,,S2 S20,33
2375,,DIETHYL SULPHIDE,,F1,3,3,II,1 L,,E2,P001 IBC02 R001,MP19,,T7,LGBF,TP1,,FL,2 (D/E),,,,S2 S20,33
2376,,"2,3-DIHYDROPYRAN",,F1,3,3,II,1 L,,E2,P001 IBC02 R001,MP19,,T4,LGBF,TP1,,FL,2 (D/E),,,,S2 S20,33
2377,,"1,1-DIMETHOXYETHANE",,F1,3,3,II,1 L,,E2,P001 IBC02 R001,MP19,,T7,LGBF,TP1,,FL,2 (D/E),,,,S2 S20,33
2378,,2-DIMETHYLAMINOACETONITRILE,,FT1,3,3+6.1,II,1 L,,E2,P001 IBC02,MP19,,T7,L4BH,TP1,TU15,FL,2 (D/E),,,CV13 CV28,S2 S19,336
2379,,"1,3-DIMETHYLBUTYLAMINE",,FC,3,3+8,II,1 L,,E2,P001 IBC02,MP19,,T7,L4BH,TP1,,FL,2 (D/E),,,,S2 S20,338
2380,,DIMETHYLDIETHOXYSILANE,,F1,3,3,II,1 L,,E2,P001 IBC02 R001,MP19,,T4,LGBF,TP1,,FL,2 (D/E),,,,S2 S20,33
2381,,DIMETHYL DISULPHIDE,,FT1,3,3+6.1,II,1 L,,E0,P001 IBC02,MP19,,T7,L4BH,TP2,TU15,FL,2 (D/E),,,CV13 CV28,S2 S22,336
2382,,"DIMETHYLHYDRAZINE, SYMMETRICAL",,TF1,6.1,6.1+3,I,0,354,E0,P602,MP8 MP17,,T20,L10CH,TP2,TU14 TU15 TE19 TE21,FL,1 (C/D),,,CV1 CV13 CV28,S2 S9 S14,663
2383,,DIPROPYLAMINE,,FC,3,3+8,II,1 L,,E2,P001 IBC02,MP19,,T7,L4BH,TP1,,FL,2 (D/E),,,,S2 S20,338
2384,,DI-n-PROPYL ETHER,,F1,3,3,II,1 L,,E2,P001 IBC02 R001,MP19,,T4,LGBF,TP1,,FL,2 (D/E),,,,S2 S20,33
2385,,ETHYL ISOBUTYRATE,,F1,3,3,II,1 L,,E2,P001 IBC02 R001,MP19,,T4,LGBF,TP1,,FL,2 (D/E),,,,S2 S20,33
2386,,1-ETHYLPIPERIDINE,,FC,3,3+8,II,1 L,,E2,P001 IBC02,MP19,,T7,L4BH,TP1,,FL,2 (D/E),,,,S2 S20,338
2387,,FLUOROBENZENE,,F1,3,3,II,1 L,,E2,P001 IBC02 R001,MP19,,T4,LGBF,TP1,,FL,2 (D/E),,,,S2 S20,33
2388,,FLUOROTOLUENES,,F1,3,3,II,1 L,,E2,P001 IBC02 R001,MP19,,T4,LGBF,TP1,,FL,2 (D/E),,,,S2 S20,33
2389,,FURAN,,F1,3,3,I,0,,E3,P001,MP7 MP17,,T12,L4BN,TP2,,FL,1 (D/E),,,,S2 S20,33
2390,,2-IODOBUTANE,,F1,3,3,II,1 L,,E2,P001 IBC02 R001,MP19,,T4,LGBF,TP1,,FL,2 (D/E),,,,S2 S20,33
2391,,IODOMETHYLPROPANES,,F1,3,3,II,1 L,,E2,P001 IBC02 R001,MP19,,T4,LGBF,TP1,,FL,2 (D/E),,,,S2 S20,33
2392,,IODOPROPANES,,F1,3,3,III,5 L,,E1,P001 IBC03 LP01 R001,MP19,,T2,LGBF,TP1,,FL,3 (D/E),V12,,,S2,30
2393,,ISOBUTYL FORMATE,,F1,3,3,II,1 L,,E2,P001 IBC02 R001,MP19,,T4,LGBF,TP1,,FL,2 (D/E),,,,S2 S20,33
2394,,ISOBUTYL PROPIONATE,,F1,3,3,III,5 L,,E1,P001 IBC03 LP01 R001,MP19,,T2,LGBF,TP1,,FL,3 (D/E),V12,,,S2,30
2395,,ISOBUTYRYL CHLORIDE,,FC,3,3+8,II,1 L,,E2,P001 IBC02,MP19,,T7,L4BH,TP2,,FL,2 (D/E),,,,S2 S20,338
2396,,"METHACRYLALDEHYDE, STABILIZED",,FT1,3,3+6.1,II,1 L,386 676,E2,P001 IBC02,MP19,,T7,L4BH,TP1,TU15,FL,2 (D/E),V8,,CV13 CV28,S2 S4 S19,336
2397,,3-METHYLBUTAN-2-ONE,,F1,3,3,II,1 L,,E2,P001 IBC02 R001,MP19,,T4,LGBF,TP1,,FL,2 (D/E),,,,S2 S20,33
2398,,METHYL tert-BUTYL ETHER,,F1,3,3,II,1 L,,E2,P001 IBC02 R001,MP19,,T7,LGBF,TP1,,FL,2 (D/E),,,,S2 S20,33
2399,,1-METHYLPIPERIDINE,,FC,3,3+8,II,1 L,,E2,P001 IBC02,MP19,,T7,L4BH,TP1,,FL,2 (D/E),,,,S2 S20,338
2400,,METHYL ISOVALERATE,,F1,3,3,II,1 L,,E2,P001 IBC02 R001,MP19,,T4,LGBF,TP1,,FL,2 (D/E),,,,S2 S20,33
2401,,PIPERIDINE,,CF1,8,8+3,I,0,,E0,P001,MP8 MP17,,T10,L10BH,TP2,,FL,1 (D/E),,,,S2 S14,883
2402,,PROPANETHIOLS,,F1,3,3,II,1 L,,E2,P001 IBC02 R001,MP19,,T4,LGBF,TP1,,FL,2 (D/E),,,,S2 S20,33
2403,,ISOPROPENYL ACETATE,,F1,3,3,II,1 L,,E2,P001 IBC02 R001,MP19,,T4,LGBF,TP1,,FL,2 (D/E),,,,S2 S20,33
2404,,PROPIONITRILE,,FT1,3,3+6.1,II,1 L,,E0,P001 IBC02,MP19,,T7,L4BH,TP1,TU15,FL,2 (D/E),,,CV13 CV28,S2 S19,336
2405,,ISOPROPYL BUTYRATE,,F1,3,3,III,5 L,,E1,P001 IBC03 LP01 R001,MP19,,T2,LGBF,TP1,,FL,3 (D/E),V12,,,S2,30
2406,,ISOPROPYL ISOBUTYRATE,,F1,3,3,II,1 L,,E2,P001 IBC02 R001,MP19,,T4,LGBF,TP1,,FL,2 (D/E),,,,S2 S20,33
2407,,ISOPROPYL CHLOROFORMATE,,TFC,6.1,6.1+3+8,I,0,354,E0,P602,MP8 MP17,,,,,,,1 (D),,,CV1 CV13 CV28,S2 S9 S14,
2409,,ISOPROPYL PROPIONATE,,F1,3,3,II,1 L,,E2,P001 IBC02 R001,MP19,,T4,LGBF,TP1,,FL,2 (D/E),,,,S2 S20,33
2410,,"1,2,3,6-TETRAHYDROPYRIDINE",,F1,3,3,II,1 L,,E2,P001 IBC02 R001,MP19,,T4,LGBF,TP1,,FL,2 (D/E),,,,S2 S20,33
2411,,BUTYRONITRILE,,FT1,3,3+6.1,II,1 L,,E2,P001 IBC02,MP19,,T7,L4BH,TP1,TU15,FL,2 (D/E),,,CV13 CV28,S2 S19,336
2412,,TETRAHYDROTHIOPHENE,,F1,3,3,II,1 L,,E2,P001 IBC02 R001,MP19,,T4,LGBF,TP1,,FL,2 (D/E),,,,S2 S20,33
2413,,TETRAPROPYL ORTHOTITANATE,,F1,3,3,III,5 L,,E1,P001 IBC03 LP01 R001,MP19,,T4,LGBF,TP1,,FL,3 (D/E),V12,,,S2,30
2414,,THIOPHENE,,F1,3,3,II,1 L,,E2,P001 IBC02 R001,MP19,,T4,LGBF,TP1,,FL,2 (D/E),,,,S2 S20,33
2416,,TRIMETHYL BORATE,,F1,3,3,II,1 L,,E2,P001 IBC02 R001,MP19,,T7,LGBF,TP1,,FL,2 (D/E),,,,S2 S20,33
2417,,CARBONYL FLUORIDE,,2TC,2,2.3+8,,0,,E0,P200,MP9,,(M),PxBH(M),,TA4 TT9,AT,1 (C/D),,,CV9 CV10 CV36,S14,268
2418,,SULPHUR TETRAFLUORIDE,,2TC,2,2.3+8,,0,,E0,P200,MP9,,,,,,,1 (D),,,CV9 CV10 CV36,S14,
2419,,BROMOTRIFLUOROETHYLENE,,2F,2,2.1,,0,662,E0,P200,MP9,,(M),PxBN(M),,TA4 TT9,FL,2 (B/D),,,CV9 CV10 CV36,S2 S20,23
2420,,HEXAFLUOROACETONE,,2TC,2,2.3+8,,0,,E0,P200,MP9,,(M),PxBH(M),,TA4 TT9,AT,1 (C/D),,,CV9 CV10 CV36,S14,268
2421,,NITROGEN TRIOXIDE,,2TOC,2,,,,,,,,,,Carriage prohibited,,,,,,,,,
2422,a,OCTAFLUOROBUT-2-ENE,,2A,2,2.2,,120 mL,662,E1,P200,MP9,,(M),PxBN(M),,TA4 TT9,AT,3 (C/E),,,CV9 CV10 CV36,,20
2422,b,REFRIGERANT GAS R 1318,,2A,2,2.2,,120 mL,662,E1,P200,MP9,,(M),PxBN(M),,TA4 TT9,AT,3 (C/E),,,CV9 CV10 CV36,,20
2424,a,OCTAFLUOROPROPANE,,2A,2,2.2,,120 mL,662,E1,P200,MP9,,(M) T50,PxBN(M),,TA4 TT9,AT,3 (C/E),,,CV9 CV10 CV36,,20
2424,b,REFRIGERANT GAS R 218,,2A,2,2.2,,120 mL,662,E1,P200,MP9,,(M) T50,PxBN(M),,TA4 TT9,AT,3 (C/E),,,CV9 CV10 CV36,,20
2426,,"AMMONIUM NITRATE, LIQUID",(hot concentrated solution),O1,5.1,5.1,,0,252 644,E0,,,,T7,L4BV(+),TP1 TP16 TP17,TU3 TU12 TU29 TC3 TE9 TE10 TA1,AT,0 (E),,,,S23,59
2427,a,"POTASSIUM CHLORATE, AQUEOUS SOLUTION",,O1,5.1,5.1,II,1 L,,E2,P504 IBC02,MP2,,T4,L4BN,TP1,TU3,AT,2 (E),,,CV24,,50
2427,b,"POTASSIUM CHLORATE, AQUEOUS SOLUTION",,O1,5.1,5.1,III,5 L,,E1,P504 IBC02 R001,MP2,,T4,LGBV,TP1,TU3,AT,3 (E),,,CV24,,50
2428,a,"SODIUM CHLORATE, AQUEOUS SOLUTION",,O1,5.1,5.1,II,1 L,,E2,P504 IBC02,MP2,,T4,L4BN,TP1,TU3,AT,2 (E),,,CV24,,50
2428,b,"SODIUM CHLORATE, AQUEOUS SOLUTION",,O1,5.1,5.1,III,5 L,,E1,P504 IBC02 R001,MP2,,T4,LGBV,TP1,TU3,AT,3 (E),,,CV24,,50
2429,a,"CALCIUM CHLORATE, AQUEOUS SOLUTION",,O1,5.1,5.1,II,1 L,,E2,P504 IBC02,MP2,,T4,L4BN,TP1,TU3,AT,2 (E),,,CV24,,50
2429,b,"CALCIUM CHLORATE, AQUEOUS SOLUTION",,O1,5.1,5.1,III,5 L,,E1,P504 IBC02 R001,MP2,,T4,LGBV,TP1,TU3,AT,3 (E),,,CV24,,50
2430,a,"ALKYLPHENOLS, SOLID, N.O.S.",(including C2-C12 homologues),C4,8,8,I,0,,E0,P002 IBC07,MP18,,T6,S10AN L10BH,TP33,,AT,1 (E),V10,,,S20,88
2430,b,"ALKYLPHENOLS, SOLID, N.O.S.",(including C2-C12 homologues),C4,8,8,II,1 kg,,E2,P002 IBC08,MP10,B4,T3,SGAN L4BN,TP33,,AT,2 (E),V11,,,,80
2430,c,"ALKYLPHENOLS, SOLID, N.O.S.",(including C2-C12 homologues),C4,8,8,III,5 kg,,E1,P002 IBC08 LP02 R001,MP10,B3,T1,SGAV L4BN,TP33,,AT,3 (E),,VC1 VC2 AP7,,,80
2431,,ANISIDINES,,T1,6.1,6.1,III,5 L,,E1,P001 IBC03 LP01 R001,MP19,,T4,L4BH,TP1,TU15 TE19,AT,2 (E),V12,,CV13 CV28,S9,60
2432,,"N,N-DIETHYLANILINE",,T1,6.1,6.1,III,5 L,279,E1,P001 IBC03 LP01 R001,MP19,,T4,L4BH,TP1,TU15 TE19,AT,2 (E),V12,,CV13 CV28,S9,60
2433,,"CHLORONITROTOLUENES, LIQUID",,T1,6.1,6.1,III,5 L,,E1,P001 IBC03 LP01 R001,MP19,,T4,L4BH,TP1,TU15 TE19,AT,2 (E),V12,,CV13 CV28,S9,60
2434,,DIBENZYLDICHLOROSILANE,,C3,8,8,II,0,,E0,P010,MP15,,T10,L4BN,TP2 TP7,,AT,2 (E),,,,,X80
2435,,ETHYLPHENYLDICHLOROSILANE,,C3,8,8,II,0,,E0,P010,MP15,,T10,L4BN,TP2 TP7,,AT,2 (E),,,,,X80
2436,,THIOACETIC ACID,,F1,3,3,II,1 L,,E2,P001 IBC02 R001,MP19,,T4,LGBF,TP1,,FL,2 (D/E),,,,S2 S20,33
2437,,METHYLPHENYLDICHLOROSILANE,,C3,8,8,II,0,,E0,P010,MP15,,T10,L4BN,TP2 TP7,,AT,2 (E),,,,,X80
2438,,TRIMETHYLACETYL CHLORIDE,,TFC,6.1,6.1+3+8,I,0,,E0,P001,MP8 MP17,,T14,L10CH,TP2,TU14 TU15 TE19 TE21,FL,1 (C/D),,,CV1 CV13 CV28,S2 S9 S14,663
2439,,SODIUM HYDROGENDIFLUORIDE,,C2,8,8,II,1 kg,,E2,P002 IBC08,MP10,B4,T3,SGAN,TP33,,AT,2 (E),V11,,,,80
2440,,STANNIC CHLORIDE PENTAHYDRATE,,C2,8,8,III,5 kg,,E1,P002 IBC08 LP02 R001,MP10,B3,T1,SGAV,TP33,,AT,3 (E),,VC1 VC2 AP7,,,80
2441,a,"TITANIUM TRICHLORIDE, PYROPHORIC",,SC4,4.2,4.2+8,I,0,537,E0,P404,MP13,,,,,,,0 (E),V1,,,S20,
2441,b,"TITANIUM TRICHLORIDE MIXTURE, PYROPHORIC",,SC4,4.2,4.2+8,I,0,537,E0,P404,MP13,,,,,,,0 (E),V1,,,S20,
2442,,TRICHLOROACETYL CHLORIDE,,C3,8,8,II,0,,E0,P001,MP15,,T7,L4BN,TP2,,AT,2 (E),,,,,X80
2443,,VANADIUM OXYTRICHLORIDE,,C1,8,8,II,1 L,,E0,P001 IBC02,MP15,,T7,L4BN,TP2,,AT,2 (E),,,,,80
2444,,VANADIUM TETRACHLORIDE,,C1,8,8,I,0,,E0,P802,MP8 MP17,,T10,L10BH,TP2,,AT,1 (E),,,,S20,X88
2446,,"NITROCRESOLS, SOLID",,T2,6.1,6.1,III,5 kg,,E1,P002 IBC08 LP02 R001,MP10,B3,T1,SGAH L4BH,TP33,TU15 TE19,AT,2 (E),,VC1 VC2 AP7,CV13 CV28,S9,60
2447,,"PHOSPHORUS, WHITE, MOLTEN",,ST3,4.2,4.2+6.1,I,0,,E0,,,,T21,L10DH(+),TP3 TP7 TP26,TU14 TU16 TU21 TE3 TE21,AT,0 (B/E),,,,S20,446
2448,,"SULPHUR, MOLTEN",,F3,4.1,4.1,III,0,538,E0,,,,T1,LGBV(+),TP3,TU27 TE4 TE6,AT,3 (E),,,,,44
2451,,NITROGEN TRIFLUORIDE,,2O,2,2.2+5.1,,0,662,E0,P200,MP9,,(M),PxBN(M),,TA4 TT9,AT,3 (C/E),,,CV9 CV10 CV36,,25
2452,,"ETHYLACETYLENE, STABILIZED",,2F,2,2.1,,0,386 662 676,E0,P200,MP9,,(M),PxBN(M),,TA4 TT9,FL,2 (B/D),V8,,CV9 CV10 CV36,S2 S4 S20,239
2453,a,ETHYL FLUORIDE,,2F,2,2.1,,0,662,E0,P200,MP9,,(M),PxBN(M),,TA4 TT9,FL,2 (B/D),,,CV9 CV10 CV36,S2 S20,23
2453,b,REFRIGERANT GAS R 161,,2F,2,2.1,,0,662,E0,P200,MP9,,(M),PxBN(M),,TA4 TT9,FL,2 (B/D),,,CV9 CV10 CV36,S2 S20,23
2454,a,METHYL FLUORIDE,,2F,2,2.1,,0,662,E0,P200,MP9,,(M),PxBN(M),,TA4 TT9,FL,2 (B/D),,,CV9 CV10 CV36,S2 S20,23
2454,b,REFRIGERANT GAS R 41,,2F,2,2.1,,0,662,E0,P200,MP9,,(M),PxBN(M),,TA4 TT9,FL,2 (B/D),,,CV9 CV10 CV36,S2 S20,23
2455,,METHYL NITRITE,,2A,2,,,,,,,,,,Carriage prohibited,,,,,,,,,
2456,,2-CHLOROPROPENE,,F1,3,3,I,0,,E3,P001,MP7 MP17,,T11,L4BN,TP2,,FL,1 (D/E),,,,S2 S20,33
2457,,"2,3-DIMETHYLBUTANE",,F1,3,3,II,1 L,,E2,P001 IBC02 R001,MP19,,T7,LGBF,TP1,,FL,2 (D/E),,,,S2 S20,33
2458,,HEXADIENES,,F1,3,3,II,1 L,,E2,P001 IBC02 R001,MP19,,T4,LGBF,TP1,,FL,2 (D/E),,,,S2 S20,33
2459,,2-METHYL-1-BUTENE,,F1,3,3,I,0,,E3,P001,MP7 MP17,,T11,L4BN,TP2,,FL,1 (D/E),,,,S2 S20,33
2460,,2-METHYL-2-BUTENE,,F1,3,3,II,1 L,,E2,P001 IBC02,MP19,B8,T7,L1.5BN,TP1,,FL,2 (D/E),,,,S2 S20,33
2461,,METHYLPENTADIENE,,F1,3,3,II,1 L,,E2,P001 IBC02 R001,MP19,,T4,LGBF,TP1,,FL,2 (D/E),,,,S2 S20,33
2463,,ALUMINIUM HYDRIDE,,W2,4.3,4.3,I,0,,E0,P403,MP2,,,,,,,1 (E),V1,,CV23,S20,
2464,,BERYLLIUM NITRATE,,OT2,5.1,5.1+6.1,II,1 kg,,E2,P002 IBC08,MP2,B4,T3,SGAN,TP33,TU3,AT,2 (E),V11,,CV24 CV28,,56
2465,a,"DICHLOROISOCYANURIC ACID, DRY",,O2,5.1,5.1,II,1 kg,135,E2,P002 IBC08,MP10,B4,T3,SGAN,TP33,TU3,AT,2 (E),V11,,CV24,,50
2465,b,DICHLOROISOCYANURIC ACID SALTS,,O2,5.1,5.1,II,1 kg,135,E2,P002 IBC08,MP10,B4,T3,SGAN,TP33,TU3,AT,2 (E),V11,,CV24,,50
2466,,POTASSIUM SUPEROXIDE,,O2,5.1,5.1,I,0,,E0,P503 IBC06,MP2,,,,,,,1 (E),V10,,CV24,S20,
2468,,"TRICHLOROISOCYANURIC ACID, DRY",,O2,5.1,5.1,II,1 kg,,E2,P002 IBC08,MP10,B4,T3,SGAN,TP33,TU3,AT,2 (E),V11,,CV24,,50
2469,,ZINC BROMATE,,O2,5.1,5.1,III,5 kg,,E1,P002 IBC08 LP02 R001,MP10,B3,T1,SGAV,TP33,TU3,AT,3 (E),,VC1 VC2 AP6 AP7,CV24,,50
2470,,"PHENYLACETONITRILE, LIQUID",,T1,6.1,6.1,III,5 L,,E1,P001 IBC03 LP01 R001,MP19,,T4,L4BH,TP1,TU15 TE19,AT,2 (E),V12,,CV13 CV28,S9,60
2471,,OSMIUM TETROXIDE,,T5,6.1,6.1,I,0,,E5,P002 IBC07,MP18,PP30,T6,S10AH,TP33,TU15 TE19,AT,1 (C/E),V10,,CV1 CV13 CV28,S9 S14,66
2473,,SODIUM ARSANILATE,,T3,6.1,6.1,III,5 kg,,E1,P002 IBC08 LP02 R001,MP10,B3,T1,SGAH L4BH,TP33,TU15 TE19,AT,2 (E),,VC1 VC2 AP7,CV13 CV28,S9,60
2474,,THIOPHOSGENE,,T1,6.1,6.1,I,0,279 354,E0,P602,MP8 MP17,,T20,L10CH,TP2,TU14 TU15 TE19 TE21,AT,1 (C/D),,,CV1 CV13 CV28,S9 S14,66
2475,,VANADIUM TRICHLORIDE,,C2,8,8,III,5 kg,,E1,P002 IBC08 LP02 R001,MP10,B3,T1,SGAV,TP33,,AT,3 (E),,VC1 VC2 AP7,,,80
2477,,METHYL ISOTHIOCYANATE,,TF1,6.1,6.1+3,I,0,354,E0,P602,MP8 MP17,,T20,L10CH,TP2,TU14 TU15 TE19 TE21,FL,1 (C/D),,,CV1 CV13 CV28,S2 S9 S14,663
2478,a,"ISOCYANATES, FLAMMABLE, TOXIC, N.O.S.",,FT1,3,3+6.1,II,1 L,274 539,E2,P001 IBC02,MP19,,T11,L4BH,TP2 TP27,TU15,FL,2 (D/E),,,CV13 CV28,S2 S19,336
2478,b,"ISOCYANATE SOLUTION, FLAMMABLE, TOXIC, N.O.S.",,FT1,3,3+6.1,II,1 L,274 539,E2,P001 IBC02,MP19,,T11,L4BH,TP2 TP27,TU15,FL,2 (D/E),,,CV13 CV28,S2 S19,336
2478,c,"ISOCYANATES, FLAMMABLE, TOXIC, N.O.S.",,FT1,3,3+6.1,III,5 L,274,E1,P001 IBC03 R001,MP19,,T7,L4BH,TP1 TP28,TU15,FL,3 (D/E),V12,,CV13 CV28,S2,36
2478,d,"ISOCYANATE SOLUTION, FLAMMABLE, TOXIC, N.O.S.",,FT1,3,3+6.1,III,5 L,274,E1,P001 IBC03 R001,MP19,,T7,L4BH,TP1 TP28,TU15,FL,3 (D/E),V12,,CV13 CV28,S2,36
2480,,METHYL ISOCYANATE,,TF1,6.1,6.1+3,I,0,354,E0,P601,MP2,,T22,L15CH,TP2,TU14 TU15 TE19 TE21,FL,1 (C/D),,,CV1 CV13 CV28,S2 S9 S14,663
2481,,ETHYL ISOCYANATE,,TF1,6.1,6.1+3,I,0,354,E0,P602,MP8 MP17,,T20,L15CH,TP2,TU14 TU15 TE19 TE21,FL,1 (C/D),,,CV1 CV13 CV28,S2 S9 S14,663
2482,,n-PROPYL ISOCYANATE,,TF1,6.1,6.1+3,I,0,354,E0,P602,MP8 MP17,,T20,L10CH,TP2,TU14 TU15 TE19 TE21,FL,1 (C/D),,,CV1 CV13 CV28,S2 S9 S14,663
2483,,ISOPROPYL ISOCYANATE,,TF1,6.1,6.1+3,I,0,354,E0,P602,MP8 MP17,,T20,L10CH,TP2,TU14 TU15 TE19 TE21,FL,1 (C/D),,,CV1 CV13 CV28,S2 S9 S14,663
2484,,tert-BUTYL ISOCYANATE,,TF1,6.1,6.1+3,I,0,354,E0,P602,MP8 MP17,,T20,L10CH,TP2,TU14 TU15 TE19 TE21,FL,1 (C/D),,,CV1 CV13 CV28,S2 S9 S14,663
2485,,n-BUTYL ISOCYANATE,,TF1,6.1,6.1+3,I,0,354,E0,P602,MP8 MP17,,T20,L10CH,TP2,TU14 TU15 TE19 TE21,FL,1 (C/D),,,CV1 CV13 CV28,S2 S9 S14,663
2486,,ISOBUTYL ISOCYANATE,,TF1,6.1,6.1+3,I,0,354,E0,P602,MP8 MP17,,T20,L10CH,TP2,TU14 TU15 TE19 TE21,FL,1 (C/D),,,CV1 CV13 CV28,S2 S9 S14,663
2487,,PHENYL ISOCYANATE,,TF1,6.1,6.1+3,I,0,354,E0,P602,MP8 MP17,,T20,L10CH,TP2,TU14 TU15 TE19 TE21,FL,1 (C/D),,,CV1 CV13 CV28,S2 S9 S14,663
2488,,CYCLOHEXYL ISOCYANATE,,TF1,6.1,6.1+3,I,0,354,E0,P602,MP8 MP17,,T20,L10CH,TP2,TU14 TU15 TE19 TE21,FL,1 (C/D),,,CV1 CV13 CV28,S2 S9 S14,663
2490,,DICHLOROISOPROPYL ETHER,,T1,6.1,6.1,II,100 mL,,E4,P001 IBC02,MP15,,T7,L4BH,TP2,TU15 TE19,AT,2 (D/E),,,CV13 CV28,S9 S19,60
2491,a,ETHANOLAMINE,,C7,8,8,III,5 L,,E1,P001 IBC03 LP01 R001,MP19,,T4,L4BN,TP1,,AT,3 (E),V12,,,,80
2491,b,ETHANOLAMINE SOLUTION,,C7,8,8,III,5 L,,E1,P001 IBC03 LP01 R001,MP19,,T4,L4BN,TP1,,AT,3 (E),V12,,,,80
2493,,HEXAMETHYLENEIMINE,,FC,3,3+8,II,1 L,,E2,P001 IBC02,MP19,,T7,L4BH,TP1,,FL,2 (D/E),,,,S2 S20,338
2495,,IODINE PENTAFLUORIDE,,OTC,5.1,5.1+6.1+8,I,0,,E0,P200,MP2,,,L10DH,,TU3,AT,1 (B/E),,,CV24 CV28,S20,568
2496,,PROPIONIC ANHYDRIDE,,C3,8,8,III,5 L,,E1,P001 IBC03 LP01 R001,MP19,,T4,L4BN,TP1,,AT,3 (E),V12,,,,80
2498,,"1,2,3,6-TETRAHYDROBENZALDEHYDE",,F1,3,3,III,5 L,,E1,P001 IBC03 LP01 R001,MP19,,T2,LGBF,TP1,,FL,3 (D/E),V12,,,S2,30
2501,a,TRIS-(1-AZIRIDINYL)PHOSPHINE OXIDE SOLUTION,,T1,6.1,6.1,II,100 mL,,E4,P001 IBC02,MP15,,T7,L4BH,TP2,TU15 TE19,AT,2 (D/E),,,CV13 CV28,S9 S19,60
2501,b,TRIS-(1-AZIRIDINYL)PHOSPHINE OXIDE SOLUTION,,T1,6.1,6.1,III,5 L,,E1,P001 IBC03 LP01 R001,MP19,,T4,L4BH,TP1,TU15 TE19,AT,2 (E),V12,,CV13 CV28,S9,60
2502,,VALERYL CHLORIDE,,CF1,8,8+3,II,1 L,,E2,P001 IBC02,MP15,,T7,L4BN,TP2,,FL,2 (D/E),,,,S2,83
2503,,ZIRCONIUM TETRACHLORIDE,,C2,8,8,III,5 kg,,E1,P002 IBC08 LP02 R001,MP10,B3,T1,SGAV,TP33,,AT,3 (E),,VC1 VC2 AP7,,,80
2504,,TETRABROMOETHANE,,T1,6.1,6.1,III,5 L,,E1,P001 IBC03 LP01 R001,MP19,,T4,L4BH,TP1,TU15 TE19,AT,2 (E),V12,,CV13 CV28,S9,60
2505,,AMMONIUM FLUORIDE,,T5,6.1,6.1,III,5 kg,,E1,P002 IBC08 LP02 R001,MP10,B3,T1,SGAH,TP33,TU15 TE19,AT,2 (E),,VC1 VC2 AP7,CV13 CV28,S9,60
2506,,AMMONIUM HYDROGEN SULPHATE,,C2,8,8,II,1 kg,,E2,P002 IBC08,MP10,B4,T3,SGAV,TP33,,AT,2 (E),V11,VC1 VC2 AP7,,,80
2507,,"CHLOROPLATINIC ACID, SOLID",,C2,8,8,III,5 kg,,E1,P002 IBC08 LP02 R001,MP10,B3,T1,SGAV,TP33,,AT,3 (E),,VC1 VC2 AP7,,,80
2508,,MOLYBDENUM PENTACHLORIDE,,C2,8,8,III,5 kg,,E1,P002 IBC08 LP02 R001,MP10,B3,T1,SGAV,TP33,,AT,3 (E),,VC1 VC2 AP7,,,80
2509,,POTASSIUM HYDROGEN SULPHATE,,C2,8,8,II,1 kg,,E2,P002 IBC08,MP10,B4,T3,SGAV,TP33,,AT,2 (E),V11,VC1 VC2 AP7,,,80
2511,,2-CHLOROPROPIONIC ACID,,C3,8,8,III,5 L,,E1,P001 IBC03 LP01 R001,MP19,,T4,L4BN,TP2,,AT,3 (E),V12,,,,80
2512,,AMINOPHENOLS,"(o-, m-, p-)",T2,6.1,6.1,III,5 kg,279,E1,P002 IBC08 LP02 R001,MP10,B3,T1,SGAH L4BH,TP33,TU15 TE19,AT,2 (E),,VC1 VC2 AP7,CV13 CV28,S9,60
2513,,BROMOACETYL BROMIDE,,C3,8,8,II,1 L,,E2,P001 IBC02,MP15,,T8,L4BN,TP2,,AT,2 (E),,,,,X80
2514,,BROMOBENZENE,,F1,3,3,III,5 L,,E1,P001 IBC03 LP01 R001,MP19,,T2,LGBF,TP1,,FL,3 (D/E),V12,,,S2,30
2515,,BROMOFORM,,T1,6.1,6.1,III,5 L,,E1,P001 IBC03 LP01 R001,MP19,,T4,L4BH,TP1,TU15 TE19,AT,2 (E),V12,,CV13 CV28,S9,60
2516,,CARBON TETRABROMIDE,,T2,6.1,6.1,III,5 kg,,E1,P002 IBC08 LP02 R001,MP10,B3,T1,SGAH L4BH,TP33,TU15 TE19,AT,2 (E),,VC1 VC2 AP7,CV13 CV28,S9,60
2517,a,"1-CHLORO-1,1-DIFLUOROETHANE",,2F,2,2.1,,0,662,E0,P200,MP9,,(M) T50,PxBN(M),,TA4 TT9,FL,2 (B/D),,,CV9 CV10 CV36,S2 S20,23
2517,b,REFRIGERANT GAS R 142b,,2F,2,2.1,,0,662,E0,P200,MP9,,(M) T50,PxBN(M),,TA4 TT9,FL,2 (B/D),,,CV9 CV10 CV36,S2 S20,23
2518,,"1,5,9-CYCLODODECATRIENE",,T1,6.1,6.1,III,5 L,,E1,P001 IBC03 LP01 R001,MP19,,T4,L4BH,TP1,TU15 TE19,AT,2 (E),V12,,CV13 CV28,S9,60
2520,,CYCLOOCTADIENES,,F1,3,3,III,5 L,,E1,P001 IBC03 LP01 R001,MP19,,T2,LGBF,TP1,,FL,3 (D/E),V12,,,S2,30
2521,,"DIKETENE, STABILIZED",,TF1,6.1,6.1+3,I,0,354 386 676,E0,P602,MP8 MP17,,T20,L10CH,TP2,TU14 TU15 TE19 TE21,FL,1 (C/D),V8,,CV1 CV13 CV28,S2 S4 S9 S14,663
2522,,"2-DIMETHYLAMINOETHYL METHACRYLATE, STABILIZED",,T1,6.1,6.1,II,100 mL,386 676,E4,P001 IBC02,MP15,,T7,L4BH,TP2,TU15 TE19,AT,2 (D/E),V8,,CV13 CV28,S4 S9 S19,69
2524,,ETHYL ORTHOFORMATE,,F1,3,3,III,5 L,,E1,P001 IBC03 LP01 R001,MP19,,T2,LGBF,TP1,,FL,3 (D/E),V12,,,S2,30
2525,,ETHYL OXALATE,,T1,6.1,6.1,III,5 L,,E1,P001 IBC03 LP01 R001,MP19,,T4,L4BH,TP1,TU15 TE19,AT,2 (E),V12,,CV13 CV28,S9,60
2526,,FURFURYLAMINE,,FC,3,3+8,III,5 L,,E1,P001 IBC03 R001,MP19,,T4,L4BN,TP1,,FL,3 (D/E),V12,,,S2,38
2527,,"ISOBUTYL ACRYLATE, STABILIZED",,F1,3,3,III,5 L,386 676,E1,P001 IBC03 LP01 R001,MP19,,T2,LGBF,TP1,,FL,3 (D/E),V8 V12,,,S2 S4,39
2528,,ISOBUTYL ISOBUTYRATE,,F1,3,3,III,5 L,,E1,P001 IBC03 LP01 R001,MP19,,T2,LGBF,TP1,,FL,3 (D/E),V12,,,S2,30
2529,,ISOBUTYRIC ACID,,FC,3,3+8,III,5 L,,E1,P001 IBC03 R001,MP19,,T4,L4BN,TP1,,FL,3 (D/E),V12,,,S2,38
2531,,"METHACRYLIC ACID, STABILIZED",,C3,8,8,II,1 L,386 676,E2,P001 IBC02 LP01,MP15,,T7,L4BN,TP2 TP18 TP30,,AT,2 (E),V8,,,S4,89
2533,,METHYL TRICHLOROACETATE,,T1,6.1,6.1,III,5 L,,E1,P001 IBC03 LP01 R001,MP19,,T4,L4BH,TP1,TU15 TE19,AT,2 (E),V12,,CV13 CV28,S9,60
2534,,METHYLCHLOROSILANE,,2TFC,2,2.3+2.1+8,,0,,E0,P200,MP9,,(M),,,,FL,1 (B/D),,,CV9 CV10 CV36,S2 S14,263
2535,a,4-METHYLMORPHOLINE,,FC,3,3+8,II,1 L,,E2,P001 IBC02,MP19,,T7,L4BH,TP1,,FL,2 (D/E),,,,S2 S20,338
2535,b,N-METHYLMORPHOLINE,,FC,3,3+8,II,1 L,,E2,P001 IBC02,MP19,,T7,L4BH,TP1,,FL,2 (D/E),,,,S2 S20,338
2536,,METHYLTETRAHYDROFURAN,,F1,3,3,II,1 L,,E2,P001 IBC02 R001,MP19,,T4,LGBF,TP1,,FL,2 (D/E),,,,S2 S20,33
2538,,NITRONAPHTHALENE,,F1,4.1,4.1,III,5 kg,,E1,P002 IBC08 LP02 R001,MP10,B3,T1,SGAV,TP33,,AT,3 (E),,VC1 VC2,,,40
2541,,TERPINOLENE,,F1,3,3,III,5 L,,E1,P001 IBC03 LP01 R001,MP19,,T2,LGBF,TP1,,FL,3 (D/E),V12,,,S2,30
2542,,TRIBUTYLAMINE,,T1,6.1,6.1,II,100 mL,,E4,P001 IBC02,MP15,,T7,L4BH,TP2,TU15 TE19,AT,2 (D/E),,,CV13 CV28,S9 S19,60
2545,a,"HAFNIUM POWDER, DRY",,S4,4.2,4.2,I,0,540,E0,P404,MP13,,,,,,,0 (E),V1,,,S20,
2545,b,"HAFNIUM POWDER, DRY",,S4,4.2,4.2,II,0,540,E2,P410 IBC06,MP14,,T3,SGAN,TP33,,AT,2 (D/E),V1,,,,40
2545,c,"HAFNIUM POWDER, DRY",,S4,4.2,4.2,III,0,540,E1,P002 IBC08 LP02 R001,MP14,B3,T1,SGAN,TP33,,AT,3 (E),V1,VC1 VC2 AP1,,,40
2546,a,"TITANIUM POWDER, DRY",,S4,4.2,4.2,I,0,540,E0,P404,MP13,,,,,,,0 (E),V1,,,S20,
2546,b,"TITANIUM POWDER, DRY",,S4,4.2,4.2,II,0,540,E2,P410 IBC06,MP14,,T3,SGAN,TP33,,AT,2 (D/E),V1,,,,40
2546,c,"TITANIUM POWDER, DRY",,S4,4.2,4.2,III,0,540,E1,P002 IBC08 LP02 R001,MP14,B3,T1,SGAN,TP33,,AT,3 (E),V1,VC1 VC2 AP1,,,40
2547,,SODIUM SUPEROXIDE,,O2,5.1,5.1,I,0,,E0,P503 IBC06,MP2,,,,,,,1 (E),V10,,CV24,S20,
2548,,CHLORINE PENTAFLUORIDE,,2TOC,2,2.3+5.1+8,,0,,E0,P200,MP9,,,,,,,1 (D),,,CV9 CV10 CV36,S14,
2552,,"HEXAFLUOROACETONE HYDRATE, LIQUID",,T1,6.1,6.1,II,100 mL,,E4,P001 IBC02,MP15,,T7,L4BH,TP2,TU15 TE19,AT,2 (D/E),,,CV13 CV28,S9 S19,60
2554,,METHYLALLYL CHLORIDE,,F1,3,3,II,1 L,,E2,P001 IBC02 R001,MP19,,T4,LGBF,TP1,,FL,2 (D/E),,,,S2 S20,33
2555,,NITROCELLULOSE WITH WATER,"(not less than 25% water, by mass)",D,4.1,4.1,II,0,394 541,E0,P406,MP2,,,,,,,2 (B),,,,S14,
2556,,NITROCELLULOSE WITH ALCOHOL,"(not less than 25% alcohol, by mass, and not more than 12.6% nitrogen, by dry mass)",D,4.1,4.1,II,0,394 541,E0,P406,MP2,,,,,,,2 (B),,,,S14,
2557,a,"NITROCELLULOSE MIXTURE WITH PLASTICIZER, WITH PIGMENT","with not more than 12.6% nitrogen, by dry mass",D,4.1,4.1,II,0,241 394 541,E0,P406,MP2,,,,,,,2 (B),,,,S14,
2557,b,"NITROCELLULOSE MIXTURE WITHOUT PLASTICIZER, WITH PIGMENT","with not more than 12.6% nitrogen, by dry mass",D,4.1,4.1,II,0,241 394 541,E0,P406,MP2,,,,,,,2 (B),,,,S14,
2557,c,"NITROCELLULOSE MIXTURE WITH PLASTICIZER, WITHOUT PIGMENT","with not more than 12.6% nitrogen, by dry mass",D,4.1,4.1,II,0,241 394 541,E0,P406,MP2,,,,,,,2 (B),,,,S14,
2557,d,"NITROCELLULOSE MIXTURE WITHOUT PLASTICIZER, WITHOUT PIGMENT","with not more than 12.6% nitrogen, by dry mass",D,4.1,4.1,II,0,241 541,E0,P406,MP2,,,,,,,2 (B),,,,S14,
2558,,EPIBROMOHYDRIN,,TF1,6.1,6.1+3,I,0,,E0,P001,MP8 MP17,,T14,L10CH,TP2,TU14 TU15 TE19 TE21,FL,1 (C/D),,,CV1 CV13 CV28,S2 S9 S14,663
2560,,2-METHYLPENTAN-2-OL,,F1,3,3,III,5 L,,E1,P001 IBC03 LP01 R001,MP19,,T2,LGBF,TP1,,FL,3 (D/E),V12,,,S2,30
2561,,3-METHYL-1-BUTENE,,F1,3,3,I,0,,E3,P001,MP7 MP17,,T11,L4BN,TP2,,FL,1 (D/E),,,,S2 S20,33
2564,a,TRICHLOROACETIC ACID SOLUTION,,C3,8,8,II,1 L,,E2,P001 IBC02,MP15,,T7,L4BN,TP2,,AT,2 (E),,,,,80
2564,b,TRICHLOROACETIC ACID SOLUTION,,C3,8,8,III,5 L,,E1,P001 IBC03 LP01 R001,MP19,,T4,L4BN,TP1,,AT,3 (E),V12,,,,80
2565,,DICYCLOHEXYLAMINE,,C7,8,8,III,5 L,,E1,P001 IBC03 LP01 R001,MP19,,T4,L4BN,TP1,,AT,3 (E),V12,,,,80
2567,,SODIUM PENTACHLOROPHENATE,,T2,6.1,6.1,II,500 g,,E4,P002 IBC08,MP10,B4,T3,SGAH,TP33,TU15 TE19,AT,2 (D/E),V11,,CV13 CV28,S9 S19,60
2570,a,CADMIUM COMPOUND,,T5,6.1,6.1,I,0,274 596,E5,P002 IBC07,MP18,,T6,S10AH L10CH,TP33,TU14 TU15 TE19 TE21,AT,1 (C/E),V10,,CV1 CV13 CV28,S9 S14,66
2570,b,CADMIUM COMPOUND,,T5,6.1,6.1,II,500 g,274 596,E4,P002 IBC08,MP10,B4,T3,SGAH L4BH,TP33,TU15 TE19,AT,2 (D/E),V11,,CV13 CV28,S9 S19,60
2570,c,CADMIUM COMPOUND,,T5,6.1,6.1,III,5 kg,274 596,E1,P002 IBC08 LP02 R001,MP10,B3,T1,SGAH L4BH,TP33,TU15 TE19,AT,2 (E),,VC1 VC2 AP7,CV13 CV28,S9,60
2571,a,ALKYLSULPHURIC ACIDS,,C3,8,8,II,1 L,,E2,P001 IBC02,MP15,,T8,L4BN,TP2 TP28,,AT,2 (E),,,,,80
2571,b,ALKYLSULPHURIC ACIDS,,C3,8,8,II,1 L,,E2,P001 IBC02,MP15,,T8,L4BN,TP2 TP28,,AT,2 (E),,,,,80
2572,,PHENYLHYDRAZINE,,T1,6.1,6.1,II,100 mL,,E4,P001 IBC02,MP15,,T7,L4BH,TP2,TU15 TE19,AT,2 (D/E),,,CV13 CV28,S9 S19,60
2573,,THALLIUM CHLORATE,,OT2,5.1,5.1+6.1,II,1 kg,,E2,P002 IBC06,MP2,,T3,SGAN,TP33,TU3,AT,2 (E),V11,,CV24 CV28,,56
2574,,TRICRESYL PHOSPHATE,with more than 3% ortho isomer,T1,6.1,6.1,II,100 mL,,E4,P001 IBC02,MP15,,T7,L4BH,TP2,TU15 TE19,AT,2 (D/E),,,CV13 CV28,S9 S19,60
2576,,"PHOSPHORUS OXYBROMIDE, MOLTEN",,C1,8,8,II,0,,E0,,,,T7,L4BN,TP3,,AT,2 (E),,,,,80
2577,,PHENYLACETYL CHLORIDE,,C3,8,8,II,1 L,,E2,P001 IBC02,MP15,,T7,L4BN,TP2,,AT,2 (E),,,,,80
2578,,PHOSPHORUS TRIOXIDE,,C2,8,8,III,5 kg,,E1,P002 IBC08 LP02 R001,MP10,B3,T1,SGAV,TP33,,AT,3 (E),,VC1 VC2 AP7,,,80
2579,,PIPERAZINE,,C8,8,8,III,5 kg,,E1,P002 IBC08 LP02 R001,MP10,B3,T1,SGAV L4BN,TP33,,AT,3 (E),,VC1 VC2 AP7,,,80
2580,,ALUMINIUM BROMIDE SOLUTION,,C1,8,8,III,5 L,,E1,P001 IBC03 LP01 R001,MP19,,T4,L4BN,TP1,,AT,3 (E),V12,,,,80
2581,,ALUMINIUM CHLORIDE SOLUTION,,C1,8,8,III,5 L,,E1,P001 IBC03 LP01 R001,MP19,,T4,L4BN,TP1,TU42,AT,3 (E),V12,,,,80
2582,,FERRIC CHLORIDE SOLUTION,,C1,8,8,III,5 L,,E1,P001 IBC03 LP01 R001,MP19,,T4,L4BN,TP1,TU42,AT,3 (E),V12,,,,80
2583,a,"ALKYLSULPHONIC ACIDS, SOLID",with more than 5% free sulphuric acid,C2,8,8,II,1 kg,,E2,P002 IBC08,MP10,B4,T3,SGAN L4BN,TP33,,AT,2 (E),V11,,,,80
2583,b,"ARYLSULPHONIC ACIDS, SOLID",with more than 5% free sulphuric acid,C2,8,8,II,1 kg,,E2,P002 IBC08,MP10,B4,T3,SGAN L4BN,TP33,,AT,2 (E),V11,,,,80
2584,a,"ALKYLSULPHONIC ACIDS, LIQUID",with more than 5% free sulphuric acid,C1,8,8,II,1 L,,E2,P001 IBC02,MP15,,T8,L4BN,TP2,,AT,2 (E),,,,,80
2584,b,"ARYLSULPHONIC ACIDS, LIQUID",with more than 5% free sulphuric acid,C1,8,8,II,1 L,,E2,P001 IBC02,MP15,,T8,L4BN,TP2,,AT,2 (E),,,,,80
2585,a,"ALKYLSULPHONIC ACIDS, SOLID",with not more than 5% free sulphuric acid,C4,8,8,III,5 kg,,E1,P002 IBC08 LP02 R001,MP10,B3,T1,SGAV,TP33,,AT,3 (E),,VC1 VC2 AP7,,,80
2585,b,"ARYLSULPHONIC ACIDS, SOLID",with not more than 5% free sulphuric acid,C4,8,8,III,5 kg,,E1,P002 IBC08 LP02 R001,MP10,B3,T1,SGAV,TP33,,AT,3 (E),,VC1 VC2 AP7,,,80
2586,a,"ALKYLSULPHONIC ACIDS, LIQUID",with not more than 5% free sulphuric acid,C3,8,8,III,5 L,,E1,P001 IBC03 LP01 R001,MP19,,T4,L4BN,TP1,TU42,AT,3 (E),V12,,,,80
2586,b,"ARYLSULPHONIC ACIDS, LIQUID",with not more than 5% free sulphuric acid,C3,8,8,III,5 L,,E1,P001 IBC03 LP01 R001,MP19,,T4,L4BN,TP1,TU42,AT,3 (E),V12,,,,80
2587,,BENZOQUINONE,,T2,6.1,6.1,II,500 g,,E4,P002 IBC08,MP10,B4,T3,SGAH L4BH,TP33,TU15 TE19,AT,2 (D/E),V11,,CV13 CV28,S9 S19,60
2588,a,"PESTICIDE, SOLID, TOXIC, N.O.S.",,T7,6.1,6.1,I,0,61 274 648,E5,P002 IBC02,MP18,,T6,S10AH L10CH,TP33,TU14 TU15 TE19 TE21,AT,1 (C/E),,,CV1 CV13 CV28,S9 S14,66
2588,b,"PESTICIDE, SOLID, TOXIC, N.O.S.",,T7,6.1,6.1,II,500 g,61 274 648,E4,P002 IBC08,MP10,B4,T3,SGAH L4BH,TP33,TU15 TE19,AT,2 (D/E),V11,,CV13 CV28,S9 S19,60
2588,c,"PESTICIDE, SOLID, TOXIC, N.O.S.",,T7,6.1,6.1,III,5 kg,61 274 648,E1,P002 IBC08 LP02 R001,MP10,B3,T1,SGAH L4BH,TP33,TU15 TE19,AT,2 (E),,VC1 VC2 AP7,CV13 CV28,S9,60
2589,,VINYL CHLOROACETATE,,TF1,6.1,6.1+3,II,100 mL,,E4,P001 IBC02,MP15,,T7,L4BH,TP2,TU15 TE19,FL,2 (D/E),,,CV13 CV28,S2 S9 S19,63
2590,,"ASBESTOS, CHRYSOTILE",,M1,9,9,III,5 kg,168 542,E1,P002 IBC08 R001,MP10,PP37 B4,T1,SGAH,TP33,TU15,AT,3 (E),V11,,CV13 CV28,,90
2591,,"XENON, REFRIGERATED LIQUID",,3A,2,2.2,,120 mL,593,E1,P203,MP9,,T75,RxBN,TP5,TU19 TA4 TT9,AT,3 (C/E),V5,,CV9 CV11 CV36,S20,22
2599,a,"CHLOROTRIFLUOROMETHANE AND TRIFLUOROMETHANE, AZEOTROPIC MIXTURE",with approximately 60% chlorotrifluoromethane,2A,2,2.2,,120 mL,662,E1,P200,MP9,,(M),PxBN(M),,TA4 TT9,AT,3 (C/E),,,CV9 CV10 CV36,,20
2599,b,REFRIGERANT GAS R 503,,2A,2,2.2,,120 mL,662,E1,P200,MP9,,(M),PxBN(M),,TA4 TT9,AT,3 (C/E),,,CV9 CV10 CV36,,20
2601,,CYCLOBUTANE,,2F,2,2.1,,0,662,E0,P200,MP9,,(M),PxBN(M),,TA4 TT9,FL,2 (B/D),,,CV9 CV10 CV36,S2 S20,23
2602,a,"DICHLORODIFLUOROMETHANE AND DIFLUOROETHANE, AZEOTROPIC MIXTURE",with approximately 74% dichlorodifluoromethane,2A,2,2.2,,120 mL,662,E1,P200,MP9,,(M) T50,PxBN(M),,TA4 TT9,AT,3 (C/E),,,CV9 CV10 CV36,,20
2602,b,REFRIGERANT GAS R 500,RZ3,2A,2,2.2,,120 mL,662,E1,P200,MP9,,(M) T50,PxBN(M),,TA4 TT9,AT,3 (C/E),,,CV9 CV10 CV36,,20
2603,,CYCLOHEPTATRIENE,,FT1,3,3+6.1,II,1 L,,E2,P001 IBC02,MP19,,T7,L4BH,TP1,TU15,FL,2 (D/E),,,CV13 CV28,S2 S19,336
2604,,BORON TRIFLUORIDE DIETHYL ETHERATE,,CF1,8,8+3,I,0,,E0,P001,MP8 MP17,,T10,L10BH,TP2,,FL,1 (D/E),,,,S2 S14,883
2605,,METHOXYMETHYL ISOCYANATE,,TF1,6.1,6.1+3,I,0,354,E0,P602,MP8 MP17,,T20,L10CH,TP2,TU14 TU15 TE19 TE21,FL,1 (C/D),,,CV1 CV13 CV28,S2 S9 S14,663
2606,,METHYL ORTHOSILICATE,,TF1,6.1,6.1+3,I,0,354,E0,P602,MP8 MP17,,T20,L10CH,TP2,TU14 TU15 TE19 TE21,FL,1 (C/D),,,CV1 CV13 CV28,S2 S9 S14,663
2607,,"ACROLEIN DIMER, STABILIZED",,F1,3,3,III,5 L,386 676,E1,P001 IBC03 LP01 R001,MP19,,T2,LGBF,TP1,,FL,3 (D/E),V8 V12,,,S2 S4,39
2608,,NITROPROPANES,,F1,3,3,III,5 L,,E1,P001 IBC03 LP01 R001,MP19,,T2,LGBF,TP1,,FL,3 (D/E),V12,,,S2,30
2609,,TRIALLYL BORATE,,T1,6.1,6.1,III,5 L,,E1,P001 IBC03 LP01 R001,MP19,,,L4BH,,TU15 TE19,AT,2 (E),V12,,CV13 CV28,S9,60
2610,,TRIALLYLAMINE,,FC,3,3+8,III,5 L,,E1,P001 IBC03 R001,MP19,,T4,L4BN,TP1,,FL,3 (D/E),V12,,,S2,38
2611,,PROPYLENE CHLOROHYDRIN,,TF1,6.1,6.1+3,II,100 mL,,E4,P001 IBC02,MP15,,T7,L4BH,TP2,TU15 TE19,FL,2 (D/E),,,CV13 CV28,S2 S9 S19,63
2612,,METHYL PROPYL ETHER,,F1,3,3,II,1 L,,E2,P001 IBC02,MP19,B8,T7,L1.5BN,TP2,,FL,2 (D/E),,,,S2 S20,33
2614,,METHALLYL ALCOHOL,,F1,3,3,III,5 L,,E1,P001 IBC03 LP01 R001,MP19,,T2,LGBF,TP1,,FL,3 (D/E),V12,,,S2,30
2615,,ETHYL PROPYL ETHER,,F1,3,3,II,1 L,,E2,P001 IBC02 R001,MP19,,T4,LGBF,TP1,,FL,2 (D/E),,,,S2 S20,33
2616,a,TRIISOPROPYL BORATE,,F1,3,3,II,1 L,,E2,P001 IBC02 R001,MP19,,T4,LGBF,TP1,,FL,2 (D/E),,,,S2 S20,33
2616,b,TRIISOPROPYL BORATE,,F1,3,3,III,5 L,,E1,P001 IBC03 LP01 R001,MP19,,T2,LGBF,TP1,,FL,3 (D/E),V12,,,S2,30
2617,,METHYLCYCLOHEXANOLS,flammable,F1,3,3,III,5 L,,E1,P001 IBC03 LP01 R001,MP19,,T2,LGBF,TP1,,FL,3 (D/E),V12,,,S2,30
2618,,"VINYLTOLUENES, STABILIZED",,F1,3,3,III,5 L,386 676,E1,P001 IBC03 LP01 R001,MP19,,T2,LGBF,TP1,,FL,3 (D/E),V8 V12,,,S2 S4,39
2619,,BENZYLDIMETHYLAMINE,,CF1,8,8+3,II,1 L,,E2,P001 IBC02,MP15,,T7,L4BN,TP2,,FL,2 (D/E),,,,S2,83
2620,,AMYL BUTYRATES,,F1,3,3,III,5 L,,E1,P001 IBC03 LP01 R001,MP19,,T2,LGBF,TP1,,FL,3 (D/E),V12,,,S2,30
2621,,ACETYL METHYL CARBINOL,,F1,3,3,III,5 L,,E1,P001 IBC03 LP01 R001,MP19,,T2,LGBF,TP1,,FL,3 (D/E),V12,,,S2,30
2622,,GLYCIDALDEHYDE,,FT1,3,3+6.1,II,1 L,,E2,P001 IBC02,MP19,B8,T7,L4BH,TP1,TU15,FL,2 (D/E),,,CV13 CV28,S2 S19,336
2623,,"FIRELIGHTERS, SOLID",with flammable liquid,F1,4.1,4.1,III,5 kg,,E1,P002 LP02 R001,MP11,PP15,,,,,,4 (E),,,,,
2624,,MAGNESIUM SILICIDE,,W2,4.3,4.3,II,500 g,,E2,P410 IBC07,MP14,,T3,SGAN,TP33,,AT,2 (D/E),V1,,CV23,,423
2626,,"CHLORIC ACID, AQUEOUS SOLUTION",with not more than 10% chloric acid,O1,5.1,5.1,II,1 L,613,E0,P504 IBC02,MP2,,T4,L4BN,TP1,TU3,AT,2 (E),,,CV24,,50
2627,,"NITRITES, INORGANIC, N.O.S.",,O2,5.1,5.1,II,1 kg,103 274,E2,P002 IBC08,MP10,B4,T3,SGAN,TP33,TU3,AT,2 (E),V11,,CV24,,50
2628,,POTASSIUM FLUOROACETATE,,T2,6.1,6.1,I,0,,E5,P002 IBC07,MP18,,T6,S10AH,TP33,TU15 TE19,AT,1 (C/E),V10,,CV1 CV13 CV28,S9 S14,66
2629,,SODIUM FLUOROACETATE,,T2,6.1,6.1,I,0,,E5,P002 IBC07,MP18,,T6,S10AH,TP33,TU15 TE19,AT,1 (C/E),V10,,CV1 CV13 CV28,S9 S14,66
2630,a,SELENATES,,T5,6.1,6.1,I,0,274,E5,P002 IBC07,MP18,,T6,S10AH L10CH,TP33,TU14 TU15 TE19 TE21,AT,1 (C/E),V10,,CV1 CV13 CV28,S9 S14,66
2630,b,SELENITES,,T5,6.1,6.1,I,0,274,E5,P002 IBC07,MP18,,T6,S10AH L10CH,TP33,TU14 TU15 TE19 TE21,AT,1 (C/E),V10,,CV1 CV13 CV28,S9 S14,66
2642,,FLUOROACETIC ACID,,T2,6.1,6.1,I,0,,E5,P002 IBC07,MP18,,T6,S10AH L10CH,TP33,TU14 TU15 TE19 TE21,AT,1 (C/E),V10,,CV1 CV13 CV28,S9 S14,66
2643,,METHYL BROMOACETATE,,T1,6.1,6.1,II,100 mL,,E4,P001 IBC02,MP15,,T7,L4BH,TP2,TU15 TE19,AT,2 (D/E),,,CV13 CV28,S9 S19,60
2644,,METHYL IODIDE,,T1,6.1,6.1,I,0,354,E0,P602,MP8 MP17,,T20,L10CH,TP2,TU14 TU15 TE19 TE21,AT,1 (C/D),,,CV1 CV13 CV28,S9 S14,66
2645,,PHENACYL BROMIDE,,T2,6.1,6.1,II,500 g,,E4,P002 IBC08,MP10,B4,T3,SGAH L4BH,TP33,TU15 TE19,AT,2 (D/E),V11,,CV13 CV28,S9 S19,60
2646,,HEXACHLOROCYCLOPENTADIENE,,T1,6.1,6.1,I,0,354,E0,P602,MP8 MP17,,T20,L10CH,TP2,TU14 TU15 TE19 TE21,AT,1 (C/D),,,CV1 CV13 CV28,S9 S14,66
2647,,MALONONITRILE,,T2,6.1,6.1,II,500 g,,E4,P002 IBC08,MP10,B4,T3,SGAH L4BH,TP33,TU15 TE19,AT,2 (D/E),V11,,CV13 CV28,S9 S19,60
2648,,"1,2-DIBROMOBUTAN-3-ONE",,T1,6.1,6.1,II,100 mL,,E4,P001 IBC02,MP15,,,L4BH,,TU15 TE19,AT,2 (D/E),,,CV13 CV28,S9 S19,60
2649,,"1,3-DICHLOROACETONE",,T2,6.1,6.1,II,500 g,,E4,P002 IBC08,MP10,B4,T3,SGAH L4BH,TP33,TU15 TE19,AT,2 (D/E),V11,,CV13 CV28,S9 S19,60
2650,,"1,1-DICHLORO-1-NITROETHANE",,T1,6.1,6.1,II,100 mL,,E4,P001 IBC02,MP15,,T7,L4BH,TP2,TU15 TE19,AT,2 (D/E),,,CV13 CV28,S9 S19,60
2651,,"4,4'-DIAMINODIPHENYLMETHANE",,T2,6.1,6.1,III,5 kg,,E1,P002 IBC08 LP02 R001,MP10,B3,T1,SGAH L4BH,TP33,TU15 TE19,AT,2 (E),,VC1 VC2 AP7,CV13 CV28,S9,60
2653,,BENZYL IODIDE,,T1,6.1,6.1,II,100 mL,,E4,P001 IBC02,MP15,,T7,L4BH,TP2,TU15 TE19,AT,2 (D/E),,,CV13 CV28,S9 S19,60
2655,,POTASSIUM FLUOROSILICATE,,T5,6.1,6.1,III,5 kg,,E1,P002 IBC08 LP02 R001,MP10,B3,T1,SGAH L4BH,TP33,TU15 TE19,AT,2 (E),,VC1 VC2 AP7,CV13 CV28,S9,60
2656,,QUINOLINE,,T1,6.1,6.1,III,5 L,,E1,P001 IBC03 LP01 R001,MP19,,T4,L4BH,TP1,TU15 TE19,AT,2 (E),V12,,CV13 CV28,S9,60
2657,,SELENIUM DISULPHIDE,,T5,6.1,6.1,II,500 g,,E4,P002 IBC08,MP10,B4,T3,SGAH L4BH,TP33,TU15 TE19,AT,2 (D/E),V11,,CV13 CV28,S9 S19,60
2659,,SODIUM CHLOROACETATE,,T2,6.1,6.1,III,5 kg,,E1,P002 IBC08 LP02 R001,MP10,B3,T1,SGAH,TP33,TU15 TE19,AT,2 (E),,VC1 VC2 AP7,CV13 CV28,S9,60
2660,,NITROTOLUIDINES (MONO),,T2,6.1,6.1,III,5 kg,,E1,P002 IBC08 LP02 R001,MP10,B3,T1,SGAH L4BH,TP33,TU15 TE19,AT,2 (E),,VC1 VC2 AP7,CV13 CV28,S9,60
2661,,HEXACHLOROACETONE,,T1,6.1,6.1,III,5 L,,E1,P001 IBC03 LP01 R001,MP19,,T4,L4BH,TP1,TU15 TE19,AT,2 (E),V12,,CV13 CV28,S9,60
2664,,DIBROMOMETHANE,,T1,6.1,6.1,III,5 L,,E1,P001 IBC03 LP01 R001,MP19,,T4,L4BH,TP1,TU15 TE19,AT,2 (E),V12,,CV13 CV28,S9,60
2667,,BUTYLTOLUENES,,T1,6.1,6.1,III,5 L,,E1,P001 IBC03 LP01 R001,MP19,,T4,L4BH,TP1,TU15 TE19,AT,2 (E),V12,,CV13 CV28,S9,60
2668,,CHLOROACETONITRILE,,TF1,6.1,6.1+3,I,0,354,E0,P602,MP8 MP17,,T20,L10CH,TP2,TU14 TU15 TE19 TE21,FL,1 (C/D),,,CV1 CV13 CV28,S2 S9 S14,663
2669,a,CHLOROCRESOLS SOLUTION,,T1,6.1,6.1,II,100 mL,,E4,P001 IBC02,MP15,,T7,L4BH,TP2,TU15 TE19,AT,2 (D/E),,,CV13 CV28,S9 S19,60
2669,b,CHLOROCRESOLS SOLUTION,,T1,6.1,6.1,III,5 L,,E1,P001 IBC03 LP01 R001,MP19,,T7,L4BH,TP2,TU15 TE19,AT,2 (E),V12,,CV13 CV28,S9,60
2670,,CYANURIC CHLORIDE,,C4,8,8,II,1 kg,,E2,P002 IBC08,MP10,B4,T3,SGAN L4BN,TP33,,AT,2 (E),V11,,,,80
2671,,AMINOPYRIDINES,"(o-, m-, p-)",T2,6.1,6.1,II,500 g,,E4,P002 IBC08,MP10,B4,T3,SGAH L4BH,TP33,TU15 TE19,AT,2 (D/E),V11,,CV13 CV28,S9 S19,60
2672,,AMMONIA SOLUTION,"relative density between 0.880 and 0.957 at 15°C in water, with more than 10% but not more than 35% ammonia",C5,8,8,III,5 L,543,E1,P001 IBC03 LP01 R001,MP19,,T7,L4BN,TP1,,AT,3 (E),V12,,,,80
2673,,2-AMINO-4-CHLOROPHENOL,,T2,6.1,6.1,II,500 g,,E4,P002 IBC08,MP10,B4,T3,SGAH L4BH,TP33,TU15 TE19,AT,2 (D/E),V11,,CV13 CV28,S9 S19,60
2674,,SODIUM FLUOROSILICATE,,T5,6.1,6.1,III,5 kg,,E1,P002 IBC08 LP02 R001,MP10,B3,T1,SGAH L4BH,TP33,TU15 TE19,AT,2 (E),,VC1 VC2 AP7,CV13 CV28,S9,60
2676,,STIBINE,,2TF,2,2.3+2.1,,0,,E0,P200,MP9,,,,,,,1 (D),,,CV9 CV10 CV36,S2 S14,
2677,a,RUBIDIUM HYDROXIDE SOLUTION,,C5,8,8,II,1 L,,E2,P001 IBC02,MP15,,T7,L4BN,TP2,,AT,2 (E),,,,,80
2677,b,RUBIDIUM HYDROXIDE SOLUTION,,C5,8,8,III,5 L,,E1,P001 IBC03 LP01 R001,MP19,,T4,L4BN,TP1,,AT,3 (E),V12,,,,80
2678,,RUBIDIUM HYDROXIDE,,C6,8,8,II,1 kg,,E2,P002 IBC08,MP10,B4,T3,SGAN,TP33,,AT,2 (E),V11,,,,80
2679,a,LITHIUM HYDROXIDE SOLUTION,,C5,8,8,II,1 L,,E2,P001 IBC02,MP15,,T7,L4BN,TP2,,AT,2 (E),,,,,80
2679,b,LITHIUM HYDROXIDE SOLUTION,,C5,8,8,III,5 L,,E1,P001 IBC03 LP01 R001,MP19,,T4,L4BN,TP2,,AT,3 (E),V12,,,,80
2680,,LITHIUM HYDROXIDE,,C6,8,8,II,1 kg,,E2,P002 IBC08,MP10,B4,T3,SGAN,TP33,,AT,2 (E),V11,,,,80
2681,a,CAESIUM HYDROXIDE SOLUTION,,C5,8,8,II,1 L,,E2,P001 IBC02,MP15,,T7,L4BN,TP2,,AT,2 (E),,,,,80
2681,b,CAESIUM HYDROXIDE SOLUTION,,C5,8,8,III,5 L,,E1,P001 IBC03 LP01 R001,MP19,,T4,L4BN,TP1,,AT,3 (E),V12,,,,80
2682,,CAESIUM HYDROXIDE,,C6,8,8,II,1 kg,,E2,P002 IBC08,MP10,B4,T3,SGAN,TP33,,AT,2 (E),V11,,,,80
2683,a,AMMONIUM SULPHIDE SOLUTION,,CFT,8,8+3+6.1,II,1 L,,E2,P001 IBC01,MP15,,T7,L4BN,TP2,,FL,2 (D/E),,,CV13 CV28,S2,836
2683,b,AMMONIUM SULPHIDE SOLUTION,,CFT,8,8+3+6.1,II,1 L,,E2,P001 IBC01,MP15,,T7,L4BN,TP2,,FL,2 (D/E),,,CV13 CV28,S2,86
2684,,3-DIETHYLAMINOPROPYLAMINE,,FC,3,3+8,III,5 L,,E1,P001 IBC03 R001,MP19,,T4,L4BN,TP1,,FL,3 (D/E),V12,,,S2,38
2685,,"N,N-DIETHYLETHYLENEDIAMINE",,CF1,8,8+3,II,1 L,,E2,P001 IBC02,MP15,,T7,L4BN,TP2,,FL,2 (D/E),,,,S2,83
2686,,2-DIETHYLAMINOETHANOL,,CF1,8,8+3,II,1 L,,E2,P001 IBC02,MP15,,T7,L4BN,TP2,,FL,2 (D/E),,,,S2,83
2687,,DICYCLOHEXYLAMMONIUM NITRITE,,F3,4.1,4.1,III,5 kg,,E1,P002 IBC08 LP02 R001,MP11,B3,T1,SGAV,TP33,,AT,3 (E),,VC1 VC2,,,40
2688,,1-BROMO-3-CHLOROPROPANE,,T1,6.1,6.1,III,5 L,,E1,P001 IBC03 LP01 R001,MP19,,T4,L4BH,TP1,TU15 TE19,AT,2 (E),V12,,CV13 CV28,S9,60
2689,,GLYCEROL alpha-MONOCHLOROHYDRIN,,T1,6.1,6.1,III,5 L,,E1,P001 IBC03 LP01 R001,MP19,,T4,L4BH,TP1,TU15 TE19,AT,2 (E),V12,,CV13 CV28,S9,60
2690,,"N,n-BUTYLIMIDAZOLE",,T1,6.1,6.1,II,100 mL,,E4,P001 IBC02,MP15,,T7,L4BH,TP2,TU15 TE19,AT,2 (D/E),,,CV13 CV28,S9 S19,60
2691,,PHOSPHORUS PENTABROMIDE,,C2,8,8,II,1 kg,,E0,P002 IBC08,MP10,B4,T3,SGAN,TP33,,AT,2 (E),V11,,,,80
2692,,BORON TRIBROMIDE,,C1,8,8,I,0,,E0,P602,MP8 MP17,,T20,L10BH,TP2,,AT,1 (E),,,,S20,X88
2693,,"BISULPHITES, AQUEOUS SOLUTION, N.O.S.",,C1,8,8,III,5 L,274,E1,P001 IBC03 LP01 R001,MP19,,T7,L4BN,TP1 TP28,TU42,AT,3 (E),V12,,,,80
2698,,TETRAHYDROPHTHALIC ANHYDRIDES,with more than 0.05% of maleic anhydride,C4,8,8,III,5 kg,169,E1,P002 IBC08 LP02 R001,MP10,PP14 B3,T1,SGAV L4BN,TP33,,AT,3 (E),,VC1 VC2 AP7,,,80
2699,,TRIFLUOROACETIC ACID,,C3,8,8,I,0,,E0,P001,MP8 MP17,,T10,L10BH,TP2,,AT,1 (E),,,,S20,88
2705,,1-PENTOL,,C9,8,8,II,1 L,,E2,P001 IBC02,MP15,,T7,L4BN,TP2,,AT,2 (E),,,,,80
2707,a,DIMETHYLDIOXANES,,F1,3,3,II,1 L,,E2,P001 IBC02 R001,MP19,,T4,LGBF,TP1,,FL,2 (D/E),,,,S2 S20,33
2707,b,DIMETHYLDIOXANES,,F1,3,3,III,5 L,,E1,P001 IBC03 LP01 R001,MP19,,T2,LGBF,TP1,,FL,3 (D/E),V12,,,S2,30
2709,,BUTYLBENZENES,,F1,3,3,III,5 L,,E1,P001 IBC03 LP01 R001,MP19,,T2,LGBF,TP1,,FL,3 (D/E),V12,,,S2,30
2710,,DIPROPYL KETONE,,F1,3,3,III,5 L,,E1,P001 IBC03 LP01 R001,MP19,,T2,LGBF,TP1,,FL,3 (D/E),V12,,,S2,30
2713,,ACRIDINE,,T2,6.1,6.1,III,5 kg,,E1,P002 IBC08 LP02 R001,MP10,B3,T1,SGAH L4BH,TP33,TU15 TE19,AT,2 (E),,VC1 VC2 AP7,CV13 CV28,S9,60
2714,,ZINC RESINATE,,F3,4.1,4.1,III,5 kg,,E1,P002 IBC06 R001,MP11,,T1,SGAV,TP33,,AT,3 (E),,VC1 VC2,,,40
2715,,ALUMINIUM RESINATE,,F3,4.1,4.1,III,5 kg,,E1,P002 IBC06 R001,MP11,,T1,SGAV,TP33,,AT,3 (E),,VC1 VC2,,,40
2716,,"1,4-BUTYNEDIOL",,T2,6.1,6.1,III,5 kg,,E1,P002 IBC08 LP02 R001,MP10,B3,T1,SGAH L4BH,TP33,TU15 TE19,AT,2 (E),,VC1 VC2 AP7,CV13 CV28,S9,60
2717,,CAMPHOR,synthetic,F1,4.1,4.1,III,5 kg,,E1,P002 IBC08 LP02 R001,MP10,B3,T1,SGAV,TP33,,AT,3 (E),,VC1 VC2,,,40
2719,,BARIUM BROMATE,,OT2,5.1,5.1+6.1,II,1 kg,,E2,P002 IBC08,MP2,B4,T3,SGAN,TP33,TU3,AT,2 (E),V11,,CV24 CV28,,56
2720,,CHROMIUM NITRATE,,O2,5.1,5.1,III,5 kg,,E1,P002 IBC08 LP02 R001,MP10,B3,T1,SGAV,TP33,TU3,AT,3 (E),,VC1 VC2 AP6 AP7,CV24,,50
2721,,COPPER CHLORATE,,O2,5.1,5.1,II,1 kg,,E2,P002 IBC08,MP2,B4,T3,SGAV,TP33,TU3,AT,2 (E),V11,VC1 VC2 AP6 AP7,CV24,,50
2722,,LITHIUM NITRATE,,O2,5.1,5.1,III,5 kg,,E1,P002 IBC08 LP02 R001,MP10,B3,T1,SGAV,TP33,TU3,AT,3 (E),,VC1 VC2 AP6 AP7,CV24,,50
2723,,MAGNESIUM CHLORATE,,O2,5.1,5.1,II,1 kg,,E2,P002 IBC08,MP2,B4,T3,SGAV,TP33,TU3,AT,2 (E),V11,VC1 VC2 AP6 AP7,CV24,,50
2724,,MANGANESE NITRATE,,O2,5.1,5.1,III,5 kg,,E1,P002 IBC08 LP02 R001,MP10,B3,T1,SGAV,TP33,TU3,AT,3 (E),,VC1 VC2 AP6 AP7,CV24,,50
2725,,NICKEL NITRATE,,O2,5.1,5.1,III,5 kg,,E1,P002 IBC08 LP02 R001,MP10,B3,T1,SGAV,TP33,TU3,AT,3 (E),,VC1 VC2 AP6 AP7,CV24,,50
2726,,NICKEL NITRITE,,O2,5.1,5.1,III,5 kg,,E1,P002 IBC08 LP02 R001,MP10,B3,T1,SGAV,TP33,TU3,AT,3 (E),,VC1 VC2 AP6 AP7,CV24,,50
2727,,THALLIUM NITRATE,,TO2,6.1,6.1+5.1,II,500 g,,E4,P002 IBC06,MP10,,T3,SGAH,TP33,TU15 TE19,AT,2 (D/E),V11,,CV13 CV28,S9 S19,65
2728,,ZIRCONIUM NITRATE,,O2,5.1,5.1,III,5 kg,,E1,P002 IBC08 LP02 R001,MP10,B3,T1,SGAV,TP33,TU3,AT,3 (E),,VC1 VC2 AP6 AP7,CV24,,50
2729,,HEXACHLOROBENZENE,,T2,6.1,6.1,III,5 kg,,E1,P002 IBC08 LP02 R001,MP10,B3,T1,SGAH,TP33,TU15 TE19,AT,2 (E),,VC1 VC2 AP7,CV13 CV28,S9,60
2730,,"NITROANISOLES, LIQUID",,T1,6.1,6.1,III,5 L,279,E1,P001 IBC03 LP01 R001,MP19,,T4,L4BH,TP1,TU15 TE19,AT,2 (E),V12,,CV13 CV28,S9,60
2732,,"NITROBROMOBENZENES, LIQUID",,T1,6.1,6.1,III,5 L,,E1,P001 IBC03 LP01 R001,MP19,,T4,L4BH,TP1,TU15 TE19,AT,2 (E),V12,,CV13 CV28,S9,60
2733,a,"AMINES, FLAMMABLE, CORROSIVE, N.O.S.",,FC,3,3+8,I,0,274 544,E0,P001,MP7 MP17,,T14,L10CH,TP1 TP27,TU14 TE21,FL,1 (C/E),,,,S2 S20,338
2733,b,"POLYAMINES, FLAMMABLE, CORROSIVE, N.O.S.",,FC,3,3+8,I,0,274 544,E0,P001,MP7 MP17,,T14,L10CH,TP1 TP27,TU14 TE21,FL,1 (C/E),,,,S2 S20,338
2733,c,"AMINES, FLAMMABLE, CORROSIVE, N.O.S.",,FC,3,3+8,II,1 L,274 544,E2,P001 IBC02,MP19,,T11,L4BH,TP1 TP27,,FL,2 (D/E),,,,S2 S20,338
2733,d,"POLYAMINES, FLAMMABLE, CORROSIVE, N.O.S.",,FC,3,3+8,II,1 L,274 544,E2,P001 IBC02,MP19,,T11,L4BH,TP1 TP27,,FL,2 (D/E),,,,S2 S20,338
2733,e,"AMINES, FLAMMABLE, CORROSIVE, N.O.S.",,FC,3,3+8,III,5 L,274 544,E1,P001 IBC03 R001,MP19,,T7,L4BN,TP1 TP28,,FL,3 (D/E),V12,,,S2,38
2733,f,"POLYAMINES, FLAMMABLE, CORROSIVE, N.O.S.",,FC,3,3+8,III,5 L,274 544,E1,P001 IBC03 R001,MP19,,T7,L4BN,TP1 TP28,,FL,3 (D/E),V12,,,S2,38
2734,a,"AMINES, LIQUID, CORROSIVE, FLAMMABLE, N.O.S.",,CF1,8,8+3,I,0,274,E0,P001,MP8 MP17,,T14,L10BH,TP2 TP27,,FL,1 (D/E),,,,S2 S14,883
2734,b,"POLYAMINES, LIQUID, CORROSIVE, FLAMMABLE, N.O.S.",,CF1,8,8+3,I,0,274,E0,P001,MP8 MP17,,T14,L10BH,TP2 TP27,,FL,1 (D/E),,,,S2 S14,883
2734,c,"AMINES, LIQUID, CORROSIVE, FLAMMABLE, N.O.S.",,CF1,8,8+3,II,1 L,274,E2,P001 IBC02,MP15,,T11,L4BN,TP2 TP27,,FL,2 (D/E),,,,S2,83
2734,d,"POLYAMINES, LIQUID, CORROSIVE, FLAMMABLE, N.O.S.",,CF1,8,8+3,II,1 L,274,E2,P001 IBC02,MP15,,T11,L4BN,TP2 TP27,,FL,2 (D/E),,,,S2,83
2735,a,"AMINES, LIQUID, CORROSIVE, N.O.S.",,C7,8,8,I,0,274,E0,P001,MP8 MP17,,T14,L10BH,TP2 TP27,,AT,1 (E),,,,S20,88
2735,b,"POLYAMINES, LIQUID, CORROSIVE, N.O.S.",,C7,8,8,I,0,274,E0,P001,MP8 MP17,,T14,L10BH,TP2 TP27,,AT,1 (E),,,,S20,88
2735,c,"AMINES, LIQUID, CORROSIVE, N.O.S.",,C7,8,8,II,1 L,274,E2,P001 IBC02,MP15,,T11,L4BN,TP1 TP27,,AT,2 (E),,,,,80
2735,d,"POLYAMINES, LIQUID, CORROSIVE, N.O.S.",,C7,8,8,II,1 L,274,E2,P001 IBC02,MP15,,T11,L4BN,TP1 TP27,,AT,2 (E),,,,,80
2735,e,"AMINES, LIQUID, CORROSIVE, N.O.S.",,C7,8,8,III,5 L,274,E1,P001 IBC03 LP01 R001,MP19,,T7,L4BN,TP1 TP28,,AT,3 (E),V12,,,,80
2735,f,"POLYAMINES, LIQUID, CORROSIVE, N.O.S.",,C7,8,8,III,5 L,274,E1,P001 IBC03 LP01 R001,MP19,,T7,L4BN,TP1 TP28,,AT,3 (E),V12,,,,80
2738,,N-BUTYLANILINE,,T1,6.1,6.1,II,100 mL,,E4,P001 IBC02,MP15,,T7,L4BH,TP2,TU15 TE19,AT,2 (D/E),,,CV13 CV28,S9 S19,60
2739,,BUTYRIC ANHYDRIDE,,C3,8,8,III,5 L,,E1,P001 IBC03 LP01 R001,MP19,,T4,L4BN,TP1,,AT,3 (E),V12,,,,80
2740,,n-PROPYL CHLOROFORMATE,,TFC,6.1,6.1+3+8,I,0,,E0,P602,MP8 MP17,,T20,L10CH,TP2,TU14 TU15 TE19 TE21,FL,1 (C/D),,,CV1 CV13 CV28,S2 S9 S14,668
2741,,BARIUM HYPOCHLORITE,with more than 22% available chlorine,OT2,5.1,5.1+6.1,II,1 kg,,E2,P002 IBC08,MP2,B4,T3,SGAN,TP33,TU3,AT,2 (E),V11,,CV24 CV28,,56
2742,,"CHLOROFORMATES, TOXIC, CORROSIVE, FLAMMABLE, N.O.S.",,TFC,6.1,6.1+3+8,II,100 mL,274 561,E4,P001 IBC01,MP15,,,L4BH,,TU15 TE19,FL,2 (D/E),,,CV13 CV28,S2 S9 S19,638
2743,,n-BUTYL CHLOROFORMATE,,TFC,6.1,6.1+3+8,II,100 mL,,E0,P001,MP15,,T20,L4BH,TP2,TU15 TE19,FL,2 (D/E),,,CV13 CV28,S2 S9 S19,638
2744,,CYCLOBUTYL CHLOROFORMATE,,TFC,6.1,6.1+3+8,II,100 mL,,E4,P001 IBC01,MP15,,T7,L4BH,TP2,TU15 TE19,FL,2 (D/E),,,CV13 CV28,S2 S9 S19,638
2745,,CHLOROMETHYL CHLOROFORMATE,,TC1,6.1,6.1+8,II,100 mL,,E4,P001 IBC02,MP15,,T7,L4BH,TP2,TU15 TE19,AT,2 (D/E),,,CV13 CV28,S9 S19,68
2746,,PHENYL CHLOROFORMATE,,TC1,6.1,6.1+8,II,100 mL,,E4,P001 IBC02,MP15,,T7,L4BH,TP2,TU15 TE19,AT,2 (D/E),,,CV13 CV28,S9 S19,68
2747,,tert-BUTYLCYCLOHEXYL CHLOROFORMATE,,T1,6.1,6.1,III,5 L,,E1,P001 IBC03 LP01 R001,MP19,,T4,L4BH,TP1,TU15 TE19,AT,2 (E),V12,,CV13 CV28,S9,60
2748,,2-ETHYLHEXYL CHLOROFORMATE,,TC1,6.1,6.1+8,II,100 mL,,E4,P001 IBC02,MP15,,T7,L4BH,TP2,TU15 TE19,AT,2 (D/E),,,CV13 CV28,S9 S19,68
2749,,TETRAMETHYLSILANE,,F1,3,3,I,0,,E0,P001,MP7 MP17,,T14,L4BN,TP2,,FL,1 (D/E),,,,S2 S20,33
2750,,"1,3-DICHLOROPROPANOL-2",,T1,6.1,6.1,II,100 mL,,E4,P001 IBC02,MP15,,T7,L4BH,TP2,TU15 TE19,AT,2 (D/E),,,CV13 CV28,S9 S19,60
2751,,DIETHYLTHIOPHOSPHORYL CHLORIDE,,C3,8,8,II,1 L,,E2,P001 IBC02,MP15,,T7,L4BN,TP2,,AT,2 (E),,,,,80
2752,,"1,2-EPOXY-3-ETHOXYPROPANE",,F1,3,3,III,5 L,,E1,P001 IBC03 LP01 R001,MP19,,T2,LGBF,TP1,,FL,3 (D/E),V12,,,S2,30
2753,,"N-ETHYLBENZYLTOLUIDINES, LIQUID",,T1,6.1,6.1,III,5 L,,E1,P001 IBC03 LP01 R001,MP19,,T7,L4BH,TP1,TU15 TE19,AT,2 (E),V12,,CV13 CV28,S9,60
2754,,N-ETHYLTOLUIDINES,,T1,6.1,6.1,II,100 mL,,E4,P001 IBC02,MP15,,T7,L4BH,TP2,TU15 TE19,AT,2 (D/E),,,CV13 CV28,S9 S19,60
2757,a,"CARBAMATE PESTICIDE, SOLID, TOXIC",,T7,6.1,6.1,I,0,61 274 648,E5,P002 IBC07,MP18,,T6,S10AH L10CH,TP33,TU14 TU15 TE19 TE21,AT,1 (C/E),V10,,CV1 CV13 CV28,S9 S14,66
2757,b,"CARBAMATE PESTICIDE, SOLID, TOXIC",,T7,6.1,6.1,II,500 g,61 274 648,E4,P002 IBC08,MP10,B4,T3,SGAH L4BH,TP33,TU15 TE19,AT,2 (D/E),V11,,CV13 CV28,S9 S19,60
2757,c,"CARBAMATE PESTICIDE, SOLID, TOXIC",,T7,6.1,6.1,III,5 kg,61 274 648,E1,P002 IBC08 LP02 R001,MP10,B3,T1,SGAH L4BH,TP33,TU15 TE19,AT,2 (E),,VC1 VC2 AP7,CV13 CV28,S9,60
2758,a,"CARBAMATE PESTICIDE, LIQUID, FLAMMABLE, TOXIC",flashpoint less than 23°C,FT2,3,3+6.1,I,0,61 274,E0,P001,MP7 MP17,,T14,L10CH,TP2 TP27,TU14 TU15 TE21,FL,1 (C/E),,,CV13 CV28,S2 S22,336
2758,b,"CARBAMATE PESTICIDE, LIQUID, FLAMMABLE, TOXIC",flashpoint less than 23°C,FT2,3,3+6.1,II,1 L,61 274,E2,P001 IBC02 R001,MP19,,T11,L4BH,TP2 TP27,TU15,FL,2 (D/E),,,CV13 CV28,S2 S22,336
2759,a,"ARSENICAL PESTICIDE, SOLID, TOXIC",,T7,6.1,6.1,I,0,61 274 648,E5,P002 IBC07,MP18,,T6,S10AH L10CH,TP33,TU14 TU15 TE19 TE21,AT,1 (C/E),V10,,CV1 CV13 CV28,S9 S14,66
2759,b,"ARSENICAL PESTICIDE, SOLID, TOXIC",,T7,6.1,6.1,II,500 g,61 274 648,E4,P002 IBC08,MP10,B4,T3,SGAH L4BH,TP33,TU15 TE19,AT,2 (D/E),V11,,CV13 CV28,S9 S19,60
2759,c,"ARSENICAL PESTICIDE, SOLID, TOXIC",,T7,6.1,6.1,III,5 kg,61 274 648,E1,P002 IBC08 LP02 R001,MP10,B3,T1,SGAH L4BH,TP33,TU15 TE19,AT,2 (E),,VC1 VC2 AP7,CV13 CV28,S9,60
2760,a,"ARSENICAL PESTICIDE, LIQUID, FLAMMABLE, TOXIC",flashpoint less than 23°C,FT2,3,3+6.1,I,0,61 274,E0,P001,MP7 MP17,,T14,L10CH,TP2 TP27,TU14 TU15 TE21,FL,1 (C/E),,,CV13 CV28,S2 S22,336
2760,b,"ARSENICAL PESTICIDE, LIQUID, FLAMMABLE, TOXIC",flashpoint less than 23°C,FT2,3,3+6.1,II,1 L,61 274,E2,P001 IBC02 R001,MP19,,T11,L4BH,TP2 TP27,TU15,FL,2 (D/E),,,CV13 CV28,S2 S22,336
2761,a,"ORGANOCHLORINE PESTICIDE, SOLID, TOXIC",,T7,6.1,6.1,I,0,61 274 648,E5,P002 IBC07,MP18,,T6,S10AH L10CH,TP33,TU14 TU15 TE19 TE21,AT,1 (C/E),V10,,CV1 CV13 CV28,S9 S14,66
2761,b,"ORGANOCHLORINE PESTICIDE, SOLID, TOXIC",,T7,6.1,6.1,II,500 g,61 274 648,E4,P002 IBC08,MP10,B4,T3,SGAH L4BH,TP33,TU15 TE19,AT,2 (D/E),V11,,CV13 CV28,S9 S19,60
2761,c,"ORGANOCHLORINE PESTICIDE, SOLID, TOXIC",,T7,6.1,6.1,III,5 kg,61 274 648,E1,P002 IBC08 LP02 R001,MP10,B3,T1,SGAH L4BH,TP33,TU15 TE19,AT,2 (E),,VC1 VC2 AP7,CV13 CV28,S9,60
2762,a,"ORGANOCHLORINE PESTICIDE, LIQUID, FLAMMABLE, TOXIC",flashpoint less than 23°C,FT2,3,3+6.1,I,0,61 274,E0,P001,MP7 MP17,,T14,L10CH,TP2 TP27,TU14 TU15 TE21,FL,1 (C/E),,,CV13 CV28,S2 S22,336
2762,b,"ORGANOCHLORINE PESTICIDE, LIQUID, FLAMMABLE, TOXIC",flashpoint less than 23°C,FT2,3,3+6.1,II,1 L,61 274,E2,P001 IBC02 R001,MP19,,T11,L4BH,TP2 TP27,TU15,FL,2 (D/E),,,CV13 CV28,S2 S22,336
2763,a,"TRIAZINE PESTICIDE, SOLID, TOXIC",,T7,6.1,6.1,I,0,61 274 648,E5,P002 IBC07,MP18,,T6,S10AH L10CH,TP33,TU14 TU15 TE19 TE21,AT,1 (C/E),V10,,CV1 CV13 CV28,S9 S14,66
2763,b,"TRIAZINE PESTICIDE, SOLID, TOXIC",,T7,6.1,6.1,II,500 g,61 274 648,E4,P002 IBC08,MP10,B4,T3,SGAH L4BH,TP33,TU15 TE19,AT,2 (D/E),V11,,CV13 CV28,S9 S19,60
2763,c,"TRIAZINE PESTICIDE, SOLID, TOXIC",,T7,6.1,6.1,III,5 kg,61 274 648,E1,P002 IBC08 R001,MP10,B3,T1,SGAH L4BH,TP33,TU15 TE19,AT,2 (E),,VC1 VC2 AP7,CV13 CV28,S9,60
2764,a,"TRIAZINE PESTICIDE, LIQUID, FLAMMABLE, TOXIC",flashpoint less than 23°C,FT2,3,3+6.1,I,0,61 274,E0,P001,MP7 MP17,,T14,L10CH,TP2 TP27,TU14 TU15 TE21,FL,1 (C/E),,,CV13 CV28,S2 S22,336
2764,b,"TRIAZINE PESTICIDE, LIQUID, FLAMMABLE, TOXIC",flashpoint less than 23°C,FT2,3,3+6.1,II,1 L,61 274,E2,P001 IBC02 R001,MP19,,T11,L4BH,TP2 TP27,TU15,FL,2 (D/E),,,CV13 CV28,S2 S22,336
2771,a,"THIOCARBAMATE PESTICIDE, SOLID, TOXIC",,T7,6.1,6.1,I,0,61 274 648,E5,P002 IBC07,MP18,,T6,S10AH L10CH,TP33,TU14 TU15 TE19 TE21,AT,1 (C/E),V10,,CV1 CV13 CV28,S9 S14,66
2771,b,"THIOCARBAMATE PESTICIDE, SOLID, TOXIC",,T7,6.1,6.1,II,500 g,61 274 648,E4,P002 IBC08,MP10,B4,T3,SGAH L4BH,TP33,TU15 TE19,AT,2 (D/E),V11,,CV13 CV28,S9 S19,60
2771,c,"THIOCARBAMATE PESTICIDE, SOLID, TOXIC",,T7,6.1,6.1,III,5 kg,61 274 648,E1,P002 IBC08 LP02 R001,MP10,B3,T1,SGAH L4BH,TP33,TU15 TE19,AT,2 (E),,VC1 VC2 AP7,CV13 CV28,S9,60
2772,a,"THIOCARBAMATE PESTICIDE, LIQUID, FLAMMABLE, TOXIC",flashpoint less than 23°C,FT2,3,3+6.1,I,0,61 274,E0,P001,MP7 MP17,,T14,L10CH,TP2 TP27,TU14 TU15 TE21,FL,1 (C/E),,,CV13 CV28,S2 S22,336
2772,b,"THIOCARBAMATE PESTICIDE, LIQUID, FLAMMABLE, TOXIC",flashpoint less than 23°C,FT2,3,3+6.1,II,1 L,61 274,E2,P001 IBC02 R001,MP19,,T11,L4BH,TP2 TP27,TU15,FL,2 (D/E),,,CV13 CV28,S2 S22,336
2775,a,"COPPER BASED PESTICIDE, SOLID, TOXIC",,T7,6.1,6.1,I,0,61 274 648,E5,P002 IBC07,MP18,,T6,S10AH L10CH,TP33,TU14 TU15 TE19 TE21,AT,1 (C/E),V10,,CV1 CV13 CV28,S9 S14,66
2775,b,"COPPER BASED PESTICIDE, SOLID, TOXIC",,T7,6.1,6.1,II,500 g,61 274 648,E4,P002 IBC08,MP10,B4,T3,SGAH L4BH,TP33,TU15 TE19,AT,2 (D/E),V11,,CV13 CV28,S9 S19,60
2775,c,"COPPER BASED PESTICIDE, SOLID, TOXIC",,T7,6.1,6.1,III,5 kg,61 274 648,E1,P002 IBC08 LP02 R001,MP10,B3,T1,SGAH L4BH,TP33,TU15 TE19,AT,2 (E),,VC1 VC2 AP7,CV13 CV28,S9,60
2776,a,"COPPER BASED PESTICIDE, LIQUID, FLAMMABLE, TOXIC",flashpoint less than 23°C,FT2,3,3+6.1,I,0,61 274,E0,P001,MP7 MP17,,T14,L10CH,TP2 TP27,TU14 TU15 TE21,FL,1 (C/E),,,CV13 CV28,S2 S22,336
2776,b,"COPPER BASED PESTICIDE, LIQUID, FLAMMABLE, TOXIC",flashpoint less than 23°C,FT2,3,3+6.1,II,1 L,61 274,E2,P001 IBC02 R001,MP19,,T11,L4BH,TP2 TP27,TU15,FL,2 (D/E),,,CV13 CV28,S2 S22,336
2777,a,"MERCURY BASED PESTICIDE, SOLID, TOXIC",,T7,6.1,6.1,I,0,61 274 648,E5,P002 IBC07,MP18,,T6,S10AH L10CH,TP33,TU14 TU15 TE19 TE21,AT,1 (C/E),V10,,CV1 CV13 CV28,S9 S14,66
2777,b,"MERCURY BASED PESTICIDE, SOLID, TOXIC",,T7,6.1,6.1,II,500 g,61 274 648,E4,P002 IBC08,MP10,B4,T3,SGAH L4BH,TP33,TU15 TE19,AT,2 (D/E),V11,,CV13 CV28,S9 S19,60
2777,c,"MERCURY BASED PESTICIDE, SOLID, TOXIC",,T7,6.1,6.1,III,5 kg,61 274 648,E1,P002 IBC08 LP02 R001,MP10,B3,T1,SGAH L4BH,TP33,TU15 TE19,AT,2 (E),,VC1 VC2 AP7,CV13 CV28,S9,60
2778,a,"MERCURY BASED PESTICIDE, LIQUID, FLAMMABLE, TOXIC",flashpoint less than 23°C,FT2,3,3+6.1,I,0,61 274,E0,P001,MP7 MP17,,T14,L10CH,TP2 TP27,TU14 TU15 TE21,FL,1 (C/E),,,CV13 CV28,S2 S22,336
2778,b,"MERCURY BASED PESTICIDE, LIQUID, FLAMMABLE, TOXIC",flashpoint less than 23°C,FT2,3,3+6.1,II,1 L,61 274,E2,P001 IBC02 R001,MP19,,T11,L4BH,TP2 TP27,TU15,FL,2 (D/E),,,CV13 CV28,S2 S22,336
2779,a,"SUBSTITUTED NITROPHENOL PESTICIDE, SOLID, TOXIC",,T7,6.1,6.1,I,0,61 274 648,E5,P002 IBC07,MP18,,T6,S10AH L10CH,TP33,TU14 TU15 TE19 TE21,AT,1 (C/E),V10,,CV1 CV13 CV28,S9 S14,66
2779,b,"SUBSTITUTED NITROPHENOL PESTICIDE, SOLID, TOXIC",,T7,6.1,6.1,II,500 g,61 274 648,E4,P002 IBC08,MP10,B4,T3,SGAH L4BH,TP33,TU15 TE19,AT,2 (D/E),V11,,CV13 CV28,S9 S19,60
2779,c,"SUBSTITUTED NITROPHENOL PESTICIDE, SOLID, TOXIC",,T7,6.1,6.1,III,5 kg,61 274 648,E1,P002 IBC08 LP02 R001,MP10,B3,T1,SGAH L4BH,TP33,TU15 TE19,AT,2 (E),,VC1 VC2 AP7,CV13 CV28,S9,60
2780,a,"SUBSTITUTED NITROPHENOL PESTICIDE, LIQUID, FLAMMABLE, TOXIC",flashpoint less than 23°C,FT2,3,3+6.1,I,0,61 274,E0,P001,MP7 MP17,,T14,L10CH,TP2 TP27,TU14 TU15 TE21,FL,1 (C/E),,,CV13 CV28,S2 S22,336
2780,b,"SUBSTITUTED NITROPHENOL PESTICIDE, LIQUID, FLAMMABLE, TOXIC",flashpoint less than 23°C,FT2,3,3+6.1,II,1 L,61 274,E2,P001 IBC02 R001,MP19,,T11,L4BH,TP2 TP27,TU15,FL,2 (D/E),,,CV13 CV28,S2 S22,336
2781,a,"BIPYRIDILIUM PESTICIDE, SOLID, TOXIC",,T7,6.1,6.1,I,0,61 274 648,E5,P002 IBC07,MP18,,T6,S10AH L10CH,TP33,TU14 TU15 TE19 TE21,AT,1 (C/E),V10,,CV1 CV13 CV28,S9 S14,66
2781,b,"BIPYRIDILIUM PESTICIDE, SOLID, TOXIC",,T7,6.1,6.1,II,500 g,61 274 648,E4,P002 IBC08,MP10,B4,T3,SGAH L4BH,TP33,TU15 TE19,AT,2 (D/E),V11,,CV13 CV28,S9 S19,60
2781,c,"BIPYRIDILIUM PESTICIDE, SOLID, TOXIC",,T7,6.1,6.1,III,5 kg,61 274 648,E1,P002 IBC08 LP02 R001,MP10,B3,T1,SGAH L4BH,TP33,TU15 TE19,AT,2 (E),,VC1 VC2 AP7,CV13 CV28,S9,60
2782,a,"BIPYRIDILIUM PESTICIDE, LIQUID, FLAMMABLE, TOXIC",flashpoint less than 23°C,FT2,3,3+6.1,I,0,61 274,E0,P001,MP7 MP17,,T14,L10CH,TP2 TP27,TU14 TU15 TE21,FL,1 (C/E),,,CV13 CV28,S2 S22,336
2782,b,"BIPYRIDILIUM PESTICIDE, LIQUID, FLAMMABLE, TOXIC",flashpoint less than 23°C,FT2,3,3+6.1,II,1 L,61 274,E2,P001 IBC02 R001,MP19,,T11,L4BH,TP2 TP27,TU15,FL,2 (D/E),,,CV13 CV28,S2 S22,336
2783,a,"ORGANOPHOSPHORUS PESTICIDE, SOLID, TOXIC",,T7,6.1,6.1,I,0,61 274 648,E5,P002 IBC07,MP18,,T6,S10AH L10CH,TP33,TU14 TU15 TE19 TE21,AT,1 (C/E),V10,,CV1 CV13 CV28,S9 S14,66
2783,b,"ORGANOPHOSPHORUS PESTICIDE, SOLID, TOXIC",,T7,6.1,6.1,II,500 g,61 274 648,E4,P002 IBC08,MP10,B4,T3,SGAH L4BH,TP33,TU15 TE19,AT,2 (D/E),V11,,CV13 CV28,S9 S19,60
2783,c,"ORGANOPHOSPHORUS PESTICIDE, SOLID, TOXIC",,T7,6.1,6.1,III,5 kg,61 274 648,E1,P002 IBC08 LP02 R001,MP10,B3,T1,SGAH L4BH,TP33,TU15 TE19,AT,2 (E),,VC1 VC2 AP7,CV13 CV28,S9,60
2784,a,"ORGANOPHOSPHORUS PESTICIDE, LIQUID, FLAMMABLE, TOXIC",flashpoint less than 23°C,FT2,3,3+6.1,I,0,61 274,E0,P001,MP7 MP17,,T14,L10CH,TP2 TP27,TU14 TU15 TE21,FL,1 (C/E),,,CV13 CV28,S2 S22,336
2784,b,"ORGANOPHOSPHORUS PESTICIDE, LIQUID, FLAMMABLE, TOXIC",flashpoint less than 23°C,FT2,3,3+6.1,II,1 L,61 274,E2,P001 IBC02 R001,MP19,,T11,L4BH,TP2 TP27,TU15,FL,2 (D/E),,,CV13 CV28,S2 S22,336
2785,,4-THIAPENTANAL,,T1,6.1,6.1,III,5 L,,E1,P001 IBC03 LP01 R001,MP19,,T4,L4BH,TP1,TU15 TE19,AT,2 (E),V12,,CV13 CV28,S9,60
2786,a,"ORGANOTIN PESTICIDE, SOLID, TOXIC",,T7,6.1,6.1,I,0,61 274 648,E5,P002 IBC07,MP18,,T6,S10AH L10CH,TP33,TU14 TU15 TE19 TE21,AT,1 (C/E),V10,,CV1 CV13 CV28,S9 S14,66
2786,b,"ORGANOTIN PESTICIDE, SOLID, TOXIC",,T7,6.1,6.1,II,500 g,61 274 648,E4,P002 IBC08,MP10,B4,T3,SGAH L4BH,TP33,TU15 TE19,AT,2 (D/E),V11,,CV13 CV28,S9 S19,60
2786,c,"ORGANOTIN PESTICIDE, SOLID, TOXIC",,T7,6.1,6.1,III,5 kg,61 274 648,E1,P002 IBC08 LP02 R001,MP10,B3,T1,SGAH L4BH,TP33,TU15 TE19,AT,2 (E),,VC1 VC2 AP7,CV13 CV28,S9,60
2787,a,"ORGANOTIN PESTICIDE, LIQUID, FLAMMABLE, TOXIC",flashpoint less than 23°C,FT2,3,3+6.1,I,0,61 274,E0,P001,MP7 MP17,,T14,L10CH,TP2 TP27,TU14 TU15 TE21,FL,1 (C/E),,,CV13 CV28,S2 S22,336
2787,b,"ORGANOTIN PESTICIDE, LIQUID, FLAMMABLE, TOXIC",flashpoint less than 23°C,FT2,3,3+6.1,II,1 L,61 274,E2,P001 IBC02 R001,MP19,,T11,L4BH,TP2 TP27,TU15,FL,2 (D/E),,,CV13 CV28,S2 S22,336
2788,a,"ORGANOTIN COMPOUND, LIQUID, N.O.S.",,T3,6.1,6.1,I,0,43 274,E5,P001,MP8 MP17,,T14,L10CH,TP2 TP27,TU14 TU15 TE19 TE21,AT,1 (C/E),,,CV1 CV13 CV28,S9 S14,66
2788,b,"ORGANOTIN COMPOUND, LIQUID, N.O.S.",,T3,6.1,6.1,II,100 mL,43 274,E4,P001 IBC02,MP15,,T11,L4BH,TP2 TP27,TU15 TE19,AT,2 (D/E),,,CV13 CV28,S9 S19,60
2788,c,"ORGANOTIN COMPOUND, LIQUID, N.O.S.",,T3,6.1,6.1,III,5 L,43 274,E1,P001 IBC03 LP01 R001,MP19,,T7,L4BH,TP2 TP28,TU15 TE19,AT,2 (E),V12,,CV13 CV28,S9,60
2789,a,"ACETIC ACID, GLACIAL",,CF1,8,8+3,II,1 L,,E2,P001 IBC02,MP15,,T7,L4BN,TP2,,FL,2 (D/E),,,,S2,83
2789,b,ACETIC ACID SOLUTION,"more than 80% acid, by mass",CF1,8,8+3,II,1 L,,E2,P001 IBC02,MP15,,T7,L4BN,TP2,,FL,2 (D/E),,,,S2,83
2790,a,ACETIC ACID SOLUTION,"not less than 50% but not more than 80% acid, by mass",C3,8,8,II,1 L,,E2,P001 IBC02,MP15,,T7,L4BN,TP2,,AT,2 (E),,,,,80
2790,b,ACETIC ACID SOLUTION,"more than 10% and less than 50% acid, by mass",C3,8,8,III,5 L,597 647,E1,P001 IBC03 LP01 R001,MP19,,T4,L4BN,TP1,,AT,3 (E),V12,,,,80
2793,a,FERROUS METAL BORINGS,in a form liable to self-heating,S4,4.2,4.2,III,0,592,E1,P003 IBC08 LP02 R001,MP14,PP20 B3 B6,BK2,,,,,3 (E),V1,VC1 VC2 AP1,,,40
2793,b,FERROUS METAL SHAVINGS,in a form liable to self-heating,S4,4.2,4.2,III,0,592,E1,P003 IBC08 LP02 R001,MP14,PP20 B3 B6,BK2,,,,,3 (E),V1,VC1 VC2 AP1,,,40
2793,c,FERROUS METAL TURNINGS,in a form liable to self-heating,S4,4.2,4.2,III,0,592,E1,P003 IBC08 LP02 R001,MP14,PP20 B3 B6,BK2,,,,,3 (E),V1,VC1 VC2 AP1,,,40
2793,d,FERROUS METAL CUTTINGS,in a form liable to self-heating,S4,4.2,4.2,III,0,592,E1,P003 IBC08 LP02 R001,MP14,PP20 B3 B6,BK2,,,,,3 (E),V1,VC1 VC2 AP1,,,40
2794,a,"BATTERIES, WET, FILLED WITH ACID",electric storage,C11,8,8,,1 L,295 598,E0,P801,,,,,,,,3 (E),,VC1 VC2 AP8,,,80
2794,b,"BATTERIES, WET, FILLED WITH ACID",electric storage,C11,8,8,,1 L,295 598,E0,P801,,,,,,,,3 (E),,VC1 VC2 AP8,,,80
2795,a,"BATTERIES, WET, FILLED WITH ALKALI",electric storage,C11,8,8,,1 L,295 598,E0,P801,,,,,,,,3 (E),,VC1 VC2 AP8,,,80
2795,b,"BATTERIES, WET, FILLED WITH ALKALI",electric storage,C11,8,8,,1 L,295 598,E0,P801,,,,,,,,3 (E),,VC1 VC2 AP8,,,80
2796,a,SULPHURIC ACID,with not more than 51% acid,C1,8,8,II,1 L,,E2,P001 IBC02,MP15,,T8,L4BN,TP2,TU42,AT,2 (E),,,,,80
2796,b,"BATTERY FLUID, ACID",,C1,8,8,II,1 L,,E2,P001 IBC02,MP15,,T8,L4BN,TP2,TU42,AT,2 (E),,,,,80
2797,,"BATTERY FLUID, ALKALI",,C5,8,8,II,1 L,,E2,P001 IBC02,MP15,,T7,L4BN,TP2 TP28,,AT,2 (E),,,,,80
2798,,PHENYLPHOSPHORUS DICHLORIDE,,C3,8,8,II,1 L,,E0,P001 IBC02,MP15,,T7,L4BN,TP2,,AT,2 (E),,,,,80
2799,,PHENYLPHOSPHORUS THIODICHLORIDE,,C3,8,8,II,1 L,,E0,P001 IBC02,MP15,,T7,L4BN,TP2,,AT,2 (E),,,,,80
2800,,"BATTERIES, WET, NON-SPILLABLE",electric storage,C11,8,8,,1 L,238 295 598,E0,P003,,PP16,,,,,,3 (E),,VC1 VC2 AP8,,,80
2801,a,"DYE, LIQUID, CORROSIVE, N.O.S.",,C9,8,8,I,0,274,E0,P001,MP8 MP17,,T14,L10BH,TP2 TP27,,AT,1 (E),,,,S20,88
2801,b,"DYE INTERMEDIATE, LIQUID, CORROSIVE, N.O.S.",,C9,8,8,I,0,274,E0,P001,MP8 MP17,,T14,L10BH,TP2 TP27,,AT,1 (E),,,,S20,88
2801,c,"DYE, LIQUID, CORROSIVE, N.O.S.",,C9,8,8,II,1 L,274,E2,P001 IBC02,MP15,,T11,L4BN,TP2 TP27,,AT,2 (E),,,,,80
2801,d,"DYE INTERMEDIATE, LIQUID, CORROSIVE, N.O.S.",,C9,8,8,II,1 L,274,E2,P001 IBC02,MP15,,T11,L4BN,TP2 TP27,,AT,2 (E),,,,,80
2801,e,"DYE, LIQUID, CORROSIVE, N.O.S.",,C9,8,8,III,5 L,274,E1,P001 IBC03 LP01 R001,MP19,,T7,L4BN,TP1 TP28,,AT,3 (E),V12,,,,80
2801,f,"DYE INTERMEDIATE, LIQUID, CORROSIVE, N.O.S.",,C9,8,8,III,5 L,274,E1,P001 IBC03 LP01 R001,MP19,,T7,L4BN,TP1 TP28,,AT,3 (E),V12,,,,80
2802,,COPPER CHLORIDE,,C2,8,8,III,5 kg,,E1,P002 IBC08 LP02 R001,MP10,B3,T1,SGAV,TP33,,AT,3 (E),,VC1 VC2 AP7,,,80
2803,,GALLIUM,,C10,8,8,III,5 kg,,E0,P800,MP10,PP41,T1,SGAV L4BN,TP33,,AT,3 (E),,VC1 VC2 AP7,,,80
2805,,"LITHIUM HYDRIDE, FUSED SOLID",,W2,4.3,4.3,II,500 g,,E2,P410 IBC04,MP14,PP40,T3,SGAN,TP33,,AT,2 (D/E),V1,,CV23,,423
2806,,LITHIUM NITRIDE,,W2,4.3,4.3,I,0,,E0,P403 IBC04,MP2,,,,,,,1 (E),V1,,CV23,S20,
2807,,Magnetized material,,M11,9,,,,,,,,,,Not subject to ADR,,,,,,,,,
2809,,MERCURY,,CT1,8,8+6.1,III,5 kg,365,E0,P800,MP15,,,L4BN,,,AT,3 (E),,,CV13 CV28,,86
2810,a,"TOXIC LIQUID, ORGANIC, N.O.S.",,T1,6.1,6.1,I,0,274 315 614,E5,P001,MP8 MP17,,T14,L10CH,TP2 TP27,TU14 TU15 TE19 TE21,AT,1 (C/E),,,CV1 CV13 CV28,S9 S14,66
2810,b,"TOXIC LIQUID, ORGANIC, N.O.S.",,T1,6.1,6.1,II,100 mL,274 614,E4,P001 IBC02,MP15,,T11,L4BH,TP2 TP27,TU15 TE19,AT,2 (D/E),,,CV13 CV28,S9 S19,60
2810,c,"TOXIC LIQUID, ORGANIC, N.O.S.",,T1,6.1,6.1,III,5 L,274 614,E1,P001 IBC03 LP01 R001,MP19,,T7,L4BH,TP1 TP28,TU15 TE19,AT,2 (E),V12,,CV13 CV28,S9,60
2811,a,"TOXIC SOLID, ORGANIC, N.O.S.",,T2,6.1,6.1,I,0,274 614,E5,P002 IBC07,MP18,,T6,S10AH L10CH,TP33,TU15 TE19,AT,1 (C/E),V10,,CV1 CV13 CV28,S9 S14,66
2811,b,"TOXIC SOLID, ORGANIC, N.O.S.",,T2,6.1,6.1,II,500 g,274 614,E4,P002 IBC08,MP10,B4,T3,SGAH L4BH,TP33,TU15 TE19,AT,2 (D/E),V11,,CV13 CV28,S9 S19,60
2811,c,"TOXIC SOLID, ORGANIC, N.O.S.",,T2,6.1,6.1,III,5 kg,274 614,E1,P002 IBC08 LP02 R001,MP10,B3,T1,SGAH L4BH,TP33,TU15 TE19,AT,2 (E),,VC1 VC2 AP7,CV13 CV28,S9,60
2812,,"Sodium aluminate, solid",,C6,8,,,,,,,,,,Not subject to ADR,,,,,,,,,
2813,a,"WATER-REACTIVE SOLID, N.O.S.",,W2,4.3,4.3,I,0,274,E0,P403 IBC99,MP2,,T9,S10AN L10DH,TP7 TP33,TU4 TU14 TU22 TE21 TM2,AT,0 (B/E),V1,,CV23,S20,X423
2813,b,"WATER-REACTIVE SOLID, N.O.S.",,W2,4.3,4.3,II,500 g,274,E2,P410 IBC07,MP14,,T3,SGAN,TP33,,AT,0 (D/E),V1,,CV23,,423
2813,c,"WATER-REACTIVE SOLID, N.O.S.",,W2,4.3,4.3,III,1 kg,274,E1,P410 IBC08 R001,MP14,B4,T1,SGAN,TP33,,AT,0 (E),V1,VC1 VC2 AP3 AP4 AP5,CV23,,423
2814,a,"INFECTIOUS SUBSTANCE, AFFECTING HUMANS",,I1,6.2,6.2,,0,318,E0,P620,MP5,,,,,,,0 (-),,,CV13 CV25 CV26 CV28,S3 S9 S15,
2814,b,"INFECTIOUS SUBSTANCE, AFFECTING HUMANS",in refrigerated liquid nitrogen,I1,6.2,6.2+2.2,,0,318,E0,P620,MP5,,,,,,,0 (E),,,CV13 CV25 CV26 CV28,S3 S9 S15,
2814,c,"INFECTIOUS SUBSTANCE, AFFECTING HUMANS",(animal material only),I1,6.2,6.2,,0,318,E0,P620,MP5,,BK1 BK2,,,,,0 (E),,,CV13 CV25 CV26 CV28,S3 S9 S15,606
2815,,N-AMINOETHYLPIPERAZINE,,CT1,8,8+6.1,III,5 L,,E1,P001 IBC03 LP01 R001,MP19,,T4,L4BN,TP1,,AT,3 (E),V12,,,,86
2817,a,AMMONIUM HYDROGENDIFLUORIDE SOLUTION,,CT1,8,8+6.1,II,1 L,,E2,P001 IBC02,MP15,,T8,L4DH,TP2,TU14 TE21,AT,2 (E),,,CV13 CV28,,86
2817,b,AMMONIUM HYDROGENDIFLUORIDE SOLUTION,,CT1,8,8+6.1,III,5 L,,E1,P001 IBC03 R001,MP19,,T4,L4DH,TP1,TU14 TE21,AT,3 (E),V12,,CV13 CV28,,86
2818,a,AMMONIUM POLYSULPHIDE SOLUTION,,CT1,8,8+6.1,II,1 L,,E2,P001 IBC02,MP15,,T7,L4BN,TP2,,AT,2 (E),,,CV13 CV28,,86
2818,b,AMMONIUM POLYSULPHIDE SOLUTION,,CT1,8,8+6.1,III,5 L,,E1,P001 IBC03 R001,MP19,,T4,L4BN,TP1,,AT,3 (E),V12,,CV13 CV28,,86
2819,,AMYL ACID PHOSPHATE,,C3,8,8,III,5 L,,E1,P001 IBC03 LP01 R001,MP19,,T4,L4BN,TP1,,AT,3 (E),V12,,,,80
2820,,BUTYRIC ACID,,C3,8,8,III,5 L,,E1,P001 IBC03 LP01 R001,MP19,,T4,L4BN,TP1,,AT,3 (E),V12,,,,80
2821,a,PHENOL SOLUTION,,T1,6.1,6.1,II,100 mL,,E4,P001 IBC02,MP15,,T7,L4BH,TP2,TU15 TE19,AT,2 (D/E),,,CV13 CV28,S9 S19,60
2821,b,PHENOL SOLUTION,,T1,6.1,6.1,III,5 L,,E1,P001 IBC03 LP01 R001,MP19,,T4,L4BH,TP1,TU15 TE19,AT,2 (E),V12,,CV13 CV28,S9,60
2822,,2-CHLOROPYRIDINE,,T1,6.1,6.1,II,100 mL,,E4,P001 IBC02,MP15,,T7,L4BH,TP2,TU15 TE19,AT,2 (D/E),,,CV13 CV28,S9 S19,60
2823,,"CROTONIC ACID, SOLID",,C4,8,8,III,5 kg,,E1,P002 IBC08 LP02 R001,MP10,B3,T1,SGAV L4BN,TP33,,AT,3 (E),,VC1 VC2 AP7,,,80
2826,,ETHYL CHLOROTHIOFORMATE,,CF1,8,8+3,II,0,,E0,P001,MP15,,T7,L4BN,TP2,,FL,2 (D/E),,,,S2,83
2829,,CAPROIC ACID,,C3,8,8,III,5 L,,E1,P001 IBC03 LP01 R001,MP19,,T4,L4BN,TP1,,AT,3 (E),V12,,,,80
2830,,LITHIUM FERROSILICON,,W2,4.3,4.3,II,500 g,,E2,P410 IBC07,MP14,,T3,SGAN,TP33,,AT,2 (D/E),V1,,CV23,,423
2831,,"1,1,1-TRICHLOROETHANE",,T1,6.1,6.1,III,5 L,,E1,P001 IBC03 LP01 R001,MP19,,T4,L4BH,TP1,TU15 TE19,AT,2 (E),V12,,CV13 CV28,S9,60
2834,,PHOSPHOROUS ACID,,C2,8,8,III,5 kg,,E1,P002 IBC08 LP02 R001,MP10,B3,T1,SGAV,TP33,,AT,3 (E),,VC1 VC2 AP7,,,80
2835,,SODIUM ALUMINIUM HYDRIDE,,W2,4.3,4.3,II,500 g,,E0,P410 IBC04,MP14,,T3,SGAN,TP33,,AT,2 (D/E),V1,,CV23,,423
2837,a,"BISULPHATES, AQUEOUS SOLUTION",,C1,8,8,II,1 L,,E2,P001 IBC02,MP15,,T7,L4BN,TP2,,AT,2 (E),,,,,80
2837,b,"BISULPHATES, AQUEOUS SOLUTION",,C1,8,8,III,5 L,,E1,P001 IBC03 LP01 R001,MP19,,T4,L4BN,TP1,,AT,3 (E),V12,,,,80
2838,,"VINYL BUTYRATE, STABILIZED",,F1,3,3,II,1 L,386 676,E2,P001 IBC02 R001,MP19,,T4,LGBF,TP1,,FL,2 (D/E),V8,,,S2 S4 S20,339
2839,,ALDOL,,T1,6.1,6.1,II,100 mL,,E4,P001 IBC02,MP15,,T7,L4BH,TP2,TU15 TE19,AT,2 (D/E),,,CV13 CV28,S9 S19,60
2840,,BUTYRALDOXIME,,F1,3,3,III,5 L,,E1,P001 IBC03 LP01 R001,MP19,,T2,LGBF,TP1,,FL,3 (D/E),V12,,,S2,30
2841,,DI-n-AMYLAMINE,,FT1,3,3+6.1,III,5 L,,E1,P001 IBC03 R001,MP19,,T4,L4BH,TP1,TU15,FL,3 (D/E),V12,,CV13 CV28,S2,36
2842,,NITROETHANE,,F1,3,3,III,5 L,,E1,P001 IBC03 LP01 R001,MP19,,T2,LGBF,TP1,,FL,3 (D/E),V12,,,S2,30
2844,,CALCIUM MANGANESE SILICON,,W2,4.3,4.3,III,1 kg,,E1,P410 IBC08 R001,MP14,B4,T1,SGAN,TP33,,AT,3 (E),V1,VC1 VC2 AP3 AP4 AP5,CV23,,423
2845,,"PYROPHORIC LIQUID, ORGANIC, N.O.S.",,S1,4.2,4.2,I,0,274,E0,P400,MP2,,T22,L21DH,TP2 TP7,TU14 TC1 TE21 TM1,AT,0 (B/E),V1,,,S20,333
2846,,"PYROPHORIC SOLID, ORGANIC, N.O.S.",,S2,4.2,4.2,I,0,274,E0,P404,MP13,,,,,,,0 (E),V1,,,S20,
2849,,3-CHLOROPROPANOL-1,,T1,6.1,6.1,III,5 L,,E1,P001 IBC03 LP01 R001,MP19,,T4,L4BH,TP1,TU15 TE19,AT,2 (E),V12,,CV13 CV28,S9,60
2850,,PROPYLENE TETRAMER,,F1,3,3,III,5 L,,E1,P001 IBC03 LP01 R001,MP19,,T2,LGBF,TP1,,FL,3 (D/E),V12,,,S2,30
2851,,BORON TRIFLUORIDE DIHYDRATE,,C1,8,8,II,1 L,,E2,P001 IBC02,MP15,,T7,L4BN,TP2,,AT,2 (E),,,,,80
2852,,"DIPICRYL SULPHIDE, WETTED","with not less than 10% water, by mass",D,4.1,4.1,I,0,545,E0,P406,MP2,PP24,,,,,,1 (B),,,,S14,
2853,,MAGNESIUM FLUOROSILICATE,,T5,6.1,6.1,III,5 kg,,E1,P002 IBC08 LP02 R001,MP10,B3,T1,SGAH L4BH,TP33,TU15 TE19,AT,2 (E),,VC1 VC2 AP7,CV13 CV28,S9,60
2854,,AMMONIUM FLUOROSILICATE,,T5,6.1,6.1,III,5 kg,,E1,P002 IBC08 LP02 R001,MP10,B3,T1,SGAH L4BH,TP33,TU15 TE19,AT,2 (E),,VC1 VC2 AP7,CV13 CV28,S9,60
2855,,ZINC FLUOROSILICATE,,T5,6.1,6.1,III,5 kg,,E1,P002 IBC08 LP02 R001,MP10,B3,T1,SGAH L4BH,TP33,TU15 TE19,AT,2 (E),,VC1 VC2 AP7,CV13 CV28,S9,60
2856,,"FLUOROSILICATES, N.O.S.",,T5,6.1,6.1,III,5 kg,274,E1,P002 IBC08 LP02 R001,MP10,B3,T1,SGAH L4BH,TP33,TU15 TE19,AT,2 (E),,VC1 VC2 AP7,CV13 CV28,S9,60
2857,,REFRIGERATING MACHINES,"containing non-flammable, non-toxic gases or ammonia solutions (UN 2672)",6A,2,2.2,,0,119,E0,P003,MP9,PP32,,,,,,3 (E),,,CV9,,
2858,,"ZIRCONIUM, DRY","coiled wire, finished metal sheets, strip (thinner than 254 microns but not thinner than 18 microns)",F3,4.1,4.1,III,5 kg,546,E1,P002 LP02 R001,MP11,,,,,,,3 (E),,VC1 VC2,,,40
2859,,AMMONIUM METAVANADATE,,T5,6.1,6.1,II,500 g,,E4,P002 IBC08,MP10,B4,T3,SGAH,TP33,TU15 TE19,AT,2 (D/E),V11,,CV13 CV28,S9 S19,60
2861,,AMMONIUM POLYVANADATE,,T5,6.1,6.1,II,500 g,,E4,P002 IBC08,MP10,B4,T3,SGAH,TP33,TU15 TE19,AT,2 (D/E),V11,,CV13 CV28,S9 S19,60
2862,,VANADIUM PENTOXIDE,non-fused form,T5,6.1,6.1,III,5 kg,600,E1,P002 IBC08 LP02 R001,MP10,B3,T1,SGAH,TP33,TU15 TE19,AT,2 (E),,VC1 VC2 AP7,CV13 CV28,S9,60
2863,,SODIUM AMMONIUM VANADATE,,T5,6.1,6.1,II,500 g,,E4,P002 IBC08,MP10,B4,T3,SGAH,TP33,TU15 TE19,AT,2 (D/E),V11,,CV13 CV28,S9 S19,60
2864,,POTASSIUM METAVANADATE,,T5,6.1,6.1,II,500 g,,E4,P002 IBC08,MP10,B4,T3,SGAH,TP33,TU15 TE19,AT,2 (D/E),V11,,CV13 CV28,S9 S19,60
2865,,HYDROXYLAMINE SULPHATE,,C2,8,8,III,5 kg,,E1,P002 IBC08 LP02 R001,MP10,B3,T1,SGAV,TP33,,AT,3 (E),,VC1 VC2 AP7,,,80
2869,a,TITANIUM TRICHLORIDE MIXTURE,,C2,8,8,II,1 kg,,E2,P002 IBC08,MP10,B4,T3,SGAN,TP33,,AT,2 (E),V11,,,,80
2869,b,TITANIUM TRICHLORIDE MIXTURE,,C2,8,8,III,5 kg,,E1,P002 IBC08 LP02 R001,MP10,B3,T1,SGAV,TP33,,AT,3 (E),,VC1 VC2 AP7,,,80
2870,a,ALUMINIUM BOROHYDRIDE,,SW,4.2,4.2+4.3,I,0,,E0,P400,MP2,,T21,L21DH,TP7 TP33,TU14 TC1 TE21 TM1,AT,0 (B/E),V1,,,S20,X333
2870,b,ALUMINIUM BOROHYDRIDE IN DEVICES,,SW,4.2,4.2+4.3,I,0,,E0,P002,MP2,PP13,,,,,,0 (E),V1,,,S20,
2871,,ANTIMONY POWDER,,T5,6.1,6.1,III,5 kg,,E1,P002 IBC08 LP02 R001,MP10,B3,T1,SGAH L4BH,TP33,TU15 TE19,AT,2 (E),,VC1 VC2 AP7,CV13 CV28,S9,60
2872,a,DIBROMOCHLOROPROPANES,,T1,6.1,6.1,II,100 mL,,E4,P001 IBC02,MP15,,T7,L4BH,TP2,TU15 TE19,AT,2 (D/E),,,CV13 CV28,S9 S19,60
2872,b,DIBROMOCHLOROPROPANES,,T1,6.1,6.1,III,5 L,,E1,P001 IBC03 LP01 R001,MP19,,T4,L4BH,TP1,TU15 TE19,AT,2 (E),V12,,CV13 CV28,S9,60
2873,,DIBUTYLAMINOETHANOL,,T1,6.1,6.1,III,5 L,,E1,P001 IBC03 LP01 R001,MP19,,T4,L4BH,TP1,TU15 TE19,AT,2 (E),V12,,CV13 CV28,S9,60
2874,,FURFURYL ALCOHOL,,T1,6.1,6.1,III,5 L,,E1,P001 IBC03 LP01 R001,MP19,,T4,L4BH,TP1,TU15 TE19,AT,2 (E),V12,,CV13 CV28,S9,60
2875,,HEXACHLOROPHENE,,T2,6.1,6.1,III,5 kg,,E1,P002 IBC08 LP02 R001,MP10,B3,T1,SGAH L4BH,TP33,TU15 TE19,AT,2 (E),,VC1 VC2 AP7,CV13 CV28,S9,60
2876,,RESORCINOL,,T2,6.1,6.1,III,5 kg,,E1,P002 IBC08 LP02 R001,MP10,B3,T1,SGAH L4BH,TP33,TU15 TE19,AT,2 (E),,VC1 VC2 AP7,CV13 CV28,S9,60
2878,a,TITANIUM SPONGE GRANULES,,F3,4.1,4.1,III,5 kg,,E1,P002 IBC08 LP02 R001,MP11,B3,T1,SGAV,TP33,,AT,3 (E),,VC1 VC2,,,40
2878,b,TITANIUM SPONGE POWDERS,,F3,4.1,4.1,III,5 kg,,E1,P002 IBC08 LP02 R001,MP11,B3,T1,SGAV,TP33,,AT,3 (E),,VC1 VC2,,,40
2879,,SELENIUM OXYCHLORIDE,,CT1,8,8+6.1,I,0,,E0,P001,MP8 MP17,,T10,L10BH,TP2,,AT,1 (C/D),,,CV13 CV28,S14,X886
2880,a,"CALCIUM HYPOCHLORITE, HYDRATED",with not less than 5.5% but not more than 16% water,O2,5.1,5.1,II,1 kg,314 322,E2,P002 IBC08,MP10,B4 B13,,SGAN,,TU3,AT,2 (E),V11,,CV24 CV35,,50
2880,b,"CALCIUM HYPOCHLORITE, HYDRATED MIXTURE",with not less than 5.5% but not more than 16% water,O2,5.1,5.1,II,1 kg,314 322,E2,P002 IBC08,MP10,B4 B13,,SGAN,,TU3,AT,2 (E),V11,,CV24 CV35,,50
2880,c,"CALCIUM HYPOCHLORITE, HYDRATED",with not less than 5.5% but not more than 16% water,O2,5.1,5.1,III,5 kg,314,E1,P002 IBC08 R001,MP10,B4 B13,,SGAV,,TU3,AT,3 (E),,VC1 VC2 AP6 AP7,CV24 CV35,,50
2880,d,"CALCIUM HYPOCHLORITE, HYDRATED MIXTURE",with not less than 5.5% but not more than 16% water,O2,5.1,5.1,III,5 kg,314,E1,P002 IBC08 R001,MP10,B4 B13,,SGAV,,TU3,AT,3 (E),,VC1 VC2 AP6 AP7,CV24 CV35,,50
2881,a,"METAL CATALYST, DRY",,S4,4.2,4.2,I,0,274,E0,P404,MP13,,T21,,TP7 TP33,,AT,0 (B/E),V1,,,S20,43
2881,b,"METAL CATALYST, DRY",,S4,4.2,4.2,II,0,274,E0,P410 IBC06,MP14,,T3,SGAN,TP33,,AT,2 (D/E),V1,,,,40
2881,c,"METAL CATALYST, DRY",,S4,4.2,4.2,III,0,274,E1,P002 IBC08 LP02 R001,MP14,B3,T1,SGAN,TP33,,AT,3 (E),V1,VC1 VC2 AP1,,,40
2900,,"INFECTIOUS SUBSTANCE, AFFECTING ANIMALS",only,I2,6.2,6.2,,0,318,E0,P620,MP5,,,,,,,0 (-),,,CV13 CV25 CV26 CV28,S3 S9 S15,
2901,,BROMINE CHLORIDE,,2TOC,2,2.3+5.1+8,,0,,E0,P200,MP9,,(M),PxBH(M),,TA4 TT9,AT,1 (C/D),,,CV9 CV10 CV36,S14,265
2902,a,"PESTICIDE, LIQUID, TOXIC, N.O.S.",,T6,6.1,6.1,I,0,61 274 648,E5,P001,MP8 MP17,,T14,L10CH,TP2 TP27,TU14 TU15 TE19 TE21,AT,1 (C/E),,,CV1 CV13 CV28,S9 S14,66
2902,b,"PESTICIDE, LIQUID, TOXIC, N.O.S.",,T6,6.1,6.1,II,100 mL,61 274 648,E4,P001 IBC02,MP15,,T11,L4BH,TP2 TP27,TU15 TE19,AT,2 (D/E),,,CV13 CV28,S9 S19,60
2902,c,"PESTICIDE, LIQUID, TOXIC, N.O.S.",,T6,6.1,6.1,III,5 L,61 274 648,E1,P001 IBC03 LP01 R001,MP19,,T7,L4BH,TP2 TP28,TU15 TE19,AT,2 (E),V12,,CV13 CV28,S9,60
2903,a,"PESTICIDE, LIQUID, TOXIC, FLAMMABLE, N.O.S.",flashpoint not less than 23°C,TF2,6.1,6.1+3,I,0,61 274,E5,P001,MP8 MP17,,T14,L10CH,TP2 TP27,TU14 TU15 TE19 TE21,FL,1 (C/E),,,CV1 CV13 CV28,S2 S9 S14,663
2903,b,"PESTICIDE, LIQUID, TOXIC, FLAMMABLE, N.O.S.",flashpoint not less than 23°C,TF2,6.1,6.1+3,II,100 mL,61 274,E4,P001 IBC02,MP15,,T11,L4BH,TP2 TP27,TU15 TE19,FL,2 (D/E),,,CV13 CV28,S2 S9 S19,63
2903,c,"PESTICIDE, LIQUID, TOXIC, FLAMMABLE, N.O.S.",flashpoint not less than 23°C,TF2,6.1,6.1+3,III,5 L,61 274,E1,P001 IBC03 R001,MP19,,T7,L4BH,TP2,TU15 TE19,FL,2 (D/E),V12,,CV13 CV28,S2 S9,63
2904,a,"CHLOROPHENOLATES, LIQUID",,C9,8,8,III,5 L,,E1,P001 IBC03 LP01 R001,MP19,,,L4BN,,,AT,3 (E),V12,,,,80
2904,b,"PHENOLATES, LIQUID",,C9,8,8,III,5 L,,E1,P001 IBC03 LP01 R001,MP19,,,L4BN,,,AT,3 (E),V12,,,,80
2905,a,"CHLOROPHENOLATES, SOLID",,C10,8,8,III,5 kg,,E1,P002 IBC08 LP02 R001,MP10,B3,T1,SGAV L4BN,TP33,,AT,3 (E),,VC1 VC2 AP7,,,80
2905,b,"PHENOLATES, SOLID",,C10,8,8,III,5 kg,,E1,P002 IBC08 LP02 R001,MP10,B3,T1,SGAV L4BN,TP33,,AT,3 (E),,VC1 VC2 AP7,,,80
2907,,ISOSORBIDE DINITRATE MIXTURE,"with not less than 60% lactose, mannose, starch or calcium hydrogen phosphate",D,4.1,4.1,II,0,127,E0,P406 IBC06,MP2,PP26 PP80 B12,,,,,,2 (B),V11,,,S14,
2908,,"RADIOACTIVE MATERIAL, EXCEPTED PACKAGE - EMPTY PACKAGING",,,7,,,0,290 368,E0,See 1.7,,See 4.1.9.1.3,,,,,,4 (-),,,CV33 (See 1.7.1.5.1),S5 S21,
2909,a,"RADIOACTIVE MATERIAL, EXCEPTED PACKAGE - ARTICLES MANUFACTURED FROM NATURAL URANIUM",,,7,,,0,290,E0,See 1.7,,See 4.1.9.1.3,,,,,,4 (-),,,CV33 (See 1.7.1.5.1),S5 S21,
2909,b,"RADIOACTIVE MATERIAL, EXCEPTED PACKAGE - ARTICLES MANUFACTURED FROM DEPLETED URANIUM",,,7,,,0,290,E0,See 1.7,,See 4.1.9.1.3,,,,,,4 (-),,,CV33 (See 1.7.1.5.1),S5 S21,
2909,c,"RADIOACTIVE MATERIAL, EXCEPTED PACKAGE - ARTICLES MANUFACTURED FROM NATURAL THORIUM",,,7,,,0,290,E0,See 1.7,,See 4.1.9.1.3,,,,,,4 (-),,,CV33 (See 1.7.1.5.1),S5 S21,
2910,,"RADIOACTIVE MATERIAL, EXCEPTED PACKAGE - LIMITED QUANTITY OF MATERIAL",,,7,,,0,290 368,E0,See 1.7,,See 4.1.9.1.3,,,,,,4 (-),,,CV33 (See 1.7.1.5.1),S5 S21,
2911,a,"RADIOACTIVE MATERIAL, EXCEPTED PACKAGE - INSTRUMENTS",,,7,,,0,290,E0,See 1.7,,See 4.1.9.1.3,,,,,,4 (-),,,CV33 (See 1.7.1.5.1),S5 S21,
2911,b,"RADIOACTIVE MATERIAL, EXCEPTED PACKAGE - ARTICLES",,,7,,,0,290,E0,See 1.7,,See 4.1.9.1.3,,,,,,4 (-),,,CV33 (See 1.7.1.5.1),S5 S21,
2912,a,"RADIOACTIVE MATERIAL, LOW SPECIFIC ACTIVITY (LSA-I)",non fissile or fissile-excepted,,7,7X,,0,172 317 325,E0,See 2.2.7 and 4.1.9,,See 4.1.9.1.3,T5 see 4.1.9.2.4,S2.65AN(+) L2.65CN(+),TP4,TU36 TT7 TM7,AT,0 (E),,see 4.1.9.2.4,CV33,S6 S11 S21,70
2912,b,"RADIOACTIVE MATERIAL, LOW SPECIFIC ACTIVITY (LSA-I)",non fissile or fissile-excepted,,7,7X,,0,172 317 325,E0,See 2.2.7 and 4.1.9,,See 4.1.9.1.3,T5 see 4.1.9.2.4,S2.65AN(+) L2.65CN(+),TP4,TU36 TT7 TM7,AT,0 (E),,see 4.1.9.2.4,CV33,S6 S11 S21,70
2912,c,"RADIOACTIVE MATERIAL, LOW SPECIFIC ACTIVITY (LSA-I)",non fissile or fissile-excepted,,7,7X,,0,172 317 325,E0,See 2.2.7 and 4.1.9,,See 4.1.9.1.3,T5 see 4.1.9.2.4,S2.65AN(+) L2.65CN(+),TP4,TU36 TT7 TM7,AT,0 (E),,see 4.1.9.2.4,CV33,S6 S11 S21,70
2912,d,"RADIOACTIVE MATERIAL, LOW SPECIFIC ACTIVITY (LSA-I)",non fissile or fissile-excepted,,7,7X,,0,172 317 325,E0,See 2.2.7 and 4.1.9,,See 4.1.9.1.3,T5 see 4.1.9.2.4,S2.65AN(+) L2.65CN(+),TP4,TU36 TT7 TM7,AT,0 (E),,see 4.1.9.2.4,CV33,S6 S11 S21,70
2912,e,"RADIOACTIVE MATERIAL, LOW SPECIFIC ACTIVITY (LSA-I)",non fissile or fissile-excepted,,7,7X,,0,172 317 325,E0,See 2.2.7 and 4.1.9,,See 4.1.9.1.3,T5 see 4.1.9.2.4,S2.65AN(+) L2.65CN(+),TP4,TU36 TT7 TM7,AT,0 (E),,see 4.1.9.2.4,CV33,S6 S11 S21,70
2913,a,"RADIOACTIVE MATERIAL, SURFACE CONTAMINATED OBJECTS (SCO-I)",non fissile or fissile-excepted,,7,7X,,0,172 317 325,E0,See 2.2.7 and 4.1.9,,See 4.1.9.1.3,see 4.1.9.2.4,,,,,0 (E),,see 4.1.9.2.4,CV33,S6 S11 S21,70
2913,b,"RADIOACTIVE MATERIAL, SURFACE CONTAMINATED OBJECTS (SCO-II)",non fissile or fissile-excepted,,7,7X,,0,172 317 325,E0,See 2.2.7 and 4.1.9,,See 4.1.9.1.3,see 4.1.9.2.4,,,,,0 (E),,see 4.1.9.2.4,CV33,S6 S11 S21,70
2913,c,"RADIOACTIVE MATERIAL, SURFACE CONTAMINATED OBJECTS (SCO-III)",non fissile or fissile-excepted,,7,7X,,0,172 317 325,E0,See 2.2.7 and 4.1.9,,See 4.1.9.1.3,see 4.1.9.2.4,,,,,0 (E),,see 4.1.9.2.4,CV33,S6 S11 S21,70
2915,a,"RADIOACTIVE MATERIAL, TYPE A PACKAGE","non-special form, non fissile or fissile-excepted",,7,7X,,0,172 317 325,E0,See 2.2.7 and 4.1.9,,See 4.1.9.1.3,,,,,,0 (E),,,CV33,S6 S11 S12 S21,70
2915,b,"RADIOACTIVE MATERIAL, TYPE A PACKAGE","non-special form, non fissile or fissile-excepted",,7,7X,,0,172 317 325,E0,See 2.2.7 and 4.1.9,,See 4.1.9.1.3,,,,,,0 (E),,,CV33,S6 S11 S12 S21,70
2915,c,"RADIOACTIVE MATERIAL, TYPE A PACKAGE","non-special form, non fissile or fissile-excepted",,7,7X,,0,172 317 325,E0,See 2.2.7 and 4.1.9,,See 4.1.9.1.3,,,,,,0 (E),,,CV33,S6 S11 S12 S21,70
2915,d,"RADIOACTIVE MATERIAL, TYPE A PACKAGE","non-special form, non fissile or fissile-excepted",,7,7X,,0,172 317 325,E0,See 2.2.7 and 4.1.9,,See 4.1.9.1.3,,,,,,0 (E),,,CV33,S6 S11 S12 S21,70
2916,a,"RADIOACTIVE MATERIAL, TYPE B(U) PACKAGE",non fissile or fissile-excepted,,7,7X,,0,172 317 325 337,E0,See 2.2.7 and 4.1.9,,See 4.1.9.1.3,,,,,,0 (E),,,CV33,S6 S11 S21,70
2916,b,"RADIOACTIVE MATERIAL, TYPE B(U) PACKAGE",non fissile or fissile-excepted,,7,7X,,0,172 317 325 337,E0,See 2.2.7 and 4.1.9,,See 4.1.9.1.3,,,,,,0 (E),,,CV33,S6 S11 S21,70
2916,c,"RADIOACTIVE MATERIAL, TYPE B(U) PACKAGE",non fissile or fissile-excepted,,7,7X,,0,172 317 325 337,E0,See 2.2.7 and 4.1.9,,See 4.1.9.1.3,,,,,,0 (E),,,CV33,S6 S11 S21,70
2916,d,"RADIOACTIVE MATERIAL, TYPE B(U) PACKAGE",non fissile or fissile-excepted,,7,7X,,0,172 317 325 337,E0,See 2.2.7 and 4.1.9,,See 4.1.9.1.3,,,,,,0 (E),,,CV33,S6 S11 S21,70
2917,a,"RADIOACTIVE MATERIAL, TYPE B(M) PACKAGE",non fissile or fissile-excepted,,7,7X,,0,172 317 325 337,E0,See 2.2.7 and 4.1.9,,See 4.1.9.1.3,,,,,,0 (E),,,CV33,S6 S11 S21,70
2917,b,"RADIOACTIVE MATERIAL, TYPE B(M) PACKAGE",non fissile or fissile-excepted,,7,7X,,0,172 317 325 337,E0,See 2.2.7 and 4.1.9,,See 4.1.9.1.3,,,,,,0 (E),,,CV33,S6 S11 S21,70
2917,c,"RADIOACTIVE MATERIAL, TYPE B(M) PACKAGE",non fissile or fissile-excepted,,7,7X,,0,172 317 325 337,E0,See 2.2.7 and 4.1.9,,See 4.1.9.1.3,,,,,,0 (E),,,CV33,S6 S11 S21,70
2917,d,"RADIOACTIVE MATERIAL, TYPE B(M) PACKAGE",non fissile or fissile-excepted,,7,7X,,0,172 317 325 337,E0,See 2.2.7 and 4.1.9,,See 4.1.9.1.3,,,,,,0 (E),,,CV33,S6 S11 S21,70
2919,,"RADIOACTIVE MATERIAL, TRANSPORTED UNDER SPECIAL ARRANGEMENT",non fissile or fissile-excepted,,7,7X,,0,172 317 325,E0,See 2.2.7 and 4.1.9,,See 4.1.9.1.3,,,,,,0 (-),,,CV33,S6 S11 S21,70
2920,a,"CORROSIVE LIQUID, FLAMMABLE, N.O.S.",,CF1,8,8+3,I,0,274,E0,P001,MP8 MP17,,T14,L10BH,TP2 TP27,,FL,1 (D/E),,,,S2 S14,883
2920,b,"CORROSIVE LIQUID, FLAMMABLE, N.O.S.",,CF1,8,8+3,II,1 L,274,E2,P001 IBC02,MP15,,T11,L4BN,TP2 TP27,,FL,2 (D/E),,,,S2,83
2921,a,"CORROSIVE SOLID, FLAMMABLE, N.O.S.",,CF2,8,8+4.1,I,0,274,E0,P002 IBC05,MP18,,T6,S10AN L10BH,TP33,,AT,1 (E),V10,,,S14,884
2921,b,"CORROSIVE SOLID, FLAMMABLE, N.O.S.",,CF2,8,8+4.1,II,1 kg,274,E2,P002 IBC08,MP10,B4,T3,SGAN L4BN,TP33,,AT,2 (E),V11,,,,84
2922,a,"CORROSIVE LIQUID, TOXIC, N.O.S.",,CT1,8,8+6.1,I,0,274,E0,P001,MP8 MP17,,T14,L10BH,TP2 TP27,,AT,1 (C/D),,,CV13 CV28,S14,886
2922,b,"CORROSIVE LIQUID, TOXIC, N.O.S.",,CT1,8,8+6.1,II,1 L,274,E2,P001 IBC02,MP15,,T7,L4BN,TP2,,AT,2 (E),,,CV13 CV28,,86
2922,c,"CORROSIVE LIQUID, TOXIC, N.O.S.",,CT1,8,8+6.1,III,5 L,274,E1,P001 IBC03 R001,MP19,,T7,L4BN,TP1 TP28,,AT,3 (E),V12,,CV13 CV28,,86
2923,a,"CORROSIVE SOLID, TOXIC, N.O.S.",,CT2,8,8+6.1,I,0,274,E0,P002 IBC05,MP18,,T6,S10AN L10BH,TP33,,AT,1 (E),V10,,CV13 CV28,S14,886
2923,b,"CORROSIVE SOLID, TOXIC, N.O.S.",,CT2,8,8+6.1,II,1 kg,274,E2,P002 IBC08,MP10,B4,T3,SGAN L4BN,TP33,,AT,2 (E),V11,,CV13 CV28,,86
2923,c,"CORROSIVE SOLID, TOXIC, N.O.S.",,CT2,8,8+6.1,III,5 kg,274,E1,P002 IBC08 R001,MP10,B3,T1,SGAV L4BN,TP33,,AT,3 (E),,VC1 VC2 AP7,CV13 CV28,,86
2924,a,"FLAMMABLE LIQUID, CORROSIVE, N.O.S.",,FC,3,3+8,I,0,274,E0,P001,MP7 MP17,,T14,L10CH,TP2,TU14 TE21,FL,1 (C/E),,,,S2 S20,338
2924,b,"FLAMMABLE LIQUID, CORROSIVE, N.O.S.",,FC,3,3+8,II,1 L,274,E2,P001 IBC02,MP19,,T11,L4BH,TP2 TP27,,FL,2 (D/E),,,,S2 S20,338
2924,c,"FLAMMABLE LIQUID, CORROSIVE, N.O.S.",,FC,3,3+8,III,5 L,274,E1,P001 IBC03 R001,MP19,,T7,L4BN,TP1 TP28,,FL,3 (D/E),V12,,,S2,38
2925,a,"FLAMMABLE SOLID, CORROSIVE, ORGANIC, N.O.S.",,FC1,4.1,4.1+8,II,1 kg,274,E2,P002 IBC06,MP10,,T3,SGAN,TP33,,AT,2 (E),V11,,,,48
2925,b,"FLAMMABLE SOLID, CORROSIVE, ORGANIC, N.O.S.",,FC1,4.1,4.1+8,III,5 kg,274,E1,P002 IBC06 R001,MP10,,T1,SGAN,TP33,,AT,3 (E),,,,,48
2926,a,"FLAMMABLE SOLID, TOXIC, ORGANIC, N.O.S.",,FT1,4.1,4.1+6.1,II,1 kg,274,E2,P002 IBC06,MP10,,T3,SGAN,TP33,,AT,2 (E),V11,,CV28,,46
2926,b,"FLAMMABLE SOLID, TOXIC, ORGANIC, N.O.S.",,FT1,4.1,4.1+6.1,III,5 kg,274,E1,P002 IBC06 R001,MP10,,T1,SGAN,TP33,,AT,3 (E),,,CV28,,46
2927,a,"TOXIC LIQUID, CORROSIVE, ORGANIC, N.O.S.",,TC1,6.1,6.1+8,I,0,274 315,E5,P001,MP8 MP17,,T14,L10CH,TP2 TP27,TU14 TU15 TE19 TE21,AT,1 (C/E),,,CV1 CV13 CV28,S9 S14,668
2927,b,"TOXIC LIQUID, CORROSIVE, ORGANIC, N.O.S.",,TC1,6.1,6.1+8,II,100 mL,274,E4,P001 IBC02,MP15,,T11,L4BH,TP2 TP27,TU15 TE19,AT,2 (D/E),,,CV13 CV28,S9 S19,68
2928,a,"TOXIC SOLID, CORROSIVE, ORGANIC, N.O.S.",,TC2,6.1,6.1+8,I,0,274,E5,P002 IBC05,MP18,,T6,S10AH,TP33,TU14 TU15 TE19 TE21,AT,1 (C/E),V10,,CV1 CV13 CV28,S9 S14,668
2928,b,"TOXIC SOLID, CORROSIVE, ORGANIC, N.O.S.",,TC2,6.1,6.1+8,II,500 g,274,E4,P002 IBC06,MP10,,T3,SGAH L4BH,TP33,TU15 TE19,AT,2 (D/E),V11,,CV13 CV28,S9 S19,68
2929,a,"TOXIC LIQUID, FLAMMABLE, ORGANIC, N.O.S.",,TF1,6.1,6.1+3,I,0,274 315,E5,P001,MP8 MP17,,T14,L10CH,TP2 TP27,TU14 TU15 TE19 TE21,FL,1 (C/D),,,CV1 CV13 CV28,S2 S9 S14,663
2929,b,"TOXIC LIQUID, FLAMMABLE, ORGANIC, N.O.S.",,TF1,6.1,6.1+3,II,100 mL,274,E4,P001 IBC02,MP15,,T11,L4BH,TP2 TP27,TU15 TE19,FL,2 (D/E),,,CV13 CV28,S2 S9 S19,63
2930,a,"TOXIC SOLID, FLAMMABLE, ORGANIC, N.O.S.",,TF3,6.1,6.1+4.1,I,0,274,E5,P002 IBC05,MP18,,T6,,TP33,,AT,1 (C/E),V10,,CV1 CV13 CV28,S9 S14,664
2930,b,"TOXIC SOLID, FLAMMABLE, ORGANIC, N.O.S.",,TF3,6.1,6.1+4.1,II,500 g,274,E4,P002 IBC08,MP10,B4,T3,SGAH L4BH,TP33,TU15 TE19,AT,2 (D/E),V11,,CV13 CV28,S9 S19,64
2931,,VANADYL SULPHATE,,T5,6.1,6.1,II,500 g,,E4,P002 IBC08,MP10,B4,T3,SGAH,TP33,TU15 TE19,AT,2 (D/E),V11,,CV13 CV28,S9 S19,60
2933,,METHYL 2-CHLOROPROPIONATE,,F1,3,3,III,5 L,,E1,P001 IBC03 LP01 R001,MP19,,T2,LGBF,TP1,,FL,3 (D/E),V12,,,S2,30
2934,,ISOPROPYL 2-CHLOROPROPIONATE,,F1,3,3,III,5 L,,E1,P001 IBC03 LP01 R001,MP19,,T2,LGBF,TP1,,FL,3 (D/E),V12,,,S2,30
2935,,ETHYL 2-CHLOROPROPIONATE,,F1,3,3,III,5 L,,E1,P001 IBC03 LP01 R001,MP19,,T2,LGBF,TP1,,FL,3 (D/E),V12,,,S2,30
2936,,THIOLACTIC ACID,,T1,6.1,6.1,II,100 mL,,E4,P001 IBC02,MP15,,T7,L4BH,TP2,TU15 TE19,AT,2 (D/E),,,CV13 CV28,S9 S19,60
2937,,"alpha-METHYLBENZYL ALCOHOL, LIQUID",,T1,6.1,6.1,III,5 L,,E1,P001 IBC03 LP01 R001,MP19,,T4,L4BH,TP1,TU15 TE19,AT,2 (E),V12,,CV13 CV28,S9,60
2940,a,9-PHOSPHABICYCLONONANES,,S2,4.2,4.2,II,0,,E2,P410 IBC06,MP14,,T3,SGAN,TP33,,AT,2 (D/E),V1,,,,40
2940,b,CYCLOOCTADIENE PHOSPHINES,,S2,4.2,4.2,II,0,,E2,P410 IBC06,MP14,,T3,SGAN,TP33,,AT,2 (D/E),V1,,,,40
2941,,FLUOROANILINES,,T1,6.1,6.1,III,5 L,,E1,P001 IBC03 LP01 R001,MP19,,T4,L4BH,TP1,TU15 TE19,AT,2 (E),V12,,CV13 CV28,S9,60
2942,,2-TRIFLUOROMETHYLANILINE,,T1,6.1,6.1,III,5 L,,E1,P001 IBC03 LP01 R001,MP19,,,L4BH,,TU15 TE19,AT,2 (E),V12,,CV13 CV28,S9,60
2943,,TETRAHYDROFURFURYLAMINE,,F1,3,3,III,5 L,,E1,P001 IBC03 LP01 R001,MP19,,T2,LGBF,TP1,,FL,3 (D/E),V12,,,S2,30
2945,,N-METHYLBUTYLAMINE,,FC,3,3+8,II,1 L,,E2,P001 IBC02,MP19,,T7,L4BH,TP1,,FL,2 (D/E),,,,S2 S20,338
2946,,2-AMINO-5-DIETHYLAMINOPENTANE,,T1,6.1,6.1,III,5 L,,E1,P001 IBC03 LP01 R001,MP19,,T4,L4BH,TP1,TU15 TE19,AT,2 (E),V12,,CV13 CV28,S9,60
2947,,ISOPROPYL CHLOROACETATE,,F1,3,3,III,5 L,,E1,P001 IBC03 LP01 R001,MP19,,T2,LGBF,TP1,,FL,3 (D/E),V12,,,S2,30
2948,,3-TRIFLUOROMETHYLANILINE,,T1,6.1,6.1,II,100 mL,,E4,P001 IBC02,MP15,,T7,L4BH,TP2,TU15 TE19,AT,2 (D/E),,,CV13 CV28,S9 S19,60
2949,,"SODIUM HYDROSULPHIDE, HYDRATED",with not less than 25% water of crystallization,C6,8,8,II,1 kg,523,E2,P002 IBC08,MP10,B4,T7,SGAN L4BN,TP2,,AT,2 (E),V11,,,,80
2950,,"MAGNESIUM GRANULES, COATED",particle size not less than 149 microns,W2,4.3,4.3,III,1 kg,,E1,P410 IBC08 R001,MP14,B4,T1 BK2,SGAN,TP33,,AT,3 (E),V1,VC2 AP4 AP5,CV23,,423
2956,a,"5-tert-BUTYL-2,4,6-TRINITRO-m-XYLENE",,SR1,4.1,4.1,III,5 kg,638,E0,P409,MP2,,,,,,,3 (D),,,CV14,S24,
2956,b,MUSK XYLENE,,SR1,4.1,4.1,III,5 kg,638,E0,P409,MP2,,,,,,,3 (D),,,CV14,S24,
2956,c,"5-tert-BUTYL-2,4,6-TRINITRO-m-XYLENE",,SR1,4.1,4.1,III,5 kg,638,E0,P409,MP2,,,,,,,3 (D),,,CV14,S24,
2956,d,MUSK XYLENE,,SR1,4.1,4.1,III,5 kg,638,E0,P409,MP2,,,,,,,3 (D),,,CV14,S24,
2965,,BORON TRIFLUORIDE DIMETHYL ETHERATE,,WFC,4.3,4.3+3+8,I,0,,E0,P401,MP2,,T10,L10DH,TP2 TP7,TU4 TU14 TU22 TE21 TM2,FL,0 (B/E),V1,,CV23,S2 S20,382
2966,,THIOGLYCOL,,T1,6.1,6.1,II,100 mL,,E4,P001 IBC02,MP15,,T7,L4BH,TP2,TU15 TE19,AT,2 (D/E),,,CV13 CV28,S9 S19,60
2967,,SULPHAMIC ACID,,C2,8,8,III,5 kg,,E1,P002 IBC08 LP02 R001,MP10,B3,T1,SGAV,TP33,,AT,3 (E),,VC1 VC2 AP7,,,80
2968,a,"MANEB, STABILIZED",against self-heating,W2,4.3,4.3,III,1 kg,547,E1,P002 IBC08 R001,MP14,B4,T1,SGAN,TP33,,AT,0 (E),V1,VC1 VC2 AP3 AP4 AP5,CV23,,423
2968,b,"MANEB PREPARATION, STABILIZED",against self-heating,W2,4.3,4.3,III,1 kg,547,E1,P002 IBC08 R001,MP14,B4,T1,SGAN,TP33,,AT,0 (E),V1,VC1 VC2 AP3 AP4 AP5,CV23,,423
2969,a,CASTOR BEANS,,M11,9,9,II,5 kg,141,E2,P002 IBC08,MP10,PP34 B4,T3 BK1 BK2,SGAV,TP33,,AT,2 (E),V11,VC1 VC2,,,90
2969,b,CASTOR MEAL,,M11,9,9,II,5 kg,141,E2,P002 IBC08,MP10,PP34 B4,T3 BK1 BK2,SGAV,TP33,,AT,2 (E),V11,VC1 VC2,,,90
2969,c,CASTOR POMACE,,M11,9,9,II,5 kg,141,E2,P002 IBC08,MP10,PP34 B4,T3 BK1 BK2,SGAV,TP33,,AT,2 (E),V11,VC1 VC2,,,90
2969,d,CASTOR FLAKE,,M11,9,9,II,5 kg,141,E2,P002 IBC08,MP10,PP34 B4,T3 BK1 BK2,SGAV,TP33,,AT,2 (E),V11,VC1 VC2,,,90
2977,,"RADIOACTIVE MATERIAL, URANIUM HEXAFLUORIDE, FISSILE",,,7,7X+7E+6.1+8,,0,,E0,See 2.2.7 and 4.1.9,,See 4.1.9.1.3,,,,,,0 (C),,,CV33,S6 S11 S21,768
2978,,"RADIOACTIVE MATERIAL, URANIUM HEXAFLUORIDE",non fissile or fissile-excepted,,7,7X+6.1+8,,0,317,E0,See 2.2.7 and 4.1.9,,See 4.1.9.1.3,,,,,,0 (C),,,CV33,S6 S11 S21,768
2983,,ETHYLENE OXIDE AND PROPYLENE OXIDE MIXTURE,not more than 30% ethylene oxide,FT1,3,3+6.1,I,0,,E0,P001,MP7 MP17,,T14,L10CH,TP2 TP7,TU14 TU15 TE21,FL,1 (C/E),,,CV13 CV28,S2 S22,336
2984,,"HYDROGEN PEROXIDE, AQUEOUS SOLUTION",with not less than 8% but less than 20% hydrogen peroxide (stabilized as necessary),O1,5.1,5.1,III,5 L,65,E1,P504 IBC02 R001,MP15,PP10 B5,T4,LGBV,TP1 TP6 TP24,TU3 TC2 TE8 TE11 TT1,AT,3 (E),,,CV24,,50
2985,,"CHLOROSILANES, FLAMMABLE, CORROSIVE, N.O.S.",,FC,3,3+8,II,0,548,E0,P010,MP19,,T14,L4BH,TP2 TP7 TP27,,FL,2 (D/E),,,,S2 S20,X338
2986,,"CHLOROSILANES, CORROSIVE, FLAMMABLE, N.O.S.",,CF1,8,8+3,II,0,548,E0,P010,MP15,,T14,L4BN,TP2 TP7 TP27,,FL,2 (D/E),,,,S2,X83
2987,,"CHLOROSILANES, CORROSIVE, N.O.S.",,C3,8,8,II,0,548,E0,P010,MP15,,T14,L4BN,TP2 TP7 TP27,,AT,2 (E),,,,,X80
2988,,"CHLOROSILANES, WATER-REACTIVE, FLAMMABLE, CORROSIVE, N.O.S.",,WFC,4.3,4.3+3+8,I,0,549,E0,P401,MP2,RR7,T14,L10DH,TP2 TP7,TU14 TU26 TE21 TM2 TM3,FL,0 (B/E),V1,,CV23,S2 S20,X338
2989,a,"LEAD PHOSPHITE, DIBASIC",,F3,4.1,4.1,II,1 kg,,E2,P002 IBC08,MP11,B4,T3,SGAN,TP33,,AT,2 (E),V11,,,,40
2989,b,"LEAD PHOSPHITE, DIBASIC",,F3,4.1,4.1,III,5 kg,,E1,P002 IBC08 LP02 R001,MP11,B3,T1,SGAV,TP33,,AT,3 (E),,VC1 VC2,,,40
2990,,"LIFE-SAVING APPLIANCES, SELF-INFLATING",,M5,9,9,,0,296 635,E0,P905,,,,,,,,3 (E),,,,,
2991,a,"CARBAMATE PESTICIDE, LIQUID, TOXIC, FLAMMABLE",flashpoint not less than 23°C,TF2,6.1,6.1+3,I,0,61 274,E5,P001,MP8 MP17,,T14,L10CH,TP2 TP27,TU14 TU15 TE19 TE21,FL,1 (C/E),,,CV1 CV13 CV28,S2 S9 S14,663
2991,b,"CARBAMATE PESTICIDE, LIQUID, TOXIC, FLAMMABLE",flashpoint not less than 23°C,TF2,6.1,6.1+3,II,100 mL,61 274,E4,P001 IBC02,MP15,,T11,L4BH,TP2 TP27,TU15 TE19,FL,2 (D/E),,,CV13 CV28,S2 S9 S19,63
2991,c,"CARBAMATE PESTICIDE, LIQUID, TOXIC, FLAMMABLE",flashpoint not less than 23°C,TF2,6.1,6.1+3,III,5 L,61 274,E1,P001 IBC03 R001,MP19,,T7,L4BH,TP2 TP28,TU15 TE19,FL,2 (D/E),V12,,CV13 CV28,S2 S9,63
2992,a,"CARBAMATE PESTICIDE, LIQUID, TOXIC",,T6,6.1,6.1,I,0,61 274 648,E5,P001,MP8 MP17,,T14,L10CH,TP2 TP27,TU14 TU15 TE19 TE21,AT,1 (C/E),,,CV1 CV13 CV28,S9 S14,66
2992,b,"CARBAMATE PESTICIDE, LIQUID, TOXIC",,T6,6.1,6.1,II,100 mL,61 274 648,E4,P001 IBC02,MP15,,T11,L4BH,TP2 TP27,TU15 TE19,AT,2 (D/E),,,CV13 CV28,S9 S19,60
2992,c,"CARBAMATE PESTICIDE, LIQUID, TOXIC",,T6,6.1,6.1,III,5 L,61 274 648,E1,P001 IBC03 LP01 R001,MP19,,T7,L4BH,TP2 TP28,TU15 TE19,AT,2 (E),V12,,CV13 CV28,S9,60
2993,a,"ARSENICAL PESTICIDE, LIQUID, TOXIC, FLAMMABLE",flashpoint not less than 23°C,TF2,6.1,6.1+3,I,0,61 274,E5,P001,MP8 MP17,,T14,L10CH,TP2 TP27,TU14 TU15 TE19 TE21,FL,1 (C/E),,,CV1 CV13 CV28,S2 S9 S14,663
2993,b,"ARSENICAL PESTICIDE, LIQUID, TOXIC, FLAMMABLE",flashpoint not less than 23°C,TF2,6.1,6.1+3,II,100 mL,61 274,E4,P001 IBC02,MP15,,T11,L4BH,TP2 TP27,TU15 TE19,FL,2 (D/E),,,CV13 CV28,S2 S9 S19,63
2993,c,"ARSENICAL PESTICIDE, LIQUID, TOXIC, FLAMMABLE",flashpoint not less than 23°C,TF2,6.1,6.1+3,III,5 L,61 274,E1,P001 IBC03 R001,MP19,,T7,L4BH,TP2 TP28,TU15 TE19,FL,2 (D/E),V12,,CV13 CV28,S2 S9,63
2994,a,"ARSENICAL PESTICIDE, LIQUID, TOXIC",,T6,6.1,6.1,I,0,61 274 648,E5,P001,MP8 MP17,,T14,L10CH,TP2 TP27,TU14 TU15 TE19 TE21,AT,1 (C/E),,,CV1 CV13 CV28,S9 S14,66
2994,b,"ARSENICAL PESTICIDE, LIQUID, TOXIC",,T6,6.1,6.1,II,100 mL,61 274 648,E4,P001 IBC02,MP15,,T11,L4BH,TP2 TP27,TU15 TE19,AT,2 (D/E),,,CV13 CV28,S9 S19,60
2994,c,"ARSENICAL PESTICIDE, LIQUID, TOXIC",,T6,6.1,6.1,III,5 L,61 274 648,E1,P001 IBC03 LP01 R001,MP19,,T7,L4BH,TP2 TP28,TU15 TE19,AT,2 (E),V12,,CV13 CV28,S9,60
2995,a,"ORGANOCHLORINE PESTICIDE, LIQUID, TOXIC, FLAMMABLE",flashpoint not less than 23°C,TF2,6.1,6.1+3,I,0,61 274,E5,P001,MP8 MP17,,T14,L10CH,TP2 TP27,TU14 TU15 TE19 TE21,FL,1 (C/E),,,CV1 CV13 CV28,S2 S9 S14,663
2995,b,"ORGANOCHLORINE PESTICIDE, LIQUID, TOXIC, FLAMMABLE",flashpoint not less than 23°C,TF2,6.1,6.1+3,II,100 mL,61 274,E4,P001 IBC02,MP15,,T11,L4BH,TP2 TP27,TU15 TE19,FL,2 (D/E),,,CV13 CV28,S2 S9 S19,63
2995,c,"ORGANOCHLORINE PESTICIDE, LIQUID, TOXIC, FLAMMABLE",flashpoint not less than 23°C,TF2,6.1,6.1+3,III,5 L,61 274,E1,P001 IBC03 R001,MP19,,T7,L4BH,TP2 TP28,TU15 TE19,FL,2 (D/E),V12,,CV13 CV28,S2 S9,63
2996,a,"ORGANOCHLORINE PESTICIDE, LIQUID, TOXIC",,T6,6.1,6.1,I,0,61 274 648,E5,P001,MP8 MP17,,T14,L10CH,TP2 TP27,TU14 TU15 TE19 TE21,AT,1 (C/E),,,CV1 CV13 CV28,S9 S14,66
2996,b,"ORGANOCHLORINE PESTICIDE, LIQUID, TOXIC",,T6,6.1,6.1,II,100 mL,61 274 648,E4,P001 IBC02,MP15,,T11,L4BH,TP2 TP27,TU15 TE19,AT,2 (D/E),,,CV13 CV28,S9 S19,60
2996,c,"ORGANOCHLORINE PESTICIDE, LIQUID, TOXIC",,T6,6.1,6.1,III,5 L,61 274 648,E1,P001 IBC03 LP01 R001,MP19,,T7,L4BH,TP2 TP28,TU15 TE19,AT,2 (E),V12,,CV13 CV28,S9,60
2997,a,"TRIAZINE PESTICIDE, LIQUID, TOXIC, FLAMMABLE",flashpoint not less than 23°C,TF2,6.1,6.1+3,I,0,61 274,E5,P001,MP8 MP17,,T14,L10CH,TP2 TP27,TU14 TU15 TE19 TE21,FL,1 (C/E),,,CV1 CV13 CV28,S2 S9 S14,663
2997,b,"TRIAZINE PESTICIDE, LIQUID, TOXIC, FLAMMABLE",flashpoint not less than 23°C,TF2,6.1,6.1+3,II,100 mL,61 274,E4,P001 IBC02,MP15,,T11,L4BH,TP2 TP27,TU15 TE19,FL,2 (D/E),,,CV13 CV28,S2 S9 S19,63
2997,c,"TRIAZINE PESTICIDE, LIQUID, TOXIC, FLAMMABLE",flashpoint not less than 23°C,TF2,6.1,6.1+3,III,5 L,61 274,E1,P001 IBC03 R001,MP19,,T7,L4BH,TP2 TP28,TU15 TE19,FL,2 (D/E),V12,,CV13 CV28,S2 S9,63
2998,a,"TRIAZINE PESTICIDE, LIQUID, TOXIC",,T6,6.1,6.1,I,0,61 274 648,E5,P001,MP8 MP17,,T14,L10CH,TP2 TP27,TU14 TU15 TE19 TE21,AT,1 (C/E),,,CV1 CV13 CV28,S9 S14,66
2998,b,"TRIAZINE PESTICIDE, LIQUID, TOXIC",,T6,6.1,6.1,II,100 mL,61 274 648,E4,P001 IBC02,MP15,,T11,L4BH,TP2 TP27,TU15 TE19,AT,2 (D/E),,,CV13 CV28,S9 S19,60
2998,c,"TRIAZINE PESTICIDE, LIQUID, TOXIC",,T6,6.1,6.1,III,5 L,61 274 648,E1,P001 IBC03 LP01 R001,MP19,,T7,L4BH,TP2 TP28,TU15 TE19,AT,2 (E),V12,,CV13 CV28,S9,60
3005,a,"THIOCARBAMATE PESTICIDE, LIQUID, TOXIC, FLAMMABLE",flashpoint not less than 23°C,TF2,6.1,6.1+3,I,0,61 274,E5,P001,MP8 MP17,,T14,L10CH,TP2,TU14 TU15 TE19 TE21,FL,1 (C/E),,,CV1 CV13 CV28,S2 S9 S14,663
3005,b,"THIOCARBAMATE PESTICIDE, LIQUID, TOXIC, FLAMMABLE",flashpoint not less than 23°C,TF2,6.1,6.1+3,II,100 mL,61 274,E4,P001 IBC02,MP15,,T11,L4BH,TP2 TP27,TU15 TE19,FL,2 (D/E),,,CV13 CV28,S2 S9 S19,63
3005,c,"THIOCARBAMATE PESTICIDE, LIQUID, TOXIC, FLAMMABLE",flashpoint not less than 23°C,TF2,6.1,6.1+3,III,5 L,61 274,E1,P001 IBC03 R001,MP19,,T7,L4BH,TP2 TP28,TU15 TE19,FL,2 (D/E),V12,,CV13 CV28,S2 S9,63
3006,a,"THIOCARBAMATE PESTICIDE, LIQUID, TOXIC",,T6,6.1,6.1,I,0,61 274 648,E5,P001,MP8 MP17,,T14,L10CH,TP2,TU14 TU15 TE19 TE21,AT,1 (C/E),,,CV1 CV13 CV28,S9 S14,66
3006,b,"THIOCARBAMATE PESTICIDE, LIQUID, TOXIC",,T6,6.1,6.1,II,100 mL,61 274 648,E4,P001 IBC02,MP15,,T11,L4BH,TP2 TP27,TU15 TE19,AT,2 (D/E),,,CV13 CV28,S9 S19,60
3006,c,"THIOCARBAMATE PESTICIDE, LIQUID, TOXIC",,T6,6.1,6.1,III,5 L,61 274 648,E1,P001 IBC03 LP01 R001,MP19,,T7,L4BH,TP2 TP28,TU15 TE19,AT,2 (E),V12,,CV13 CV28,S9,60
3009,a,"COPPER BASED PESTICIDE, LIQUID, TOXIC, FLAMMABLE",flashpoint not less than 23°C,TF2,6.1,6.1+3,I,0,61 274,E5,P001,MP8 MP17,,T14,L10CH,TP2 TP27,TU14 TU15 TE19 TE21,FL,1 (C/E),,,CV1 CV13 CV28,S2 S9 S14,663
3009,b,"COPPER BASED PESTICIDE, LIQUID, TOXIC, FLAMMABLE",flashpoint not less than 23°C,TF2,6.1,6.1+3,II,100 mL,61 274,E4,P001 IBC02,MP15,,T11,L4BH,TP2 TP27,TU15 TE19,FL,2 (D/E),,,CV13 CV28,S2 S9 S19,63
3009,c,"COPPER BASED PESTICIDE, LIQUID, TOXIC, FLAMMABLE",flashpoint not less than 23°C,TF2,6.1,6.1+3,III,5 L,61 274,E1,P001 IBC03 R001,MP19,,T7,L4BH,TP2 TP28,TU15 TE19,FL,2 (D/E),V12,,CV13 CV28,S2 S9,63
3010,a,"COPPER BASED PESTICIDE, LIQUID, TOXIC",,T6,6.1,6.1,I,0,61 274 648,E5,P001,MP8 MP17,,T14,L10CH,TP2 TP27,TU14 TU15 TE19 TE21,AT,1 (C/E),,,CV1 CV13 CV28,S9 S14,66
3010,b,"COPPER BASED PESTICIDE, LIQUID, TOXIC",,T6,6.1,6.1,II,100 mL,61 274 648,E4,P001 IBC02,MP15,,T11,L4BH,TP2 TP27,TU15 TE19,AT,2 (D/E),,,CV13 CV28,S9 S19,60
3010,c,"COPPER BASED PESTICIDE, LIQUID, TOXIC",,T6,6.1,6.1,III,5 L,61 274 648,E1,P001 IBC03 LP01 R001,MP19,,T7,L4BH,TP2 TP28,TU15 TE19,AT,2 (E),V12,,CV13 CV28,S9,60
3011,a,"MERCURY BASED PESTICIDE, LIQUID, TOXIC, FLAMMABLE",flashpoint not less than 23°C,TF2,6.1,6.1+3,I,0,61 274,E5,P001,MP8 MP17,,T14,L10CH,TP2 TP27,TU14 TU15 TE19 TE21,FL,1 (C/E),,,CV1 CV13 CV28,S2 S9 S14,663
3011,b,"MERCURY BASED PESTICIDE, LIQUID, TOXIC, FLAMMABLE",flashpoint not less than 23°C,TF2,6.1,6.1+3,II,100 mL,61 274,E4,P001 IBC02,MP15,,T11,L4BH,TP2 TP27,TU15 TE19,FL,2 (D/E),,,CV13 CV28,S2 S9 S19,63
3011,c,"MERCURY BASED PESTICIDE, LIQUID, TOXIC, FLAMMABLE",flashpoint not less than 23°C,TF2,6.1,6.1+3,III,5 L,61 274,E1,P001 IBC03 R001,MP19,,T7,L4BH,TP2 TP28,TU15 TE19,FL,2 (D/E),V12,,CV13 CV28,S2 S9,63
3012,a,"MERCURY BASED PESTICIDE, LIQUID, TOXIC",,T6,6.1,6.1,I,0,61 274 648,E5,P001,MP8 MP17,,T14,L10CH,TP2 TP27,TU14 TU15 TE19 TE21,AT,1 (C/E),,,CV1 CV13 CV28,S9 S14,66
3012,b,"MERCURY BASED PESTICIDE, LIQUID, TOXIC",,T6,6.1,6.1,II,100 mL,61 274 648,E4,P001 IBC02,MP15,,T11,L4BH,TP2 TP27,TU15 TE19,AT,2 (D/E),,,CV13 CV28,S9 S19,60
3012,c,"MERCURY BASED PESTICIDE, LIQUID, TOXIC",,T6,6.1,6.1,III,5 L,61 274 648,E1,P001 IBC03 LP01 R001,MP19,,T7,L4BH,TP2 TP28,TU15 TE19,AT,2 (E),V12,,CV13 CV28,S9,60
3013,a,"SUBSTITUTED NITROPHENOL PESTICIDE, LIQUID, TOXIC, FLAMMABLE",flashpoint not less than 23°C,TF2,6.1,6.1+3,I,0,61 274,E5,P001,MP8 MP17,,T14,L10CH,TP2 TP27,TU14 TU15 TE19 TE21,FL,1 (C/E),,,CV1 CV13 CV28,S2 S9 S14,663
3013,b,"SUBSTITUTED NITROPHENOL PESTICIDE, LIQUID, TOXIC, FLAMMABLE",flashpoint not less than 23°C,TF2,6.1,6.1+3,II,100 mL,61 274,E4,P001 IBC02,MP15,,T11,L4BH,TP2 TP27,TU15 TE19,FL,2 (D/E),,,CV13 CV28,S2 S9 S19,63
3013,c,"SUBSTITUTED NITROPHENOL PESTICIDE, LIQUID, TOXIC, FLAMMABLE",flashpoint not less than 23°C,TF2,6.1,6.1+3,III,5 L,61 274,E1,P001 IBC03 R001,MP19,,T7,L4BH,TP2 TP28,TU15 TE19,FL,2 (D/E),V12,,CV13 CV28,S2 S9,63
3014,a,"SUBSTITUTED NITROPHENOL PESTICIDE, LIQUID, TOXIC",,T6,6.1,6.1,I,0,61 274 648,E5,P001,MP8 MP17,,T14,L10CH,TP2 TP27,TU14 TU15 TE19 TE21,AT,1 (C/E),,,CV1 CV13 CV28,S9 S14,66
3014,b,"SUBSTITUTED NITROPHENOL PESTICIDE, LIQUID, TOXIC",,T6,6.1,6.1,II,100 mL,61 274 648,E4,P001 IBC02,MP15,,T11,L4BH,TP2 TP27,TU15 TE19,AT,2 (D/E),,,CV13 CV28,S9 S19,60
3014,c,"SUBSTITUTED NITROPHENOL PESTICIDE, LIQUID, TOXIC",,T6,6.1,6.1,III,5 L,61 274 648,E1,P001 IBC03 LP01 R001,MP19,,T7,L4BH,TP2 TP28,TU15 TE19,AT,2 (E),V12,,CV13 CV28,S9,60
3015,a,"BIPYRIDILIUM PESTICIDE, LIQUID, TOXIC, FLAMMABLE",flashpoint not less than 23°C,TF2,6.1,6.1+3,I,0,61 274,E5,P001,MP8 MP17,,T14,L10CH,TP2 TP27,TU14 TU15 TE19 TE21,FL,1 (C/E),,,CV1 CV13 CV28,S2 S9 S14,663
3015,b,"BIPYRIDILIUM PESTICIDE, LIQUID, TOXIC, FLAMMABLE",flashpoint not less than 23°C,TF2,6.1,6.1+3,II,100 mL,61 274,E4,P001 IBC02,MP15,,T11,L4BH,TP2 TP27,TU15 TE19,FL,2 (D/E),,,CV13 CV28,S2 S9 S19,63
3015,c,"BIPYRIDILIUM PESTICIDE, LIQUID, TOXIC, FLAMMABLE",flashpoint not less than 23°C,TF2,6.1,6.1+3,III,5 L,61 274,E1,P001 IBC03 R001,MP19,,T7,L4BH,TP2 TP28,TU15 TE19,FL,2 (D/E),V12,,CV13 CV28,S2 S9,63
3016,a,"BIPYRIDILIUM PESTICIDE, LIQUID, TOXIC",,T6,6.1,6.1,I,0,61 274 648,E5,P001,MP8 MP17,,T14,L10CH,TP2 TP27,TU14 TU15 TE19 TE21,AT,1 (C/E),,,CV1 CV13 CV28,S9 S14,66
3016,b,"BIPYRIDILIUM PESTICIDE, LIQUID, TOXIC",,T6,6.1,6.1,II,100 mL,61 274 648,E4,P001 IBC02,MP15,,T11,L4BH,TP2 TP27,TU15 TE19,AT,2 (D/E),,,CV13 CV28,S9 S19,60
3016,c,"BIPYRIDILIUM PESTICIDE, LIQUID, TOXIC",,T6,6.1,6.1,III,5 L,61 274 648,E1,P001 IBC03 LP01 R001,MP19,,T7,L4BH,TP2 TP28,TU15 TE19,AT,2 (E),V12,,CV13 CV28,S9,60
3017,a,"ORGANOPHOSPHORUS PESTICIDE, LIQUID, TOXIC, FLAMMABLE",flashpoint not less than 23°C,TF2,6.1,6.1+3,I,0,61 274,E5,P001,MP8 MP17,,T14,L10CH,TP2 TP27,TU14 TU15 TE19 TE21,FL,1 (C/E),,,CV1 CV13 CV28,S2 S9 S14,663
3017,b,"ORGANOPHOSPHORUS PESTICIDE, LIQUID, TOXIC, FLAMMABLE",flashpoint not less than 23°C,TF2,6.1,6.1+3,II,100 mL,61 274,E4,P001 IBC02,MP15,,T11,L4BH,TP2 TP27,TU15 TE19,FL,2 (D/E),,,CV13 CV28,S2 S9 S19,63
3017,c,"ORGANOPHOSPHORUS PESTICIDE, LIQUID, TOXIC, FLAMMABLE",flashpoint not less than 23°C,TF2,6.1,6.1+3,III,5 L,61 274,E1,P001 IBC03 R001,MP19,,T7,L4BH,TP2 TP28,TU15 TE19,FL,2 (D/E),V12,,CV13 CV28,S2 S9,63
3018,a,"ORGANOPHOSPHORUS PESTICIDE, LIQUID, TOXIC",,T6,6.1,6.1,I,0,61 274 648,E5,P001,MP8 MP17,,T14,L10CH,TP2 TP27,TU14 TU15 TE19 TE21,AT,1 (C/E),,,CV1 CV13 CV28,S9 S14,66
3018,b,"ORGANOPHOSPHORUS PESTICIDE, LIQUID, TOXIC",,T6,6.1,6.1,II,100 mL,61 274 648,E4,P001 IBC02,MP15,,T11,L4BH,TP2 TP27,TU15 TE19,AT,2 (D/E),,,CV13 CV28,S9 S19,60
3018,c,"ORGANOPHOSPHORUS PESTICIDE, LIQUID, TOXIC",,T6,6.1,6.1,III,5 L,61 274 648,E1,P001 IBC03 LP01 R001,MP19,,T7,L4BH,TP2 TP28,TU15 TE19,AT,2 (E),V12,,CV13 CV28,S9,60
3019,a,"ORGANOTIN PESTICIDE, LIQUID, TOXIC, FLAMMABLE",flashpoint not less than 23°C,TF2,6.1,6.1+3,I,0,61 274,E5,P001,MP8 MP17,,T14,L10CH,TP2 TP27,TU14 TU15 TE19 TE21,FL,1 (C/E),,,CV1 CV13 CV28,S2 S9 S14,663
3019,b,"ORGANOTIN PESTICIDE, LIQUID, TOXIC, FLAMMABLE",flashpoint not less than 23°C,TF2,6.1,6.1+3,II,100 mL,61 274,E4,P001 IBC02,MP15,,T11,L4BH,TP2 TP27,TU15 TE19,FL,2 (D/E),,,CV13 CV28,S2 S9 S19,63
3019,c,"ORGANOTIN PESTICIDE, LIQUID, TOXIC, FLAMMABLE",flashpoint not less than 23°C,TF2,6.1,6.1+3,III,5 L,61 274,E1,P001 IBC03 R001,MP19,,T7,L4BH,TP2 TP28,TU15 TE19,FL,2 (D/E),V12,,CV13 CV28,S2 S9,63
3020,a,"ORGANOTIN PESTICIDE, LIQUID, TOXIC",,T6,6.1,6.1,I,0,61 274 648,E5,P001,MP8 MP17,,T14,L10CH,TP2 TP27,TU14 TU15 TE19 TE21,AT,1 (C/E),,,CV1 CV13 CV28,S9 S14,66
3020,b,"ORGANOTIN PESTICIDE, LIQUID, TOXIC",,T6,6.1,6.1,II,100 mL,61 274 648,E4,P001 IBC02,MP15,,T11,L4BH,TP2 TP27,TU15 TE19,AT,2 (D/E),,,CV13 CV28,S9 S19,60
3020,c,"ORGANOTIN PESTICIDE, LIQUID, TOXIC",,T6,6.1,6.1,III,5 L,61 274 648,E1,P001 IBC03 LP01 R001,MP19,,T7,L4BH,TP2 TP28,TU15 TE19,AT,2 (E),V12,,CV13 CV28,S9,60
3021,a,"PESTICIDE, LIQUID, FLAMMABLE, TOXIC, N.O.S.",flashpoint less than 23°C,FT2,3,3+6.1,I,0,61 274,E0,P001,MP7 MP17,,T14,L10CH,TP2 TP27,TU14 TU15 TE21,FL,1 (C/E),,,CV13 CV28,S2 S22,336
3021,b,"PESTICIDE, LIQUID, FLAMMABLE, TOXIC, N.O.S.",flashpoint less than 23°C,FT2,3,3+6.1,II,1 L,61 274,E2,P001 IBC02 R001,MP19,,T11,L4BH,TP2 TP27,TU15,FL,2 (D/E),,,CV13 CV28,S2 S22,336
3022,,"1,2-BUTYLENE OXIDE, STABILIZED",,F1,3,3,II,1 L,386 676,E2,P001 IBC02 R001,MP19,,T4,LGBF,TP1,,FL,2 (D/E),V8,,,S2 S4 S20,339
3023,,2-METHYL-2-HEPTANETHIOL,,TF1,6.1,6.1+3,I,0,354,E0,P602,MP8 MP17,,T20,L10CH,TP2,TU14 TU15 TE19 TE21,FL,1 (C/D),,,CV1 CV13 CV28,S2 S9 S14,663
3024,a,"COUMARIN DERIVATIVE PESTICIDE, LIQUID, FLAMMABLE, TOXIC",flashpoint less than 23°C,FT2,3,3+6.1,I,0,61 274,E0,P001,MP7 MP17,,T14,L10CH,TP2 TP27,TU14 TU15 TE21,FL,1 (C/E),,,CV13 CV28,S2 S22,336
3024,b,"COUMARIN DERIVATIVE PESTICIDE, LIQUID, FLAMMABLE, TOXIC",flashpoint less than 23°C,FT2,3,3+6.1,II,1 L,61 274,E2,P001 IBC02 R001,MP19,,T11,L4BH,TP2 TP27,TU15,FL,2 (D/E),,,CV13 CV28,S2 S22,336
3025,a,"COUMARIN DERIVATIVE PESTICIDE, LIQUID, TOXIC, FLAMMABLE",flashpoint not less than 23°C,TF2,6.1,6.1+3,I,0,61 274,E5,P001,MP8 MP17,,T14,L10CH,TP2 TP27,TU14 TU15 TE19 TE21,FL,1 (C/E),,,CV1 CV13 CV28,S2 S9 S14,663
3025,b,"COUMARIN DERIVATIVE PESTICIDE, LIQUID, TOXIC, FLAMMABLE",flashpoint not less than 23°C,TF2,6.1,6.1+3,II,100 mL,61 274,E4,P001 IBC02,MP15,,T11,L4BH,TP2 TP27,TU15 TE19,FL,2 (D/E),,,CV13 CV28,S2 S9 S19,63
3025,c,"COUMARIN DERIVATIVE PESTICIDE, LIQUID, TOXIC, FLAMMABLE",flashpoint not less than 23°C,TF2,6.1,6.1+3,III,5 L,61 274,E1,P001 IBC03 R001,MP19,,T7,L4BH,TP1 TP28,TU15 TE19,FL,2 (D/E),V12,,CV13 CV28,S2 S9,63
3026,a,"COUMARIN DERIVATIVE PESTICIDE, LIQUID, TOXIC",,T6,6.1,6.1,I,0,61 274 648,E5,P001,MP8 MP17,,T14,L10CH,TP2 TP27,TU14 TU15 TE19 TE21,AT,1 (C/E),,,CV1 CV13 CV28,S9 S14,66
3026,b,"COUMARIN DERIVATIVE PESTICIDE, LIQUID, TOXIC",,T6,6.1,6.1,II,100 mL,61 274 648,E4,P001 IBC02,MP15,,T11,L4BH,TP2 TP27,TU15 TE19,AT,2 (D/E),,,CV13 CV28,S9 S19,60
3026,c,"COUMARIN DERIVATIVE PESTICIDE, LIQUID, TOXIC",,T6,6.1,6.1,III,5 L,61 274 648,E1,P001 IBC03 LP01 R001,MP19,,T7,L4BH,TP1 TP28,TU15 TE19,AT,2 (E),V12,,CV13 CV28,S9,60
3027,a,"COUMARIN DERIVATIVE PESTICIDE, SOLID, TOXIC",,T7,6.1,6.1,I,0,61 274 648,E5,P002 IBC07,MP18,,T6,S10AH L10CH,TP33,TU14 TU15 TE19 TE21,AT,1 (C/E),V10,,CV1 CV13 CV28,S9 S14,66
3027,b,"COUMARIN DERIVATIVE PESTICIDE, SOLID, TOXIC",,T7,6.1,6.1,II,500 g,61 274 648,E4,P002 IBC08,MP10,B4,T3,SGAH L4BH,TP33,TU15 TE19,AT,2 (D/E),V11,,CV13 CV28,S9 S19,60
3027,c,"COUMARIN DERIVATIVE PESTICIDE, SOLID, TOXIC",,T7,6.1,6.1,III,5 kg,61 274 648,E1,P002 IBC08 LP02 R001,MP10,B3,T1,SGAH L4BH,TP33,TU15 TE19,AT,2 (E),,VC1 VC2 AP7,CV13 CV28,S9,60
3028,,"BATTERIES, DRY, CONTAINING POTASSIUM HYDROXIDE SOLID",electric storage,C11,8,8,,2 kg,295 304 598,E0,P801,,,,,,,,3 (E),,VC1 VC2 AP8,,,80
3048,,ALUMINIUM PHOSPHIDE PESTICIDE,,T7,6.1,6.1,I,0,153 648,E0,P002 IBC07,MP18,,T6,S10AH,TP33,TU15 TE19,AT,1 (C/E),V10,,CV1 CV13 CV28,S9 S14,642
3054,,CYCLOHEXYL MERCAPTAN,,F1,3,3,III,5 L,,E1,P001 IBC03 LP01 R001,MP19,,T2,LGBF,TP1,,FL,3 (D/E),V12,,,S2,30
3055,,2-(2-AMINOETHOXY) ETHANOL,,C7,8,8,III,5 L,,E1,P001 IBC03 LP01 R001,MP19,,T4,L4BN,TP1,,AT,3 (E),V12,,,,80
3056,,n-HEPTALDEHYDE,,F1,3,3,III,5 L,,E1,P001 IBC03 LP01 R001,MP19,,T2,LGBF,TP1,,FL,3 (D/E),V12,,,S2,30
3057,,TRIFLUOROACETYL CHLORIDE,,2TC,2,2.3+8,,0,,E0,P200,MP9,,T50,PxBH(M),TP21,TA4 TT9,AT,1 (C/D),,,CV9 CV10 CV36,S14,268
3064,,"NITROGLYCERIN, SOLUTION IN ALCOHOL",with more than 1% but not more than 5% nitroglycerin,D,3,3,II,0,359,E0,P300,MP2,,,,,,,2 (B),,,,S2 S14,
3065,a,ALCOHOLIC BEVERAGES,with more than 70% alcohol by volume,F1,3,3,II,5 L,,E2,P001 IBC02 R001,MP19,PP2,T4,LGBF,TP1,,FL,2 (D/E),,,,S2 S20,33
3065,b,ALCOHOLIC BEVERAGES,with more than 24% but not more than 70% alcohol by volume,F1,3,3,III,5 L,144 145 247,E1,P001 IBC03 R001,MP19,PP2,T2,LGBF,TP1,,FL,3 (D/E),V12,,,S2,30
3066,a,PAINT,"(including paint, lacquer, enamel, stain, shellac, varnish, polish, liquid filler and liquid lacquer base)",C9,8,8,II,1 L,163 367,E2,P001 IBC02,MP15,,T7,L4BN,TP2 TP28,,AT,2 (E),,,,,80
3066,b,PAINT RELATED MATERIAL,(including paint thinning and reducing compound),C9,8,8,II,1 L,163 367,E2,P001 IBC02,MP15,,T7,L4BN,TP2 TP28,,AT,2 (E),,,,,80
3066,c,PAINT,"(including paint, lacquer, enamel, stain, shellac, varnish, polish, liquid filler and liquid lacquer base)",C9,8,8,III,5 L,163 367,E1,P001 IBC03 R001,MP19,,T4,L4BN,TP1 TP29,,AT,3 (E),V12,,,,80
3066,d,PAINT RELATED MATERIAL,(including paint thinning and reducing compound),C9,8,8,III,5 L,163 367,E1,P001 IBC03 R001,MP19,,T4,L4BN,TP1 TP29,,AT,3 (E),V12,,,,80
3070,,ETHYLENE OXIDE AND DICHLORODIFLUOROMETHANE MIXTURE,with not more than 12.5% ethylene oxide,2A,2,2.2,,120 mL,392 662,E1,P200,MP9,,(M) T50,PxBN(M),,TA4 TT9,AT,3 (C/E),,,CV9 CV10 CV36,,20
3071,a,"MERCAPTANS, LIQUID, TOXIC, FLAMMABLE, N.O.S.",,TF1,6.1,6.1+3,II,100 mL,274,E4,P001 IBC02,MP15,,T11,L4BH,TP2 TP27,TU15 TE19,FL,2 (D/E),,,CV13 CV28,S2 S9 S19,63
3071,b,"MERCAPTAN MIXTURE, LIQUID, TOXIC, FLAMMABLE, N.O.S.",,TF1,6.1,6.1+3,II,100 mL,274,E4,P001 IBC02,MP15,,T11,L4BH,TP2 TP27,TU15 TE19,FL,2 (D/E),,,CV13 CV28,S2 S9 S19,63
3072,,LIFE-SAVING APPLIANCES NOT SELF-INFLATING,containing dangerous goods as equipment,M5,9,9,,0,296 635,E0,P905,,,,,,,,3 (E),,,,,
3073,,"VINYLPYRIDINES, STABILIZED",,TFC,6.1,6.1+3+8,II,100 mL,386 676,E4,P001 IBC01,MP15,,T7,L4BH,TP2,TU15 TE19,FL,2 (D/E),V8,,CV13 CV28,S2 S4 S9 S19,638
3077,,"ENVIRONMENTALLY HAZARDOUS SUBSTANCE, SOLID, N.O.S.",,M7,9,9,III,5 kg,274 335 375 601,E1,P002 IBC08 LP02 R001,MP10,PP12 B3,T1 BK1 BK2 BK3,SGAV LGBV,TP33,,AT,3 (-),V13,VC1 VC2,CV13,,90
3078,,CERIUM,turnings or gritty powder,W2,4.3,4.3,II,500 g,550,E2,P410 IBC07,MP14,,T3,SGAN,TP33,,AT,2 (D/E),V1,,CV23,,423
3079,,"METHACRYLONITRILE, STABILIZED",,TF1,6.1,6.1+3,I,0,354 386 676,E0,P602,MP8 MP17,,T20,L10CH,TP2,TU14 TU15 TE19 TE21,FL,1 (C/D),V8,,CV1 CV13 CV28,S2 S4 S9 S14,663
3080,a,"ISOCYANATES, TOXIC, FLAMMABLE, N.O.S.",,TF1,6.1,6.1+3,II,100 mL,274 551,E4,P001 IBC02,MP15,,T11,L4BH,TP2 TP27,TU15 TE19,FL,2 (D/E),,,CV13 CV28,S2 S9 S19,63
3080,b,"ISOCYANATE SOLUTION, TOXIC, FLAMMABLE, N.O.S.",,TF1,6.1,6.1+3,II,100 mL,274 551,E4,P001 IBC02,MP15,,T11,L4BH,TP2 TP27,TU15 TE19,FL,2 (D/E),,,CV13 CV28,S2 S9 S19,63
3082,,"ENVIRONMENTALLY HAZARDOUS SUBSTANCE, LIQUID, N.O.S.",,M6,9,9,III,5 L,274 335 375 601,E1,P001 IBC03 LP01 R001,MP19,PP1,T4,LGBV,TP1 TP29,,AT,3 (-),V12,,CV13,,90
3083,,PERCHLORYL FLUORIDE,,2TO,2,2.3+5.1,,0,,E0,P200,MP9,,(M),PxBH(M),,TA4 TT9,AT,1 (C/D),,,CV9 CV10 CV36,S14,265
3084,a,"CORROSIVE SOLID, OXIDIZING, N.O.S.",,CO2,8,8+5.1,I,0,274,E0,P002,MP18,,T6,S10AN L10BH,TP33,,AT,1 (E),,,CV24,S14,885
3084,b,"CORROSIVE SOLID, OXIDIZING, N.O.S.",,CO2,8,8+5.1,II,1 kg,274,E2,P002 IBC06,MP10,,T3,SGAN L4BN,TP33,,AT,2 (E),V11,,CV24,,85
3085,a,"OXIDIZING SOLID, CORROSIVE, N.O.S.",,OC2,5.1,5.1+8,I,0,274,E0,P503,MP2,,,,,,,1 (E),,,CV24,S20,
3085,b,"OXIDIZING SOLID, CORROSIVE, N.O.S.",,OC2,5.1,5.1+8,II,1 kg,274,E2,P002 IBC06,MP2,,T3,SGAN,TP33,TU3,AT,2 (E),V11,,CV24,,58
3085,c,"OXIDIZING SOLID, CORROSIVE, N.O.S.",,OC2,5.1,5.1+8,III,5 kg,274,E1,P002 IBC08 R001,MP2,B3,T1,SGAN,TP33,TU3,AT,3 (E),,,CV24,,58
3086,a,"TOXIC SOLID, OXIDIZING, N.O.S.",,TO2,6.1,6.1+5.1,I,0,274,E5,P002,MP18,,T6,S10AH L10CH,TP33,TU14 TU15 TE19 TE21,AT,1 (C/E),,,CV1 CV13 CV28,S9 S14,665
3086,b,"TOXIC SOLID, OXIDIZING, N.O.S.",,TO2,6.1,6.1+5.1,II,500 g,274,E4,P002 IBC06,MP10,,T3,SGAH L4BH,TP33,TU15 TE19,AT,2 (D/E),V11,,CV13 CV28,S9 S19,65
3087,a,"OXIDIZING SOLID, TOXIC, N.O.S.",,OT2,5.1,5.1+6.1,I,0,274,E0,P503,MP2,,,,,,,1 (E),,,CV24 CV28,S20,
3087,b,"OXIDIZING SOLID, TOXIC, N.O.S.",,OT2,5.1,5.1+6.1,II,1 kg,274,E2,P002 IBC06,MP2,,T3,SGAN,TP33,TU3,AT,2 (E),V11,,CV24 CV28,,56
3087,c,"OXIDIZING SOLID, TOXIC, N.O.S.",,OT2,5.1,5.1+6.1,III,5 kg,274,E1,P002 IBC08 R001,MP2,B3,T1,SGAN,TP33,TU3,AT,3 (E),,,CV24 CV28,,56
3088,a,"SELF-HEATING SOLID, ORGANIC, N.O.S.",,S2,4.2,4.2,II,0,274,E2,P410 IBC06,MP14,,T3,SGAV,TP33,,AT,2 (D/E),V1,,,,40
3088,b,"SELF-HEATING SOLID, ORGANIC, N.O.S.",,S2,4.2,4.2,III,0,274 665,E1,P002 IBC08 LP02 R001,MP14,B3,T1,SGAV,TP33,,AT,3 (E),V1,,,,40
3089,a,"METAL POWDER, FLAMMABLE, N.O.S.",,F3,4.1,4.1,II,1 kg,552,E2,P002 IBC08,MP11,B4,T3,SGAN,TP33,,AT,2 (E),V11,,,,40
3089,b,"METAL POWDER, FLAMMABLE, N.O.S.",,F3,4.1,4.1,III,5 kg,552,E1,P002 IBC08 R001,MP11,B4,T1,SGAV,TP33,,AT,3 (E),V11,VC1 VC2,,,40
3090,a,LITHIUM METAL BATTERIES,(including lithium alloy batteries),M4,9,9A,,0,188 230 310 376 377 387 636,E0,P903 P908 P909 P910 P911 LP903 LP904 LP905 LP906,,,,,,,,2 (E),,,,,
3090,b,"LITHIUM METAL BATTERIES, DAMAGED/DEFECTIVE",(including lithium alloy batteries),M4,9,9A,,0,188 230 310 376 377 387 636,E0,P903 P908 P909 P910 P911 LP903 LP904 LP905 LP906,,,,,,,,2 (E),,,,,
3090,c,"LITHIUM METAL BATTERIES, DAMAGED/DEFECTIVE",(including lithium alloy batteries),M4,9,9A,,0,188 230 310 376 377 387 636,E0,P903 P908 P909 P910 P911 LP903 LP904 LP905 LP906,,,,,,,,2 (E),,,,,
3090,d,LITHIUM METAL BATTERIES FOR DISPOSAL,(including lithium alloy batteries),M4,9,9A,,0,188 230 310 376 377 387 636,E0,P903 P908 P909 P910 P911 LP903 LP904 LP905 LP906,,,,,,,,2 (E),,,,,
3090,e,LITHIUM METAL BATTERIES FOR DISPOSAL,(including lithium alloy batteries),M4,9,9A,,0,188 230 310 376 377 387 636,E0,P903 P908 P909 P910 P911 LP903 LP904 LP905 LP906,,,,,,,,2 (E),,,,,
3090,f,LITHIUM METAL BATTERIES FOR RECYCLING,(including lithium alloy batteries),M4,9,9A,,0,188 230 310 376 377 387 636,E0,P903 P908 P909 P910 P911 LP903 LP904 LP905 LP906,,,,,,,,2 (E),,,,,
3090,g,LITHIUM METAL BATTERIES FOR RECYCLING,(including lithium alloy batteries),M4,9,9A,,0,188 230 310 376 377 387 636,E0,P903 P908 P909 P910 P911 LP903 LP904 LP905 LP906,,,,,,,,2 (E),,,,,
3090,h,LITHIUM METAL BATTERIES,(including lithium alloy batteries),M4,9,9A,,0,188 230 310 376 377 387 636,E0,P903 P908 P909 P910 P911 LP903 LP904 LP905 LP906,,,,,,,,2 (E),,,,,
3091,a,LITHIUM METAL BATTERIES CONTAINED IN EQUIPMENT,(including lithium alloy batteries),M4,9,9A,,0,188 230 310 360 376 377 387 390 670,E0,P903 P908 P909 P910 P911 LP903 LP904 LP905 LP906,,,,,,,,2 (E),,,,,
3091,b,"LITHIUM METAL BATTERIES, DAMAGED/DEFECTIVE, CONTAINED IN EQUIPMENT",(including lithium alloy batteries),M4,9,9A,,0,188 230 310 360 376 377 387 390 670,E0,P903 P908 P909 P910 P911 LP903 LP904 LP905 LP906,,,,,,,,2 (E),,,,,
3091,c,"LITHIUM METAL BATTERIES, DAMAGED/DEFECTIVE, CONTAINED IN EQUIPMENT",(including lithium alloy batteries),M4,9,9A,,0,188 230 310 360 376 377 387 390 670,E0,P903 P908 P909 P910 P911 LP903 LP904 LP905 LP906,,,,,,,,2 (E),,,,,
3091,d,LITHIUM METAL BATTERIES FOR DISPOSAL CONTAINED IN EQUIPMENT,(including lithium alloy batteries),M4,9,9A,,0,188 230 310 360 376 377 387 390 670,E0,P903 P908 P909 P910 P911 LP903 LP904 LP905 LP906,,,,,,,,2 (E),,,,,
3091,e,LITHIUM METAL BATTERIES FOR DISPOSAL CONTAINED IN EQUIPMENT,(including lithium alloy batteries),M4,9,9A,,0,188 230 310 360 376 377 387 390 670,E0,P903 P908 P909 P910 P911 LP903 LP904 LP905 LP906,,,,,,,,2 (E),,,,,
3091,f,LITHIUM METAL BATTERIES FOR RECYCLING CONTAINED IN EQUIPMENT,(including lithium alloy batteries),M4,9,9A,,0,188 230 310 360 376 377 387 390 670,E0,P903 P908 P909 P910 P911 LP903 LP904 LP905 LP906,,,,,,,,2 (E),,,,,
3091,g,LITHIUM METAL BATTERIES FOR RECYCLING CONTAINED IN EQUIPMENT,(including lithium alloy batteries),M4,9,9A,,0,188 230 310 360 376 377 387 390 670,E0,P903 P908 P909 P910 P911 LP903 LP904 LP905 LP906,,,,,,,,2 (E),,,,,
3091,h,LITHIUM METAL BATTERIES CONTAINED IN EQUIPMENT,(including lithium alloy batteries),M4,9,9A,,0,188 230 310 360 376 377 387 390 670,E0,P903 P908 P909 P910 P911 LP903 LP904 LP905 LP906,,,,,,,,2 (E),,,,,
3091,i,LITHIUM METAL BATTERIES PACKED WITH EQUIPMENT,(including lithium alloy batteries),M4,9,9A,,0,188 230 310 360 376 377 387 390 670,E0,P903 P908 P909 P910 P911 LP903 LP904 LP905 LP906,,,,,,,,2 (E),,,,,
3091,j,"LITHIUM METAL BATTERIES, DAMAGED/DEFECTIVE, PACKED WITH EQUIPMENT",(including lithium alloy batteries),M4,9,9A,,0,188 230 310 360 376 377 387 390 670,E0,P903 P908 P909 P910 P911 LP903 LP904 LP905 LP906,,,,,,,,2 (E),,,,,
3091,k,"LITHIUM METAL BATTERIES, DAMAGED/DEFECTIVE, PACKED WITH EQUIPMENT",(including lithium alloy batteries),M4,9,9A,,0,188 230 310 360 376 377 387 390 670,E0,P903 P908 P909 P910 P911 LP903 LP904 LP905 LP906,,,,,,,,2 (E),,,,,
3091,l,LITHIUM METAL BATTERIES FOR DISPOSAL PACKED WITH EQUIPMENT,(including lithium alloy batteries),M4,9,9A,,0,188 230 310 360 376 377 387 390 670,E0,P903 P908 P909 P910 P911 LP903 LP904 LP905 LP906,,,,,,,,2 (E),,,,,
3091,m,LITHIUM METAL BATTERIES FOR DISPOSAL PACKED WITH EQUIPMENT,(including lithium alloy batteries),M4,9,9A,,0,188 230 310 360 376 377 387 390 670,E0,P903 P908 P909 P910 P911 LP903 LP904 LP905 LP906,,,,,,,,2 (E),,,,,
3091,n,LITHIUM METAL BATTERIES FOR RECYCLING PACKED WITH EQUIPMENT,(including lithium alloy batteries),M4,9,9A,,0,188 230 310 360 376 377 387 390 670,E0,P903 P908 P909 P910 P911 LP903 LP904 LP905 LP906,,,,,,,,2 (E),,,,,
3091,o,LITHIUM METAL BATTERIES FOR RECYCLING PACKED WITH EQUIPMENT,(including lithium alloy batteries),M4,9,9A,,0,188 230 310 360 376 377 387 390 670,E0,P903 P908 P909 P910 P911 LP903 LP904 LP905 LP906,,,,,,,,2 (E),,,,,
3091,p,LITHIUM METAL BATTERIES PACKED WITH EQUIPMENT,(including lithium alloy batteries),M4,9,9A,,0,188 230 310 360 376 377 387 390 670,E0,P903 P908 P909 P910 P911 LP903 LP904 LP905 LP906,,,,,,,,2 (E),,,,,
3092,,1-METHOXY-2-PROPANOL,,F1,3,3,III,5 L,,E1,P001 IBC03 LP01 R001,MP19,,T2,LGBF,TP1,,FL,3 (D/E),V12,,,S2,30
3093,a,"CORROSIVE LIQUID, OXIDIZING, N.O.S.",,CO1,8,8+5.1,I,0,274,E0,P001,MP8 MP17,,,L10BH,,,AT,1 (E),,,CV24,S14,885
3093,b,"CORROSIVE LIQUID, OXIDIZING, N.O.S.",,CO1,8,8+5.1,II,1 L,274,E2,P001 IBC02,MP15,,,L4BN,,,AT,2 (E),,,CV24,,85
3094,a,"CORROSIVE LIQUID, WATER-REACTIVE, N.O.S.",,CW1,8,8+4.3,I,0,274,E0,P001,MP8 MP17,,,L10BH,,,AT,1 (D/E),,,,S14,823
3094,b,"CORROSIVE LIQUID, WATER-REACTIVE, N.O.S.",,CW1,8,8+4.3,II,1 L,274,E2,P001,MP15,,,L4BN,,,AT,2 (E),,,,,823
3095,a,"CORROSIVE SOLID, SELF-HEATING, N.O.S.",,CS2,8,8+4.2,I,0,274,E0,P002,MP18,,T6,S10AN,TP33,,AT,1 (E),,,,S14,884
3095,b,"CORROSIVE SOLID, SELF-HEATING, N.O.S.",,CS2,8,8+4.2,II,1 kg,274,E2,P002 IBC06,MP10,,T3,SGAN,TP33,,AT,2 (E),V11,,,,84
3096,a,"CORROSIVE SOLID, WATER-REACTIVE, N.O.S.",,CW2,8,8+4.3,I,0,274,E0,P002,MP18,,T6,S10AN L10BH,TP33,,AT,1 (E),,,,S14,842
3096,b,"CORROSIVE SOLID, WATER-REACTIVE, N.O.S.",,CW2,8,8+4.3,II,1 kg,274,E2,P002 IBC06,MP10,,T3,SGAN L4BN,TP33,,AT,2 (E),V11,,,,842
3097,a,"FLAMMABLE SOLID, OXIDIZING, N.O.S.",,FO,4.1,,,,,,,,,,Carriage prohibited,,,,,,,,,
3097,b,"FLAMMABLE SOLID, OXIDIZING, N.O.S.",,FO,4.1,,,,,,,,,,Carriage prohibited,,,,,,,,,
3098,a,"OXIDIZING LIQUID, CORROSIVE, N.O.S.",,OC1,5.1,5.1+8,I,0,274,E0,P502,MP2,,,,,,,1 (E),,,CV24,S20,
3098,b,"OXIDIZING LIQUID, CORROSIVE, N.O.S.",,OC1,5.1,5.1+8,II,1 L,274,E2,P504 IBC01,MP2,,,,,,,2 (E),,,CV24,,
3098,c,"OXIDIZING LIQUID, CORROSIVE, N.O.S.",,OC1,5.1,5.1+8,III,5 L,274,E1,P504 IBC02 R001,MP2,,,,,,,3 (E),,,CV24,,
3099,a,"OXIDIZING LIQUID, TOXIC, N.O.S.",,OT1,5.1,5.1+6.1,I,0,274,E0,P502,MP2,,,,,,,1 (E),,,CV24 CV28,S20,
3099,b,"OXIDIZING LIQUID, TOXIC, N.O.S.",,OT1,5.1,5.1+6.1,II,1 L,274,E2,P504 IBC01,MP2,,,,,,,2 (E),,,CV24 CV28,,
3099,c,"OXIDIZING LIQUID, TOXIC, N.O.S.",,OT1,5.1,5.1+6.1,III,5 L,274,E1,P504 IBC02 R001,MP2,,,,,,,3 (E),,,CV24 CV28,,
3100,a,"OXIDIZING SOLID, SELF-HEATING, N.O.S.",,OS,5.1,,,,,,,,,,Carriage prohibited,,,,,,,,,
3100,b,"OXIDIZING SOLID, SELF-HEATING, N.O.S.",,OS,5.1,,,,,,,,,,Carriage prohibited,,,,,,,,,
3101,a,"ORGANIC PEROXIDE TYPE B, LIQUID",,P1,5.2,5.2+1,,25 mL,122 181 274,E0,P520,MP4,,,,,,,1 (B),V1 V5,,CV15 CV20 CV22 CV24,S9 S17,
3101,b,"ORGANIC PEROXIDE TYPE B, LIQUID",,P1,5.2,5.2+1,,25 mL,122 181 274,E0,P520,MP4,,,,,,,1 (B),V1 V5,,CV15 CV20 CV22 CV24,S9 S17,
3101,c,"ORGANIC PEROXIDE TYPE B, LIQUID",,P1,5.2,5.2+1,,25 mL,122 181 274,E0,P520,MP4,,,,,,,1 (B),V1 V5,,CV15 CV20 CV22 CV24,S9 S17,
3101,d,"ORGANIC PEROXIDE TYPE B, LIQUID",,P1,5.2,5.2+1,,25 mL,122 181 274,E0,P520,MP4,,,,,,,1 (B),V1 V5,,CV15 CV20 CV22 CV24,S9 S17,
3102,a,"ORGANIC PEROXIDE TYPE B, SOLID",,P1,5.2,5.2+1,,100 g,122 181 274,E0,P520,MP4,,,,,,,1 (B),V1 V5,,CV15 CV20 CV22 CV24,S9 S17,
3102,b,"ORGANIC PEROXIDE TYPE B, SOLID",,P1,5.2,5.2+1,,100 g,122 181 274,E0,P520,MP4,,,,,,,1 (B),V1 V5,,CV15 CV20 CV22 CV24,S9 S17,
3103,a,"ORGANIC PEROXIDE TYPE C, LIQUID",,P1,5.2,5.2,,25 mL,122 274,E0,P520,MP4,,,,,,,1 (D),V1,,CV15 CV20 CV22 CV24,S8 S18,
3103,b,"ORGANIC PEROXIDE TYPE C, LIQUID",,P1,5.2,5.2,,25 mL,122 274,E0,P520,MP4,,,,,,,1 (D),V1,,CV15 CV20 CV22 CV24,S8 S18,
3104,a,"ORGANIC PEROXIDE TYPE C, SOLID",,P1,5.2,5.2,,100 g,122 274,E0,P520,MP4,,,,,,,1 (D),V1,,CV15 CV20 CV22 CV24,S8 S18,
3104,b,"ORGANIC PEROXIDE TYPE C, SOLID",,P1,5.2,5.2,,100 g,122 274,E0,P520,MP4,,,,,,,1 (D),V1,,CV15 CV20 CV22 CV24,S8 S18,
3105,a,"ORGANIC PEROXIDE TYPE D, LIQUID",,P1,5.2,5.2,,125 mL,122 274,E0,P520,MP4,,,,,,,2 (D),V1,,CV15 CV22 CV24,S19,
3105,b,"ORGANIC PEROXIDE TYPE D, LIQUID",,P1,5.2,5.2,,125 mL,122 274,E0,P520,MP4,,,,,,,2 (D),V1,,CV15 CV22 CV24,S19,
3105,c,"ORGANIC PEROXIDE TYPE D, LIQUID",,P1,5.2,5.2,,125 mL,122 274,E0,P520,MP4,,,,,,,2 (D),V1,,CV15 CV22 CV24,S19,
3106,,"ORGANIC PEROXIDE TYPE D, SOLID",,P1,5.2,5.2,,500 g,122 274,E0,P520,MP4,,,,,,,2 (D),V1,,CV15 CV22 CV24,S19,
3107,a,"ORGANIC PEROXIDE TYPE E, LIQUID",,P1,5.2,5.2,,125 mL,122 274,E0,P520,MP4,,,,,,,2 (D),V1,,CV15 CV22 CV24,,
3107,b,"ORGANIC PEROXIDE TYPE E, LIQUID",,P1,5.2,5.2,,125 mL,122 274,E0,P520,MP4,,,,,,,2 (D),V1,,CV15 CV22 CV24,,
3107,c,"ORGANIC PEROXIDE TYPE E, LIQUID",,P1,5.2,5.2,,125 mL,122 274,E0,P520,MP4,,,,,,,2 (D),V1,,CV15 CV22 CV24,,
3108,,"ORGANIC PEROXIDE TYPE E, SOLID",,P1,5.2,5.2,,500 g,122 274,E0,P520,MP4,,,,,,,2 (D),V1,,CV15 CV22 CV24,,
3109,a,"ORGANIC PEROXIDE TYPE F, LIQUID",,P1,5.2,5.2,,125 mL,122 274,E0,P520 IBC520,MP4,,T23,L4BN(+),,TU3 TU13 TU30 TE12 TA2 TM4,AT,2 (D),V1,,CV15 CV22 CV24,,539
3109,b,"ORGANIC PEROXIDE TYPE F, LIQUID",,P1,5.2,5.2,,125 mL,122 274,E0,P520 IBC520,MP4,,T23,L4BN(+),,TU3 TU13 TU30 TE12 TA2 TM4,AT,2 (D),V1,,CV15 CV22 CV24,,539
3109,c,"ORGANIC PEROXIDE TYPE F, LIQUID",,P1,5.2,5.2,,125 mL,122 274,E0,P520 IBC520,MP4,,T23,L4BN(+),,TU3 TU13 TU30 TE12 TA2 TM4,AT,2 (D),V1,,CV15 CV22 CV24,,539
3110,,"ORGANIC PEROXIDE TYPE F, SOLID",,P1,5.2,5.2,,500 g,122 274,E0,P520 IBC520,MP4,,T23,S4AN(+),TP33,TU3 TU13 TU30 TE12 TA2 TM4,AT,2 (D),V1,,CV15 CV22 CV24,,539
3111,a,"ORGANIC PEROXIDE TYPE B, LIQUID, TEMPERATURE CONTROLLED",,P2,5.2,5.2+1,,0,122 181 274,E0,P520,MP4,,,,,,,1 (B),V8,,CV15 CV20 CV21 CV22 CV24,S4 S9 S16,
3111,b,"ORGANIC PEROXIDE TYPE B, LIQUID, TEMPERATURE CONTROLLED",,P2,5.2,5.2+1,,0,122 181 274,E0,P520,MP4,,,,,,,1 (B),V8,,CV15 CV20 CV21 CV22 CV24,S4 S9 S16,
3112,a,"ORGANIC PEROXIDE TYPE B, SOLID, TEMPERATURE CONTROLLED",,P2,5.2,5.2+1,,0,122 181 274,E0,P520,MP4,,,,,,,1 (B),V8,,CV15 CV20 CV21 CV22 CV24,S4 S9 S16,
3112,b,"ORGANIC PEROXIDE TYPE B, SOLID, TEMPERATURE CONTROLLED",,P2,5.2,5.2+1,,0,122 181 274,E0,P520,MP4,,,,,,,1 (B),V8,,CV15 CV20 CV21 CV22 CV24,S4 S9 S16,
3113,,"ORGANIC PEROXIDE TYPE C, LIQUID, TEMPERATURE CONTROLLED",,P2,5.2,5.2,,0,122 274,E0,P520,MP4,,,,,,,1 (D),V8,,CV15 CV20 CV21 CV22 CV24,S4 S8 S17,
3114,,"ORGANIC PEROXIDE TYPE C, SOLID, TEMPERATURE CONTROLLED",,P2,5.2,5.2,,0,122 274,E0,P520,MP4,,,,,,,1 (D),V8,,CV15 CV20 CV21 CV22 CV24,S4 S8 S17,
3115,a,"ORGANIC PEROXIDE TYPE D, LIQUID, TEMPERATURE CONTROLLED",,P2,5.2,5.2,,0,122 274,E0,P520,MP4,,,,,,,1 (D),V8,,CV15 CV21 CV22 CV24,S4 S18,
3115,b,"ORGANIC PEROXIDE TYPE D, LIQUID, TEMPERATURE CONTROLLED",,P2,5.2,5.2,,0,122 274,E0,P520,MP4,,,,,,,1 (D),V8,,CV15 CV21 CV22 CV24,S4 S18,
3116,,"ORGANIC PEROXIDE TYPE D, SOLID, TEMPERATURE CONTROLLED",,P2,5.2,5.2,,0,122 274,E0,P520,MP4,,,,,,,1 (D),V8,,CV15 CV21 CV22 CV24,S4 S18,
3117,,"ORGANIC PEROXIDE TYPE E, LIQUID, TEMPERATURE CONTROLLED",,P2,5.2,5.2,,0,122 274,E0,P520,MP4,,,,,,,1 (D),V8,,CV15 CV21 CV22 CV24,S4 S19,
3118,,"ORGANIC PEROXIDE TYPE E, SOLID, TEMPERATURE CONTROLLED",,P2,5.2,5.2,,0,122 274,E0,P520,MP4,,,,,,,1 (D),V8,,CV15 CV21 CV22 CV24,S4 S19,
3119,a,"ORGANIC PEROXIDE TYPE F, LIQUID, TEMPERATURE CONTROLLED",,P2,5.2,5.2,,0,122 274,E0,P520 IBC520,MP4,,T23,L4BN(+),,TU3 TU13 TU30 TE12 TA2 TM4,AT,1 (D),V8,,CV15 CV21 CV22 CV24,S4,539
3119,b,"ORGANIC PEROXIDE TYPE F, LIQUID, TEMPERATURE CONTROLLED",,P2,5.2,5.2,,0,122 274,E0,P520 IBC520,MP4,,T23,L4BN(+),,TU3 TU13 TU30 TE12 TA2 TM4,AT,1 (D),V8,,CV15 CV21 CV22 CV24,S4,539
3120,,"ORGANIC PEROXIDE TYPE F, SOLID, TEMPERATURE CONTROLLED",,P2,5.2,5.2,,0,122 274,E0,P520 IBC520,MP4,,T23,S4AN(+),TP33,TU3 TU13 TU30 TE12 TA2 TM4,AT,1 (D),V8,,CV15 CV21 CV22 CV24,S4,539
3121,a,"OXIDIZING SOLID, WATER-REACTIVE, N.O.S.",,OW,5.1,,,,,,,,,,Carriage prohibited,,,,,,,,,
3121,b,"OXIDIZING SOLID, WATER-REACTIVE, N.O.S.",,OW,5.1,,,,,,,,,,Carriage prohibited,,,,,,,,,
3122,a,"TOXIC LIQUID, OXIDIZING, N.O.S.",,TO1,6.1,6.1+5.1,I,0,274 315,E0,P001,MP8 MP17,,,L10CH,,TU14 TU15 TE19 TE21,AT,1 (C/E),,,CV1 CV13 CV28,S9 S14,665
3122,b,"TOXIC LIQUID, OXIDIZING, N.O.S.",,TO1,6.1,6.1+5.1,II,100 mL,274,E4,P001 IBC02,MP15,,,L4BH,,TU15 TE19,AT,2 (D/E),,,CV13 CV28,S9 S19,65
3123,a,"TOXIC LIQUID, WATER-REACTIVE, N.O.S.",,TW1,6.1,6.1+4.3,I,0,274 315,E0,P099,MP8 MP17,,,L10CH,,TU14 TU15 TE19 TE21,AT,1 (C/E),,,CV1 CV13 CV28,S9 S14,623
3123,b,"TOXIC LIQUID, WATER-REACTIVE, N.O.S.",,TW1,6.1,6.1+4.3,II,100 mL,274,E4,P001 IBC02,MP15,,,L4BH,,TU15 TE19,AT,2 (D/E),,,CV13 CV28,S9 S19,623
3124,a,"TOXIC SOLID, SELF-HEATING, N.O.S.",,TS,6.1,6.1+4.2,I,0,274,E5,P002,MP18,,T6,S10AH L10CH,TP33,TU14 TU15 TE19 TE21,AT,1 (C/E),,,CV1 CV13 CV28,S9 S14,664
3124,b,"TOXIC SOLID, SELF-HEATING, N.O.S.",,TS,6.1,6.1+4.2,II,0,274,E4,P002 IBC06,MP10,,T3,SGAH L4BH,TP33,TU15 TE19,AT,2 (D/E),V11,,CV13 CV28,S9 S19,64
3125,a,"TOXIC SOLID, WATER-REACTIVE, N.O.S.",,TW2,6.1,6.1+4.3,I,0,274,E5,P099,MP18,,T6,S10AH L10CH,TP33,TU14 TU15 TE19 TE21,AT,1 (C/E),,,CV1 CV13 CV28,S9 S14,642
3125,b,"TOXIC SOLID, WATER-REACTIVE, N.O.S.",,TW2,6.1,6.1+4.3,II,500 g,274,E4,P002 IBC06,MP10,,T3,SGAH L4BH,TP33,TU15 TE19,AT,2 (D/E),V11,,CV13 CV28,S9 S19,642
3126,a,"SELF-HEATING SOLID, CORROSIVE, ORGANIC, N.O.S.",,SC2,4.2,4.2+8,II,0,274,E2,P410 IBC05,MP14,,T3,SGAN,TP33,,AT,2 (D/E),V1,,,,48
3126,b,"SELF-HEATING SOLID, CORROSIVE, ORGANIC, N.O.S.",,SC2,4.2,4.2+8,III,0,274,E1,P002 IBC08 R001,MP14,B3,T1,SGAN,TP33,,AT,3 (E),V1,,,,48
3127,a,"SELF-HEATING SOLID, OXIDIZING, N.O.S",,SO,4.2,,,,,,,,,,Carriage prohibited,,,,,,,,,
3127,b,"SELF-HEATING SOLID, OXIDIZING, N.O.S",,SO,4.2,,,,,,,,,,Carriage prohibited,,,,,,,,,
3128,a,"SELF-HEATING SOLID, TOXIC, ORGANIC, N.O.S.",,ST2,4.2,4.2+6.1,II,0,274,E2,P410 IBC05,MP14,,T3,SGAN,TP33,,AT,2 (D/E),V1,,CV28,,46
3128,b,"SELF-HEATING SOLID, TOXIC, ORGANIC, N.O.S.",,ST2,4.2,4.2+6.1,III,0,274,E1,P002 IBC08 R001,MP14,B3,T1,SGAN,TP33,,AT,3 (E),V1,,CV28,,46
3129,a,"WATER-REACTIVE LIQUID, CORROSIVE, N.O.S.",,WC1,4.3,4.3+8,I,0,274,E0,P402,MP2,RR7 RR8,T14,L10DH,TP2 TP7,TU14 TE21 TM2,AT,0 (B/E),V1,,CV23,S20,X382
3129,b,"WATER-REACTIVE LIQUID, CORROSIVE, N.O.S.",,WC1,4.3,4.3+8,II,500 mL,274,E0,P402 IBC01,MP15,RR7 RR8,T11,L4DH,TP2 TP7,TU14 TE21 TM2,AT,0 (D/E),V1,,CV23,,382
3129,c,"WATER-REACTIVE LIQUID, CORROSIVE, N.O.S.",,WC1,4.3,4.3+8,III,1 L,274,E1,P001 IBC02 R001,MP15,,T7,L4DH,TP2 TP7,TU14 TE21 TM2,AT,0 (E),V1,,CV23,,382
3130,a,"WATER-REACTIVE LIQUID, TOXIC, N.O.S.",,WT1,4.3,4.3+6.1,I,0,274,E0,P402,MP2,RR4 RR8,,L10DH,,TU14 TE21 TM2,AT,0 (B/E),V1,,CV23 CV28,S20,X362
3130,b,"WATER-REACTIVE LIQUID, TOXIC, N.O.S.",,WT1,4.3,4.3+6.1,II,500 mL,274,E0,P402 IBC01,MP15,RR4 RR8 BB1,,L4DH,,TU14 TE21 TM2,AT,0 (D/E),V1,,CV23 CV28,,362
3130,c,"WATER-REACTIVE LIQUID, TOXIC, N.O.S.",,WT1,4.3,4.3+6.1,III,1 L,274,E1,P001 IBC02 R001,MP15,,,L4DH,,TU14 TE21 TM2,AT,0 (E),V1,,CV23 CV28,,362
3131,a,"WATER-REACTIVE SOLID, CORROSIVE, N.O.S.",,WC2,4.3,4.3+8,I,0,274,E0,P403,MP2,,T9,S10AN L10DH,TP7 TP33,TU4 TU14 TU22 TE21 TM2,AT,0 (B/E),V1,,CV23,S20,X482
3131,b,"WATER-REACTIVE SOLID, CORROSIVE, N.O.S.",,WC2,4.3,4.3+8,II,500 g,274,E2,P410 IBC06,MP14,,T3,SGAN,TP33,,AT,0 (D/E),V1,,CV23,,482
3131,c,"WATER-REACTIVE SOLID, CORROSIVE, N.O.S.",,WC2,4.3,4.3+8,III,1 kg,274,E1,P410 IBC08 R001,MP14,B4,T1,SGAN,TP33,,AT,0 (E),V1,,CV23,,482
3132,a,"WATER-REACTIVE SOLID, FLAMMABLE, N.O.S.",,WF2,4.3,4.3+4.1,I,0,274,E0,P403 IBC99,MP2,,,,,,,0 (E),V1,,CV23,S20,
3132,b,"WATER-REACTIVE SOLID, FLAMMABLE, N.O.S.",,WF2,4.3,4.3+4.1,II,500 g,274,E2,P410 IBC04,MP14,,T3,SGAN L4DH,TP33,TU14 TE21 TM2,AT,0 (D/E),V1,,CV23,,423
3132,c,"WATER-REACTIVE SOLID, FLAMMABLE, N.O.S.",,WF2,4.3,4.3+4.1,III,1 kg,274,E1,P410 IBC06,MP14,,T1,SGAN L4DH,TP33,TU14 TE21 TM2,AT,0 (E),V1,,CV23,,423
3133,a,"WATER-REACTIVE SOLID, OXIDIZING, N.O.S.",,WO,4.3,,,,,,,,,,Carriage prohibited,,,,,,,,,
3133,b,"WATER-REACTIVE SOLID, OXIDIZING, N.O.S.",,WO,4.3,,,,,,,,,,Carriage prohibited,,,,,,,,,
3134,a,"WATER-REACTIVE SOLID, TOXIC, N.O.S.",,WT2,4.3,4.3+6.1,I,0,274,E0,P403,MP2,,,,,,,0 (E),V1,,CV23 CV28,S20,
3134,b,"WATER-REACTIVE SOLID, TOXIC, N.O.S.",,WT2,4.3,4.3+6.1,II,500 g,274,E2,P410 IBC05,MP14,,T3,SGAN,TP33,,AT,0 (D/E),V1,,CV23 CV28,,462
3134,c,"WATER-REACTIVE SOLID, TOXIC, N.O.S.",,WT2,4.3,4.3+6.1,III,1 kg,274,E1,P410 IBC08 R001,MP14,B4,T1,SGAN,TP33,,AT,0 (E),V1,,CV23 CV28,,462
3135,a,"WATER-REACTIVE SOLID, SELF-HEATING, N.O.S.",,WS,4.3,4.3+4.2,I,0,274,E0,P403,MP2,,,,,,,1 (E),V1,,CV23,S20,
3135,b,"WATER-REACTIVE SOLID, SELF-HEATING, N.O.S.",,WS,4.3,4.3+4.2,II,0,274,E2,P410 IBC05,MP14,,T3,SGAN L4DH,TP33,TU14 TE21 TM2,AT,2 (D/E),V1,,CV23,,423
3135,c,"WATER-REACTIVE SOLID, SELF-HEATING, N.O.S.",,WS,4.3,4.3+4.2,III,0,274,E1,P410 IBC08,MP14,B4,T1,SGAN L4DH,TP33,TU14 TE21 TM2,AT,3 (E),V1,,CV23,,423
3136,,"TRIFLUOROMETHANE, REFRIGERATED LIQUID",,3A,2,2.2,,120 mL,593,E1,P203,MP9,,T75,RxBN,TP5,TU19 TA4 TT9,AT,3 (C/E),V5,,CV9 CV11 CV36,S20,22
3137,,"OXIDIZING SOLID, FLAMMABLE, N.O.S.",,OF,5.1,,,,,,,,,,Carriage prohibited,,,,,,,,,
3138,,"ETHYLENE, ACETYLENE AND PROPYLENE MIXTURE, REFRIGERATED LIQUID containing at least 71.5% ethylene",with not more than 22.5% acetylene and not more than 6% propylene,3F,2,2.1,,0,,E0,P203,MP9,,T75,RxBN,TP5,TU18 TA4 TT9,FL,2 (B/D),V5,,CV9 CV11 CV36,S2 S17,223
3139,a,"OXIDIZING LIQUID, N.O.S.",,O1,5.1,5.1,I,0,274,E0,P502,MP2,,,,,,,1 (E),,,CV24,S20,
3139,b,"OXIDIZING LIQUID, N.O.S.",,O1,5.1,5.1,II,1 L,274,E2,P504 IBC02,MP2,,,,,,,2 (E),,,CV24,,
3139,c,"OXIDIZING LIQUID, N.O.S.",,O1,5.1,5.1,III,5 L,274,E1,P504 IBC02 R001,MP2,,,,,,,3 (E),,,CV24,,
3140,a,"ALKALOIDS, LIQUID, N.O.S.",,T1,6.1,6.1,I,0,43 274,E5,P001,MP8 MP17,,,L10CH,,TU14 TU15 TE19 TE21,AT,1 (C/E),,,CV1 CV13 CV28,S9 S14,66
3140,b,"ALKALOID SALTS, LIQUID, N.O.S.",,T1,6.1,6.1,I,0,43 274,E5,P001,MP8 MP17,,,L10CH,,TU14 TU15 TE19 TE21,AT,1 (C/E),,,CV1 CV13 CV28,S9 S14,66
3140,c,"ALKALOIDS, LIQUID, N.O.S.",,T1,6.1,6.1,II,100 mL,43 274,E4,P001 IBC02,MP15,,,L4BH,,TU15 TE19,AT,2 (D/E),,,CV13 CV28,S9 S19,60
3140,d,"ALKALOID SALTS, LIQUID, N.O.S.",,T1,6.1,6.1,II,100 mL,43 274,E4,P001 IBC02,MP15,,,L4BH,,TU15 TE19,AT,2 (D/E),,,CV13 CV28,S9 S19,60
3140,e,"ALKALOIDS, LIQUID, N.O.S.",,T1,6.1,6.1,III,5 L,43 274,E1,P001 IBC03 LP01 R001,MP19,,,L4BH,,TU15 TE19,AT,2 (E),V12,,CV13 CV28,S9,60
3140,f,"ALKALOID SALTS, LIQUID, N.O.S.",,T1,6.1,6.1,III,5 L,43 274,E1,P001 IBC03 LP01 R001,MP19,,,L4BH,,TU15 TE19,AT,2 (E),V12,,CV13 CV28,S9,60
3141,,"ANTIMONY COMPOUND, INORGANIC, LIQUID, N.O.S.",,T4,6.1,6.1,III,5 L,45 274 512,E1,P001 IBC03 LP01 R001,MP19,,,L4BH,,TU15 TE19,AT,2 (E),V12,,CV13 CV28,S9,60
3142,a,"DISINFECTANT, LIQUID, TOXIC, N.O.S.",,T1,6.1,6.1,I,0,274,E5,P001,MP8 MP17,,,L10CH,,TU14 TU15 TE19 TE21,AT,1 (C/E),,,CV1 CV13 CV28,S9 S14,66
3142,b,"DISINFECTANT, LIQUID, TOXIC, N.O.S.",,T1,6.1,6.1,II,100 mL,274,E4,P001 IBC02,MP15,,,L4BH,,TU15 TE19,AT,2 (D/E),,,CV13 CV28,S9 S19,60
3142,c,"DISINFECTANT, LIQUID, TOXIC, N.O.S.",,T1,6.1,6.1,III,5 L,274,E1,P001 IBC03 LP01 R001,MP19,,,L4BH,,TU15 TE19,AT,2 (E),V12,,CV13 CV28,S9,60
3143,a,"DYE, SOLID, TOXIC, N.O.S.",,T2,6.1,6.1,I,0,274,E5,P002 IBC07,MP18,,T6,S10AH L10CH,TP33,TU15 TE19,AT,1 (C/E),V10,,CV1 CV13 CV28,S9 S14,66
3143,b,"DYE INTERMEDIATE, SOLID, TOXIC, N.O.S.",,T2,6.1,6.1,I,0,274,E5,P002 IBC07,MP18,,T6,S10AH L10CH,TP33,TU15 TE19,AT,1 (C/E),V10,,CV1 CV13 CV28,S9 S14,66
3143,c,"DYE, SOLID, TOXIC, N.O.S.",,T2,6.1,6.1,II,500 g,274,E4,P002 IBC08,MP10,B4,T3,SGAH L4BH,TP33,TU15 TE19,AT,2 (D/E),V11,,CV13 CV28,S9 S19,60
3143,d,"DYE INTERMEDIATE, SOLID, TOXIC, N.O.S.",,T2,6.1,6.1,II,500 g,274,E4,P002 IBC08,MP10,B4,T3,SGAH L4BH,TP33,TU15 TE19,AT,2 (D/E),V11,,CV13 CV28,S9 S19,60
3143,e,"DYE, SOLID, TOXIC, N.O.S.",,T2,6.1,6.1,III,5 kg,274,E1,P002 IBC08 LP02 R001,MP10,B3,T1,SGAH L4BH,TP33,TU15 TE19,AT,2 (E),,VC1 VC2 AP7,CV13 CV28,S9,60
3143,f,"DYE INTERMEDIATE, SOLID, TOXIC, N.O.S.",,T2,6.1,6.1,III,5 kg,274,E1,P002 IBC08 LP02 R001,MP10,B3,T1,SGAH L4BH,TP33,TU15 TE19,AT,2 (E),,VC1 VC2 AP7,CV13 CV28,S9,60
3144,a,"NICOTINE COMPOUND, LIQUID, N.O.S.",,T1,6.1,6.1,I,0,43 274,E5,P001,MP8 MP17,,,L10CH,,TU14 TU15 TE19 TE21,AT,1 (C/E),,,CV1 CV13 CV28,S9 S14,66
3144,b,"NICOTINE PREPARATION, LIQUID, N.O.S.",,T1,6.1,6.1,I,0,43 274,E5,P001,MP8 MP17,,,L10CH,,TU14 TU15 TE19 TE21,AT,1 (C/E),,,CV1 CV13 CV28,S9 S14,66
3144,c,"NICOTINE COMPOUND, LIQUID, N.O.S.",,T1,6.1,6.1,II,100 mL,43 274,E4,P001 IBC02,MP15,,,L4BH,,TU15 TE19,AT,2 (D/E),,,CV13 CV28,S9 S19,60
3144,d,"NICOTINE PREPARATION, LIQUID, N.O.S.",,T1,6.1,6.1,II,100 mL,43 274,E4,P001 IBC02,MP15,,,L4BH,,TU15 TE19,AT,2 (D/E),,,CV13 CV28,S9 S19,60
3144,e,"NICOTINE COMPOUND, LIQUID, N.O.S.",,T1,6.1,6.1,III,5 L,43 274,E1,P001 IBC03 LP01 R001,MP19,,,L4BH,,TU15 TE19,AT,2 (E),V12,,CV13 CV28,S9,60
3144,f,"NICOTINE PREPARATION, LIQUID, N.O.S.",,T1,6.1,6.1,III,5 L,43 274,E1,P001 IBC03 LP01 R001,MP19,,,L4BH,,TU15 TE19,AT,2 (E),V12,,CV13 CV28,S9,60
3145,a,"ALKYLPHENOLS, LIQUID, N.O.S.",(including C2-C12 homologues),C3,8,8,I,0,,E0,P001,MP8 MP17,,T14,L10BH,TP2,,AT,1 (E),,,,S20,88
3145,b,"ALKYLPHENOLS, LIQUID, N.O.S.",(including C2-C12 homologues),C3,8,8,II,1 L,,E2,P001 IBC02,MP15,,T11,L4BN,TP2 TP27,,AT,2 (E),,,,,80
3145,c,"ALKYLPHENOLS, LIQUID, N.O.S.",(including C2-C12 homologues),C3,8,8,III,5 L,,E1,P001 IBC03 LP01 R001,MP19,,T7,L4BN,TP1 TP28,,AT,3 (E),V12,,,,80
3146,a,"ORGANOTIN COMPOUND, SOLID, N.O.S.",,T3,6.1,6.1,I,0,43 274,E5,P002 IBC07,MP18,,T6,S10AH L10CH,TP33,TU14 TU15 TE19 TE21,AT,1 (C/E),V10,,CV1 CV13 CV28,S9 S14,66
3146,b,"ORGANOTIN COMPOUND, SOLID, N.O.S.",,T3,6.1,6.1,II,500 g,43 274,E4,P002 IBC08,MP10,B4,T3,SGAH L4BH,TP33,TU15 TE19,AT,2 (D/E),V11,,CV13 CV28,S9 S19,60
3146,c,"ORGANOTIN COMPOUND, SOLID, N.O.S.",,T3,6.1,6.1,III,5 kg,43 274,E1,P002 IBC08 LP02 R001,MP10,B3,T1,SGAH L4BH,TP33,TU15 TE19,AT,2 (E),,VC1 VC2 AP7,CV13 CV28,S9,60
3147,a,"DYE, SOLID, CORROSIVE, N.O.S.",,C10,8,8,I,0,274,E0,P002 IBC07,MP18,,T6,S10AN L10BH,TP33,,AT,1 (E),V10,,,S20,88
3147,b,"DYE INTERMEDIATE, SOLID, CORROSIVE, N.O.S.",,C10,8,8,I,0,274,E0,P002 IBC07,MP18,,T6,S10AN L10BH,TP33,,AT,1 (E),V10,,,S20,88
3147,c,"DYE, SOLID, CORROSIVE, N.O.S.",,C10,8,8,II,1 kg,274,E2,P002 IBC08,MP10,B4,T3,SGAN L4BN,TP33,,AT,2 (E),V11,,,,80
3147,d,"DYE INTERMEDIATE, SOLID, CORROSIVE, N.O.S.",,C10,8,8,II,1 kg,274,E2,P002 IBC08,MP10,B4,T3,SGAN L4BN,TP33,,AT,2 (E),V11,,,,80
3147,e,"DYE, SOLID, CORROSIVE, N.O.S.",,C10,8,8,III,5 kg,274,E1,P002 IBC08 LP02 R001,MP10,B3,T1,SGAV L4BN,TP33,,AT,3 (E),,VC1 VC2 AP7,,,80
3147,f,"DYE INTERMEDIATE, SOLID, CORROSIVE, N.O.S.",,C10,8,8,III,5 kg,274,E1,P002 IBC08 LP02 R001,MP10,B3,T1,SGAV L4BN,TP33,,AT,3 (E),,VC1 VC2 AP7,,,80
3148,a,"WATER-REACTIVE LIQUID, N.O.S.",,W1,4.3,4.3,I,0,274,E0,P402,MP2,RR8,T13,L10DH,TP2 TP7,TU14 TE21 TM2,AT,0 (B/E),V1,,CV23,S20,X323
3148,b,"WATER-REACTIVE LIQUID, N.O.S.",,W1,4.3,4.3,II,500 mL,274,E2,P402 IBC01,MP15,RR8,T7,L4DH,TP2 TP7,TU14 TE21 TM2,AT,0 (D/E),V1,,CV23,,323
3148,c,"WATER-REACTIVE LIQUID, N.O.S.",,W1,4.3,4.3,III,1 L,274,E1,P001 IBC02 R001,MP15,,T7,L4DH,TP2 TP7,TU14 TE21 TM2,AT,0 (E),V1,,CV23,,323
3149,,"HYDROGEN PEROXIDE AND PEROXYACETIC ACID MIXTURE, STABILIZED","with acid(s), water and not more than 5% peroxyacetic acid",OC1,5.1,5.1+8,II,1 L,196 553,E2,P504 IBC02,MP15,PP10 B5,T7,L4BV(+),TP2 TP6 TP24,TU3 TC2 TE8 TE11 TT1,AT,2 (E),,,CV24,,58
3150,a,"DEVICES, SMALL, HYDROCARBON GAS POWERED",with release device,6F,2,2.1,,0,,E0,P209,MP9,,,,,,,2 (D),,,CV9,S2,
3150,b,HYDROCARBON GAS REFILLS FOR SMALL DEVICES,with release device,6F,2,2.1,,0,,E0,P209,MP9,,,,,,,2 (D),,,CV9,S2,
3151,a,"POLYHALOGENATED BIPHENYLS, LIQUID",,M2,9,9,II,1 L,203 305,E2,P906 IBC02,MP15,,,L4BH,,TU15,AT,0 (D/E),,VC1 VC2 AP9,CV1 CV13 CV28,S19,90
3151,b,"HALOGENATED MONOMETHYLDIPHENYLMETHANES, LIQUID",,M2,9,9,II,1 L,203 305,E2,P906 IBC02,MP15,,,L4BH,,TU15,AT,0 (D/E),,VC1 VC2 AP9,CV1 CV13 CV28,S19,90
3151,c,"POLYHALOGENATED TERPHENYLS, LIQUID",,M2,9,9,II,1 L,203 305,E2,P906 IBC02,MP15,,,L4BH,,TU15,AT,0 (D/E),,VC1 VC2 AP9,CV1 CV13 CV28,S19,90
3152,a,"POLYHALOGENATED BIPHENYLS, SOLID",,M2,9,9,II,1 kg,203 305,E2,P906 IBC08,MP10,B4,T3,S4AH L4BH,TP33,TU15,AT,0 (D/E),V11,VC1 VC2 AP9,CV1 CV13 CV28,S19,90
3152,b,"HALOGENATED MONOMETHYLDIPHENYLMETHANES, SOLID",,M2,9,9,II,1 kg,203 305,E2,P906 IBC08,MP10,B4,T3,S4AH L4BH,TP33,TU15,AT,0 (D/E),V11,VC1 VC2 AP9,CV1 CV13 CV28,S19,90
3152,c,"POLYHALOGENATED TERPHENYLS, SOLID",,M2,9,9,II,1 kg,203 305,E2,P906 IBC08,MP10,B4,T3,S4AH L4BH,TP33,TU15,AT,0 (D/E),V11,VC1 VC2 AP9,CV1 CV13 CV28,S19,90
3153,,PERFLUORO(METHYL VINYL ETHER),,2F,2,2.1,,0,662,E0,P200,MP9,,(M) T50,PxBN(M),,TA4 TT9,FL,2 (B/D),,,CV9 CV10 CV36,S2 S20,23
3154,,PERFLUORO(ETHYL VINYL ETHER),,2F,2,2.1,,0,662,E0,P200,MP9,,(M),PxBN(M),,TA4 TT9,FL,2 (B/D),,,CV9 CV10 CV36,S2 S20,23
3155,,PENTACHLOROPHENOL,,T2,6.1,6.1,II,500 g,43,E4,P002 IBC08,MP10,B4,T3,SGAH,TP33,TU15 TE19,AT,2 (D/E),V11,,CV13 CV28,S9 S19,60
3156,,"COMPRESSED GAS, OXIDIZING, N.O.S.",,1O,2,2.2+5.1,,0,274 655 662,E0,P200,MP9,,(M),CxBN(M),,TA4 TT9,AT,3 (E),,,CV9 CV10 CV36,,25
3157,,"LIQUEFIED GAS, OXIDIZING, N.O.S.",,2O,2,2.2+5.1,,0,274 662,E0,P200,MP9,,(M),PxBN(M),,TA4 TT9,AT,3 (C/E),,,CV9 CV10 CV36,,25
3158,,"GAS, REFRIGERATED LIQUID, N.O.S.",,3A,2,2.2,,120 mL,274 593,E1,P203,MP9,,T75,RxBN,TP5,TU19 TA4 TT9,AT,3 (C/E),V5,,CV9 CV11 CV36,S20,22
3159,a,"1,1,1,2-TETRAFLUOROETHANE",,2A,2,2.2,,120 mL,662,E1,P200,MP9,,(M) T50,PxBN(M),,TA4 TT9,AT,3 (C/E),,,CV9 CV10 CV36,,20
3159,b,REFRIGERANT GAS R 134a,,2A,2,2.2,,120 mL,662,E1,P200,MP9,,(M) T50,PxBN(M),,TA4 TT9,AT,3 (C/E),,,CV9 CV10 CV36,,20
3160,,"LIQUEFIED GAS, TOXIC, FLAMMABLE, N.O.S.",,2TF,2,2.3+2.1,,0,274,E0,P200,MP9,,(M),PxBH(M),,TU6 TA4 TT9,FL,1 (B/D),,,CV9 CV10 CV36,S2 S14,263
3161,,"LIQUEFIED GAS, FLAMMABLE, N.O.S.",,2F,2,2.1,,0,274 662,E0,P200,MP9,,(M) T50,PxBN(M),,TA4 TT9,FL,2 (B/D),,,CV9 CV10 CV36,S2 S20,23
3162,,"LIQUEFIED GAS, TOXIC, N.O.S.",,2T,2,2.3,,0,274,E0,P200,MP9,,(M),PxBH(M),,TU6 TA4 TT9,AT,1 (C/D),,,CV9 CV10 CV36,S14,26
3163,,"LIQUEFIED GAS, N.O.S.",,2A,2,2.2,,120 mL,274 392 662,E1,P200,MP9,,(M) T50,PxBN(M),,TA4 TT9,AT,3 (C/E),,,CV9 CV10 CV36,,20
3164,a,"ARTICLES, PRESSURIZED, PNEUMATIC",(containing non-flammable gas),6A,2,2.2,,120 mL,283 371 594,E0,P003,MP9,PP32,,,,,,3 (E),,,CV9,,
3164,b,"ARTICLES, PRESSURIZED, HYDRAULIC",(containing non-flammable gas),6A,2,2.2,,120 mL,283 371 594,E0,P003,MP9,PP32,,,,,,3 (E),,,CV9,,
3165,,AIRCRAFT HYDRAULIC POWER UNIT FUEL TANK,(containing a mixture of anhydrous hydrazine and methylhydrazine) (M86 fuel),FTC,3,3+6.1+8,I,0,,E0,P301,MP7,,,,,,,1 (E),,,CV13 CV28,S2 S19,
3166,a,"VEHICLE, FLAMMABLE GAS POWERED",,M11,9,,,,388 666 667 669,,,,,,,,,,- (-),,,,,
3166,b,"VEHICLE, FLAMMABLE LIQUID POWERED",,M11,9,,,,388 666 667 669,,,,,,,,,,- (-),,,,,
3166,c,"VEHICLE, FUEL CELL, FLAMMABLE GAS POWERED",,M11,9,,,,388 666 667 669,,,,,,,,,,- (-),,,,,
3166,d,"VEHICLE, FUEL CELL, FLAMMABLE LIQUID POWERED",,M11,9,,,,388 666 667 669,,,,,,,,,,- (-),,,,,
3167,,"GAS SAMPLE, NON-PRESSURIZED, FLAMMABLE, N.O.S.",not refrigerated liquid,7F,2,2.1,,0,,E0,P201,MP9,,,,,,,2 (D),,,CV9,S2,
3168,,"GAS SAMPLE, NON-PRESSURIZED, TOXIC, FLAMMABLE, N.O.S.",not refrigerated liquid,7TF,2,2.3+2.1,,0,,E0,P201,MP9,,,,,,,1 (D),,,CV9,S2,
3169,,"GAS SAMPLE, NON-PRESSURIZED, TOXIC, N.O.S.",not refrigerated liquid,7T,2,2.3,,0,,E0,P201,MP9,,,,,,,1 (D),,,CV9,,
3170,a,ALUMINIUM SMELTING BY PRODUCTS,,W2,4.3,4.3,II,500 g,244,E2,P410 IBC07,MP14,,T3 BK1 BK2,SGAN,TP33,,AT,2 (D/E),V1,VC1 VC2 AP2,CV23 CV37,,423
3170,b,ALUMINIUM REMELTING BY PRODUCTS,,W2,4.3,4.3,II,500 g,244,E2,P410 IBC07,MP14,,T3 BK1 BK2,SGAN,TP33,,AT,2 (D/E),V1,VC1 VC2 AP2,CV23 CV37,,423
3170,c,ALUMINIUM SMELTING BY PRODUCTS,,W2,4.3,4.3,III,1 kg,244,E1,P002 IBC08 R001,MP14,B4,T1 BK1 BK2,SGAN,TP33,,AT,3 (E),V1,VC1 VC2 AP2,CV23 CV37,,423
3170,d,ALUMINIUM REMELTING BY PRODUCTS,,W2,4.3,4.3,III,1 kg,244,E1,P002 IBC08 R001,MP14,B4,T1 BK1 BK2,SGAN,TP33,,AT,3 (E),V1,VC1 VC2 AP2,CV23 CV37,,423
3171,a,BATTERY-POWERED VEHICLE,,M11,9,,,,388 666 667 669,,,,,,,,,,- (-),,,,,
3171,b,BATTERY-POWERED EQUIPMENT,,M11,9,,,,388 666 667 669,,,,,,,,,,- (-),,,,,
3172,a,"TOXINS, EXTRACTED FROM LIVING SOURCES, LIQUID, N.O.S.",,T1,6.1,6.1,I,0,210 274,E5,P001,MP8 MP17,,,L10CH,,TU14 TU15 TE19 TE21,AT,1 (C/E),,,CV1 CV13 CV28,S9 S14,66
3172,b,"TOXINS, EXTRACTED FROM LIVING SOURCES, LIQUID, N.O.S.",,T1,6.1,6.1,II,100 mL,210 274,E4,P001 IBC02,MP15,,,L4BH,,TU15 TE19,AT,2 (D/E),,,CV13 CV28,S9 S19,60
3172,c,"TOXINS, EXTRACTED FROM LIVING SOURCES, LIQUID, N.O.S.",,T1,6.1,6.1,III,5 L,210 274,E1,P001 IBC03 LP01 R001,MP19,,,L4BH,,TU15 TE19,AT,2 (E),V12,,CV13 CV28,S9,60
3174,,TITANIUM DISULPHIDE,,S4,4.2,4.2,III,0,,E1,P002 IBC08 LP02 R001,MP14,B3,T1,SGAN,TP33,,AT,3 (E),V1,,,,40
3175,,"SOLIDS or mixtures of solids (such as preparations and wastes) CONTAINING FLAMMABLE LIQUID, N.O.S.",having a flashpoint up to 60°C,F1,4.1,4.1,II,1 kg,216 274 601,E2,P002 IBC06 R001,MP11,PP9,T3 BK1 BK2,,TP33,,AT,2 (E),V11,VC1 VC2 AP2,,,40
3176,a,"FLAMMABLE SOLID, ORGANIC, MOLTEN, N.O.S.",,F2,4.1,4.1,II,0,274,E0,,,,T3,LGBV,TP3 TP26,TU27 TE4 TE6,AT,2 (E),,,,,44
3176,b,"FLAMMABLE SOLID, ORGANIC, MOLTEN, N.O.S.",,F2,4.1,4.1,III,0,274,E0,,,,T1,LGBV,TP3 TP26,TU27 TE4 TE6,AT,3 (E),,,,,44
3178,a,"FLAMMABLE SOLID, INORGANIC, N.O.S.",,F3,4.1,4.1,II,1 kg,274,E2,P002 IBC08,MP11,B4,T3,SGAN,TP33,,AT,2 (E),V11,,,,40
3178,b,"FLAMMABLE SOLID, INORGANIC, N.O.S.",,F3,4.1,4.1,III,5 kg,274,E1,P002 IBC08 LP02 R001,MP11,B3,T1,SGAV,TP33,,AT,3 (E),,VC1 VC2,,,40
3179,a,"FLAMMABLE SOLID, TOXIC, INORGANIC, N.O.S.",,FT2,4.1,4.1+6.1,II,1 kg,274,E2,P002 IBC06,MP10,,T3,SGAN,TP33,,AT,2 (E),V11,,CV28,,46
3179,b,"FLAMMABLE SOLID, TOXIC, INORGANIC, N.O.S.",,FT2,4.1,4.1+6.1,III,5 kg,274,E1,P002 IBC06 R001,MP10,,T1,SGAN,TP33,,AT,3 (E),,,CV28,,46
3180,a,"FLAMMABLE SOLID, CORROSIVE, INORGANIC, N.O.S.",,FC2,4.1,4.1+8,II,1 kg,274,E2,P002 IBC06,MP10,,T3,SGAN,TP33,,AT,2 (E),V11,,,,48
3180,b,"FLAMMABLE SOLID, CORROSIVE, INORGANIC, N.O.S.",,FC2,4.1,4.1+8,III,5 kg,274,E1,P002 IBC06 R001,MP10,,T1,SGAN,TP33,,AT,3 (E),,,,,48
3181,a,"METAL SALTS OF ORGANIC COMPOUNDS, FLAMMABLE, N.O.S.",,F3,4.1,4.1,II,1 kg,274,E2,P002 IBC08,MP11,B4,T3,SGAN,TP33,,AT,2 (E),V11,,,,40
3181,b,"METAL SALTS OF ORGANIC COMPOUNDS, FLAMMABLE, N.O.S.",,F3,4.1,4.1,III,5 kg,274,E1,P002 IBC08 LP02 R001,MP11,B3,T1,SGAV,TP33,,AT,3 (E),,VC1 VC2,,,40
3182,a,"METAL HYDRIDES, FLAMMABLE, N.O.S.",,F3,4.1,4.1,II,1 kg,274 554,E2,P410 IBC04,MP11,PP40,T3,SGAN,TP33,,AT,2 (E),,,,,40
3182,b,"METAL HYDRIDES, FLAMMABLE, N.O.S.",,F3,4.1,4.1,III,5 kg,274 554,E1,P002 IBC04 R001,MP11,,T1,SGAV,TP33,,AT,3 (E),,VC1 VC2,,,40
3183,a,"SELF-HEATING LIQUID, ORGANIC, N.O.S.",,S1,4.2,4.2,II,0,274,E2,P001 IBC02,MP15,,,L4DH,,TU14 TE21,AT,2 (D/E),V1,,,,30
3183,b,"SELF-HEATING LIQUID, ORGANIC, N.O.S.",,S1,4.2,4.2,III,0,274,E1,P001 IBC02 R001,MP15,,,L4DH,,TU14 TE21,AT,3 (E),V1,,,,30
3184,a,"SELF-HEATING LIQUID, TOXIC, ORGANIC, N.O.S.",,ST1,4.2,4.2+6.1,II,0,274,E2,P402 IBC02,MP15,,,L4DH,,TU14 TE21,AT,2 (D/E),V1,,CV28,,36
3184,b,"SELF-HEATING LIQUID, TOXIC, ORGANIC, N.O.S.",,ST1,4.2,4.2+6.1,III,0,274,E1,P001 IBC02 R001,MP15,,,L4DH,,TU14 TE21,AT,3 (E),V1,,CV28,,36
3185,a,"SELF-HEATING LIQUID, CORROSIVE, ORGANIC, N.O.S.",,SC1,4.2,4.2+8,II,0,274,E2,P402 IBC02,MP15,,,L4DH,,TU14 TE21,AT,2 (D/E),V1,,,,38
3185,b,"SELF-HEATING LIQUID, CORROSIVE, ORGANIC, N.O.S.",,SC1,4.2,4.2+8,III,0,274,E1,P001 IBC02 R001,MP15,,,L4DH,,TU14 TE21,AT,3 (E),V1,,,,38
3186,a,"SELF-HEATING LIQUID, INORGANIC, N.O.S.",,S3,4.2,4.2,II,0,274,E2,P001 IBC02,MP15,,,L4DH,,TU14 TE21,AT,2 (D/E),V1,,,,30
3186,b,"SELF-HEATING LIQUID, INORGANIC, N.O.S.",,S3,4.2,4.2,III,0,274,E1,P001 IBC02 R001,MP15,,,L4DH,,TU14 TE21,AT,3 (E),V1,,,,30
3187,a,"SELF-HEATING LIQUID, TOXIC, INORGANIC, N.O.S.",,ST3,4.2,4.2+6.1,II,0,274,E2,P402 IBC02,MP15,,,L4DH,,TU14 TE21,AT,2 (D/E),V1,,CV28,,36
3187,b,"SELF-HEATING LIQUID, TOXIC, INORGANIC, N.O.S.",,ST3,4.2,4.2+6.1,III,0,274,E1,P001 IBC02 R001,MP15,,,L4DH,,TU14 TE21,AT,3 (E),V1,,CV28,,36
3188,a,"SELF-HEATING LIQUID, CORROSIVE, INORGANIC, N.O.S.",,SC3,4.2,4.2+8,II,0,274,E2,P402 IBC02,MP15,,,L4DH,,TU14 TE21,AT,2 (D/E),V1,,,,38
3188,b,"SELF-HEATING LIQUID, CORROSIVE, INORGANIC, N.O.S.",,SC3,4.2,4.2+8,III,0,274,E1,P001 IBC02 R001,MP15,,,L4DH,,TU14 TE21,AT,3 (E),V1,,,,38
3189,a,"METAL POWDER, SELF-HEATING, N.O.S.",,S4,4.2,4.2,II,0,274 555,E2,P410 IBC06,MP14,,T3,SGAN,TP33,,AT,2 (D/E),V1,,,,40
3189,b,"METAL POWDER, SELF-HEATING, N.O.S.",,S4,4.2,4.2,III,0,274 555,E1,P002 IBC08 LP02 R001,MP14,B3,T1,SGAN,TP33,,AT,3 (E),V1,VC1 VC2 AP1,,,40
3190,a,"SELF-HEATING SOLID, INORGANIC, N.O.S.",,S4,4.2,4.2,II,0,274,E2,P410 IBC06,MP14,,T3,SGAN,TP33,,AT,2 (D/E),V1,,,,40
3190,b,"SELF-HEATING SOLID, INORGANIC, N.O.S.",,S4,4.2,4.2,III,0,274,E1,P002 IBC08 LP02 R001,MP14,B3,T1,SGAN,TP33,,AT,3 (E),V1,VC1 VC2 AP1,,,40
3191,a,"SELF-HEATING SOLID, TOXIC, INORGANIC, N.O.S.",,ST4,4.2,4.2+6.1,II,0,274,E2,P410 IBC05,MP14,,T3,SGAN,TP33,,AT,2 (D/E),V1,,CV28,,46
3191,b,"SELF-HEATING SOLID, TOXIC, INORGANIC, N.O.S.",,ST4,4.2,4.2+6.1,III,0,274,E1,P002 IBC08 R001,MP14,B3,T1,SGAN,TP33,,AT,3 (E),V1,,CV28,,46
3192,a,"SELF-HEATING SOLID, CORROSIVE, INORGANIC, N.O.S.",,SC4,4.2,4.2+8,II,0,274,E2,P410 IBC05,MP14,,T3,SGAN,TP33,,AT,2 (D/E),V1,,,,48
3192,b,"SELF-HEATING SOLID, CORROSIVE, INORGANIC, N.O.S.",,SC4,4.2,4.2+8,III,0,274,E1,P002 IBC08 R001,MP14,B3,T1,SGAN,TP33,,AT,3 (E),V1,,,,48
3194,,"PYROPHORIC LIQUID, INORGANIC, N.O.S.",,S3,4.2,4.2,I,0,274,E0,P400,MP2,,,L21DH,,TU14 TC1 TE21 TM1,AT,0 (B/E),V1,,,S20,333
3200,,"PYROPHORIC SOLID, INORGANIC, N.O.S.",,S4,4.2,4.2,I,0,274,E0,P404,MP13,,T21,,TP7 TP33,,AT,0 (B/E),V1,,,S20,43
3205,a,"ALKALINE EARTH METAL ALCOHOLATES, N.O.S.",,S4,4.2,4.2,II,0,183 274,E2,P410 IBC06,MP14,,T3,SGAN,TP33,,AT,2 (D/E),V1,,,,40
3205,b,"ALKALINE EARTH METAL ALCOHOLATES, N.O.S.",,S4,4.2,4.2,III,0,183 274,E1,P002 IBC08 LP02 R001,MP14,B3,T1,SGAN,TP33,,AT,3 (E),V1,,,,40
3206,a,"ALKALI METAL ALCOHOLATES, SELF-HEATING, CORROSIVE, N.O.S.",,SC4,4.2,4.2+8,II,0,182 274,E2,P410 IBC05,MP14,,T3,SGAN,TP33,,AT,2 (D/E),V1,,,,48
3206,b,"ALKALI METAL ALCOHOLATES, SELF-HEATING, CORROSIVE, N.O.S.",,SC4,4.2,4.2+8,III,0,182 274,E1,P002 IBC08 R001,MP14,B3,T1,SGAN,TP33,,AT,3 (E),V1,,,,48
3208,a,"METALLIC SUBSTANCE, WATER-REACTIVE, N.O.S.",,W2,4.3,4.3,I,0,274 557,E0,P403 IBC99,MP2,,,,,,,1 (E),V1,,CV23,S20,
3208,b,"METALLIC SUBSTANCE, WATER-REACTIVE, N.O.S.",,W2,4.3,4.3,II,500 g,274 557,E2,P410 IBC07,MP14,,T3,SGAN,TP33,,AT,2 (D/E),V1,,CV23,,423
3208,c,"METALLIC SUBSTANCE, WATER-REACTIVE, N.O.S.",,W2,4.3,4.3,III,1 kg,274 557,E1,P410 IBC08 R001,MP14,B4,T1,SGAN,TP33,,AT,3 (E),V1,VC1 VC2 AP3 AP4 AP5,CV23,,423
3209,a,"METALLIC SUBSTANCE, WATER-REACTIVE, SELF-HEATING, N.O.S.",,WS,4.3,4.3+4.2,I,0,274 558,E0,P403,MP2,,,,,,,1 (E),V1,,CV23,S20,
3209,b,"METALLIC SUBSTANCE, WATER-REACTIVE, SELF-HEATING, N.O.S.",,WS,4.3,4.3+4.2,II,0,274 558,E0,P410 IBC05,MP14,,T3,SGAN,TP33,,AT,2 (D/E),V1,,CV23,,423
3209,c,"METALLIC SUBSTANCE, WATER-REACTIVE, SELF-HEATING, N.O.S.",,WS,4.3,4.3+4.2,III,0,274 558,E1,P410 IBC08 R001,MP14,B4,T1,SGAN,TP33,,AT,3 (E),V1,VC1 VC2 AP3 AP4 AP5,CV23,,423
3210,a,"CHLORATES, INORGANIC, AQUEOUS SOLUTION, N.O.S.",,O1,5.1,5.1,II,1 L,274 351,E2,P504 IBC02,MP2,,T4,L4BN,TP1,TU3,AT,2 (E),,,CV24,,50
3210,b,"CHLORATES, INORGANIC, AQUEOUS SOLUTION, N.O.S.",,O1,5.1,5.1,III,5 L,274 351,E1,P504 IBC02 R001,MP2,,T4,LGBV,TP1,TU3,AT,3 (E),,,CV24,,50
3211,a,"PERCHLORATES, INORGANIC, AQUEOUS SOLUTION, N.O.S.",,O1,5.1,5.1,II,1 L,,E2,P504 IBC02,MP2,,T4,L4BN,TP1,TU3,AT,2 (E),,,CV24,,50
3211,b,"PERCHLORATES, INORGANIC, AQUEOUS SOLUTION, N.O.S.",,O1,5.1,5.1,III,5 L,,E1,P504 IBC02 R001,MP2,,T4,LGBV,TP1,TU3,AT,3 (E),,,CV24,,50
3212,a,"HYPOCHLORITES, INORGANIC, N.O.S.",,O2,5.1,5.1,II,1 kg,274 349,E2,P002 IBC08,MP10,B4,T3,SGAN,TP33,TU3,AT,2 (E),V11,,CV24,,50
3212,b,"HYPOCHLORITES, INORGANIC, N.O.S.",,O2,5.1,5.1,II,1 kg,274 349,E2,P002 IBC08,MP10,B4,T3,SGAN,TP33,TU3,AT,2 (E),V11,,CV24,,50
3213,a,"BROMATES, INORGANIC, AQUEOUS SOLUTION, N.O.S.",,O1,5.1,5.1,II,1 L,274 350,E2,P504 IBC02,MP2,,T4,L4BN,TP1,TU3,AT,2 (E),,,CV24,,50
3213,b,"BROMATES, INORGANIC, AQUEOUS SOLUTION, N.O.S.",,O1,5.1,5.1,III,5 L,274 350,E1,P504 IBC02 R001,MP15,,T4,LGBV,TP1,TU3,AT,3 (E),,,CV24,,50
3214,,"PERMANGANATES, INORGANIC, AQUEOUS SOLUTION, N.O.S.",,O1,5.1,5.1,II,1 L,274 353,E2,P504 IBC02,MP2,,T4,L4BN,TP1,TU3,AT,2 (E),,,CV24,,50
3215,a,"PERSULPHATES, INORGANIC, N.O.S.",,O2,5.1,5.1,III,5 kg,,E1,P002 IBC08 LP02 R001,MP10,B3,T1,SGAV,TP33,TU3,AT,3 (E),,VC1 VC2 AP6 AP7,CV24,,50
3215,b,"PERSULPHATES, INORGANIC, N.O.S.",,O2,5.1,5.1,III,5 kg,,E1,P002 IBC08 LP02 R001,MP10,B3,T1,SGAV,TP33,TU3,AT,3 (E),,VC1 VC2 AP6 AP7,CV24,,50
3216,,"PERSULPHATES, INORGANIC, AQUEOUS SOLUTION, N.O.S.",,O1,5.1,5.1,III,5 L,,E1,P504 IBC02 R001,MP15,,T4,LGBV,TP1 TP29,TU3,AT,3 (E),,,CV24,,50
3218,a,"NITRATES, INORGANIC, AQUEOUS SOLUTION, N.O.S.",,O1,5.1,5.1,II,1 L,270 511,E2,P504 IBC02,MP15,,T4,L4BN,TP1,TU3,AT,2 (E),,,CV24,,50
3218,b,"NITRATES, INORGANIC, AQUEOUS SOLUTION, N.O.S.",,O1,5.1,5.1,III,5 L,270 511,E1,P504 IBC02 R001,MP15,,T4,LGBV,TP1,TU3,AT,3 (E),,,CV24,,50
3219,a,"NITRITES, INORGANIC, AQUEOUS SOLUTION, N.O.S.",,O1,5.1,5.1,II,1 L,103 274,E2,P504 IBC01,MP15,,T4,L4BN,TP1,TU3,AT,2 (E),,,CV24,,50
3219,b,"NITRITES, INORGANIC, AQUEOUS SOLUTION, N.O.S.",,O1,5.1,5.1,III,5 L,103 274,E1,P504 IBC02 R001,MP15,,T4,LGBV,TP1,TU3,AT,3 (E),,,CV24,,50
3220,a,PENTAFLUOROETHANE,,2A,2,2.2,,120 mL,662,E1,P200,MP9,,(M) T50,PxBN(M),,TA4 TT9,AT,3 (C/E),,,CV9 CV10 CV36,,20
3220,b,REFRIGERANT GAS R 125,,2A,2,2.2,,120 mL,662,E1,P200,MP9,,(M) T50,PxBN(M),,TA4 TT9,AT,3 (C/E),,,CV9 CV10 CV36,,20
3221,a,SELF-REACTIVE LIQUID TYPE B,,SR1,4.1,4.1+1,,25 mL,181 194 274,E0,P520,MP2,PP21,,,,,,1 (B),V1,,CV15 CV20 CV22,S9 S17,
3221,b,SELF-REACTIVE LIQUID TYPE B,,SR1,4.1,4.1+1,,25 mL,181 194 274,E0,P520,MP2,PP21,,,,,,1 (B),V1,,CV15 CV20 CV22,S9 S17,
3222,a,SELF-REACTIVE SOLID TYPE B,,SR1,4.1,4.1+1,,100 g,181 194 274,E0,P520,MP2,PP21,,,,,,1 (B),V1,,CV15 CV20 CV22,S9 S17,
3222,b,SELF-REACTIVE SOLID TYPE B,,SR1,4.1,4.1+1,,100 g,181 194 274,E0,P520,MP2,PP21,,,,,,1 (B),V1,,CV15 CV20 CV22,S9 S17,
3223,,SELF-REACTIVE LIQUID TYPE C,,SR1,4.1,4.1,,25 mL,194 274,E0,P520,MP2,PP21 PP94 PP95,,,,,,1 (D),V1,,CV15 CV20 CV22,S8 S18,
3224,,SELF-REACTIVE SOLID TYPE C,,SR1,4.1,4.1,,100 g,194 274,E0,P520,MP2,PP21 PP94 PP95,,,,,,1 (D),V1,,CV15 CV20 CV22,S8 S18,
3225,,SELF-REACTIVE LIQUID TYPE D,,SR1,4.1,4.1,,125 mL,194 274,E0,P520,MP2,,,,,,,2 (D),V1,,CV15 CV22,S19,
3226,,SELF-REACTIVE SOLID TYPE D,,SR1,4.1,4.1,,500 g,194 274,E0,P520,MP2,,,,,,,2 (D),V1,,CV15 CV22,S19,
3227,,SELF-REACTIVE LIQUID TYPE E,,SR1,4.1,4.1,,125 mL,194 274,E0,P520,MP2,,,,,,,2 (D),V1,,CV15 CV22,,
3228,,SELF-REACTIVE SOLID TYPE E,,SR1,4.1,4.1,,500 g,194 274,E0,P520,MP2,,,,,,,2 (D),V1,,CV15 CV22,,
3229,,SELF-REACTIVE LIQUID TYPE F,,SR1,4.1,4.1,,125 mL,194 274,E0,P520 IBC99,MP2,,T23,,,,AT,2 (D),V1,,CV15 CV22,,40
3230,,SELF-REACTIVE SOLID TYPE F,,SR1,4.1,4.1,,500 g,194 274,E0,P520 IBC99,MP2,,T23,,,,AT,2 (D),V1,,CV15 CV22,,40
3231,a,"SELF-REACTIVE LIQUID TYPE B, TEMPERATURE CONTROLLED",,SR2,4.1,4.1+1,,0,181 194 274,E0,P520,MP2,PP21,,,,,,1 (B),V8,,CV15 CV20 CV21 CV22,S4 S9 S16,
3231,b,"SELF-REACTIVE LIQUID TYPE B, TEMPERATURE CONTROLLED",,SR2,4.1,4.1+1,,0,181 194 274,E0,P520,MP2,PP21,,,,,,1 (B),V8,,CV15 CV20 CV21 CV22,S4 S9 S16,
3232,a,"SELF-REACTIVE SOLID TYPE B, TEMPERATURE CONTROLLED",,SR2,4.1,4.1+1,,0,181 194 274,E0,P520,MP2,PP21,,,,,,1 (B),V8,,CV15 CV20 CV21 CV22,S4 S9 S16,
3232,b,"SELF-REACTIVE SOLID TYPE B, TEMPERATURE CONTROLLED",,SR2,4.1,4.1+1,,0,181 194 274,E0,P520,MP2,PP21,,,,,,1 (B),V8,,CV15 CV20 CV21 CV22,S4 S9 S16,
3233,,"SELF-REACTIVE LIQUID TYPE C, TEMPERATURE CONTROLLED",,SR2,4.1,4.1,,0,194 274,E0,P520,MP2,PP21,,,,,,1 (D),V8,,CV15 CV20 CV21 CV22,S4 S8 S17,
3234,,"SELF-REACTIVE SOLID TYPE C, TEMPERATURE CONTROLLED",,SR2,4.1,4.1,,0,194 274,E0,P520,MP2,PP21,,,,,,1 (D),V8,,CV15 CV20 CV21 CV22,S4 S8 S17,
3235,,"SELF-REACTIVE LIQUID TYPE D, TEMPERATURE CONTROLLED",,SR2,4.1,4.1,,0,194 274,E0,P520,MP2,,,,,,,1 (D),V8,,CV15 CV21 CV22,S4 S18,
3236,,"SELF-REACTIVE SOLID TYPE D, TEMPERATURE CONTROLLED",,SR2,4.1,4.1,,0,194 274,E0,P520,MP2,,,,,,,1 (D),V8,,CV15 CV21 CV22,S4 S18,
3237,,"SELF-REACTIVE LIQUID TYPE E, TEMPERATURE CONTROLLED",,SR2,4.1,4.1,,0,194 274,E0,P520,MP2,,,,,,,1 (D),V8,,CV15 CV21 CV22,S4 S19,
3238,,"SELF-REACTIVE SOLID TYPE E, TEMPERATURE CONTROLLED",,SR2,4.1,4.1,,0,194 274,E0,P520,MP2,,,,,,,1 (D),V8,,CV15 CV21 CV22,S4 S19,
3239,,"SELF-REACTIVE LIQUID TYPE F, TEMPERATURE CONTROLLED",,SR2,4.1,4.1,,0,194 274,E0,P520,MP2,,T23,,,,AT,1 (D),V8,,CV15 CV21 CV22,S4,40
3240,,"SELF-REACTIVE SOLID TYPE F, TEMPERATURE CONTROLLED",,SR2,4.1,4.1,,0,194 274,E0,P520,MP2,,T23,,,,AT,1 (D),V8,,CV15 CV21 CV22,S4,40
3241,,"2-BROMO-2-NITROPROPANE-1,3-DIOL",,SR1,4.1,4.1,III,5 kg,638,E1,P520 IBC08,MP2,PP22 B3,,,,,,3 (D),,,CV14,S24,
3242,,AZODICARBONAMIDE,,SR1,4.1,4.1,II,1 kg,215 638,E0,P409,MP2,,T3,,TP33,,AT,2 (D),,,CV14,S24,40
3243,,"SOLIDS CONTAINING TOXIC LIQUID, N.O.S.",,T9,6.1,6.1,II,500 g,217 274 601,E4,P002 IBC02,MP10,PP9,T3 BK1 BK2,SGAH,TP33,TU15 TE19,AT,2 (D/E),,VC1 VC2 AP7,CV13 CV28,S9 S19,60
3244,,"SOLIDS CONTAINING CORROSIVE LIQUID, N.O.S.",,C10,8,8,II,1 kg,218 274,E2,P002 IBC05,MP10,PP9,T3 BK1 BK2,SGAV,TP33,,AT,2 (E),,VC1 VC2 AP7,,,80
3245,a,GENETICALLY MODIFIED MICROORGANISMS,,M8,9,9,,0,219 637,E0,P904 IBC08,MP6,,,,,,,2 (E),,,CV1 CV13 CV26 CV27 CV28,S17,
3245,b,GENETICALLY MODIFIED ORGANISMS,,M8,9,9,,0,219 637,E0,P904 IBC08,MP6,,,,,,,2 (E),,,CV1 CV13 CV26 CV27 CV28,S17,
3246,,METHANESULPHONYL CHLORIDE,,TC1,6.1,6.1+8,I,0,354,E0,P602,MP8 MP17,,T20,L10CH,TP2,TU14 TU15 TE19 TE21,AT,1 (C/D),,,CV1 CV13 CV28,S9 S14,668
3247,,"SODIUM PEROXOBORATE, ANHYDROUS",,O2,5.1,5.1,II,1 kg,,E2,P002 IBC08,MP2,B4,T3,SGAN,TP33,TU3,AT,2 (E),V11,,CV24,,50
3248,a,"MEDICINE, LIQUID, FLAMMABLE, TOXIC, N.O.S.",,FT1,3,3+6.1,II,1 L,220 221 601,E2,P001,MP19,,,L4BH,,TU15,FL,2 (D/E),,,CV13 CV28,S2 S19,336
3248,b,"MEDICINE, LIQUID, FLAMMABLE, TOXIC, N.O.S.",,FT1,3,3+6.1,III,5 L,220 221 601,E1,P001 R001,MP19,,,L4BH,,TU15,FL,3 (D/E),,,CV13 CV28,S2,36
3249,a,"MEDICINE, SOLID, TOXIC, N.O.S.",,T2,6.1,6.1,II,500 g,221 601,E4,P002,MP10,,T3,SGAH L4BH,TP33,TU15 TE19,AT,2 (D/E),,,CV13 CV28,S9 S19,60
3249,b,"MEDICINE, SOLID, TOXIC, N.O.S.",,T2,6.1,6.1,III,5 kg,221 601,E1,P002 LP02 R001,MP10,,T1,SGAH L4BH,TP33,TU15 TE19,AT,2 (E),,VC1 VC2 AP7,CV13 CV28,S9,60
3250,,"CHLOROACETIC ACID, MOLTEN",,TC1,6.1,6.1+8,II,0,,E0,,,,T7,L4BH,TP3 TP28,TU15 TC4 TE19,AT,0 (D/E),,,CV13,S9 S19,68
3251,,ISOSORBIDE-5-MONONITRATE,,SR1,4.1,4.1,III,5 kg,226 638,E0,P409,MP2,,,,,,,3 (D),,,CV14,S24,
3252,a,DIFLUOROMETHANE,,2F,2,2.1,,0,662,E0,P200,MP9,,(M) T50,PxBN(M),,TA4 TT9,FL,2 (B/D),,,CV9 CV10 CV36,S2 S20,23
3252,b,REFRIGERANT GAS R 32,,2F,2,2.1,,0,662,E0,P200,MP9,,(M) T50,PxBN(M),,TA4 TT9,FL,2 (B/D),,,CV9 CV10 CV36,S2 S20,23
3253,,DISODIUM TRIOXOSILICATE,,C6,8,8,III,5 kg,,E1,P002 IBC08 LP02 R001,MP10,B3,T1,SGAV,TP33,,AT,3 (E),,VC1 VC2 AP7,,,80
3254,,TRIBUTYLPHOSPHANE,,S1,4.2,4.2,I,0,,E0,P400,MP2,,T21,,TP2 TP7,,AT,0 (B/E),V1,,,S20,333
3255,,tert-BUTYL HYPOCHLORITE,,SC1,4.2,,,,,,,,,,Carriage prohibited,,,,,,,,,
3256,,"ELEVATED TEMPERATURE LIQUID, FLAMMABLE, N.O.S.","with flashpoint above 60°C, at or above its flashpoint",F2,3,3,III,0,274 560,E0,P099 IBC99,MP2,,T3,LGAV,TP3 TP29,TU35 TE24,FL,3 (D/E),,,,S2,30
3257,,"ELEVATED TEMPERATURE LIQUID, N.O.S.","at or above 100°C and below its flashpoint (including molten metals, molten salts, etc.)",M9,9,9,III,0,274 643 668,E0,P099 IBC99,,,T3,LGAV,TP3 TP29,TU35 TC7 TE6 TE14 TE24 (also TE18 if filled at a temperature higher than 190°C),AT,3 (D),,VC3,,,99
3258,,"ELEVATED TEMPERATURE SOLID, N.O.S.",at or above 240°C,M10,9,9,III,0,274 643,E0,P099 IBC99,,,,,,,,3 (D),,VC3,,,99
3259,a,"AMINES, SOLID, CORROSIVE, N.O.S.",,C8,8,8,I,0,274,E0,P002 IBC07,MP18,,T6,S10AN L10BH,TP33,,AT,1 (E),V10,,,S20,88
3259,b,"POLYAMINES, SOLID, CORROSIVE, N.O.S.",,C8,8,8,I,0,274,E0,P002 IBC07,MP18,,T6,S10AN L10BH,TP33,,AT,1 (E),V10,,,S20,88
3259,c,"AMINES, SOLID, CORROSIVE, N.O.S.",,C8,8,8,II,1 kg,274,E2,P002 IBC08,MP10,B4,T3,SGAN L4BN,TP33,,AT,2 (E),V11,,,,80
3259,d,"POLYAMINES, SOLID, CORROSIVE, N.O.S.",,C8,8,8,II,1 kg,274,E2,P002 IBC08,MP10,B4,T3,SGAN L4BN,TP33,,AT,2 (E),V11,,,,80
3259,e,"AMINES, SOLID, CORROSIVE, N.O.S.",,C8,8,8,III,5 kg,274,E1,P002 IBC08 LP02 R001,MP10,B3,T1,SGAV L4BN,TP33,,AT,3 (E),,VC1 VC2 AP7,,,80
3259,f,"POLYAMINES, SOLID, CORROSIVE, N.O.S.",,C8,8,8,III,5 kg,274,E1,P002 IBC08 LP02 R001,MP10,B3,T1,SGAV L4BN,TP33,,AT,3 (E),,VC1 VC2 AP7,,,80
3260,a,"CORROSIVE SOLID, ACIDIC, INORGANIC, N.O.S.",,C2,8,8,I,0,274,E0,P002 IBC07,MP18,,T6,S10AN,TP33,,AT,1 (E),V10,,,S20,88
3260,b,"CORROSIVE SOLID, ACIDIC, INORGANIC, N.O.S.",,C2,8,8,II,1 kg,274,E2,P002 IBC08,MP10,B4,T3,SGAN,TP33,,AT,2 (E),V11,,,,80
3260,c,"CORROSIVE SOLID, ACIDIC, INORGANIC, N.O.S.",,C2,8,8,III,5 kg,274,E1,P002 IBC08 LP02 R001,MP10,B3,T1,SGAV,TP33,,AT,3 (E),,VC1 VC2 AP7,,,80
3261,a,"CORROSIVE SOLID, ACIDIC, ORGANIC, N.O.S.",,C4,8,8,I,0,274,E0,P002 IBC07,MP18,,T6,S10AN L10BH,TP33,,AT,1 (E),V10,,,S20,88
3261,b,"CORROSIVE SOLID, ACIDIC, ORGANIC, N.O.S.",,C4,8,8,II,1 kg,274,E2,P002 IBC08,MP10,B4,T3,SGAN L4BN,TP33,,AT,2 (E),V11,,,,80
3261,c,"CORROSIVE SOLID, ACIDIC, ORGANIC, N.O.S.",,C4,8,8,III,5 kg,274,E1,P002 IBC08 LP02 R001,MP10,B3,T1,SGAV L4BN,TP33,,AT,3 (E),,VC1 VC2 AP7,,,80
3262,a,"CORROSIVE SOLID, BASIC, INORGANIC, N.O.S.",,C6,8,8,I,0,274,E0,P002 IBC07,MP18,,T6,S10AN L10BH,TP33,,AT,1 (E),V10,,,S20,88
3262,b,"CORROSIVE SOLID, BASIC, INORGANIC, N.O.S.",,C6,8,8,II,1 kg,274,E2,P002 IBC08,MP10,B4,T3,SGAN L4BN,TP33,,AT,2 (E),V11,,,,80
3262,c,"CORROSIVE SOLID, BASIC, INORGANIC, N.O.S.",,C6,8,8,III,5 kg,274,E1,P002 IBC08 LP02 R001,MP10,B3,T1,SGAV L4BN,TP33,,AT,3 (E),,VC1 VC2 AP7,,,80
3263,a,"CORROSIVE SOLID, BASIC, ORGANIC, N.O.S.",,C8,8,8,I,0,274,E0,P002 IBC07,MP18,,T6,S10AN L10BH,TP33,,AT,1 (E),V10,,,S20,88
3263,b,"CORROSIVE SOLID, BASIC, ORGANIC, N.O.S.",,C8,8,8,II,1 kg,274,E2,P002 IBC08,MP10,B4,T3,SGAN L4BN,TP33,,AT,2 (E),V11,,,,80
3263,c,"CORROSIVE SOLID, BASIC, ORGANIC, N.O.S.",,C8,8,8,III,5 kg,274,E1,P002 IBC08 LP02 R001,MP10,B3,T1,SGAV L4BN,TP33,,AT,3 (E),,VC1 VC2 AP7,,,80
3264,a,"CORROSIVE LIQUID, ACIDIC, INORGANIC, N.O.S.",,C1,8,8,I,0,274,E0,P001,MP8 MP17,,T14,L10BH,TP2 TP27,,AT,1 (E),,,,S20,88
3264,b,"CORROSIVE LIQUID, ACIDIC, INORGANIC, N.O.S.",,C1,8,8,II,1 L,274,E2,P001 IBC02,MP15,,T11,L4BN,TP2 TP27,TU42,AT,2 (E),,,,,80
3264,c,"CORROSIVE LIQUID, ACIDIC, INORGANIC, N.O.S.",,C1,8,8,III,5 L,274,E1,P001 IBC03 LP01 R001,MP19,,T7,L4BN,TP1 TP28,TU42,AT,3 (E),V12,,,,80
3265,a,"CORROSIVE LIQUID, ACIDIC, ORGANIC, N.O.S.",,C3,8,8,I,0,274,E0,P001,MP8 MP17,,T14,L10BH,TP2 TP27,,AT,1 (E),,,,S20,88
3265,b,"CORROSIVE LIQUID, ACIDIC, ORGANIC, N.O.S.",,C3,8,8,II,1 L,274,E2,P001 IBC02,MP15,,T11,L4BN,TP2 TP27,,AT,2 (E),,,,,80
3265,c,"CORROSIVE LIQUID, ACIDIC, ORGANIC, N.O.S.",,C3,8,8,III,5 L,274,E1,P001 IBC03 LP01 R001,MP19,,T7,L4BN,TP1 TP28,,AT,3 (E),V12,,,,80
3266,a,"CORROSIVE LIQUID, BASIC, INORGANIC, N.O.S.",,C5,8,8,I,0,274,E0,P001,MP8 MP17,,T14,L10BH,TP2 TP27,,AT,1 (E),,,,S20,88
3266,b,"CORROSIVE LIQUID, BASIC, INORGANIC, N.O.S.",,C5,8,8,II,1 L,274,E2,P001 IBC02,MP15,,T11,L4BN,TP2 TP27,TU42,AT,2 (E),,,,,80
3266,c,"CORROSIVE LIQUID, BASIC, INORGANIC, N.O.S.",,C5,8,8,III,5 L,274,E1,P001 IBC03 LP01 R001,MP19,,T7,L4BN,TP1 TP28,TU42,AT,3 (E),V12,,,,80
3267,a,"CORROSIVE LIQUID, BASIC, ORGANIC, N.O.S.",,C7,8,8,I,0,274,E0,P001,MP8 MP17,,T14,L10BH,TP2 TP27,,AT,1 (E),,,,S20,88
3267,b,"CORROSIVE LIQUID, BASIC, ORGANIC, N.O.S.",,C7,8,8,II,1 L,274,E2,P001 IBC02,MP15,,T11,L4BN,TP2 TP27,,AT,2 (E),,,,,80
3267,c,"CORROSIVE LIQUID, BASIC, ORGANIC, N.O.S.",,C7,8,8,III,5 L,274,E1,P001 IBC03 LP01 R001,MP19,,T7,L4BN,TP1 TP28,,AT,3 (E),V12,,,,80
3268,,SAFETY DEVICES,electrically initiated,M5,9,9,,0,280 289,E0,P902 LP902,,,,,,,,4 (E),,,,,
3269,a,POLYESTER RESIN KIT,liquid base material,F3,3,3,II,5 L,236 340,See SP340,P302 R001,,,,,,,,2 (E),,,,S2 S20,
3269,b,POLYESTER RESIN KIT,liquid base material,F3,3,3,III,5 L,236 340,See SP340,P302 R001,,,,,,,,3 (E),,,,S2,
3270,,NITROCELLULOSE MEMBRANE FILTERS,"with not more than 12.6% nitrogen, by dry mass",F1,4.1,4.1,II,1 kg,237 286,E2,P411,MP11,,,,,,,2 (E),,,,,
3271,a,"ETHERS, N.O.S.",,F1,3,3,II,1 L,274,E2,P001 IBC02 R001,MP19,,T7,LGBF,TP1 TP8 TP28,,FL,2 (D/E),,,,S2 S20,33
3271,b,"ETHERS, N.O.S.",,F1,3,3,III,5 L,274,E1,P001 IBC03 LP01 R001,MP19,,T4,LGBF,TP1 TP29,,FL,3 (D/E),V12,,,S2,30
3272,a,"ESTERS, N.O.S.",,F1,3,3,II,1 L,274 601,E2,P001 IBC02 R001,MP19,,T7,LGBF,TP1 TP8 TP28,,FL,2 (D/E),,,,S2 S20,33
3272,b,"ESTERS, N.O.S.",,F1,3,3,III,5 L,274 601,E1,P001 IBC03 LP01 R001,MP19,,T4,LGBF,TP1 TP29,,FL,3 (D/E),V12,,,S2,30
3273,a,"NITRILES, FLAMMABLE, TOXIC, N.O.S.",,FT1,3,3+6.1,I,0,274,E0,P001,MP7 MP17,,T14,L10CH,TP2 TP27,TU14 TU15 TE21,FL,1 (C/E),,,CV13 CV28,S2 S22,336
3273,b,"NITRILES, FLAMMABLE, TOXIC, N.O.S.",,FT1,3,3+6.1,II,1 L,274,E2,P001 IBC02,MP19,,T11,L4BH,TP2 TP27,TU15,FL,2 (D/E),,,CV13 CV28,S2 S22,336
3274,,"ALCOHOLATES SOLUTION, N.O.S.",in alcohol,FC,3,3+8,II,1 L,274,E2,P001 IBC02,MP19,,,L4BH,,,FL,2 (D/E),,,,S2 S20,338
3275,a,"NITRILES, TOXIC, FLAMMABLE, N.O.S.",,TF1,6.1,6.1+3,I,0,274 315,E5,P001,MP8 MP17,,T14,L10CH,TP2 TP27,TU14 TU15 TE19 TE21,FL,1 (C/D),,,CV1 CV13 CV28,S2 S9 S14,663
3275,b,"NITRILES, TOXIC, FLAMMABLE, N.O.S.",,TF1,6.1,6.1+3,II,100 mL,274,E4,P001 IBC02,MP15,,T11,L4BH,TP2 TP27,TU15 TE19,FL,2 (D/E),,,CV13 CV28,S2 S9 S19,63
3276,a,"NITRILES, LIQUID, TOXIC, N.O.S.",,T1,6.1,6.1,I,0,274 315,E5,P001,MP8 MP17,,T14,L10CH,TP2 TP27,TU14 TU15 TE19 TE21,AT,1 (C/E),,,CV1 CV13 CV28,S9 S14,66
3276,b,"NITRILES, LIQUID, TOXIC, N.O.S.",,T1,6.1,6.1,II,100 mL,274,E4,P001 IBC02,MP15,,T11,L4BH,TP2 TP27,TU15 TE19,AT,2 (D/E),,,CV13 CV28,S9 S19,60
3276,c,"NITRILES, LIQUID, TOXIC, N.O.S.",,T1,6.1,6.1,III,5 L,274,E1,P001 IBC03 LP01 R001,MP19,,T7,L4BH,TP1 TP28,TU15 TE19,AT,2 (E),V12,,CV13 CV28,S9,60
3277,,"CHLOROFORMATES, TOXIC, CORROSIVE, N.O.S.",,TC1,6.1,6.1+8,II,100 mL,274 561,E4,P001 IBC02,MP15,,T8,L4BH,TP2 TP28,TU15 TE19,AT,2 (D/E),,,CV13 CV28,S9 S19,68
3278,a,"ORGANOPHOSPHORUS COMPOUND, LIQUID, TOXIC, N.O.S.",,T1,6.1,6.1,I,0,43 274 315,E5,P001,MP8 MP17,,T14,L10CH,TP2 TP27,TU14 TU15 TE19 TE21,AT,1 (C/E),,,CV1 CV13 CV28,S9 S14,66
3278,b,"ORGANOPHOSPHORUS COMPOUND, LIQUID, TOXIC, N.O.S.",,T1,6.1,6.1,II,100 mL,43 274,E4,P001 IBC02,MP15,,T11,L4BH,TP2 TP27,TU15 TE19,AT,2 (D/E),,,CV13 CV28,S9 S19,60
3278,c,"ORGANOPHOSPHORUS COMPOUND, LIQUID, TOXIC, N.O.S.",,T1,6.1,6.1,III,5 L,43 274,E1,P001 IBC03 LP01 R001,MP19,,T7,L4BH,TP1 TP28,TU15 TE19,AT,2 (E),V12,,CV13 CV28,S9,60
3279,a,"ORGANOPHOSPHORUS COMPOUND, TOXIC, FLAMMABLE, N.O.S.",,TF1,6.1,6.1+3,I,0,43 274 315,E5,P001,MP8 MP17,,T14,L10CH,TP2 TP27,TU14 TU15 TE19 TE21,FL,1 (C/D),,,CV1 CV13 CV28,S2 S9 S14,663
3279,b,"ORGANOPHOSPHORUS COMPOUND, TOXIC, FLAMMABLE, N.O.S.",,TF1,6.1,6.1+3,II,100 mL,43 274,E4,P001,MP15,,T11,L4BH,TP2 TP27,TU15 TE19,FL,2 (D/E),,,CV13 CV28,S2 S9 S19,63
3280,a,"ORGANOARSENIC COMPOUND, LIQUID, N.O.S.",,T3,6.1,6.1,I,0,274 315,E5,P001,MP8 MP17,,T14,L10CH,TP2 TP27,TU14 TU15 TE19 TE21,AT,1 (C/E),,,CV1 CV13 CV28,S9 S14,66
3280,b,"ORGANOARSENIC COMPOUND, LIQUID, N.O.S.",,T3,6.1,6.1,II,100 mL,274,E4,P001 IBC02,MP15,,T11,L4BH,TP2 TP27,TU15 TE19,AT,2 (D/E),,,CV13 CV28,S9 S19,60
3280,c,"ORGANOARSENIC COMPOUND, LIQUID, N.O.S.",,T3,6.1,6.1,III,5 L,274,E1,P001 IBC03 LP01 R001,MP19,,T7,L4BH,TP1 TP28,TU15 TE19,AT,2 (E),V12,,CV13 CV28,S9,60
3281,a,"METAL CARBONYLS, LIQUID, N.O.S.",,T3,6.1,6.1,I,0,274 315 562,E5,P601,MP8 MP17,,T14,L10CH,TP2 TP27,TU14 TU15 TE19 TE21,AT,1 (C/E),,,CV1 CV13 CV28,S9 S14,66
3281,b,"METAL CARBONYLS, LIQUID, N.O.S.",,T3,6.1,6.1,II,100 mL,274 562,E4,P001 IBC02,MP15,,T11,L4BH,TP2 TP27,TU15 TE19,AT,2 (D/E),,,CV13 CV28,S9 S19,60
3281,c,"METAL CARBONYLS, LIQUID, N.O.S.",,T3,6.1,6.1,III,5 L,274 562,E1,P001 IBC03 LP01 R001,MP19,,T7,L4BH,TP1 TP28,TU15 TE19,AT,2 (E),V12,,CV13 CV28,S9,60
3282,a,"ORGANOMETALLIC COMPOUND, LIQUID, TOXIC, N.O.S.",,T3,6.1,6.1,I,0,274 562,E5,P001,MP8 MP17,,T14,L10CH,TP2 TP27,TU14 TU15 TE19 TE21,AT,1 (C/E),,,CV1 CV13 CV28,S9 S14,66
3282,b,"ORGANOMETALLIC COMPOUND, LIQUID, TOXIC, N.O.S.",,T3,6.1,6.1,II,100 mL,274 562,E4,P001 IBC02,MP15,,T11,L4BH,TP2 TP27,TU15 TE19,AT,2 (D/E),,,CV13 CV28,S9 S19,60
3282,c,"ORGANOMETALLIC COMPOUND, LIQUID, TOXIC, N.O.S.",,T3,6.1,6.1,III,5 L,274 562,E1,P001 IBC03 LP01 R001,MP19,,T7,L4BH,TP1 TP28,TU15 TE19,AT,2 (E),V12,,CV13 CV28,S9,60
3283,a,"SELENIUM COMPOUND, SOLID, N.O.S.",,T5,6.1,6.1,I,0,274 563,E5,P002 IBC07,MP18,,T6,S10AH L10CH,TP33,TU14 TU15 TE19 TE21,AT,1 (C/E),V10,,CV1 CV13 CV28,S9 S14,66
3283,b,"SELENIUM COMPOUND, SOLID, N.O.S.",,T5,6.1,6.1,II,500 g,274 563,E4,P002 IBC08,MP10,B4,T3,SGAH L4BH,TP33,TU15 TE19,AT,2 (D/E),V11,,CV13 CV28,S9 S19,60
3283,c,"SELENIUM COMPOUND, SOLID, N.O.S.",,T5,6.1,6.1,III,5 kg,274 563,E1,P002 IBC08 LP02 R001,MP10,B3,T1,SGAH L4BH,TP33,TU15 TE19,AT,2 (E),,VC1 VC2 AP7,CV13 CV28,S9,60
3284,a,"TELLURIUM COMPOUND, N.O.S.",,T5,6.1,6.1,I,0,274,E5,P002 IBC07,MP18,,T6,S10AH L10CH,TP33,TU14 TU15 TE19 TE21,AT,1 (C/E),V10,,CV1 CV13 CV28,S9 S14,66
3284,b,"TELLURIUM COMPOUND, N.O.S.",,T5,6.1,6.1,II,500 g,274,E4,P002 IBC08,MP10,B4,T3,SGAH L4BH,TP33,TU15 TE19,AT,2 (D/E),V11,,CV13 CV28,S9 S19,60
3284,c,"TELLURIUM COMPOUND, N.O.S.",,T5,6.1,6.1,III,5 kg,274,E1,P002 IBC08 LP02 R001,MP10,B3,T1,SGAH L4BH,TP33,TU15 TE19,AT,2 (E),,VC1 VC2 AP7,CV13 CV28,S9,60
3285,a,"VANADIUM COMPOUND, N.O.S.",,T5,6.1,6.1,I,0,274 564,E5,P002 IBC07,MP18,,T6,S10AH L10CH,TP33,TU14 TU15 TE19 TE21,AT,1 (C/E),V10,,CV1 CV13 CV28,S9 S14,66
3285,b,"VANADIUM COMPOUND, N.O.S.",,T5,6.1,6.1,II,500 g,274 564,E4,P002 IBC08,MP10,B4,T3,SGAH L4BH,TP33,TU15 TE19,AT,2 (D/E),V11,,CV13 CV28,S9 S19,60
3285,c,"VANADIUM COMPOUND, N.O.S.",,T5,6.1,6.1,III,5 kg,274 564,E1,P002 IBC08 LP02 R001,MP10,B3,T1,SGAH L4BH,TP33,TU15 TE19,AT,2 (E),,VC1 VC2 AP7,CV13 CV28,S9,60
3286,a,"FLAMMABLE LIQUID, TOXIC, CORROSIVE, N.O.S.",,FTC,3,3+6.1+8,I,0,274,E0,P001,MP7 MP17,,T14,L10CH,TP2 TP27,TU14 TU15 TE21,FL,1 (C/E),,,CV13 CV28,S2 S22,368
3286,b,"FLAMMABLE LIQUID, TOXIC, CORROSIVE, N.O.S.",,FTC,3,3+6.1+8,II,1 L,274,E2,P001 IBC02,MP19,,T11,L4BH,TP2 TP27,TU15,FL,2 (D/E),,,CV13 CV28,S2 S22,368
3287,a,"TOXIC LIQUID, INORGANIC, N.O.S.",,T4,6.1,6.1,I,0,274 315,E5,P001,MP8 MP17,,T14,L10CH,TP2 TP27,TU14 TU15 TE19 TE21,AT,1 (C/E),,,CV1 CV13 CV28,S9 S14,66
3287,b,"TOXIC LIQUID, INORGANIC, N.O.S.",,T4,6.1,6.1,II,100 mL,274,E4,P001 IBC02,MP15,,T11,L4BH,TP2 TP27,TU15 TE19,AT,2 (D/E),,,CV13 CV28,S9 S19,60
3287,c,"TOXIC LIQUID, INORGANIC, N.O.S.",,T4,6.1,6.1,III,5 L,274,E1,P001 IBC03 LP01 R001,MP19,,T7,L4BH,TP1 TP28,TU15 TE19,AT,2 (E),V12,,CV13 CV28,S9,60
3288,a,"TOXIC SOLID, INORGANIC, N.O.S.",,T5,6.1,6.1,I,0,274,E5,P002 IBC07,MP18,,T6,S10AH L10CH,TP33,TU14 TU15 TE19 TE21,AT,1 (C/E),V10,,CV1 CV13 CV28,S9 S14,66
3288,b,"TOXIC SOLID, INORGANIC, N.O.S.",,T5,6.1,6.1,II,500 g,274,E4,P002 IBC08,MP10,B4,T3,SGAH L4BH,TP33,TU15 TE19,AT,2 (D/E),V11,,CV13 CV28,S9 S19,60
3288,c,"TOXIC SOLID, INORGANIC, N.O.S.",,T5,6.1,6.1,III,5 kg,274,E1,P002 IBC08 LP02 R001,MP10,B3,T1,SGAH L4BH,TP33,TU15 TE19,AT,2 (E),,VC1 VC2 AP7,CV13 CV28,S9,60
3289,a,"TOXIC LIQUID, CORROSIVE, INORGANIC, N.O.S.",,TC3,6.1,6.1+8,I,0,274 315,E5,P001,MP8 MP17,,T14,L10CH,TP2 TP27,TU14 TU15 TE19 TE21,AT,1 (C/E),,,CV1 CV13 CV28,S9 S14,668
3289,b,"TOXIC LIQUID, CORROSIVE, INORGANIC, N.O.S.",,TC3,6.1,6.1+8,II,100 mL,274,E4,P001 IBC02,MP15,,T11,L4BH,TP2 TP27,TU15 TE19,AT,2 (D/E),,,CV13 CV28,S9 S19,68
3290,a,"TOXIC SOLID, CORROSIVE, INORGANIC, N.O.S.",,TC4,6.1,6.1+8,I,0,274,E5,P002 IBC05,MP18,,T6,S10AH L10CH,TP33,TU15 TE19,AT,1 (C/E),V10,,CV1 CV13 CV28,S9 S14,668
3290,b,"TOXIC SOLID, CORROSIVE, INORGANIC, N.O.S.",,TC4,6.1,6.1+8,II,500 g,274,E4,P002 IBC06,MP10,,T3,SGAH L4BH,TP33,TU15 TE19,AT,2 (D/E),V11,,CV13 CV28,S9 S19,68
3291,a,"CLINICAL WASTE, UNSPECIFIED, N.O.S.",,I3,6.2,6.2,,0,565,E0,P621 IBC620 LP621,MP6,,BK2,S4AH L4BH,,TU15 TE19,AT,2 (-),V1,VC3,CV13 CV25 CV28,S3,606
3291,b,"(BIO) MEDICAL WASTE, N.O.S.",,I3,6.2,6.2,,0,565,E0,P621 IBC620 LP621,MP6,,BK2,S4AH L4BH,,TU15 TE19,AT,2 (-),V1,VC3,CV13 CV25 CV28,S3,606
3291,c,"REGULATED MEDICAL WASTE, N.O.S.",,I3,6.2,6.2,,0,565,E0,P621 IBC620 LP621,MP6,,BK2,S4AH L4BH,,TU15 TE19,AT,2 (-),V1,VC3,CV13 CV25 CV28,S3,606
3292,a,"BATTERIES, CONTAINING SODIUM",,W3,4.3,4.3,,0,239 295,E0,P408,,,,,,,,2 (E),V1,,CV23,,
3292,b,"CELLS, CONTAINING SODIUM",,W3,4.3,4.3,,0,239 295,E0,P408,,,,,,,,2 (E),V1,,CV23,,
3293,,"HYDRAZINE, AQUEOUS SOLUTION","with not more than 37% hydrazine, by mass",T4,6.1,6.1,III,5 L,566,E1,P001 IBC03 LP01 R001,MP19,,T4,L4BH,TP1,TU15 TE19,AT,2 (E),V12,,CV13 CV28,S9,60
3294,,"HYDROGEN CYANIDE, SOLUTION IN ALCOHOL",with not more than 45% hydrogen cyanide,TF1,6.1,6.1+3,I,0,610,E0,P601,MP8 MP17,,T14,L15DH(+),TP2,TU14 TU15 TE19 TE21,FL,0 (C/D),,,CV1 CV13 CV28,S2 S9 S14,663
3295,a,"HYDROCARBONS, LIQUID, N.O.S.",,F1,3,3,I,500 mL,,E3,P001,MP7 MP17,,T11,L4BN,TP1 TP8 TP28,,FL,1 (D/E),,,,S2 S20,33
3295,b,"HYDROCARBONS, LIQUID, N.O.S.",,F1,3,3,II,1 L,640C/D,E2,P001 IBC02* R001*,MP19,,T7,L1.5BN/LGBF,TP1 TP8 TP28,,FL,2 (D/E),,,,S2 S20,33
3295,c,"HYDROCARBONS, LIQUID, N.O.S.",,F1,3,3,III,5 L,,E1,P001 IBC03 LP01 R001,MP19,,T4,LGBF,TP1 TP29,,FL,3 (D/E),V12,,,S2,30
3296,a,HEPTAFLUOROPROPANE,,2A,2,2.2,,120 mL,662,E1,P200,MP9,,(M) T50,PxBN(M),,TA4 TT9,AT,3 (C/E),,,CV9 CV10 CV36,,20
3296,b,REFRIGERANT GAS R 227,,2A,2,2.2,,120 mL,662,E1,P200,MP9,,(M) T50,PxBN(M),,TA4 TT9,AT,3 (C/E),,,CV9 CV10 CV36,,20
3297,,ETHYLENE OXIDE AND CHLOROTETRAFLUOROETHANE MIXTURE,with not more than 8.8% ethylene oxide,2A,2,2.2,,120 mL,392 662,E1,P200,MP9,,(M) T50,PxBN(M),,TA4 TT9,AT,3 (C/E),,,CV9 CV10 CV36,,20
3298,,ETHYLENE OXIDE AND PENTAFLUOROETHANE MIXTURE,with not more than 7.9% ethylene oxide,2A,2,2.2,,120 mL,392 662,E1,P200,MP9,,(M) T50,PxBN(M),,TA4 TT9,AT,3 (C/E),,,CV9 CV10 CV36,,20
3299,,ETHYLENE OXIDE AND TETRAFLUOROETHANE MIXTURE,with not more than 5.6% ethylene oxide,2A,2,2.2,,120 mL,392 662,E1,P200,MP9,,(M) T50,PxBN(M),,TA4 TT9,AT,3 (C/E),,,CV9 CV10 CV36,,20
3300,,ETHYLENE OXIDE AND CARBON DIOXIDE MIXTURE,with more than 87% ethylene oxide,2TF,2,2.3+2.1,,0,,E0,P200,MP9,,(M),PxBH(M),,TA4 TT9,FL,1 (B/D),,,CV9 CV10 CV36,S2 S14,263
3301,a,"CORROSIVE LIQUID, SELF-HEATING, N.O.S.",,CS1,8,8+4.2,I,0,274,E0,P001,MP8 MP17,,,L10BH,,,AT,1 (E),,,,S14,884
3301,b,"CORROSIVE LIQUID, SELF-HEATING, N.O.S.",,CS1,8,8+4.2,II,0,274,E2,P001,MP15,,,L4BN,,,AT,2 (E),,,,,84
3302,,"2-DIMETHYLAMINOETHYL ACRYLATE, STABILIZED",,T1,6.1,6.1,II,100 mL,386 676,E4,P001 IBC02,MP15,,T7,L4BH,TP2,TU15 TE19,AT,2 (D/E),V8,,CV13 CV28,S4 S9 S19,60
3303,,"COMPRESSED GAS, TOXIC, OXIDIZING, N.O.S.",,1TO,2,2.3+5.1,,0,274,E0,P200,MP9,,(M),CxBH(M),,TU6 TA4 TT9,AT,1 (C/D),,,CV9 CV10 CV36,S14,265
3304,,"COMPRESSED GAS, TOXIC, CORROSIVE, N.O.S.",,1TC,2,2.3+8,,0,274,E0,P200,MP9,,(M),CxBH(M),,TU6 TA4 TT9,AT,1 (C/D),,,CV9 CV10 CV36,S14,268
3305,,"COMPRESSED GAS, TOXIC, FLAMMABLE, CORROSIVE, N.O.S.",,1TFC,2,2.3+2.1+8,,0,274,E0,P200,MP9,,(M),CxBH(M),,TU6 TA4 TT9,FL,1 (B/D),,,CV9 CV10 CV36,S2 S14,263
3306,,"COMPRESSED GAS, TOXIC, OXIDIZING, CORROSIVE, N.O.S.",,1TOC,2,2.3+5.1+8,,0,274,E0,P200,MP9,,(M),CxBH(M),,TU6 TA4 TT9,AT,1 (C/D),,,CV9 CV10 CV36,S14,265
3307,,"LIQUEFIED GAS, TOXIC, OXIDIZING, N.O.S.",,2TO,2,2.3+5.1,,0,274,E0,P200,MP9,,(M),PxBH(M),,TU6 TA4 TT9,AT,1 (C/D),,,CV9 CV10 CV36,S14,265
3308,,"LIQUEFIED GAS, TOXIC, CORROSIVE, N.O.S.",,2TC,2,2.3+8,,0,274,E0,P200,MP9,,(M),PxBH(M),,TU6 TA4 TT9,AT,1 (C/D),,,CV9 CV10 CV36,S14,268
3309,,"LIQUEFIED GAS, TOXIC, FLAMMABLE, CORROSIVE, N.O.S.",,2TFC,2,2.3+2.1+8,,0,274,E0,P200,MP9,,(M),PxBH(M),,TU6 TA4 TT9,FL,1 (B/D),,,CV9 CV10 CV36,S2 S14,263
3310,,"LIQUEFIED GAS, TOXIC, OXIDIZING, CORROSIVE, N.O.S.",,2TOC,2,2.3+5.1+8,,0,274,E0,P200,MP9,,(M),PxBH(M),,TU6 TA4 TT9,AT,1 (C/D),,,CV9 CV10 CV36,S14,265
3311,,"GAS, REFRIGERATED LIQUID, OXIDIZING, N.O.S.",,3O,2,2.2+5.1,,0,274,E0,P203,MP9,,T75,RxBN,TP5 TP22,TU7 TU19 TA4 TT9,AT,3 (C/E),V5,,CV9 CV11 CV36,S20,225
3312,,"GAS, REFRIGERATED LIQUID, FLAMMABLE, N.O.S.",,3F,2,2.1,,0,274,E0,P203,MP9,,T75,RxBN,TP5,TU18 TA4 TT9,FL,2 (B/D),V5,,CV9 CV11 CV36,S2 S17,223
3313,a,"ORGANIC PIGMENTS, SELF-HEATING",,S2,4.2,4.2,II,0,,E2,P002 IBC08,MP14,B4,T3,SGAV,TP33,,AT,2 (D/E),V1,,,,40
3313,b,"ORGANIC PIGMENTS, SELF-HEATING",,S2,4.2,4.2,III,0,,E1,P002 IBC08 LP02 R001,MP14,B3,T1,SGAV,TP33,,AT,3 (E),V1,,,,40
3314,,PLASTICS MOULDING COMPOUND,"in dough, sheet or extruded rope form evolving flammable vapour",M3,9,None,III,5 kg,207 633 675,E1,P002 IBC08 R001,MP10,PP14 B3 B6,,,,,,3 (D/E),,VC1 VC2 AP2,CV36,,90
3315,,"CHEMICAL SAMPLE, TOXIC",,T8,6.1,6.1,I,0,250,E0,P099,MP8 MP17,,,,,,,1 (E),,,CV1 CV13 CV28,S9 S14,
3316,a,CHEMICAL KIT,,M11,9,9,,See SP 251,251 340 671,See SP 340,P901,,,,,,,,2 (E),,,,,
3316,b,FIRST AID KIT,,M11,9,9,,See SP 251,251 340 671,See SP 340,P901,,,,,,,,,,,,,
3316,c,CHEMICAL KIT,,M11,9,9,I,See SP 251,251 340 671,See SP 340,P901,,,,,,,,1 (E),,,,,
3316,d,FIRST AID KIT,,M11,9,9,I,See SP 251,251 340 671,See SP 340,P901,,,,,,,,1 (E),,,,,
3316,e,CHEMICAL KIT,,M11,9,9,II,See SP 251,251 340 671,See SP 340,P901,,,,,,,,2 (E),,,,,
3316,f,FIRST AID KIT,,M11,9,9,II,See SP 251,251 340 671,See SP 340,P901,,,,,,,,2 (E),,,,,
3316,g,CHEMICAL KIT,,M11,9,9,III,See SP 251,251 340 671,See SP 340,P901,,,,,,,,3 (E),,,,,
3316,h,FIRST AID KIT,,M11,9,9,III,See SP 251,251 340 671,See SP 340,P901,,,,,,,,3 (E),,,,,
3317,,"2-AMINO-4,6-DINITROPHENOL, WETTED","with not less than 20% water, by mass",D,4.1,4.1,I,0,,E0,P406,MP2,PP26,,,,,,1 (B),,,,S14,
3318,,AMMONIA SOLUTION,"relative density less than 0.880 at 15°C in water, with more than 50% ammonia",4TC,2,2.3+8,,0,23,E0,P200,MP9,,(M) T50,PxBH(M),,TA4 TT9,AT,1 (C/D),,,CV9 CV10,S14,268
3319,,"NITROGLYCERIN MIXTURE, DESENSITIZED, SOLID, N.O.S.","with more than 2% but not more than 10% nitroglycerin, by mass",D,4.1,4.1,II,0,272 274,E0,P099 IBC99,MP2,,,,,,,2 (B),,,,S14,
3320,a,SODIUM BOROHYDRIDE AND SODIUM HYDROXIDE SOLUTION,with not more than 12% sodium borohydride and not more than 40% sodium hydroxide by mass,C5,8,8,II,1 L,,E2,P001 IBC02,MP15,,T7,L4BN,TP2,,AT,2 (E),,,,,80
3320,b,SODIUM BOROHYDRIDE AND SODIUM HYDROXIDE SOLUTION,with not more than 12% sodium borohydride and not more than 40% sodium hydroxide by mass,C5,8,8,III,5 L,,E1,P001 IBC03 LP01 R001,MP19,,T4,L4BN,TP2,,AT,3 (E),V12,,,,80
3321,a,"RADIOACTIVE MATERIAL, LOW SPECIFIC ACTIVITY (LSA-II)",non fissile or fissile-excepted,,7,7X,,0,172 317 325 336,E0,See 2.2.7 and 4.1.9,,See 4.1.9.1.3,T5,S2.65AN(+) L2.65CN(+),TP4,TU36 TT7 TM7,AT,0 (E),,,CV33,S6 S11 S21,70
3321,b,"RADIOACTIVE MATERIAL, LOW SPECIFIC ACTIVITY (LSA-II)",non fissile or fissile-excepted,,7,7X,,0,172 317 325 336,E0,See 2.2.7 and 4.1.9,,See 4.1.9.1.3,T5,S2.65AN(+) L2.65CN(+),TP4,TU36 TT7 TM7,AT,0 (E),,,CV33,S6 S11 S21,70
3321,c,"RADIOACTIVE MATERIAL, LOW SPECIFIC ACTIVITY (LSA-II)",non fissile or fissile-excepted,,7,7X,,0,172 317 325 336,E0,See 2.2.7 and 4.1.9,,See 4.1.9.1.3,T5,S2.65AN(+) L2.65CN(+),TP4,TU36 TT7 TM7,AT,0 (E),,,CV33,S6 S11 S21,70
3321,d,"RADIOACTIVE MATERIAL, LOW SPECIFIC ACTIVITY (LSA-II)",non fissile or fissile-excepted,,7,7X,,0,172 317 325 336,E0,See 2.2.7 and 4.1.9,,See 4.1.9.1.3,T5,S2.65AN(+) L2.65CN(+),TP4,TU36 TT7 TM7,AT,0 (E),,,CV33,S6 S11 S21,70
3321,e,"RADIOACTIVE MATERIAL, LOW SPECIFIC ACTIVITY (LSA-II)",non fissile or fissile-excepted,,7,7X,,0,172 317 325 336,E0,See 2.2.7 and 4.1.9,,See 4.1.9.1.3,T5,S2.65AN(+) L2.65CN(+),TP4,TU36 TT7 TM7,AT,0 (E),,,CV33,S6 S11 S21,70
3322,a,"RADIOACTIVE MATERIAL, LOW SPECIFIC ACTIVITY (LSA-III)",non fissile or fissile-excepted,,7,7X,,0,172 317 325 336,E0,See 2.2.7 and 4.1.9,,See 4.1.9.1.3,T5,S2.65AN(+) L2.65CN(+),TP4,TU36 TT7 TM7,AT,0 (E),,,CV33,S6 S11 S21,70
3322,b,"RADIOACTIVE MATERIAL, LOW SPECIFIC ACTIVITY (LSA-III)",non fissile or fissile-excepted,,7,7X,,0,172 317 325 336,E0,See 2.2.7 and 4.1.9,,See 4.1.9.1.3,T5,S2.65AN(+) L2.65CN(+),TP4,TU36 TT7 TM7,AT,0 (E),,,CV33,S6 S11 S21,70
3322,c,"RADIOACTIVE MATERIAL, LOW SPECIFIC ACTIVITY (LSA-III)",non fissile or fissile-excepted,,7,7X,,0,172 317 325 336,E0,See 2.2.7 and 4.1.9,,See 4.1.9.1.3,T5,S2.65AN(+) L2.65CN(+),TP4,TU36 TT7 TM7,AT,0 (E),,,CV33,S6 S11 S21,70
3322,d,"RADIOACTIVE MATERIAL, LOW SPECIFIC ACTIVITY (LSA-III)",non fissile or fissile-excepted,,7,7X,,0,172 317 325 336,E0,See 2.2.7 and 4.1.9,,See 4.1.9.1.3,T5,S2.65AN(+) L2.65CN(+),TP4,TU36 TT7 TM7,AT,0 (E),,,CV33,S6 S11 S21,70
3323,a,"RADIOACTIVE MATERIAL, TYPE C PACKAGE",non fissile or fissile-excepted,,7,7X,,0,172 317 325,E0,See 2.2.7 and 4.1.9,,See 4.1.9.1.3,,,,,,0 (E),,,CV33,S6 S11 S21,70
3323,b,"RADIOACTIVE MATERIAL, TYPE C PACKAGE",non fissile or fissile-excepted,,7,7X,,0,172 317 325,E0,See 2.2.7 and 4.1.9,,See 4.1.9.1.3,,,,,,0 (E),,,CV33,S6 S11 S21,70
3323,c,"RADIOACTIVE MATERIAL, TYPE C PACKAGE",non fissile or fissile-excepted,,7,7X,,0,172 317 325,E0,See 2.2.7 and 4.1.9,,See 4.1.9.1.3,,,,,,0 (E),,,CV33,S6 S11 S21,70
3323,d,"RADIOACTIVE MATERIAL, TYPE C PACKAGE",non fissile or fissile-excepted,,7,7X,,0,172 317 325,E0,See 2.2.7 and 4.1.9,,See 4.1.9.1.3,,,,,,0 (E),,,CV33,S6 S11 S21,70
3324,a,"RADIOACTIVE MATERIAL, LOW SPECIFIC ACTIVITY (LSA-II), FISSILE",,,7,7X+7E,,0,172 326 336,E0,See 2.2.7 and 4.1.9,,See 4.1.9.1.3,,,,,,0 (E),,,CV33,S6 S11 S21,70
3324,b,"RADIOACTIVE MATERIAL, LOW SPECIFIC ACTIVITY (LSA-II), FISSILE",,,7,7X+7E,,0,172 326 336,E0,See 2.2.7 and 4.1.9,,See 4.1.9.1.3,,,,,,0 (E),,,CV33,S6 S11 S21,70
3324,c,"RADIOACTIVE MATERIAL, LOW SPECIFIC ACTIVITY (LSA-II), FISSILE",,,7,7X+7E,,0,172 326 336,E0,See 2.2.7 and 4.1.9,,See 4.1.9.1.3,,,,,,0 (E),,,CV33,S6 S11 S21,70
3324,d,"RADIOACTIVE MATERIAL, LOW SPECIFIC ACTIVITY (LSA-II), FISSILE",,,7,7X+7E,,0,172 326 336,E0,See 2.2.7 and 4.1.9,,See 4.1.9.1.3,,,,,,0 (E),,,CV33,S6 S11 S21,70
3324,e,"RADIOACTIVE MATERIAL, LOW SPECIFIC ACTIVITY (LSA-II), FISSILE",,,7,7X+7E,,0,172 326 336,E0,See 2.2.7 and 4.1.9,,See 4.1.9.1.3,,,,,,0 (E),,,CV33,S6 S11 S21,70
3325,a,"RADIOACTIVE MATERIAL, LOW SPECIFIC ACTIVITY (LSA-III), FISSILE",,,7,7X+7E,,0,172 326 336,E0,See 2.2.7 and 4.1.9,,See 4.1.9.1.3,,,,,,0 (E),,,CV33,S6 S11 S21,70
3325,b,"RADIOACTIVE MATERIAL, LOW SPECIFIC ACTIVITY (LSA-III), FISSILE",,,7,7X+7E,,0,172 326 336,E0,See 2.2.7 and 4.1.9,,See 4.1.9.1.3,,,,,,0 (E),,,CV33,S6 S11 S21,70
3325,c,"RADIOACTIVE MATERIAL, LOW SPECIFIC ACTIVITY (LSA-III), FISSILE",,,7,7X+7E,,0,172 326 336,E0,See 2.2.7 and 4.1.9,,See 4.1.9.1.3,,,,,,0 (E),,,CV33,S6 S11 S21,70
3325,d,"RADIOACTIVE MATERIAL, LOW SPECIFIC ACTIVITY (LSA-III), FISSILE",,,7,7X+7E,,0,172 326 336,E0,See 2.2.7 and 4.1.9,,See 4.1.9.1.3,,,,,,0 (E),,,CV33,S6 S11 S21,70
3326,a,"RADIOACTIVE MATERIAL, SURFACE CONTAMINATED OBJECTS (SCO-I), FISSILE",,,7,7X+7E,,0,172 326,E0,See 2.2.7 and 4.1.9,,See 4.1.9.1.3,,,,,,0 (E),,,CV33,S6 S11 S21,70
3326,b,"RADIOACTIVE MATERIAL, SURFACE CONTAMINATED OBJECTS (SCO-II), FISSILE",,,7,7X+7E,,0,172 326,E0,See 2.2.7 and 4.1.9,,See 4.1.9.1.3,,,,,,0 (E),,,CV33,S6 S11 S21,70
3327,a,"RADIOACTIVE MATERIAL, TYPE A PACKAGE, FISSILE",non-special form,,7,7X+7E,,0,172 326,E0,See 2.2.7 and 4.1.9,,See 4.1.9.1.3,,,,,,0 (E),,,CV33,S6 S11 S21,70
3327,b,"RADIOACTIVE MATERIAL, TYPE A PACKAGE, FISSILE",non-special form,,7,7X+7E,,0,172 326,E0,See 2.2.7 and 4.1.9,,See 4.1.9.1.3,,,,,,0 (E),,,CV33,S6 S11 S21,70
3327,c,"RADIOACTIVE MATERIAL, TYPE A PACKAGE, FISSILE",non-special form,,7,7X+7E,,0,172 326,E0,See 2.2.7 and 4.1.9,,See 4.1.9.1.3,,,,,,0 (E),,,CV33,S6 S11 S21,70
3327,d,"RADIOACTIVE MATERIAL, TYPE A PACKAGE, FISSILE",non-special form,,7,7X+7E,,0,172 326,E0,See 2.2.7 and 4.1.9,,See 4.1.9.1.3,,,,,,0 (E),,,CV33,S6 S11 S21,70
3328,a,"RADIOACTIVE MATERIAL, TYPE B(U) PACKAGE, FISSILE",,,7,7X+7E,,0,172 326 337,E0,See 2.2.7 and 4.1.9,,See 4.1.9.1.3,,,,,,0 (E),,,CV33,S6 S11 S21,70
3328,b,"RADIOACTIVE MATERIAL, TYPE B(U) PACKAGE, FISSILE",,,7,7X+7E,,0,172 326 337,E0,See 2.2.7 and 4.1.9,,See 4.1.9.1.3,,,,,,0 (E),,,CV33,S6 S11 S21,70
3328,c,"RADIOACTIVE MATERIAL, TYPE B(U) PACKAGE, FISSILE",,,7,7X+7E,,0,172 326 337,E0,See 2.2.7 and 4.1.9,,See 4.1.9.1.3,,,,,,0 (E),,,CV33,S6 S11 S21,70
3328,d,"RADIOACTIVE MATERIAL, TYPE B(U) PACKAGE, FISSILE",,,7,7X+7E,,0,172 326 337,E0,See 2.2.7 and 4.1.9,,See 4.1.9.1.3,,,,,,0 (E),,,CV33,S6 S11 S21,70
3329,a,"RADIOACTIVE MATERIAL, TYPE B(M) PACKAGE, FISSILE",,,7,7X+7E,,0,172 326 337,E0,See 2.2.7 and 4.1.9,,See 4.1.9.1.3,,,,,,0 (E),,,CV33,S6 S11 S21,70
3329,b,"RADIOACTIVE MATERIAL, TYPE B(M) PACKAGE, FISSILE",,,7,7X+7E,,0,172 326 337,E0,See 2.2.7 and 4.1.9,,See 4.1.9.1.3,,,,,,0 (E),,,CV33,S6 S11 S21,70
3329,c,"RADIOACTIVE MATERIAL, TYPE B(M) PACKAGE, FISSILE",,,7,7X+7E,,0,172 326 337,E0,See 2.2.7 and 4.1.9,,See 4.1.9.1.3,,,,,,0 (E),,,CV33,S6 S11 S21,70
3329,d,"RADIOACTIVE MATERIAL, TYPE B(M) PACKAGE, FISSILE",,,7,7X+7E,,0,172 326 337,E0,See 2.2.7 and 4.1.9,,See 4.1.9.1.3,,,,,,0 (E),,,CV33,S6 S11 S21,70
3330,a,"RADIOACTIVE MATERIAL, TYPE C PACKAGE, FISSILE",,,7,7X+7E,,0,172 326,E0,See 2.2.7 and 4.1.9,,See 4.1.9.1.3,,,,,,0 (E),,,CV33,S6 S11 S21,70
3330,b,"RADIOACTIVE MATERIAL, TYPE C PACKAGE, FISSILE",,,7,7X+7E,,0,172 326,E0,See 2.2.7 and 4.1.9,,See 4.1.9.1.3,,,,,,0 (E),,,CV33,S6 S11 S21,70
3330,c,"RADIOACTIVE MATERIAL, TYPE C PACKAGE, FISSILE",,,7,7X+7E,,0,172 326,E0,See 2.2.7 and 4.1.9,,See 4.1.9.1.3,,,,,,0 (E),,,CV33,S6 S11 S21,70
3330,d,"RADIOACTIVE MATERIAL, TYPE C PACKAGE, FISSILE",,,7,7X+7E,,0,172 326,E0,See 2.2.7 and 4.1.9,,See 4.1.9.1.3,,,,,,0 (E),,,CV33,S6 S11 S21,70
3331,,"RADIOACTIVE MATERIAL, TRANSPORTED UNDER SPECIAL ARRANGEMENT, FISSILE",,,7,7X+7E,,0,172 326,E0,See 2.2.7 and 4.1.9,,See 4.1.9.1.3,,,,,,0 (-),,,CV33,S6 S11 S21,70
3332,,"RADIOACTIVE MATERIAL, TYPE A PACKAGE, SPECIAL FORM",non fissile or fissile-excepted,,7,7X,,0,172 317,E0,See 2.2.7 and 4.1.9,,See 4.1.9.1.3,,,,,,0 (E),,,CV33,S6 S11 S12 S21,70
3333,,"RADIOACTIVE MATERIAL, TYPE A PACKAGE, SPECIAL FORM, FISSILE",,,7,7X+7E,,0,172,E0,See 2.2.7 and 4.1.9,,See 4.1.9.1.3,,,,,,0 (E),,,CV33,S6 S11 S21,70
3334,,"Aviation regulated liquid, n.o.s.",,M11,9,,,,,,,,,,Not subject to ADR,,,,,,,,,
3335,,"Aviation regulated solid, n.o.s.",,M11,9,,,,,,,,,,Not subject to ADR,,,,,,,,,
3336,a,"MERCAPTANS, LIQUID, FLAMMABLE, N.O.S.",,F1,3,3,I,0,274,E0,P001,MP7 MP17,,T11,L4BN,TP2,,FL,1 (D/E),,,,S2 S20,33
3336,b,"MERCAPTAN MIXTURE, LIQUID, FLAMMABLE, N.O.S.",,F1,3,3,I,0,274,E0,P001,MP7 MP17,,T11,L4BN,TP2,,FL,1 (D/E),,,,S2 S20,33
3336,c,"MERCAPTANS, LIQUID, FLAMMABLE, N.O.S.",,F1,3,3,II,1 L,274 640C/D,E2,P001 IBC02* R001*,MP19,,T7,L1.5BN/LGBF,TP1 TP8 TP28,,FL,2 (D/E),,,,S2 S20,33
3336,d,"MERCAPTAN MIXTURE, LIQUID, FLAMMABLE, N.O.S.",,F1,3,3,II,1 L,274 640C/D,E2,P001 IBC02* R001*,MP19,,T7,L1.5BN/LGBF,TP1 TP8 TP28,,FL,2 (D/E),,,,S2 S20,33
3336,e,"MERCAPTANS, LIQUID, FLAMMABLE, N.O.S.",,F1,3,3,III,5 L,274,E1,P001 IBC03 LP01 R001,MP19,,T4,LGBF,TP1 TP29,,FL,3 (D/E),V12,,,S2,30
3336,f,"MERCAPTAN MIXTURE, LIQUID, FLAMMABLE, N.O.S.",,F1,3,3,III,5 L,274,E1,P001 IBC03 LP01 R001,MP19,,T4,LGBF,TP1 TP29,,FL,3 (D/E),V12,,,S2,30
3337,,REFRIGERANT GAS R 404A,"(Pentafluoroethane, 1,1,1-trifluoroethane, and 1,1,1,2-tetrafluoroethane zeotropic mixture with approximately 44% pentafluoroethane and 52% 1,1,1-trifluoroethane)",2A,2,2.2,,120 mL,662,E1,P200,MP9,,(M) T50,PxBN(M),,TA4 TT9,AT,3 (C/E),,,CV9 CV10 CV36,,20
3338,,REFRIGERANT GAS R 407A,"(Difluoromethane, pentafluoroethane, and 1,1,1,2-tetrafluoroethane zeotropic mixture with approximately 20% difluoromethane and 40% pentafluoroethane)",2A,2,2.2,,120 mL,662,E1,P200,MP9,,(M) T50,PxBN(M),,TA4 TT9,AT,3 (C/E),,,CV9 CV10 CV36,,20
3339,,REFRIGERANT GAS R 407B,"(Difluoromethane, pentafluoroethane, and 1,1,1,2-tetrafluoroethane zeotropic mixture with approximately 10% difluoromethane and 70% pentafluoroethane)",2A,2,2.2,,120 mL,662,E1,P200,MP9,,(M) T50,PxBN(M),,TA4 TT9,AT,3 (C/E),,,CV9 CV10 CV36,,20
3340,,REFRIGERANT GAS R 407C,"(Difluoromethane, pentafluoroethane, and 1,1,1,2-tetrafluoroethane zeotropic mixture with approximately 23% difluoromethane and 25% pentafluoroethane)",2A,2,2.2,,120 mL,662,E1,P200,MP9,,(M) T50,PxBN(M),,TA4 TT9,AT,3 (C/E),,,CV9 CV10 CV36,,20
3341,a,THIOUREA DIOXIDE,,S2,4.2,4.2,II,0,,E2,P002 IBC06,MP14,,T3,SGAV,TP33,,AT,2 (D/E),V1,,,,40
3341,b,THIOUREA DIOXIDE,,S2,4.2,4.2,III,0,,E1,P002 IBC08 LP02 R001,MP14,B3,T1,SGAV,TP33,,AT,3 (E),V1,,,,40
3342,a,XANTHATES,,S2,4.2,4.2,II,0,,E2,P002 IBC06,MP14,,T3,SGAV,TP33,,AT,2 (D/E),V1,,,,40
3342,b,XANTHATES,,S2,4.2,4.2,III,0,,E1,P002 IBC08 LP02 R001,MP14,B3,T1,SGAV,TP33,,AT,3 (E),V1,,,,40
3343,,"NITROGLYCERIN MIXTURE, DESENSITIZED, LIQUID, FLAMMABLE, N.O.S.","with not more than 30% nitroglycerin, by mass",D,3,3,,0,274 278,E0,P099,MP2,,,,,,,0 (B),,,,S2 S14,
3344,a,"PENTAERYTHRITE TETRANITRATE MIXTURE, DESENSITIZED, SOLID, N.O.S.","with more than 10% but not more than 20% PETN, by mass",D,4.1,4.1,II,0,272 274,E0,P099,MP2,,,,,,,2 (B),,,,S14,
3344,b,"PENTAERYTHRITOL TETRANITRATE MIXTURE, DESENSITIZED, SOLID, N.O.S.","with more than 10% but not more than 20% PETN, by mass",D,4.1,4.1,II,0,272 274,E0,P099,MP2,,,,,,,2 (B),,,,S14,
3344,c,"PETN MIXTURE, DESENSITIZED, SOLID, N.O.S.","with more than 10% but not more than 20% PETN, by mass",D,4.1,4.1,II,0,272 274,E0,P099,MP2,,,,,,,2 (B),,,,S14,
3345,a,"PHENOXYACETIC ACID DERIVATIVE PESTICIDE, SOLID, TOXIC",,T7,6.1,6.1,I,0,61 274 648,E5,P002 IBC07,MP18,,T6,S10AH L10CH,TP33,TU14 TU15 TE19 TE21,AT,1 (C/E),V10,,CV1 CV13 CV28,S9 S14,66
3345,b,"PHENOXYACETIC ACID DERIVATIVE PESTICIDE, SOLID, TOXIC",,T7,6.1,6.1,II,500 g,61 274 648,E4,P002 IBC08,MP10,B4,T3,SGAH L4BH,TP33,TU15 TE19,AT,2 (D/E),V11,,CV13 CV28,S9 S19,60
3345,c,"PHENOXYACETIC ACID DERIVATIVE PESTICIDE, SOLID, TOXIC",,T7,6.1,6.1,III,5 kg,61 274 648,E1,P002 IBC08 LP02 R001,MP10,B3,T1,SGAH L4BH,TP33,TU15 TE19,AT,2 (E),,VC1 VC2 AP7,CV13 CV28,S9,60
3346,a,"PHENOXYACETIC ACID DERIVATIVE PESTICIDE, LIQUID, FLAMMABLE, TOXIC",flashpoint less than 23°C,FT2,3,3+6.1,I,0,61 274,E0,P001,MP7 MP17,,T14,L10CH,TP2 TP27,TU14 TU15 TE21,FL,1 (C/E),,,CV13 CV28,S2 S22,336
3346,b,"PHENOXYACETIC ACID DERIVATIVE PESTICIDE, LIQUID, FLAMMABLE, TOXIC",flashpoint less than 23°C,FT2,3,3+6.1,II,1 L,61 274,E2,P001 IBC02 R001,MP19,,T11,L4BH,TP2 TP27,TU15,FL,2 (D/E),,,CV13 CV28,S2 S22,336
3347,a,"PHENOXYACETIC ACID DERIVATIVE PESTICIDE, LIQUID, TOXIC, FLAMMABLE",flashpoint not less than 23°C,TF2,6.1,6.1+3,I,0,61 274,E5,P001,MP8 MP17,,T14,L10CH,TP2 TP27,TU14 TU15 TE19 TE21,FL,1 (C/E),,,CV1 CV13 CV28,S2 S9 S14,663
3347,b,"PHENOXYACETIC ACID DERIVATIVE PESTICIDE, LIQUID, TOXIC, FLAMMABLE",flashpoint not less than 23°C,TF2,6.1,6.1+3,II,100 mL,61 274,E4,P001 IBC02,MP15,,T11,L4BH,TP2 TP27,TU15 TE19,FL,2 (D/E),,,CV13 CV28,S2 S9 S19,63
3347,c,"PHENOXYACETIC ACID DERIVATIVE PESTICIDE, LIQUID, TOXIC, FLAMMABLE",flashpoint not less than 23°C,TF2,6.1,6.1+3,III,5 L,61 274,E1,P001 IBC03 R001,MP19,,T7,L4BH,TP2 TP28,TU15 TE19,FL,2 (D/E),V12,,CV13 CV28,S2 S9,63
3348,a,"PHENOXYACETIC ACID DERIVATIVE PESTICIDE, LIQUID, TOXIC",,T6,6.1,6.1,I,0,61 274 648,E5,P001,MP8 MP17,,T14,L10CH,TP2 TP27,TU14 TU15 TE19 TE21,AT,1 (C/E),,,CV1 CV13 CV28,S9 S14,66
3348,b,"PHENOXYACETIC ACID DERIVATIVE PESTICIDE, LIQUID, TOXIC",,T6,6.1,6.1,II,100 mL,61 274 648,E4,P001 IBC02,MP15,,T11,L4BH,TP2 TP27,TU15 TE19,AT,2 (D/E),,,CV13 CV28,S9 S19,60
3348,c,"PHENOXYACETIC ACID DERIVATIVE PESTICIDE, LIQUID, TOXIC",,T6,6.1,6.1,III,5 L,61 274 648,E1,P001 IBC03 LP01 R001,MP19,,T7,L4BH,TP2 TP28,TU15 TE19,AT,2 (E),V12,,CV13 CV28,S9,60
3349,a,"PYRETHROID PESTICIDE, SOLID, TOXIC",,T7,6.1,6.1,I,0,61 274 648,E5,P002 IBC07,MP18,,T6,S10AH L10CH,TP33,TU14 TU15 TE19 TE21,AT,1 (C/E),V10,,CV1 CV13 CV28,S9 S14,66
3349,b,"PYRETHROID PESTICIDE, SOLID, TOXIC",,T7,6.1,6.1,II,500 g,61 274 648,E4,P002 IBC08,MP10,B4,T3,SGAH L4BH,TP33,TU15 TE19,AT,2 (D/E),V11,,CV13 CV28,S9 S19,60
3349,c,"PYRETHROID PESTICIDE, SOLID, TOXIC",,T7,6.1,6.1,III,5 kg,61 274 648,E1,P002 IBC08 LP02 R001,MP10,B3,T1,SGAH L4BH,TP33,TU15 TE19,AT,2 (E),,VC1 VC2 AP7,CV13 CV28,S9,60
3350,a,"PYRETHROID PESTICIDE, LIQUID, FLAMMABLE, TOXIC",flashpoint less than 23°C,FT2,3,3+6.1,I,0,61 274,E0,P001,MP7 MP17,,T14,L10CH,TP2 TP27,TU14 TU15 TE21,FL,1 (C/E),,,CV13 CV28,S2 S22,336
3350,b,"PYRETHROID PESTICIDE, LIQUID, FLAMMABLE, TOXIC",flashpoint less than 23°C,FT2,3,3+6.1,II,1 L,61 274,E2,P001 IBC02 R001,MP19,,T11,L4BH,TP2 TP27,TU15,FL,2 (D/E),,,CV13 CV28,S2 S22,336
3351,a,"PYRETHROID PESTICIDE, LIQUID, TOXIC, FLAMMABLE",flashpoint not less than 23°C,TF2,6.1,6.1+3,I,0,61 274,E5,P001,MP8 MP17,,T14,L10CH,TP2 TP27,TU14 TU15 TE19 TE21,FL,1 (C/E),,,CV1 CV13 CV28,S2 S9 S14,663
3351,b,"PYRETHROID PESTICIDE, LIQUID, TOXIC, FLAMMABLE",flashpoint not less than 23°C,TF2,6.1,6.1+3,II,100 mL,61 274,E4,P001 IBC02,MP15,,T11,L4BH,TP2 TP27,TU15 TE19,FL,2 (D/E),,,CV13 CV28,S2 S9 S19,63
3351,c,"PYRETHROID PESTICIDE, LIQUID, TOXIC, FLAMMABLE",flashpoint not less than 23°C,TF2,6.1,6.1+3,III,5 L,61 274,E1,P001 IBC03 R001,MP19,,T7,L4BH,TP2 TP28,TU15 TE19,FL,2 (D/E),V12,,CV13 CV28,S2 S9,63
3352,a,"PYRETHROID PESTICIDE, LIQUID, TOXIC",,T6,6.1,6.1,I,0,61 274 648,E5,P001,MP8 MP17,,T14,L10CH,TP2 TP27,TU14 TU15 TE19 TE21,AT,1 (C/E),,,CV1 CV13 CV28,S9 S14,66
3352,b,"PYRETHROID PESTICIDE, LIQUID, TOXIC",,T6,6.1,6.1,II,100 mL,61 274 648,E4,P001 IBC02,MP15,,T11,L4BH,TP2 TP27,TU15 TE19,AT,2 (D/E),,,CV13 CV28,S9 S19,60
3352,c,"PYRETHROID PESTICIDE, LIQUID, TOXIC",,T6,6.1,6.1,III,5 L,61 274 648,E1,P001 IBC03 LP01 R001,MP19,,T7,L4BH,TP2 TP28,TU15 TE19,AT,2 (E),V12,,CV13 CV28,S9,60
3354,,"INSECTICIDE GAS, FLAMMABLE, N.O.S.",,2F,2,2.1,,0,274 662,E0,P200,MP9,,(M),PxBN(M),,TA4 TT9,FL,2 (B/D),,,CV9 CV10 CV36,S2 S20,23
3355,,"INSECTICIDE GAS, TOXIC, FLAMMABLE, N.O.S.",,2TF,2,2.3+2.1,,0,274,E0,P200,MP9,,(M),PxBH(M),,TU6 TA4 TT9,FL,1 (B/D),,,CV9 CV10 CV36,S2 S14,263
3356,,"OXYGEN GENERATOR, CHEMICAL",,O3,5.1,5.1,,0,284,E0,P500,MP2,,,,,,,2 (E),,,CV24,,
3357,,"NITROGLYCERIN MIXTURE, DESENSITIZED, LIQUID, N.O.S.","with not more than 30% nitroglycerin, by mass",D,3,3,II,0,274 288,E0,P099,MP2,,,,,,,2 (B),,,,S2 S14,
3358,,REFRIGERATING MACHINES,"containing flammable, non-toxic, liquefied gas",6F,2,2.1,,0,291,E0,P003,MP9,PP32,,,,,,2 (D),,,CV9,S2,
3359,,FUMIGATED CARGO TRANSPORT UNIT,,M11,9,,,,302,,,,,,,,,,(-),,,,,
3360,,"Fibres, vegetable, dry",,F1,4.1,,,,,,,,,,Not subject to ADR,,,,,,,,,
3361,,"CHLOROSILANES, TOXIC, CORROSIVE, N.O.S.",,TC1,6.1,6.1+8,II,0,274,E0,P010,MP15,,T14,L4BH,TP2 TP7 TP27,TU15 TE19,AT,2 (D/E),,,CV13 CV28,S9 S19,68
3362,,"CHLOROSILANES, TOXIC, CORROSIVE, FLAMMABLE, N.O.S.",,TFC,6.1,6.1+3+8,II,0,274,E0,P010,MP15,,T14,L4BH,TP2 TP7 TP27,TU15 TE19,FL,2 (D/E),,,CV13 CV28,S2 S9 S19,638
3363,a,DANGEROUS GOODS IN ARTICLES,,M11,9,9,,0,301 672,E0,P907,,,,,,,,,,,,,
3363,b,DANGEROUS GOODS IN MACHINERY,,M11,9,9,,0,301 672,E0,P907,,,,,,,,,,,,,
3363,c,DANGEROUS GOODS IN APPARATUS,,M11,9,9,,0,301 672,E0,P907,,,,,,,,,,,,,
3364,a,"TRINITROPHENOL, WETTED","with not less than 10% water, by mass",D,4.1,4.1,I,0,,E0,P406,MP2,PP24,,,,,,1 (B),,,,S14,
3364,b,"PICRIC ACID, WETTED","with not less than 10% water, by mass",D,4.1,4.1,I,0,,E0,P406,MP2,PP24,,,,,,1 (B),,,,S14,
3365,a,"TRINITROCHLOROBENZENE, WETTED","with not less than 10% water, by mass",D,4.1,4.1,I,0,,E0,P406,MP2,PP24,,,,,,1 (B),,,,S14,
3365,b,"PICRYL CHLORIDE, WETTED","with not less than 10% water, by mass",D,4.1,4.1,I,0,,E0,P406,MP2,PP24,,,,,,1 (B),,,,S14,
3366,a,"TRINITROTOLUENE, WETTED","with not less than 10% water, by mass",D,4.1,4.1,I,0,,E0,P406,MP2,PP24,,,,,,1 (B),,,,S14,
3366,b,"TNT, WETTED","with not less than 10% water, by mass",D,4.1,4.1,I,0,,E0,P406,MP2,PP24,,,,,,1 (B),,,,S14,
3367,,"TRINITROBENZENE, WETTED","with not less than 10% water, by mass",D,4.1,4.1,I,0,,E0,P406,MP2,PP24,,,,,,1 (B),,,,S14,
3368,,"TRINITROBENZOIC ACID, WETTED","with not less than 10% water, by mass",D,4.1,4.1,I,0,,E0,P406,MP2,PP24,,,,,,1 (B),,,,S14,
3369,,"SODIUM DINITRO-o-CRESOLATE, WETTED","with not less than 10% water, by mass",DT,4.1,4.1+6.1,I,0,,E0,P406,MP2,PP24,,,,,,1 (B),,,CV13 CV28,S14,
3370,,"UREA NITRATE, WETTED","with not less than 10% water, by mass",D,4.1,4.1,I,0,,E0,P406,MP2,PP78,,,,,,1 (B),,,,S14,
3371,,2-METHYLBUTANAL,,F1,3,3,II,1 L,,E2,P001 IBC02 R001,MP19,,T4,LGBF,TP1,,FL,2 (D/E),,,,S2 S20,33
3373,a,"BIOLOGICAL SUBSTANCE, CATEGORY B",,I4,6.2,6.2,,0,319,E0,P650,,,T1 BK1* BK2*,L4BH,TP1,TU15 TU37 TE19,AT,(-),,,,S3,606
3373,b,"BIOLOGICAL SUBSTANCE, CATEGORY B",,I4,6.2,6.2,,0,319,E0,P650,,,T1 BK1* BK2*,L4BH,TP1,TU15 TU37 TE19,AT,(-),,,,S3,606
3374,,"ACETYLENE, SOLVENT FREE",,2F,2,2.1,,0,662,E0,P200,MP9,,,,,,,2 (D),,,CV9 CV10 CV36,S2 S20,
3375,a,AMMONIUM NITRATE EMULSION,"intermediate for blasting explosives, solid or liquid",O1 or O2,5.1,5.1,II,0,309,E2,P505 IBC02,MP2,B16,T1,SGAV(+) or LGAV(+),TP1 TP9 TP17 TP32,TU3 TU12 TU39 TE10 TE23 TA1 TA3,AT,2 (E),,,CV24,S9 S23,50
3375,b,AMMONIUM NITRATE SUSPENSION,"intermediate for blasting explosives, solid or liquid",O1 or O2,5.1,5.1,II,0,309,E2,P505 IBC02,MP2,B16,T1,SGAV(+) or LGAV(+),TP1 TP9 TP17 TP32,TU3 TU12 TU39 TE10 TE23 TA1 TA3,AT,2 (E),,,CV24,S9 S23,50
3375,c,AMMONIUM NITRATE GEL,"intermediate for blasting explosives, solid or liquid",O1 or O2,5.1,5.1,II,0,309,E2,P505 IBC02,MP2,B16,T1,SGAV(+) or LGAV(+),TP1 TP9 TP17 TP32,TU3 TU12 TU39 TE10 TE23 TA1 TA3,AT,2 (E),,,CV24,S9 S23,50
3376,,4-NITROPHENYLHYDRAZINE,"with not less than 30% water, by mass",D,4.1,4.1,I,0,,E0,P406,MP2,PP26,,,,,,1 (B),V1,,,S14,
3377,,SODIUM PERBORATE MONOHYDRATE,,O2,5.1,5.1,III,5 kg,,E1,P002 IBC08 LP02 R001,MP10,B3,T1 BK1 BK2 BK3,SGAV,TP33,TU3,AT,3 (E),,VC1 VC2 AP6 AP7,CV24,,50
3378,a,SODIUM CARBONATE PEROXYHYDRATE,,O2,5.1,5.1,II,1 kg,,E2,P002 IBC08,MP10,B4,T3 BK1 BK2,SGAV,TP33,TU3,AT,2 (E),V11,VC1 VC2 AP6 AP7,CV24,,50
3378,b,SODIUM CARBONATE PEROXYHYDRATE,,O2,5.1,5.1,III,5 kg,,E1,P002 IBC08 LP02 R001,MP10,B3,T1 BK1 BK2 BK3,SGAV,TP33,TU3,AT,3 (E),,VC1 VC2 AP6 AP7,CV24,,50
3379,,"DESENSITIZED EXPLOSIVE, LIQUID, N.O.S.",,D,3,3,I,0,274 311,E0,P099,MP2,,,,,,,1 (B),,,,S2 S14,
3380,,"DESENSITIZED EXPLOSIVE, SOLID, N.O.S.",,D,4.1,4.1,I,0,274 311 394,E0,P099,MP2,,,,,,,1 (B),,,,S14,
3381,,"TOXIC BY INHALATION LIQUID, N.O.S.",with an LC50 lower than or equal to 200 mL/m³ and saturated vapour concentration greater than or equal to 500 LC50,T1 or T4,6.1,6.1,I,0,274,E0,P601,MP8 MP17,,T22,L15CH,TP2,TU14 TU15 TE19 TE21,AT,1 (C/D),,,CV1 CV13 CV28,S9 S14,66
3382,,"TOXIC BY INHALATION LIQUID, N.O.S.",with an LC50 lower than or equal to 1000 mL/m³ and saturated vapour concentration greater than or equal to 10 LC50,T1 or T4,6.1,6.1,I,0,274,E0,P602,MP8 MP17,,T20,L10CH,TP2,TU14 TU15 TE19 TE21,AT,1 (C/D),,,CV1 CV13 CV28,S9 S14,66
3383,,"TOXIC BY INHALATION LIQUID, FLAMMABLE, N.O.S.",with an LC50 lower than or equal to 200 mL/m³ and saturated vapour concentration greater than or equal to 500 LC50,TF1,6.1,6.1+3,I,0,274,E0,P601,MP8 MP17,,T22,L15CH,TP2,TU14 TU15 TE19 TE21,FL,1 (C/D),,,CV1 CV13 CV28,S2 S9 S14,663
3384,,"TOXIC BY INHALATION LIQUID, FLAMMABLE, N.O.S.",with an LC50 lower than or equal to 1000 mL/m³ and saturated vapour concentration greater than or equal to 10 LC50,TF1,6.1,6.1+3,I,0,274,E0,P602,MP8 MP17,,T20,L10CH,TP2,TU14 TU15 TE19 TE21,FL,1 (C/D),,,CV1 CV13 CV28,S2 S9 S14,663
3385,,"TOXIC BY INHALATION LIQUID, WATER-REACTIVE, N.O.S.",with an LC50 lower than or equal to 200 mL/m³ and saturated vapour concentration greater than or equal to 500 LC50,TW1,6.1,6.1+4.3,I,0,274,E0,P601,MP8 MP17,,T22,L15CH,TP2,TU14 TU15 TE19 TE21,AT,1 (C/D),,,CV1 CV13 CV28,S9 S14,623
3386,,"TOXIC BY INHALATION LIQUID, WATER-REACTIVE, N.O.S.",with an LC50 lower than or equal to 1000 mL/m³ and saturated vapour concentration greater than or equal to 10 LC50,TW1,6.1,6.1+4.3,I,0,274,E0,P602,MP8 MP17,,T20,L10CH,TP2,TU14 TU15 TE19 TE21,AT,1 (C/D),,,CV1 CV13 CV28,S9 S14,623
3387,,"TOXIC BY INHALATION LIQUID, OXIDIZING, N.O.S.",with an LC50 lower than or equal to 200 mL/m³ and saturated vapour concentration greater than or equal to 500 LC50,TO1,6.1,6.1+5.1,I,0,274,E0,P601,MP8 MP17,,T22,L15CH,TP2,TU14 TU15 TE19 TE21,AT,1 (C/D),,,CV1 CV13 CV28,S9 S14,665
3388,,"TOXIC BY INHALATION LIQUID, OXIDIZING, N.O.S.",with an LC50 lower than or equal to 1000 mL/m³ and saturated vapour concentration greater than or equal to 10 LC50,TO1,6.1,6.1+5.1,I,0,274,E0,P602,MP8 MP17,,T20,L10CH,TP2,TU14 TU15 TE19 TE21,AT,1 (C/D),,,CV1 CV13 CV28,S9 S14,665
3389,,"TOXIC BY INHALATION LIQUID, CORROSIVE, N.O.S.",with an LC50 lower than or equal to 200 mL/m³ and saturated vapour concentration greater than or equal to 500 LC50,TC1 or TC3,6.1,6.1+8,I,0,274,E0,P601,MP8 MP17,,T22,L15CH,TP2,TU14 TU15 TE19 TE21,AT,1 (C/D),,,CV1 CV13 CV28,S9 S14,668
3390,,"TOXIC BY INHALATION LIQUID, CORROSIVE, N.O.S.",with an LC50 lower than or equal to 1000 mL/m³ and saturated vapour concentration greater than or equal to 10 LC50,TC1 or TC3,6.1,6.1+8,I,0,274,E0,P602,MP8 MP17,,T20,L10CH,TP2,TU14 TU15 TE19 TE21,AT,1 (C/D),,,CV1 CV13 CV28,S9 S14,668
3391,,"ORGANOMETALLIC SUBSTANCE, SOLID, PYROPHORIC",,S5,4.2,4.2,I,0,274,E0,P404,MP2,PP86,T21,L21DH,TP7 TP33 TP36,TU4 TU14 TU22 TC1 TE21 TM1,AT,0 (B/E),V1,,,S20,43
3392,,"ORGANOMETALLIC SUBSTANCE, LIQUID, PYROPHORIC",,S5,4.2,4.2,I,0,274,E0,P400,MP2,PP86,T21,L21DH,TP2 TP7 TP36,TU4 TU14 TU22 TC1 TE21 TM1,AT,0 (B/E),V1,,,S20,333
3393,,"ORGANOMETALLIC SUBSTANCE, SOLID, PYROPHORIC, WATER-REACTIVE",,SW,4.2,4.2+4.3,I,0,274,E0,P404,MP2,PP86,T21,L21DH,TP7 TP33 TP36 TP41,TU4 TU14 TU22 TC1 TE21 TM1,AT,0 (B/E),V1,,,S20,X432
3394,,"ORGANOMETALLIC SUBSTANCE, LIQUID, PYROPHORIC, WATER-REACTIVE",,SW,4.2,4.2+4.3,I,0,274,E0,P400,MP2,PP86,T21,L21DH,TP2 TP7 TP36 TP41,TU4 TU14 TU22 TC1 TE21 TM1,AT,0 (B/E),V1,,,S20,X333
3395,a,"ORGANOMETALLIC SUBSTANCE, SOLID, WATER-REACTIVE",,W2,4.3,4.3,I,0,274,E0,P403,MP2,,T9,S10AN L10DH,TP7 TP33 TP36 TP41,TU4 TU14 TU22 TE21 TM2,AT,1 (B/E),V1,,CV23,S20,X423
3395,b,"ORGANOMETALLIC SUBSTANCE, SOLID, WATER-REACTIVE",,W2,4.3,4.3,II,500 g,274,E2,P410 IBC04,MP14,,T3,SGAN L4DH,TP33 TP36 TP41,TU14 TE21 TM2,AT,2 (D/E),V1,,CV23,,423
3395,c,"ORGANOMETALLIC SUBSTANCE, SOLID, WATER-REACTIVE",,W2,4.3,4.3,III,1 kg,274,E1,P410 IBC06,MP14,,T1,SGAN L4DH,TP33 TP36 TP41,TU14 TE21 TM2,AT,3 (E),V1,,CV23,,423
3396,a,"ORGANOMETALLIC SUBSTANCE, SOLID, WATER-REACTIVE, FLAMMABLE",,WF2,4.3,4.3+4.1,I,0,274,E0,P403,MP2,,T9,S10AN L10DH,TP7 TP33 TP36 TP41,TU4 TU14 TU22 TE21 TM2,AT,0 (B/E),V1,,CV23,S20,X423
3396,b,"ORGANOMETALLIC SUBSTANCE, SOLID, WATER-REACTIVE, FLAMMABLE",,WF2,4.3,4.3+4.1,II,500 g,274,E2,P410 IBC04,MP14,,T3,SGAN L4DH,TP33 TP36 TP41,TU14 TE21 TM2,AT,0 (D/E),V1,,CV23,,423
3396,c,"ORGANOMETALLIC SUBSTANCE, SOLID, WATER-REACTIVE, FLAMMABLE",,WF2,4.3,4.3+4.1,III,1 kg,274,E1,P410 IBC06,MP14,,T1,SGAN L4DH,TP33 TP36 TP41,TU14 TE21 TM2,AT,0 (E),V1,,CV23,,423
3397,a,"ORGANOMETALLIC SUBSTANCE, SOLID, WATER-REACTIVE, SELF-HEATING",,WS,4.3,4.3+4.2,I,0,274,E0,P403,MP2,,T9,S10AN L10DH,TP7 TP33 TP36 TP41,TU14 TE21 TM2,AT,1 (B/E),V1,,CV23,S20,X423
3397,b,"ORGANOMETALLIC SUBSTANCE, SOLID, WATER-REACTIVE, SELF-HEATING",,WS,4.3,4.3+4.2,II,500 g,274,E2,P410 IBC04,MP14,,T3,SGAN L4DH,TP33 TP36 TP41,,AT,2 (D/E),V1,,CV23,,423
3397,c,"ORGANOMETALLIC SUBSTANCE, SOLID, WATER-REACTIVE, SELF-HEATING",,WS,4.3,4.3+4.2,III,1 kg,274,E1,P410 IBC06,MP14,,T1,SGAN L4DH,TP33 TP36 TP41,,AT,3 (E),V1,,CV23,,423
3398,a,"ORGANOMETALLIC SUBSTANCE, LIQUID, WATER-REACTIVE",,W1,4.3,4.3,I,0,274,E0,P402,MP2,,T13,L10DH,TP2 TP7 TP36 TP41,TU4 TU14 TU22 TE21 TM2,AT,0 (B/E),V1,,CV23,S20,X323
3398,b,"ORGANOMETALLIC SUBSTANCE, LIQUID, WATER-REACTIVE",,W1,4.3,4.3,II,500 mL,274,E2,P001 IBC01,MP15,,T7,L4DH,TP2 TP7 TP36 TP41,TU14 TE21 TM2,AT,0 (D/E),V1,,CV23,,323
3398,c,"ORGANOMETALLIC SUBSTANCE, LIQUID, WATER-REACTIVE",,W1,4.3,4.3,III,1 L,274,E1,P001 IBC02,MP15,,T7,L4DH,TP2 TP7 TP36 TP41,TU14 TE21 TM2,AT,0 (E),V1,,CV23,,323
3399,a,"ORGANOMETALLIC SUBSTANCE, LIQUID, WATER-REACTIVE, FLAMMABLE",,WF1,4.3,4.3+3,I,0,274,E0,P402,MP2,,T13,L10DH,TP2 TP7 TP36 TP41,TU4 TU14 TU22 TE21 TM2,FL,0 (B/E),V1,,CV23,S2 S20,X323
3399,b,"ORGANOMETALLIC SUBSTANCE, LIQUID, WATER-REACTIVE, FLAMMABLE",,WF1,4.3,4.3+3,II,500 mL,274,E2,P001 IBC01,MP15,,T7,L4DH,TP2 TP7 TP36 TP41,TU4 TU14 TU22 TE21 TM2,FL,0 (D/E),V1,,CV23,S2,323
3399,c,"ORGANOMETALLIC SUBSTANCE, LIQUID, WATER-REACTIVE, FLAMMABLE",,WF1,4.3,4.3+3,III,1 L,274,E1,P001 IBC02 R001,MP15,,T7,L4DH,TP2 TP7 TP36 TP41,TU14 TE21 TM2,FL,0 (E),V1,,CV23,S2,323
3400,a,"ORGANOMETALLIC SUBSTANCE, SOLID, SELF-HEATING",,S5,4.2,4.2,II,500 g,274,E2,P410 IBC06,MP14,,T3,SGAN L4BN,TP33 TP36,,AT,2 (D/E),V1,,,,40
3400,b,"ORGANOMETALLIC SUBSTANCE, SOLID, SELF-HEATING",,S5,4.2,4.2,III,1 kg,274,E1,P002 IBC08,MP14,,T1,SGAN L4BN,TP33 TP36,,AT,3 (E),V1,,,,40
3401,,"ALKALI METAL AMALGAM, SOLID",,W2,4.3,4.3,I,0,182,E0,P403,MP2,,T9,L10BN(+),TP7 TP33,TU1 TE5 TT3 TM2,AT,1 (B/E),V1,,CV23,S20,X423
3402,,"ALKALINE EARTH METAL AMALGAM, SOLID",,W2,4.3,4.3,I,0,183 506,E0,P403,MP2,,T9,L10BN(+),TP7 TP33,TU1 TE5 TT3 TM2,AT,1 (B/E),V1,,CV23,S20,X423
3403,,"POTASSIUM METAL ALLOYS, SOLID",,W2,4.3,4.3,I,0,,E0,P403,MP2,,T9,L10BN(+),TP7 TP33,TU1 TE5 TT3 TM2,AT,1 (B/E),V1,,CV23,S20,X423
3404,,"POTASSIUM SODIUM ALLOYS, SOLID",,W2,4.3,4.3,I,0,,E0,P403,MP2,,T9,L10BN(+),TP7 TP33,TU1 TE5 TT3 TM2,AT,1 (B/E),V1,,CV23,S20,X423
3405,a,BARIUM CHLORATE SOLUTION,,OT1,5.1,5.1+6.1,II,1 L,,E2,P504 IBC02,MP2,,T4,L4BN,TP1,TU3,AT,2 (E),,,CV24 CV28,,56
3405,b,BARIUM CHLORATE SOLUTION,,OT1,5.1,5.1+6.1,III,5 L,,E1,P001 IBC02,MP2,,T4,LGBV,TP1,TU3,AT,3 (E),,,CV24 CV28,,56
3406,a,BARIUM PERCHLORATE SOLUTION,,OT1,5.1,5.1+6.1,II,1 L,,E2,P504 IBC02,MP2,,T4,L4BN,TP1,TU3,AT,2 (E),,,CV24 CV28,,56
3406,b,BARIUM PERCHLORATE SOLUTION,,OT1,5.1,5.1+6.1,III,5 L,,E1,P001 IBC02,MP2,,T4,LGBV,TP1,TU3,AT,3 (E),,,CV24 CV28,,56
3407,a,CHLORATE AND MAGNESIUM CHLORIDE MIXTURE SOLUTION,,O1,5.1,5.1,II,1 L,,E2,P504 IBC02,MP2,,T4,L4BN,TP1,TU3,AT,2 (E),,,CV24,,50
3407,b,CHLORATE AND MAGNESIUM CHLORIDE MIXTURE SOLUTION,,O1,5.1,5.1,III,5 L,,E1,P504 IBC02,MP2,,T4,LGBV,TP1,TU3,AT,3 (E),,,CV24,,50
3408,a,LEAD PERCHLORATE SOLUTION,,OT1,5.1,5.1+6.1,II,1 L,,E2,P504 IBC02,MP2,,T4,L4BN,TP1,TU3,AT,2 (E),,,CV24 CV28,,56
3408,b,LEAD PERCHLORATE SOLUTION,,OT1,5.1,5.1+6.1,III,5 L,,E1,P001 IBC02,MP2,,T4,LGBV,TP1,TU3,AT,3 (E),,,CV24 CV28,,56
3409,,"CHLORONITROBENZENES, LIQUID",,T1,6.1,6.1,II,100 mL,279,E4,P001 IBC02,MP15,,T7,L4BH,TP2,TU15 TE19,AT,2 (D/E),,,CV13 CV28,S9 S19,60
3410,,4-CHLORO-o-TOLUIDINE HYDROCHLORIDE SOLUTION,,T1,6.1,6.1,III,5 L,,E1,P001 IBC03 R001,MP19,,T4,L4BH,TP1,TU15 TE19,AT,2 (E),V12,,CV13 CV28,S9,60
3411,a,beta-NAPHTHYLAMINE SOLUTION,,T1,6.1,6.1,II,100 mL,,E4,P001 IBC02,MP15,,T7,L4BH,TP2,TU15 TE19,AT,2 (D/E),,,CV13 CV28,S9 S19,60
3411,b,beta-NAPHTHYLAMINE SOLUTION,,T1,6.1,6.1,III,5 L,,E1,P001 IBC02,MP19,,T7,L4BH,TP2,TU15 TE19,AT,2 (E),,,CV13 CV28,S9,60
3412,a,FORMIC ACID,with not less than 10% but not more than 85% acid by mass,C3,8,8,II,1 L,,E2,P001 IBC02,MP15,,T7,L4BN,TP2,,AT,2 (E),,,,,80
3412,b,FORMIC ACID,with not less than 5% but less than 10% acid by mass,C3,8,8,III,5 L,,E1,P001 IBC03 LP01 R001,MP19,,T4,L4BN,TP1,,AT,3 (E),V12,,,,80
3413,a,POTASSIUM CYANIDE SOLUTION,,T4,6.1,6.1,I,0,,E5,P001,MP8 MP17,,T14,L10CH,TP2,TU14 TU15 TE19 TE21,AT,1 (C/E),,,CV1 CV13 CV28,S9 S14,66
3413,b,POTASSIUM CYANIDE SOLUTION,,T4,6.1,6.1,II,100 mL,,E4,P001 IBC02,MP15,,T11,L4BH,TP2 TP27,TU15 TE19,AT,2 (D/E),,,CV13 CV28,S9 S19,60
3413,c,POTASSIUM CYANIDE SOLUTION,,T4,6.1,6.1,III,5 L,,E1,P001 IBC03 LP01 R001,MP19,,T7,L4BH,TP2 TP28,TU15 TE19,AT,2 (E),V12,,CV13 CV28,S9,60
3414,a,SODIUM CYANIDE SOLUTION,,T4,6.1,6.1,I,0,,E5,P001,MP8 MP17,,T14,L10CH,TP2,TU14 TU15 TE19 TE21,AT,1 (C/E),,,CV1 CV13 CV28,S9 S14,66
3414,b,SODIUM CYANIDE SOLUTION,,T4,6.1,6.1,II,100 mL,,E4,P001 IBC02,MP15,,T11,L4BH,TP2 TP27,TU15 TE19,AT,2 (D/E),,,CV13 CV28,S9 S19,60
3414,c,SODIUM CYANIDE SOLUTION,,T4,6.1,6.1,III,5 L,,E1,P001 IBC03 LP01 R001,MP19,,T7,L4BH,TP2 TP28,TU15 TE19,AT,2 (E),V12,,CV13 CV28,S9,60
3415,,SODIUM FLUORIDE SOLUTION,,T4,6.1,6.1,III,5 L,,E1,P001 IBC03 LP01 R001,MP19,,T4,L4BH,TP1,TU15 TE19,AT,2 (E),V12,,CV13 CV28,S9,60
3416,,"CHLOROACETOPHENONE, LIQUID",,T1,6.1,6.1,II,0,,E0,P001 IBC02,MP15,,T7,L4BH,TP2,TU15 TE19,AT,2 (D/E),,,CV13 CV28,S9 S19,60
3417,,"XYLYL BROMIDE, SOLID",,T2,6.1,6.1,II,0,,E4,P002 IBC08,MP10,B4,T3,SGAH L4BH,TP33,TU15 TE19,AT,2 (D/E),V11,,CV13 CV28,S9 S19,60
3418,,"2,4-TOLUYLENEDIAMINE SOLUTION",,T1,6.1,6.1,III,5 L,,E1,P001 IBC03 LP01 R001,MP19,,T4,L4BH,TP1,TU15 TE19,AT,2 (E),V12,,CV13 CV28,S9,60
3419,,"BORON TRIFLUORIDE ACETIC ACID COMPLEX, SOLID",,C4,8,8,II,1 kg,,E2,P002 IBC08,MP10,B4,T3,SGAN L4BN,TP33,,AT,2 (E),V11,,,,80
3420,,"BORON TRIFLUORIDE PROPIONIC ACID COMPLEX, SOLID",,C4,8,8,II,1 kg,,E2,P002 IBC08,MP10,B4,T3,SGAN L4BN,TP33,,AT,2 (E),V11,,,,80
3421,a,POTASSIUM HYDROGEN DIFLUORIDE SOLUTION,,CT1,8,8+6.1,II,1 L,,E2,P001 IBC02,MP15,,T7,L4DH,TP2,TU14 TE21,AT,2 (E),,,CV13 CV28,,86
3421,b,POTASSIUM HYDROGEN DIFLUORIDE SOLUTION,,CT1,8,8+6.1,III,5 L,,E1,P001 IBC03 R001,MP19,,T4,L4DH,TP1,TU14 TE21,AT,3 (E),V12,,CV13 CV28,,86
3422,,POTASSIUM FLUORIDE SOLUTION,,T4,6.1,6.1,III,5 L,,E1,P001 IBC03 LP01 R001,MP19,,T4,L4BH,TP1,TU15 TE19,AT,2 (E),V12,,CV13 CV28,S9,60
3423,,"TETRAMETHYLAMMONIUM HYDROXIDE, SOLID",,C8,8,8,II,1 kg,,E2,P002 IBC08,MP10,B4,T3,SGAN L4BN,TP33,,AT,2 (E),V11,,,,80
3424,a,AMMONIUM DINITRO-o-CRESOLATE SOLUTION,,T1,6.1,6.1,II,100 mL,,E4,P001 IBC02,MP15,,T7,L4BH,TP2,TU15 TE19,AT,2 (D/E),,,CV13 CV28,S9 S19,60
3424,b,AMMONIUM DINITRO-o-CRESOLATE SOLUTION,,T1,6.1,6.1,III,5 L,,E1,P001 IBC02,MP19,,T7,L4BH,TP2,TU15 TE19,AT,2 (E),,,CV13 CV28,S9,60
3425,,"BROMOACETIC ACID, SOLID",,C4,8,8,II,1 kg,,E2,P002 IBC08,MP10,B4,T3,SGAN L4BN,TP33,,AT,2 (E),V11,,,,80
3426,,ACRYLAMIDE SOLUTION,,T1,6.1,6.1,III,5 L,,E1,P001 IBC03 LP01 R001,MP19,,T4,L4BH,TP1,TU15 TE19,AT,2 (E),V12,,CV13 CV28,S9,60
3427,,"CHLOROBENZYL CHLORIDES, SOLID",,T2,6.1,6.1,III,5 kg,,E1,P002 IBC08 LP02 R001,MP10,B3,T1,SGAH L4BH,TP33,TU15 TE19,AT,2 (E),,VC1 VC2 AP7,CV13 CV28,S9,60
3428,,"3-CHLORO-4-METHYLPHENYL ISOCYANATE, SOLID",,T2,6.1,6.1,II,500 g,,E4,P002 IBC08,MP10,B4,T3,SGAH L4BH,TP33,TU15 TE19,AT,2 (D/E),V11,,CV13 CV28,S9 S19,60
3429,,"CHLOROTOLUIDINES, LIQUID",,T1,6.1,6.1,III,5 L,,E1,P001 IBC03 LP01 R001,MP19,,T4,L4BH,TP1,TU15 TE19,AT,2 (E),V12,,CV13 CV28,S9,60
3430,,"XYLENOLS, LIQUID",,T1,6.1,6.1,II,100 mL,,E4,P001 IBC02,MP15,,T7,L4BH,TP2,TU15 TE19,AT,2 (D/E),,,CV13 CV28,S9 S19,60
3431,,"NITROBENZOTRIFLUORIDES, SOLID",,T2,6.1,6.1,II,500 g,,E4,P002 IBC08,MP10,B4,T3,SGAH L4BH,TP33,TU15 TE19,AT,2 (D/E),V11,,CV13 CV28,S9 S19,60
3432,,"POLYCHLORINATED BIPHENYLS, SOLID",,M2,9,9,II,1 kg,305,E2,P906 IBC08,MP10,B4,T3,S4AH L4BH,TP33,TU15,AT,0 (D/E),V11,VC1 VC2 AP9,CV1 CV13 CV28,S19,90
3434,,"NITROCRESOLS, LIQUID",,T1,6.1,6.1,III,5 L,,E1,P001 IBC03 LP01 R001,MP19,,T4,L4BH,TP1,TU15 TE19,AT,2 (E),V12,,CV13 CV28,S9,60
3436,,"HEXAFLUOROACETONE HYDRATE, SOLID",,T2,6.1,6.1,II,500 g,,E4,P002 IBC08,MP10,B4,T3,SGAH L4BH,TP33,TU15 TE19,AT,2 (D/E),V11,,CV13 CV28,S9 S19,60
3437,,"CHLOROCRESOLS, SOLID",,T2,6.1,6.1,II,500 g,,E4,P002 IBC08,MP10,B4,T3,SGAH L4BH,TP33,TU15 TE19,AT,2 (D/E),V11,,CV13 CV28,S9 S19,60
3438,,"alpha-METHYLBENZYL ALCOHOL, SOLID",,T2,6.1,6.1,III,5 kg,,E1,P002 IBC08 LP02 R001,MP10,B3,T1,SGAH L4BH,TP33,TU15 TE19,AT,2 (E),,VC1 VC2 AP7,CV13 CV28,S9,60
3439,a,"NITRILES, SOLID, TOXIC, N.O.S.",,T2,6.1,6.1,I,0,274,E5,P002 IBC07,MP18,,T6,S10AH L10CH,TP33,TU14 TU15 TE19 TE21,AT,1 (C/E),V10,,CV1 CV13 CV28,S9 S14,66
3439,b,"NITRILES, SOLID, TOXIC, N.O.S.",,T2,6.1,6.1,II,500 g,274,E4,P002 IBC08,MP10,B4,T3,SGAH L4BH,TP33,TU15 TE19,AT,2 (D/E),V11,,CV13 CV28,S9 S19,60
3439,c,"NITRILES, SOLID, TOXIC, N.O.S.",,T2,6.1,6.1,III,5 kg,274,E1,P002 IBC08 LP02 R001,MP10,B3,T1,SGAH L4BH,TP33,TU15 TE19,AT,2 (E),,VC1 VC2 AP7,CV13 CV28,S9,60
3440,a,"SELENIUM COMPOUND, LIQUID, N.O.S.",,T4,6.1,6.1,I,0,274 563,E5,P001,MP8 MP17,,T14,L10CH,TP2 TP27,TU14 TU15 TE19 TE21,AT,1 (C/E),,,CV1 CV13 CV28,S9 S14,66
3440,b,"SELENIUM COMPOUND, LIQUID, N.O.S.",,T4,6.1,6.1,II,100 mL,274 563,E4,P001 IBC02,MP15,,T11,L4BH,TP2 TP27,TU15 TE19,AT,2 (D/E),,,CV13 CV28,S9 S19,60
3440,c,"SELENIUM COMPOUND, LIQUID, N.O.S.",,T4,6.1,6.1,III,5 L,274 563,E1,P001 IBC03 R001,MP19,,T7,L4BH,TP1 TP28,TU15 TE19,AT,2 (E),V12,,CV13 CV28,S9,60
3441,,"CHLORODINITROBENZENES, SOLID",,T2,6.1,6.1,II,500 g,279,E4,P002 IBC08,MP10,B4,T3,SGAH L4BH,TP33,TU15 TE19,AT,2 (D/E),V11,,CV13 CV28,S9 S19,60
3442,,"DICHLOROANILINES, SOLID",,T2,6.1,6.1,II,500 g,279,E4,P002 IBC08,MP10,B4,T3,SGAH L4BH,TP33,TU15 TE19,AT,2 (D/E),V11,,CV13 CV28,S9 S19,60
3443,,"DINITROBENZENES, SOLID",,T2,6.1,6.1,II,500 g,,E4,P002 IBC08,MP10,B4,T3,SGAH L4BH,TP33,TU15 TE19,AT,2 (D/E),V11,,CV13 CV28,S9 S19,60
3444,,"NICOTINE HYDROCHLORIDE, SOLID",,T2,6.1,6.1,II,500 g,43,E4,P002 IBC08,MP10,B4,T3,SGAH,TP33,TU15 TE19,AT,2 (D/E),V11,,CV13 CV28,S9 S19,60
3445,,"NICOTINE SULPHATE, SOLID",,T2,6.1,6.1,II,500 g,,E4,P002 IBC08,MP10,B4,T3,SGAH,TP33,TU15 TE19,AT,2 (D/E),V11,,CV13 CV28,S9 S19,60
3446,,"NITROTOLUENES, SOLID",,T2,6.1,6.1,II,500 g,,E4,P002 IBC08,MP10,B4,T3,SGAH L4BH,TP33,TU15 TE19,AT,2 (D/E),V11,,CV13 CV28,S9 S19,60
3447,,"NITROXYLENES, SOLID",,T2,6.1,6.1,II,500 g,,E4,P002 IBC08,MP10,B4,T3,SGAH L4BH,TP33,TU15 TE19,AT,2 (D/E),V11,,CV13 CV28,S9 S19,60
3448,a,"TEAR GAS SUBSTANCE, SOLID, N.O.S.",,T2,6.1,6.1,I,0,274,E0,P002,MP18,,T6,S10AH L10CH,TP33,TU14 TU15 TE19 TE21,AT,1 (C/E),,,CV1 CV13 CV28,S9 S14,66
3448,b,"TEAR GAS SUBSTANCE, SOLID, N.O.S.",,T2,6.1,6.1,II,0,274,E0,P002 IBC08,MP10,B4,T3,SGAH L4BH,TP33,TU15 TE19,AT,2 (D/E),V11,,CV13 CV28,S9 S19,60
3449,,"BROMOBENZYL CYANIDES, SOLID",,T2,6.1,6.1,I,0,138,E5,P002,MP18,,T6,S10AH L10CH,TP33,TU15 TE19,AT,1 (C/E),,,CV1 CV13 CV28,S9 S14,66
3450,,"DIPHENYLCHLOROARSINE, SOLID",,T3,6.1,6.1,I,0,,E0,P002 IBC07,MP18,,T6,S10AH L10CH,TP33,TU15 TE19,AT,1 (C/E),V10,,CV1 CV13 CV28,S9 S14,66
3451,,"TOLUIDINES, SOLID",,T2,6.1,6.1,II,500 g,279,E4,P002 IBC08,MP10,B4,T3,SGAH L4BH,TP33,TU15 TE19,AT,2 (D/E),V11,,CV13 CV28,S9 S19,60
3452,,"XYLIDINES, SOLID",,T2,6.1,6.1,II,500 g,,E4,P002 IBC08,MP10,B4,T3,SGAH L4BH,TP33,TU15 TE19,AT,2 (D/E),V11,,CV13 CV28,S9 S19,60
3453,,"PHOSPHORIC ACID, SOLID",,C2,8,8,III,5 kg,,E1,P002 IBC08 LP02 R001,MP10,B3,T1,SGAV L4BN,TP33,,AT,3 (E),,VC1 VC2 AP7,,,80
3454,,"DINITROTOLUENES, SOLID",,T2,6.1,6.1,II,500 g,,E4,P002 IBC08,MP10,B4,T3,SGAH L4BH,TP33,TU15 TE19,AT,2 (D/E),V11,,CV13 CV28,S9 S19,60
3455,,"CRESOLS, SOLID",,TC2,6.1,6.1+8,II,500 g,,E4,P002 IBC08,MP10,B4,T3,SGAH L4BH,TP33,TU15 TE19,AT,2 (D/E),V11,,CV13 CV28,S9 S19,68
3456,,"NITROSYLSULPHURIC ACID, SOLID",,C2,8,8,II,1 kg,,E2,P002 IBC08,MP10,B4,T3,SGAN L4BN,TP33,,AT,2 (E),V11,,,,X80
3457,,"CHLORONITROTOLUENES, SOLID",,T2,6.1,6.1,III,5 kg,,E1,P002 IBC08 LP02 R001,MP10,B3,T1,SGAH L4BH,TP33,TU15 TE19,AT,2 (E),,VC1 VC2 AP7,CV13 CV28,S9,60
3458,,"NITROANISOLES, SOLID",,T2,6.1,6.1,III,5 kg,279,E1,P002 IBC08 LP02 R001,MP10,B3,T1,SGAH L4BH,TP33,TU15 TE19,AT,2 (E),,VC1 VC2 AP7,CV13 CV28,S9,60
3459,,"NITROBROMOBENZENES, SOLID",,T2,6.1,6.1,III,5 kg,,E1,P002 IBC08 LP02 R001,MP10,B3,T1,SGAH L4BH,TP33,TU15 TE19,AT,2 (E),,VC1 VC2 AP7,CV13 CV28,S9,60
3460,,"N-ETHYLBENZYLTOLUIDINES, SOLID",,T2,6.1,6.1,III,5 kg,,E1,P002 IBC08 LP02 R001,MP10,B3,T1,SGAH L4BH,TP33,TU15 TE19,AT,2 (E),,VC1 VC2 AP7,CV13 CV28,S9,60
3462,a,"TOXINS, EXTRACTED FROM LIVING SOURCES, SOLID, N.O.S.",,T2,6.1,6.1,I,0,210 274,E5,P002 IBC07,MP18,,T6,S10AH L10CH,TP33,TU15 TE19,AT,1 (C/E),V10,,CV1 CV13 CV28,S9 S14,66
3462,b,"TOXINS, EXTRACTED FROM LIVING SOURCES, SOLID, N.O.S.",,T2,6.1,6.1,II,500 g,210 274,E4,P002 IBC08,MP10,B4,T3,SGAH L4BH,TP33,TU15 TE19,AT,2 (D/E),V11,,CV13 CV28,S9 S19,60
3462,c,"TOXINS, EXTRACTED FROM LIVING SOURCES, SOLID, N.O.S.",,T2,6.1,6.1,III,5 kg,210 274,E1,P002 IBC08 R001,MP10,B3,T1,SGAH L4BH,TP33,TU15 TE19,AT,2 (E),,VC1 VC2 AP7,CV13 CV28,S9,60
3463,,PROPIONIC ACID,with not less than 90% acid by mass,CF1,8,8+3,II,1 L,,E2,P001 IBC02,MP15,,T7,L4BN,TP2,,FL,2 (D/E),,,,S2,83
3464,a,"ORGANOPHOSPHORUS COMPOUND, SOLID, TOXIC, N.O.S.",,T2,6.1,6.1,I,0,43 274,E5,P002 IBC07,MP18,,T6,S10AH L10CH,TP33,TU14 TU15 TE19 TE21,AT,1 (C/E),V10,,CV1 CV13 CV28,S9 S14,66
3464,b,"ORGANOPHOSPHORUS COMPOUND, SOLID, TOXIC, N.O.S.",,T2,6.1,6.1,II,500 g,43 274,E4,P002 IBC08,MP10,B4,T3,SGAH L4BH,TP33,TU15 TE19,AT,2 (D/E),V11,,CV13 CV28,S9 S19,60
3464,c,"ORGANOPHOSPHORUS COMPOUND, SOLID, TOXIC, N.O.S.",,T2,6.1,6.1,III,5 kg,43 274,E1,P002 IBC08 LP02 R001,MP10,B3,T1,SGAH L4BH,TP33,TU15 TE19,AT,2 (E),,VC1 VC2 AP7,CV13 CV28,S9,60
3465,a,"ORGANOARSENIC COMPOUND, SOLID, N.O.S.",,T3,6.1,6.1,I,0,274,E5,P002 IBC07,MP18,,T6,S10AH L10CH,TP33,TU14 TU15 TE19 TE21,AT,1 (C/E),V10,,CV1 CV13 CV28,S9 S14,66
3465,b,"ORGANOARSENIC COMPOUND, SOLID, N.O.S.",,T3,6.1,6.1,II,500 g,274,E4,P002 IBC08,MP10,B4,T3,SGAH L4BH,TP33,TU15 TE19,AT,2 (D/E),V11,,CV13 CV28,S9 S19,60
3465,c,"ORGANOARSENIC COMPOUND, SOLID, N.O.S.",,T3,6.1,6.1,III,5 kg,274,E1,P002 IBC08 LP02 R001,MP10,B3,T1,SGAH L4BH,TP33,TU15 TE19,AT,2 (E),,VC1 VC2 AP7,CV13 CV28,S9,60
3466,a,"METAL CARBONYLS, SOLID, N.O.S.",,T3,6.1,6.1,I,0,274 562,E5,P002 IBC07,MP18,,T6,S10AH L10CH,TP33,TU14 TU15 TE19 TE21,AT,1 (C/E),V10,,CV1 CV13 CV28,S9 S14,66
3466,b,"METAL CARBONYLS, SOLID, N.O.S.",,T3,6.1,6.1,II,500 g,274 562,E4,P002 IBC08,MP10,B4,T3,SGAH L4BH,TP33,TU15 TE19,AT,2 (D/E),V11,,CV13 CV28,S9 S19,60
3466,c,"METAL CARBONYLS, SOLID, N.O.S.",,T3,6.1,6.1,III,5 kg,274 562,E1,P002 IBC08 LP02 R001,MP10,B3,T1,SGAH L4BH,TP33,TU15 TE19,AT,2 (E),,VC1 VC2 AP7,CV13 CV28,S9,60
3467,a,"ORGANOMETALLIC COMPOUND, SOLID, TOXIC, N.O.S.",,T3,6.1,6.1,I,0,274 562,E5,P002 IBC07,MP18,,T6,S10AH L10CH,TP33,TU14 TU15 TE19 TE21,AT,1 (C/E),V10,,CV1 CV13 CV28,S9 S14,66
3467,b,"ORGANOMETALLIC COMPOUND, SOLID, TOXIC, N.O.S.",,T3,6.1,6.1,II,500 g,274 562,E4,P002 IBC08,MP10,B4,T3,SGAH L4BH,TP33,TU15 TE19,AT,2 (D/E),V11,,CV13 CV28,S9 S19,60
3467,c,"ORGANOMETALLIC COMPOUND, SOLID, TOXIC, N.O.S.",,T3,6.1,6.1,III,5 kg,274 562,E1,P002 IBC08 LP02 R001,MP10,B3,T1,SGAH L4BH,TP33,TU15 TE19,AT,2 (E),,VC1 VC2 AP7,CV13 CV28,S9,60
3468,a,HYDROGEN IN A METAL HYDRIDE STORAGE SYSTEM,,1F,2,2.1,,0,321 356,E0,P205,MP9,,,,,,,2 (D),,,CV9 CV10 CV36,S2 S20,
3468,b,HYDROGEN IN A METAL HYDRIDE STORAGE SYSTEM CONTAINED IN EQUIPMENT,,1F,2,2.1,,0,321 356,E0,P205,MP9,,,,,,,2 (D),,,CV9 CV10 CV36,S2 S20,
3468,c,HYDROGEN IN A METAL HYDRIDE STORAGE SYSTEM PACKED WITH EQUIPMENT,,1F,2,2.1,,0,321 356,E0,P205,MP9,,,,,,,2 (D),,,CV9 CV10 CV36,S2 S20,
3469,a,"PAINT, FLAMMABLE, CORROSIVE","(including paint, lacquer, enamel, stain, shellac, varnish, polish, liquid filler and liquid lacquer base)",FC,3,3+8,I,0,163 367,E0,P001,MP7 MP17,,T11,L10CH,TP2 TP27,TU14 TE21,FL,1 (C/E),,,,S2 S20,338
3469,b,"PAINT RELATED MATERIAL, FLAMMABLE, CORROSIVE",(including paint thinning and reducing compound),FC,3,3+8,I,0,163 367,E0,P001,MP7 MP17,,T11,L10CH,TP2 TP27,TU14 TE21,FL,1 (C/E),,,,S2 S20,338
3469,c,"PAINT, FLAMMABLE, CORROSIVE","(including paint, lacquer, enamel, stain, shellac, varnish, polish, liquid filler and liquid lacquer base)",FC,3,3+8,II,1 L,163 367,E2,P001 IBC02,MP19,,T7,L4BH,TP2 TP8 TP28,,FL,2 (D/E),,,,S2 S20,338
3469,d,"PAINT RELATED MATERIAL, FLAMMABLE, CORROSIVE",(including paint thinning and reducing compound),FC,3,3+8,II,1 L,163 367,E2,P001 IBC02,MP19,,T7,L4BH,TP2 TP8 TP28,,FL,2 (D/E),,,,S2 S20,338
3469,e,"PAINT, FLAMMABLE, CORROSIVE",(including paint thinning and reducing compound),FC,3,3+8,III,5 L,163 367,E1,P001 IBC03 R001,MP19,,T4,L4BN,TP1 TP29,,FL,3 (D/E),V12,,,S2,38
3469,f,"PAINT RELATED MATERIAL, FLAMMABLE, CORROSIVE","(including paint, lacquer, enamel, stain, shellac, varnish, polish, liquid filler and liquid lacquer base)",FC,3,3+8,III,5 L,163 367,E1,P001 IBC03 R001,MP19,,T4,L4BN,TP1 TP29,,FL,3 (D/E),V12,,,S2,38
3470,a,"PAINT, CORROSIVE, FLAMMABLE","(including paint, lacquer, enamel, stain, shellac, varnish, polish, liquid filler and liquid lacquer base)",CF1,8,8+3,II,1 L,163 367,E2,P001 IBC02,MP15,,T7,L4BN,TP2 TP8 TP28,,FL,2 (D/E),,,,S2,83
3470,b,"PAINT RELATED MATERIAL, CORROSIVE, FLAMMABLE",(including paint thinning and reducing compound),CF1,8,8+3,II,1 L,163 367,E2,P001 IBC02,MP15,,T7,L4BN,TP2 TP8 TP28,,FL,2 (D/E),,,,S2,83
3471,a,"HYDROGENDIFLUORIDES SOLUTION, N.O.S.",,CT1,8,8+6.1,II,1 L,,E2,P001 IBC02,MP15,,T7,L4DH,TP2,TU14 TE21,AT,2 (E),,,CV13 CV28,,86
3471,b,"HYDROGENDIFLUORIDES SOLUTION, N.O.S.",,CT1,8,8+6.1,III,5 L,,E1,P001 IBC03 R001,MP19,,T4,L4DH,TP1,TU14 TE21,AT,3 (E),V12,,CV13 CV28,,86
3472,,"CROTONIC ACID, LIQUID",,C3,8,8,III,5 L,,E1,P001 IBC03 LP01 R001,MP19,,T4,L4BN,TP1,,AT,3 (E),V12,,,,80
3473,a,FUEL CELL CARTRIDGES,containing flammable liquids,F3,3,3,,1 L,328,E0,P004,,,,,,,,3 (E),,,,S2,
3473,b,FUEL CELL CARTRIDGES CONTAINED IN EQUIPMENT,containing flammable liquids,F3,3,3,,1 L,328,E0,P004,,,,,,,,3 (E),,,,S2,
3473,c,FUEL CELL CARTRIDGES PACKED WITH EQUIPMENT,containing flammable liquids,F3,3,3,,1 L,328,E0,P004,,,,,,,,3 (E),,,,S2,
3474,,1-HYDROXYBENZOTRIAZOLE MONOHYDRATE,,D,4.1,4.1,I,0,,E0,P406,MP2,PP48,,,,,,1 (B),,,,S17,
3475,a,ETHANOL AND GASOLINE MIXTURE,with more than 10% ethanol,F1,3,3,II,1 L,333 664,E2,P001 IBC02,MP19,,T4,LGBF,TP1,,FL,2 (D/E),,,,S2 S20,33
3475,b,ETHANOL AND MOTOR SPIRIT MIXTURE,with more than 10% ethanol,F1,3,3,II,1 L,333 664,E2,P001 IBC02,MP19,,T4,LGBF,TP1,,FL,2 (D/E),,,,S2 S20,33
3475,c,ETHANOL AND PETROL MIXTURE,with more than 10% ethanol,F1,3,3,II,1 L,333 664,E2,P001 IBC02,MP19,,T4,LGBF,TP1,,FL,2 (D/E),,,,S2 S20,33
3476,a,FUEL CELL CARTRIDGES,containing water-reactive substances,W3,4.3,4.3,,500 mL or 500 g,328 334,E0,P004,,,,,,,,3 (E),V1,,CV23,,
3476,b,FUEL CELL CARTRIDGES CONTAINED IN EQUIPMENT,containing water-reactive substances,W3,4.3,4.3,,500 mL or 500 g,328 334,E0,P004,,,,,,,,3 (E),V1,,CV23,,
3476,c,FUEL CELL CARTRIDGES PACKED WITH EQUIPMENT,containing water-reactive substances,W3,4.3,4.3,,500 mL or 500 g,328 334,E0,P004,,,,,,,,3 (E),V1,,CV23,,
3477,a,FUEL CELL CARTRIDGES,containing corrosive substances,C11,8,8,,1 L or 1 kg,328 334,E0,P004,,,,,,,,3 (E),,,,,
3477,b,FUEL CELL CARTRIDGES CONTAINED IN EQUIPMENT,containing corrosive substances,C11,8,8,,1 L or 1 kg,328 334,E0,P004,,,,,,,,3 (E),,,,,
3477,c,FUEL CELL CARTRIDGES PACKED WITH EQUIPMENT,containing corrosive substances,C11,8,8,,1 L or 1 kg,328 334,E0,P004,,,,,,,,3 (E),,,,,
3478,a,FUEL CELL CARTRIDGES,containing liquefied flammable gas,6F,2,2.1,,120 mL,328 338,E0,P004,,,,,,,,2 (D),,,CV9 CV12,S2,
3478,b,FUEL CELL CARTRIDGES CONTAINED IN EQUIPMENT,containing liquefied flammable gas,6F,2,2.1,,120 mL,328 338,E0,P004,,,,,,,,2 (D),,,CV9 CV12,S2,
3478,c,FUEL CELL CARTRIDGES PACKED WITH EQUIPMENT,containing liquefied flammable gas,6F,2,2.1,,120 mL,328 338,E0,P004,,,,,,,,2 (D),,,CV9 CV12,S2,
3479,a,FUEL CELL CARTRIDGES,containing hydrogen in metal hydride,6F,2,2.1,,120 mL,328 339,E0,P004,,,,,,,,2 (D),,,CV9 CV12,S2,
3479,b,FUEL CELL CARTRIDGES CONTAINED IN EQUIPMENT,containing hydrogen in metal hydride,6F,2,2.1,,120 mL,328 339,E0,P004,,,,,,,,2 (D),,,CV9 CV12,S2,
3479,c,FUEL CELL CARTRIDGES PACKED WITH EQUIPMENT,containing hydrogen in metal hydride,6F,2,2.1,,120 mL,328 339,E0,P004,,,,,,,,2 (D),,,CV9 CV12,S2,
3480,a,LITHIUM ION BATTERIES,(including lithium ion polymer batteries),M4,9,9A,,0,188 230 310 348 376 377 387 636,E0,P903 P908 P909 P910 P911 LP903 LP904 LP905 LP906,,,,,,,,2 (E),,,,,
3480,b,"LITHIUM ION BATTERIES, DAMAGED/DEFECTIVE",(including lithium ion polymer batteries),M4,9,9A,,0,188 230 310 348 376 377 387 636,E0,P903 P908 P909 P910 P911 LP903 LP904 LP905 LP906,,,,,,,,2 (E),,,,,
3480,c,"LITHIUM ION BATTERIES, DAMAGED/DEFECTIVE",(including lithium ion polymer batteries),M4,9,9A,,0,188 230 310 348 376 377 387 636,E0,P903 P908 P909 P910 P911 LP903 LP904 LP905 LP906,,,,,,,,2 (E),,,,,
3480,d,LITHIUM ION BATTERIES FOR DISPOSAL,(including lithium ion polymer batteries),M4,9,9A,,0,188 230 310 348 376 377 387 636,E0,P903 P908 P909 P910 P911 LP903 LP904 LP905 LP906,,,,,,,,2 (E),,,,,
3480,e,LITHIUM ION BATTERIES FOR DISPOSAL,(including lithium ion polymer batteries),M4,9,9A,,0,188 230 310 348 376 377 387 636,E0,P903 P908 P909 P910 P911 LP903 LP904 LP905 LP906,,,,,,,,2 (E),,,,,
3480,f,LITHIUM ION BATTERIES FOR RECYCLING,(including lithium ion polymer batteries),M4,9,9A,,0,188 230 310 348 376 377 387 636,E0,P903 P908 P909 P910 P911 LP903 LP904 LP905 LP906,,,,,,,,2 (E),,,,,
3480,g,LITHIUM ION BATTERIES FOR RECYCLING,(including lithium ion polymer batteries),M4,9,9A,,0,188 230 310 348 376 377 387 636,E0,P903 P908 P909 P910 P911 LP903 LP904 LP905 LP906,,,,,,,,2 (E),,,,,
3480,h,LITHIUM ION BATTERIES,(including lithium ion polymer batteries),M4,9,9A,,0,188 230 310 348 376 377 387 636,E0,P903 P908 P909 P910 P911 LP903 LP904 LP905 LP906,,,,,,,,2 (E),,,,,
3481,a,LITHIUM ION BATTERIES CONTAINED IN EQUIPMENT,(including lithium ion polymer batteries),M4,9,9A,,0,188 230 310 348 360 376 377 387 390 670,E0,P903 P908 P909 P910 P911 LP903 LP904 LP905 LP906,,,,,,,,2 (E),,,,,
3481,b,"LITHIUM ION BATTERIES, DAMAGED/DEFECTIVE, CONTAINED IN EQUIPMENT",(including lithium ion polymer batteries),M4,9,9A,,0,188 230 310 348 360 376 377 387 390 670,E0,P903 P908 P909 P910 P911 LP903 LP904 LP905 LP906,,,,,,,,2 (E),,,,,
3481,c,"LITHIUM ION BATTERIES, DAMAGED/DEFECTIVE, CONTAINED IN EQUIPMENT",(including lithium ion polymer batteries),M4,9,9A,,0,188 230 310 348 360 376 377 387 390 670,E0,P903 P908 P909 P910 P911 LP903 LP904 LP905 LP906,,,,,,,,2 (E),,,,,
3481,d,LITHIUM ION BATTERIES FOR DISPOSAL CONTAINED IN EQUIPMENT,(including lithium ion polymer batteries),M4,9,9A,,0,188 230 310 348 360 376 377 387 390 670,E0,P903 P908 P909 P910 P911 LP903 LP904 LP905 LP906,,,,,,,,2 (E),,,,,
3481,e,LITHIUM ION BATTERIES FOR DISPOSAL CONTAINED IN EQUIPMENT,(including lithium ion polymer batteries),M4,9,9A,,0,188 230 310 348 360 376 377 387 390 670,E0,P903 P908 P909 P910 P911 LP903 LP904 LP905 LP906,,,,,,,,2 (E),,,,,
3481,f,LITHIUM ION BATTERIES FOR RECYCLING CONTAINED IN EQUIPMENT,(including lithium ion polymer batteries),M4,9,9A,,0,188 230 310 348 360 376 377 387 390 670,E0,P903 P908 P909 P910 P911 LP903 LP904 LP905 LP906,,,,,,,,2 (E),,,,,
3481,g,LITHIUM ION BATTERIES FOR RECYCLING CONTAINED IN EQUIPMENT,(including lithium ion polymer batteries),M4,9,9A,,0,188 230 310 348 360 376 377 387 390 670,E0,P903 P908 P909 P910 P911 LP903 LP904 LP905 LP906,,,,,,,,2 (E),,,,,
3481,h,LITHIUM ION BATTERIES CONTAINED IN EQUIPMENT,(including lithium ion polymer batteries),M4,9,9A,,0,188 230 310 348 360 376 377 387 390 670,E0,P903 P908 P909 P910 P911 LP903 LP904 LP905 LP906,,,,,,,,2 (E),,,,,
3481,i,LITHIUM ION BATTERIES PACKED WITH EQUIPMENT,(including lithium ion polymer batteries),M4,9,9A,,0,188 230 310 348 360 376 377 387 390 670,E0,P903 P908 P909 P910 P911 LP903 LP904 LP905 LP906,,,,,,,,2 (E),,,,,
3481,j,"LITHIUM ION BATTERIES, DAMAGED/DEFECTIVE, PACKED WITH EQUIPMENT",(including lithium ion polymer batteries),M4,9,9A,,0,188 230 310 348 360 376 377 387 390 670,E0,P903 P908 P909 P910 P911 LP903 LP904 LP905 LP906,,,,,,,,2 (E),,,,,
3481,k,"LITHIUM ION BATTERIES, DAMAGED/DEFECTIVE, PACKED WITH EQUIPMENT",(including lithium ion polymer batteries),M4,9,9A,,0,188 230 310 348 360 376 377 387 390 670,E0,P903 P908 P909 P910 P911 LP903 LP904 LP905 LP906,,,,,,,,2 (E),,,,,
3481,l,LITHIUM ION BATTERIES FOR DISPOSAL PACKED WITH EQUIPMENT,(including lithium ion polymer batteries),M4,9,9A,,0,188 230 310 348 360 376 377 387 390 670,E0,P903 P908 P909 P910 P911 LP903 LP904 LP905 LP906,,,,,,,,2 (E),,,,,
3481,m,LITHIUM ION BATTERIES FOR DISPOSAL PACKED WITH EQUIPMENT,(including lithium ion polymer batteries),M4,9,9A,,0,188 230 310 348 360 376 377 387 390 670,E0,P903 P908 P909 P910 P911 LP903 LP904 LP905 LP906,,,,,,,,2 (E),,,,,
3481,n,LITHIUM ION BATTERIES FOR RECYCLING PACKED WITH EQUIPMENT,(including lithium ion polymer batteries),M4,9,9A,,0,188 230 310 348 360 376 377 387 390 670,E0,P903 P908 P909 P910 P911 LP903 LP904 LP905 LP906,,,,,,,,2 (E),,,,,
3481,o,LITHIUM ION BATTERIES FOR RECYCLING PACKED WITH EQUIPMENT,(including lithium ion polymer batteries),M4,9,9A,,0,188 230 310 348 360 376 377 387 390 670,E0,P903 P908 P909 P910 P911 LP903 LP904 LP905 LP906,,,,,,,,2 (E),,,,,
3481,p,LITHIUM ION BATTERIES PACKED WITH EQUIPMENT,(including lithium ion polymer batteries),M4,9,9A,,0,188 230 310 348 360 376 377 387 390 670,E0,P903 P908 P909 P910 P911 LP903 LP904 LP905 LP906,,,,,,,,2 (E),,,,,
3482,a,"ALKALI METAL DISPERSION, FLAMMABLE",,WF1,4.3,4.3+3,I,0,182 183 506,E0,P402,MP2,RR8,,L10BN (+),,TU1 TE5 TT3 TM2,FL,1 (B/E),V1,,CV23,S2 S20,X323
3482,b,"ALKALINE EARTH METAL DISPERSION, FLAMMABLE",,WF1,4.3,4.3+3,I,0,182 183 506,E0,P402,MP2,RR8,,L10BN (+),,TU1 TE5 TT3 TM2,FL,1 (B/E),V1,,CV23,S2 S20,X323
3483,,"MOTOR FUEL ANTI-KNOCK MIXTURE, FLAMMABLE",,TF1,6.1,6.1+3,I,0,,E0,P602,MP8 MP17,,T14,L10CH,TP2,TU14 TU15 TE19 TE21 TT6,FL,1 (C/D),,,CV1 CV13 CV28,S2 S9 S14,663
3484,,"HYDRAZINE AQUEOUS SOLUTION, FLAMMABLE","with more than 37% hydrazine, by mass",CFT,8,8+3+6.1,I,0,530,E0,P001,MP8 MP17,,T10,L10BH,TP2,,FL,1 (C/D),,,CV13 CV28,S2 S14,886
3485,a,"CALCIUM HYPOCHLORITE, DRY, CORROSIVE",with more than 39% available chlorine (8.8% available oxygen),OC2,5.1,5.1+8,II,1 kg,314,E2,P002 IBC08,MP2,B4 B13,,SGAN,,TU3,AT,2 (E),V11,,CV24 CV35,,58
3485,b,"CALCIUM HYPOCHLORITE MIXTURE, DRY, CORROSIVE",with more than 39% available chlorine (8.8% available oxygen),OC2,5.1,5.1+8,II,1 kg,314,E2,P002 IBC08,MP2,B4 B13,,SGAN,,TU3,AT,2 (E),V11,,CV24 CV35,,58
3486,,"CALCIUM HYPOCHLORITE MIXTURE, DRY, CORROSIVE",with more than 10% but not more than 39% available chlorine,OC2,5.1,5.1+8,III,5 kg,314,E1,P002 IBC08 LP02 R001,MP2,B3 B13 L3,,SGAN,,TU3,AT,3 (E),,,CV24 CV35,,58
3487,a,"CALCIUM HYPOCHLORITE, HYDRATED, CORROSIVE",with not less than 5.5% but not more than 16% water,OC2,5.1,5.1+8,II,1 kg,314 322,E2,P002 IBC08,MP2,B4 B13,,SGAN,,TU3,AT,2 (E),V11,,CV24 CV35,,58
3487,b,"CALCIUM HYPOCHLORITE, HYDRATED MIXTURE, CORROSIVE",with not less than 5.5% but not more than 16% water,OC2,5.1,5.1+8,II,1 kg,314 322,E2,P002 IBC08,MP2,B4 B13,,SGAN,,TU3,AT,2 (E),V11,,CV24 CV35,,58
3487,c,"CALCIUM HYPOCHLORITE, HYDRATED, CORROSIVE",with not less than 5.5% but not more than 16% water,OC2,5.1,5.1+8,III,5 kg,314,E1,P002 IBC08 R001,MP2,B4 B13,,SGAN,,TU3,AT,3 (E),,,CV24 CV35,,58
3487,d,"CALCIUM HYPOCHLORITE, HYDRATED MIXTURE, CORROSIVE",with not less than 5.5% but not more than 16% water,OC2,5.1,5.1+8,III,5 kg,314,E1,P002 IBC08 R001,MP2,B4 B13,,SGAN,,TU3,AT,3 (E),,,CV24 CV35,,58
3488,,"TOXIC BY INHALATION LIQUID, FLAMMABLE, CORROSIVE, N.O.S.",with an LC50 lower than or equal to 200 mL/m3 and saturated vapour concentration greater than or equal to 500 LC50,TFC,6.1,6.1+3+8,I,0,274,E0,P601,MP8 MP17,,T22,L15CH,TP2,TU14 TU15 TE19 TE21,FL,1 (C/D),,,CV1 CV13 CV28,S2 S9 S14,663
3489,,"TOXIC BY INHALATION LIQUID, FLAMMABLE, CORROSIVE, N.O.S.",with an LC50 lower than or equal to 1000 mL/m3 and saturated vapour concentration greater than or equal to 10 LC50,TFC,6.1,6.1+3+8,I,0,274,E0,P602,MP8 MP17,,T20,L10CH,TP2,TU14 TU15 TE19 TE21,FL,1 (C/D),,,CV1 CV13 CV28,S2 S9 S14,663
3490,,"TOXIC BY INHALATION LIQUID, WATER-REACTIVE, FLAMMABLE, N.O.S.",with an LC50 lower than or equal to 200 mL/m3 and saturated vapour concentration greater than or equal to 500 LC50,TFW,6.1,6.1+3+4.3,I,0,274,E0,P601,MP8 MP17,,T22,L15CH,TP2,TU14 TU15 TE19 TE21,FL,1 (C/D),,,CV1 CV13 CV28,S2 S9 S14,623
3491,,"TOXIC BY INHALATION LIQUID, WATER-REACTIVE, FLAMMABLE, N.O.S.",with an LC50 lower than or equal to 1000 mL/m3 and saturated vapour concentration greater than or equal to 10 LC50,TFW,6.1,6.1+3+4.3,I,0,274,E0,P602,MP8 MP17,,T20,L10CH,TP2,TU14 TU15 TE19 TE21,FL,1 (C/D),,,CV1 CV13 CV28,S2 S9 S14,623
3494,a,"PETROLEUM SOUR CRUDE OIL, FLAMMABLE, TOXIC",,FT1,3,3+6.1,I,0,343,E0,P001,MP7 MP17,,T14,L10CH,TP2,TU14 TU15 TE21,FL,1 (C/E),,,CV13 CV28,S2 S22,336
3494,b,"PETROLEUM SOUR CRUDE OIL, FLAMMABLE, TOXIC",,FT1,3,3+6.1,II,1 L,343,E2,P001 IBC02,MP19,,T7,L4BH,TP2,TU15,FL,2 (D/E),,,CV13 CV28,S2 S19,336
3494,c,"PETROLEUM SOUR CRUDE OIL, FLAMMABLE, TOXIC",,FT1,3,3+6.1,III,5 L,343,E1,P001 IBC03 R001,MP19,,T4,L4BH,TP1,TU15,FL,3 (D/E),V12,,CV13 CV28,S2,36
3495,,IODINE,,CT2,8,8+6.1,III,5 kg,279,E1,P002 IBC08 R001,MP10,B3,T1,SGAV L4BN,TP33,,AT,3 (E),,VC1 VC2 AP7,CV13 CV28,,86
3496,,"Batteries, nickel-metal hydride",,M11,9,,,,,,,,,,Not subject to ADR,,,,,,,,,
3497,a,KRILL MEAL,,S2,4.2,4.2,II,0,300,E2,P410 IBC06,MP14,,T3,SGAN,TP33,,AT,2 (D/E),V1,,,,40
3497,b,KRILL MEAL,,S2,4.2,4.2,III,0,300,E1,P002 IBC08 LP02 R001,MP14,B3,T1,SGAV,TP33,,AT,3 (E),V1,VC1 VC2 AP1,,,40
3498,,"IODINE MONOCHLORIDE, LIQUID",,C1,8,8,II,1 L,,E0,P001 IBC02,MP15,,T7,L4BN,TP2,,AT,2 (E),,,,,80
3499,,"CAPACITOR, ELECTRIC DOUBLE LAYER",(with an energy storage capacity greater than 0.3Wh),M11,9,9,,0,361,E0,P003,,,,,,,,4 (E),,,,,
3500,,"CHEMICAL UNDER PRESSURE, N.O.S.",,8A,2,2.2,,0,274 659,E0,P206,MP9,PP97,T50,,TP4 TP40,,AT,3 (C/E),,,CV9 CV10 CV12 CV36,,20
3501,,"CHEMICAL UNDER PRESSURE, FLAMMABLE, N.O.S.",,8F,2,2.1,,0,274 659,E0,P206,MP9,PP89,T50,,TP4 TP40,,FL,2 (B/D),,,CV9 CV10 CV12 CV36,S2,23
3502,,"CHEMICAL UNDER PRESSURE, TOXIC, N.O.S.",,8T,2,2.2+6.1,,0,274 659,E0,P206,MP9,PP89,T50,,TP4 TP40,,AT,1 (C/D),,,CV9 CV10 CV12 CV28 CV36,,26
3503,,"CHEMICAL UNDER PRESSURE, CORROSIVE, N.O.S.",,8C,2,2.2+8,,0,274 659,E0,P206,MP9,PP89,T50,,TP4 TP40,,AT,1 (C/D),,,CV9 CV10 CV12 CV36,,28
3504,,"CHEMICAL UNDER PRESSURE, FLAMMABLE, TOXIC, N.O.S.",,8TF,2,2.1+6.1,,0,274 659,E0,P206,MP9,PP89,T50,,TP4 TP40,,FL,1 (B/D),,,CV9 CV10 CV12 CV28 CV36,S2,263
3505,,"CHEMICAL UNDER PRESSURE, FLAMMABLE, CORROSIVE, N.O.S.",,8FC,2,2.1+8,,0,274 659,E0,P206,MP9,PP89,T50,,TP4 TP40,,FL,1 (B/D),,,CV9 CV10 CV12 CV36,S2,238
3506,,MERCURY CONTAINED IN MANUFACTURED ARTICLES,,CT3,8,8+6.1,,5 kg,366,E0,P003,MP15,PP90,,,,,,3 (E),,,CV13 CV28,,
3507,,"URANIUM HEXAFLUORIDE, RADIOACTIVE MATERIAL, EXCEPTED PACKAGE","less than 0.1 kg per package, non-fissile or fissile-excepted",,6.1,6.1+8,I,0,317 369,E0,P603,,,,,,,,1 (D),,,See SP 369,S21,
3508,,"CAPACITOR, ASYMMETRIC",(with an energy storage capacity greater than 0.3Wh),M11,9,9,,0,372,E0,P003,,,,,,,,4 (E),,,,,
3509,,"PACKAGINGS, DISCARDED, EMPTY, UNCLEANED",,M11,9,9,,0,663,E0,P003 IBC08 LP02,,RR9 BB3 LL1,BK2,,,,,4 (E),,VC1 VC2 AP10,,,90
3510,,"ADSORBED GAS, FLAMMABLE, N.O.S.",,9F,2,2.1,,0,274,E0,P208,MP9,,,,,,,2 (D),,,CV9 CV10 CV36,S2,
3511,,"ADSORBED GAS, N.O.S.",,9A,2,2.2,,0,274,E0,P208,MP9,,,,,,,3 (E),,,CV9 CV10 CV36,,
3512,,"ADSORBED GAS, TOXIC, N.O.S.",,9T,2,2.3,,0,274,E0,P208,MP9,,,,,,,1 (D),,,CV9 CV10 CV36,S14,
3513,,"ADSORBED GAS, OXIDIZING, N.O.S.",,9O,2,2.2+5.1,,0,274,E0,P208,MP9,,,,,,,3 (E),,,CV9 CV10 CV36,,
3514,,"ADSORBED GAS, TOXIC, FLAMMABLE, N.O.S.",,9TF,2,2.3+2.1,,0,274,E0,P208,MP9,,,,,,,1 (D),,,CV9 CV10 CV36,S2 S14,
3515,,"ADSORBED GAS, TOXIC, OXIDIZING, N.O.S.",,9TO,2,2.3+5.1,,0,274,E0,P208,MP9,,,,,,,1 (D),,,CV9 CV10 CV36,S14,
3516,,"ADSORBED GAS, TOXIC, CORROSIVE, N.O.S.",,9TC,2,2.3+8,,0,274 379,E0,P208,MP9,,,,,,,1 (D),,,CV9 CV10 CV36,S14,
3517,,"ADSORBED GAS, TOXIC, FLAMMABLE, CORROSIVE, N.O.S.",,9TFC,2,2.3+2.1+8,,0,274,E0,P208,MP9,,,,,,,1 (D),,,CV9 CV10 CV36,S2 S14,
3518,,"ADSORBED GAS, TOXIC, OXIDIZING, CORROSIVE, N.O.S.",,9TOC,2,2.3+5.1+8,,0,274,E0,P208,MP9,,,,,,,1 (D),,,CV9 CV10 CV36,S14,
3519,,"BORON TRIFLUORIDE, ADSORBED",,9TC,2,2.3+8,,0,,E0,P208,MP9,,,,,,,1 (D),,,CV9 CV10 CV36,S14,
3520,,"CHLORINE, ADSORBED",,9TOC,2,2.3+5.1+8,,0,,E0,P208,MP9,,,,,,,1 (D),,,CV9 CV10 CV36,S14,
3521,,"SILICON TETRAFLUORIDE, ADSORBED",,9TC,2,2.3+8,,0,,E0,P208,MP9,,,,,,,1 (D),,,CV9 CV10 CV36,S14,
3522,,"ARSINE, ADSORBED",,9TF,2,2.3+2.1,,0,,E0,P208,MP9,,,,,,,1 (D),,,CV9 CV10 CV36,S2 S14,
3523,,"GERMANE, ADSORBED",,9TF,2,2.3+2.1,,0,,E0,P208,MP9,,,,,,,1 (D),,,CV9 CV10 CV36,S2 S14,
3524,,"PHOSPHORUS PENTAFLUORIDE, ADSORBED",,9TC,2,2.3+8,,0,,E0,P208,MP9,,,,,,,1 (D),,,CV9 CV10 CV36,S14,
3525,,"PHOSPHINE, ADSORBED",,9TF,2,2.3+2.1,,0,,E0,P208,MP9,,,,,,,1 (D),,,CV9 CV10 CV36,S2 S14,
3526,,"HYDROGEN SELENIDE, ADSORBED",,9TF,2,2.3+2.1,,0,,E0,P208,MP9,,,,,,,1 (D),,,CV9 CV10 CV36,S2 S14,
3527,a,POLYESTER RESIN KIT,solid base material,F4,4.1,4.1,II,5 kg,236 340,See SP340,P412,,,,,,,,2 (E),,,,,
3527,b,POLYESTER RESIN KIT,solid base material,F4,4.1,4.1,III,5 kg,236 340,See SP340,P412,,,,,,,,3 (E),,,,,
3528,a,"ENGINE, INTERNAL COMBUSTION, FLAMMABLE LIQUID POWERED",,F3,3,3,,0,363 667 669,E0,P005,,,,,,,,- (D),,,,,
3528,b,"ENGINE, INTERNAL COMBUSTION, FLAMMABLE LIQUID POWERED",,F3,3,3,,0,363 667 669,E0,P005,,,,,,,,- (D),,,,,
3528,c,"ENGINE, FUEL CELL, FLAMMABLE LIQUID POWERED",,F3,3,3,,0,363 667 669,E0,P005,,,,,,,,- (D),,,,,
3528,d,"ENGINE, FUEL CELL, FLAMMABLE LIQUID POWERED",,F3,3,3,,0,363 667 669,E0,P005,,,,,,,,- (D),,,,,
3528,e,"MACHINERY, INTERNAL COMBUSTION, FLAMMABLE LIQUID POWERED",,F3,3,3,,0,363 667 669,E0,P005,,,,,,,,- (D),,,,,
3528,f,"MACHINERY, INTERNAL COMBUSTION, FLAMMABLE LIQUID POWERED",,F3,3,3,,0,363 667 669,E0,P005,,,,,,,,- (D),,,,,
3528,g,"MACHINERY, FUEL CELL, FLAMMABLE LIQUID POWERED",,F3,3,3,,0,363 667 669,E0,P005,,,,,,,,- (D),,,,,
3528,h,"MACHINERY, FUEL CELL, FLAMMABLE LIQUID POWERED",,F3,3,3,,0,363 667 669,E0,P005,,,,,,,,- (D),,,,,
3529,a,"ENGINE, INTERNAL COMBUSTION, FLAMMABLE GAS POWERED",,6F,2,2.1,,0,363 667 669,E0,P005,,,,,,,,- (B),,,,,
3529,b,"ENGINE, FUEL CELL, FLAMMABLE GAS POWERED",,6F,2,2.1,,0,363 667 669,E0,P005,,,,,,,,- (B),,,,,
3529,c,"MACHINERY, INTERNAL COMBUSTION, FLAMMABLE GAS POWERED",,6F,2,2.1,,0,363 667 669,E0,P005,,,,,,,,- (B),,,,,
3529,d,"MACHINERY, FUEL CELL, FLAMMABLE GAS POWERED",,6F,2,2.1,,0,363 667 669,E0,P005,,,,,,,,- (B),,,,,
3530,a,"ENGINE, INTERNAL COMBUSTION",,M11,9,9,,0,363 667 669,E0,P005,,,,,,,,- (E),,,,,
3530,b,"MACHINERY, INTERNAL COMBUSTION",,M11,9,9,,0,363 667 669,E0,P005,,,,,,,,- (E),,,,,
3531,,"POLYMERIZING SUBSTANCE, SOLID, STABILIZED, N.O.S.",,PM1,4.1,4.1,III,0,274 386 676,E0,P002 IBC07,,PP92 B18,T7,SGAN(+),TP4 TP6 TP33,TU30 TE11,AT,2 (D),V1,,CV15 CV22,,40
3532,,"POLYMERIZING SUBSTANCE, LIQUID, STABILIZED, N.O.S.",,PM1,4.1,4.1,III,0,274 386 676,E0,P001 IBC03,,PP93 B19,T7,L4BN(+),TP4 TP6,TU30 TE11,AT,2 (D),V1,,CV15 CV22,,40
3533,,"POLYMERIZING SUBSTANCE, SOLID, TEMPERATURE CONTROLLED, N.O.S.",,PM2,4.1,4.1,III,0,274 386 676,E0,P002 IBC07,,PP92 B18,T7,SGAN(+),TP4 TP6 TP33,TU30 TE11,AT,1 (D),V8,,CV15 CV21 CV22,S4,40
3534,,"POLYMERIZING SUBSTANCE, LIQUID, TEMPERATURE CONTROLLED, N.O.S.",,PM2,4.1,4.1,III,0,274 386 676,E0,P001 IBC03,,PP93 B19,T7,L4BN(+),TP4 TP6,TU30 TE11,AT,1 (D),V8,,CV15 CV21 CV22,S4,40
3535,a,"TOXIC SOLID, FLAMMABLE, INORGANIC, N.O.S.",,TF3,6.1,6.1+4.1,I,0,274,E5,P002 IBC99,MP18,,T6,,TP33,,AT,1 (C/E),V10,,CV1 CV13 CV28,S9 S14,664
3535,b,"TOXIC SOLID, FLAMMABLE, INORGANIC, N.O.S.",,TF3,6.1,6.1+4.1,II,500 g,274,E4,P002 IBC08,MP10,B4,T3,SGAH,TP33,TU15 TE19,AT,2 (D/E),V11,,CV13 CV28,S9 S19,64
3536,,LITHIUM BATTERIES INSTALLED IN CARGO TRANSPORT UNIT,lithium ion batteries or lithium metal batteries,M4,9,9,,0,389,E0,,,,,,,,,2 (E),,,,,
3537,,"ARTICLES CONTAINING FLAMMABLE GAS, N.O.S.",,6F,2,See 5.2.2.1.12,,0,274,E0,P006 LP03,,,,,,,,4 (E),,,CV13 CV28,,
3538,,"ARTICLES CONTAINING NON-FLAMMABLE, NON-TOXIC GAS, N.O.S.",,6A,2,See 5.2.2.1.12,,0,274 396,E0,P006 LP03,,,,,,,,4 (E),,,CV13 CV28,,
3539,,"ARTICLES CONTAINING TOXIC GAS, N.O.S.",,6T,2,See 5.2.2.1.12,,0,274,E0,P006 LP03,,,,,,,,4 (E),,,CV13 CV28,,
3540,,"ARTICLES CONTAINING FLAMMABLE LIQUID, N.O.S.",,F3,3,See 5.2.2.1.12,,0,274,E0,P006 LP03,,,,,,,,4 (E),,,CV13 CV28,,
3541,,"ARTICLES CONTAINING FLAMMABLE SOLID, N.O.S.",,F4,4.1,See 5.2.2.1.12,,0,274,E0,P006 LP03,,,,,,,,4 (E),,,CV13 CV28,,
3542,,"ARTICLES CONTAINING A SUBSTANCE LIABLE TO SPONTANEOUS COMBUSTION, N.O.S.",,S6,4.2,See 5.2.2.1.12,,0,274,E0,P006 LP03,,,,,,,,4 (E),,,CV13 CV28,,
3543,,"ARTICLES CONTAINING A SUBSTANCE WHICH IN CONTACT WITH WATER EMITS FLAMMABLE GASES, N.O.S.",,W3,4.3,See 5.2.2.1.12,,0,274,E0,P006 LP03,,,,,,,,4 (E),,,CV13 CV28,,
3544,,"ARTICLES CONTAINING OXIDIZING SUBSTANCE, N.O.S.",,O3,5.1,See 5.2.2.1.12,,0,274,E0,P006 LP03,,,,,,,,4 (E),,,CV13 CV28,,
3545,,"ARTICLES CONTAINING ORGANIC PEROXIDE, N.O.S.",,P1 or P2,5.2,See 5.2.2.1.12,,0,274,E0,P006 LP03,,,,,,,,4 (E),,,CV13 CV28,,
3546,,"ARTICLES CONTAINING TOXIC SUBSTANCE, N.O.S.",,T10,6.1,See 5.2.2.1.12,,0,274,E0,P006 LP03,,,,,,,,4 (E),,,CV13 CV28,,
3547,,"ARTICLES CONTAINING CORROSIVE SUBSTANCE, N.O.S.",,C11,8,See 5.2.2.1.12,,0,274,E0,P006 LP03,,,,,,,,4 (E),,,CV13 CV28,,
3548,,"ARTICLES CONTAINING MISCELLANEOUS DANGEROUS GOODS, N.O.S.",,M11,9,See 5.2.2.1.12,,0,274,E0,P006 LP03,,,,,,,,4 (E),,,CV13 CV28,,
3549,a,"MEDICAL WASTE, CATEGORY A, AFFECTING HUMANS",solid,I3,6.2,6.2,,0,395,E0,P622 LP622,MP2,,,,,,,0 (-),V1,,CV13 CV25 CV26 CV28,S3 S9 S15,
3549,b,"MEDICAL WASTE, CATEGORY A, AFFECTING ANIMALS","only, solid",I3,6.2,6.2,,0,395,E0,P622 LP622,MP2,,,,,,,0 (-),V1,,CV13 CV25 CV26 CV28,S3 S9 S15,
3550,,COBALT DIHYDROXIDE POWDER,containing not less than 10% respirable particles,T5,6.1,6.1,I,0,,E5,P002 IBC07,,B20,T6,S10AH L10CH,TP33,TU14 TU15 TE19 TE21,AT,1(C/E),V15,,CV1 CV13 CV28,S9 S14,66