unid,var,nameJTT_EN,qdtJTT_EN,nameJTT_ZH,qdtJTT_ZH,ccodeJTT,classJTT,labelJTT,pgJTT,lqJTT,sprovJTT,eqJTT,piJTT,mixpJTT,ppJTT,tiJTT,adrtJTT,tpJTT,adrtpJTT,tankvJTT,tcatJTT,pprovJTT,bprovJTT,lprovJTT,oprovJTT,hintJTT
0004,a,AMMONIUM PICRATE,"dry or wetted with less than 10% water,by mass",苦味酸铵,"干的或湿的,按质量含水低于10%",1.1D,1,1,,0,,E0,P112(a),MP20,PP26,,,,,,1 (B1000C),V2 V3,,CV1 CV2 CV3,S1,
0004,b,AMMONIUM PICRATE,"dry or wetted with less than 10% water,by mass",苦味酸铵,"干的或湿的,按质量含水低于10%",1.1D,1,1,,0,,E0,P112(b),MP20,PP26,,,,,,1 (B1000C),V2 V3,,CV1 CV2 CV3,S1,
0004,c,AMMONIUM PICRATE,"dry or wetted with less than 10% water,by mass",苦味酸铵,"干的或湿的,按质量含水低于10%",1.1D,1,1,,0,,E0,P112(c),MP20,PP26,,,,,,1 (B1000C),V2 V3,,CV1 CV2 CV3,S1,
0005,,CARTRIDGES FOR WEAPONS,with bursting charge,武器弹药筒,带有爆炸装药,1.1F,1,1,,0,,E0,P130,MP23,,,,,,,1 (B1000C),V2,,CV1 CV2 CV3,S1,
0006,,CARTRIDGES FOR WEAPONS,with bursting charge,武器弹药筒,带有爆炸装药,1.1E,1,1,,0,,E0,P130 LP101,MP21,PP67 L1,,,,,,1 (B1000C),V2,,CV1 CV2 CV3,S1,
0007,,CARTRIDGES FOR WEAPONS,with bursting charge,武器弹药筒,带有爆炸装药,1.2F,1,1,,0,,E0,P130,MP23,,,,,,,1 (B1000C),V2,,CV1 CV2 CV3,S1,
0009,,"AMMUNITION, INCENDIARY","with or without burster,expelling charge or propelling charge",燃烧弹药,带或不带起爆装置、发射剂或推进剂,1.2G,1,1,,0,,E0,P130 LP101,MP23,PP67 L1,,,,,,1 (B1000C),V2,,CV1 CV2 CV3,S1,
0010,,"AMMUNITION, INCENDIARY","with or without burster,expelling charge or propelling charge",燃烧弹药,带或不带起爆装置、发射剂或推进剂,1.3G,1,1,,0,,E0,P130 LP101,MP23,PP67 L1,,,,,,1 (C5000D),V2,,CV1 CV2 CV3,S1,
0012,a,"CARTRIDGES FOR WEAPONS, INERT PROJECTILE",,"武器弹药筒,带惰性弹头",,1.4S,1,1.4,,5kg,364,E0,P130,MP23 MP24,,,,,,,4 (E),,,CV1 CV2 CV3,S1,
0012,b,"CARTRIDGES, SMALL ARMS",,轻武器弹药筒,,1.4S,1,1.4,,5kg,364,E0,P130,MP23 MP24,,,,,,,4 (E),,,CV1 CV2 CV3,S1,
0014,a,"CARTRIDGES FOR WEAPONS, BLANK",,"武器弹药筒,无弹头",,1.4S,1,1.4,,5kg,364,E0,P130,MP23 MP24,,,,,,,4 (E),,,CV1 CV2 CV3,S1,
0014,b,"CARTRIDGES, SMALL ARMS, BLANK",,"轻武器弹药筒,无弹头",,1.4S,1,1.4,,5kg,364,E0,P130,MP23 MP24,,,,,,,4 (E),,,CV1 CV2 CV3,S1,
0014,c,"CARTRIDGE FOR TOOLS, BLANK",,"轻武器弹药筒,无弹头",,1.4S,1,1.4,,5kg,364,E0,P130,MP23 MP24,,,,,,,4 (E),,,CV1 CV2 CV3,S1,
0015,a,"AMMUNITION, SMOKE","with or without burster, expelling charge or propelling charge",发烟弹药(烟幕弹),带或不带起爆装置、发射剂或推进剂,1.2G,1,1,,0,,E0,P130 LP101,MP23,PP67 L1,,,,,,1 (B1000C),V2,,CV1 CV2 CV3,S1,
0015,b,"AMMUNITION, SMOKE","with or without burster, expelling charge or propelling charge, containing corrosive substances",发烟弹药(烟幕弹),"带或不带起爆装置、发射剂或推进剂,含有腐蚀性物质",1.2G,1,1+8,,0,,E0,P130 LP101,MP23,PP67 L1,,,,,,1 (B1000C),V2,,CV1 CV2 CV3,S1,
0016,a,"AMMUNITION, SMOKE","with or without burster, expelling charge or propelling charge",发烟弹药(烟幕弹),带有或不带起爆装置、发射剂或推进剂,1.3G,1,1,,0,,E0,P130 LP101,MP23,PP67 L1,,,,,,1 (C5000D),V2,,CV1 CV2 CV3,S1,
0016,b,"AMMUNITION, SMOKE","with or without burster, expelling charge or propelling charge, containing corrosive substances",发烟弹药(烟幕弹),"带有或不带起爆装置、发射剂或推进剂,含有腐蚀性物质",1.3G,1,1+8,,0,,E0,P130 LP101,MP23,PP67 L1,,,,,,1 (C5000D),V2,,CV1 CV2 CV3,S1,
0018,,"AMMUNITION, TEARPRODUCING","with burster, expelling charge or propelling charge",催泪弹药(催泪弹),带起爆装置、发射药或推进剂,1.2G,1,1+6.1+8,,0,,E0,P130 LP101,MP23,PP67 L1,,,,,,1 (B1000C),V2,,CV1 CV2 CV3 CV28,S1,
0019,,"AMMUNITION, TEARPRODUCING","with burster, expelling charge or propelling charge",催泪弹药(催泪弹),带起爆装置、发射剂或推进剂,1.3G,1,1+6.1+8,,0,,E0,P130 LP101,MP23,PP67 L1,,,,,,1 (C5000D),V2,,CV1 CV2 CV3 CV28,S1,
0020,,"AMMUNITION, TOXIC","with burster, expelling charge or propelling charge",毒性弹药 (毒气弹),带起爆装置、发射剂或推进剂,1.2K,1,,,,,,,,,,,,,,,,,,,
0021,,"AMMUNITION, TOXIC","with burster, expelling charge or propelling charge",毒性弹药 (毒气弹),带起爆装置、发射剂或推进剂,1.3K,1,,,,,,,,,,,,,,,,,,,
0027,a,BLACKPOWDER,granular or as a meal,黑火药,颗粒状或粗粉状,1.1D,1,1,,0,,E0,P113,MP20 MP24,PP50,,,,,,1 (B1000C),V2 V3,,CV1 CV2 CV3,S1,
0027,b,GUNPOWDER,granular or as a meal,火药,颗粒状或粗粉状,1.1D,1,1,,0,,E0,P113,MP20 MP24,PP50,,,,,,1 (B1000C),V2 V3,,CV1 CV2 CV3,S1,
0028,a,"BLACK POWDER, COMPRESSED",,"黑火药,压缩的",,1.1D,1,1,,0,,E0,P113,MP20 MP24,PP51,,,,,,1 (B1000C),V2,,CV1 CV2 CV3,S1,
0028,b,BLACK POWDER IN PELLETS,,丸状黑火药,,1.1D,1,1,,0,,E0,P113,MP20 MP24,PP51,,,,,,1 (B1000C),V2,,CV1 CV2 CV3,S1,
0028,c,"GUNPOWDER, COMPRESSED",,"火药,压缩的",,1.1D,1,1,,0,,E0,P113,MP20 MP24,PP51,,,,,,1 (B1000C),V2,,CV1 CV2 CV3,S1,
0028,d,GUNPOWDER IN PELLETS,,丸状火药,,1.1D,1,1,,0,,E0,P113,MP20 MP24,PP51,,,,,,1 (B1000C),V2,,CV1 CV2 CV3,S1,
0029,,"DETONATORS, NONELECTRIC",for blasting,非电引爆雷管,爆破用,1.1B,1,1,,0,,E0,P131,MP23,PP68,,,,,,1 (B1000C),V2,,CV1 CV2 CV3,S1,
0030,,"DETONATORS, ELECTRIC",for blasting,电引爆雷管,爆破用,1.1B,1,1,,0,,E0,P131,MP23,,,,,,,1 (B1000C),V2,,CV1 CV2 CV3,S1,
0033,,BOMBS,with bursting charge,炸弹,带有爆炸装药,1.1F,1,1,,0,,E0,P130,MP23,,,,,,,1 (B1000C),V2,,CV1 CV2 CV3,S1,
0034,,BOMBS,with bursting charge,炸弹,带有爆炸装药,1.1D,1,1,,0,,E0,P130 LP101,MP21,PP67 L1,,,,,,1 (B1000C),V2,,CV1 CV2 CV3,S1,
0035,,BOMBS,with bursting charge,炸弹,带有爆炸装药,1.2D,1,1,,0,,E0,P130 LP101,MP21,PP67 L1,,,,,,1 (B1000C),V2,,CV1 CV2 CV3,S1,
0037,,"BOMBS, PHOTOFLASH",,摄影闪光弹,,1.1F,1,1,,0,,E0,P130,MP23,,,,,,,1 (B1000C),V2,,CV1 CV2 CV3,S1,
0038,,"BOMBS, PHOTOFLASH",,摄影闪光弹,,1.1D,1,1,,0,,E0,P130 LP101,MP21,PP67 L1,,,,,,1 (B1000C),V2,,CV1 CV2 CV3,S1,
0039,,"BOMBS, PHOTOFLASH",,摄影闪光弹,,1.2G,1,1,,0,,E0,P130 LP101,MP23,PP67 L1,,,,,,1 (B1000C),V2,,CV1 CV2 CV3,S1,
0042,a,BOOSTERS,without detonator,助爆管,不带雷管,1.1D,1,1,,0,,E0,P132(a),MP21,,,,,,,1 (B1000C),V2,,CV1 CV2 CV3,S1,
0042,b,BOOSTERS,without detonator,助爆管,不带雷管,1.1D,1,1,,0,,E0,P132(b),MP21,,,,,,,1 (B1000C),V2,,CV1 CV2 CV3,S1,
0043,,BURSTERS,explosive,起爆装置,爆炸性,1.1D,1,1,,0,,E0,P133,MP21,PP69,,,,,,1 (B1000C),V2,,CV1 CV2 CV3,S1,
0044,,"PRIMERS, CAPTYPE",,"起爆器,帽状",,1.4S,1,1.4,,0,,E0,P133,MP23 MP24,,,,,,,4 (E),,,CV1 CV2 CV3,S1,
0048,,"CHARGES, DEMOLITION",,爆破炸药,,1.1D,1,1,,0,,E0,P130 LP101,MP21,PP67 L1,,,,,,1 (B1000C),V2,,CV1 CV2 CV3,S1,
0049,,"CARTRIDGES, FLASH",,闪光弹药筒,,1.1G,1,1,,0,,E0,P135,MP23,,,,,,,1 (B1000C),V2,,CV1 CV2 CV3,S1,
0050,,"CARTRIDGES, FLASH",,闪光弹药筒,,1.3G,1,1,,0,,E0,P135,MP23,,,,,,,1 (C5000D),V2,,CV1 CV2 CV3,S1,
0054,,"CARTRIDGES, SIGNAL",,信号弹药筒,,1.3G,1,1,,0,,E0,P135,MP23 MP24,,,,,,,1 (C5000D),V2,,CV1 CV2 CV3,S1,
0055,,"CASES, CARTRIDGE, EMPTY, WITHPRIMER",,"空弹药筒壳,带有起爆器",,1.4S,1,1.4,,5kg,364,E0,P136,MP23,,,,,,,4 (E),,,CV1 CV2 CV3,S1,
0056,,"CHARGES, DEPTH",,深水炸弹,,1.1D,1,1,,0,,E0,P130 LP101,MP21,PP67 L1,,,,,,1 (B1000C),V2,,CV1 CV2 CV3,S1,
0059,,"CHARGES, SHAPED",without detonator,聚能装药,不带雷管,1.1D,1,1,,0,,E0,P137,MP21,PP70,,,,,,1 (B1000C),V2,,CV1 CV2 CV3,S1,
0060,a,"CHARGES, SUPPLEMENTARY, EXPLOSIVE",,补助性爆炸装药,,1.1D,1,1,,0,,E0,P132(a),MP21,,,,,,,1 (B1000C),V2,,CV1 CV2 CV3,S1,
0060,b,"CHARGES, SUPPLEMENTARY, EXPLOSIVE",,补助性爆炸装药,,1.1D,1,1,,0,,E0,P132(b),MP21,,,,,,,1 (B1000C),V2,,CV1 CV2 CV3,S1,
0065,,"CORD, DETONATING",flexible,导爆索,柔性,1.1D,1,1,,0,,E0,P139,MP21,PP71 PP72,,,,,,1 (B1000C),V2,,CV1 CV2 CV3,S1,
0066,,"CORD, IGNITER",,点火索,,1.4G,1,1.4,,0,,E0,P140,MP23,,,,,,,2 (E),V2,,CV1 CV2 CV3,S1,
0070,,"CUTTERS, CABLE, EXPLOSIVE",,爆炸性电缆切割器,,1.4S,1,1.4,,0,,E0,P134 LP102,MP23,,,,,,,4 (E),,,CV1 CV2 CV3,S1,
0072,a,"CYCLOTRIMETHYLENETRINITRAMINE, WETTED","with not less than 15% water,by mass","环三亚甲基三硝胺,湿的",按质量含水不少于15%,1.1D,1,1,,0,266,E0,P112(a),MP20,PP45,,,,,,1 (B1000C),V2,,CV1 CV2 CV3,S1,
0072,b,"CYCLONITE, WETTED","with not less than 15% water,by mass","旋风炸药,湿的",按质量含水不少于15%,1.1D,1,1,,0,266,E0,P112(a),MP20,PP45,,,,,,1 (B1000C),V2,,CV1 CV2 CV3,S1,
0072,c,"RDX, WETTED","with not less than 15% water,by mass","RDX,湿的",按质量含水不少于15%,1.1D,1,1,,0,266,E0,P112(a),MP20,PP45,,,,,,1 (B1000C),V2,,CV1 CV2 CV3,S1,
0072,d,"HEXOGEN, WETTED","with not less than 15% water,by mass","黑索金,湿的",按质量含水不少于15%,1.1D,1,1,,0,266,E0,P112(a),MP20,PP45,,,,,,1 (B1000C),V2,,CV1 CV2 CV3,S1,
0073,,DETONATORS FOR AMMUNITION,,弹药用雷管 (军用雷管),,1.1B,1,1,,0,,E0,P133,MP23,,,,,,,1 (B1000C),V2,,CV1 CV2 CV3,S1,
0074,,"DIAZODINITROPHENOL, WETTED","with not less than 40% water, or mixture of alco hol and water, by mass","二硝基重氮苯酚,湿的",按质量含水或水和酒精的混合物不少于40%,1.1A,1,1,,0,266,E0,P110(b),MP20,PP42,,,,,,0 (B),V2,,CV1 CV2 CV3,S1,
0075,,"DIETHYLENEGLYCOL DINITRATE, DESENSITIZED","with not less than 25% nonvolatile, water in soluble phlegmatizer, by mass","二甘醇二硝酸酯,减敏的",按质量含不挥发、不溶于水的减敏剂不少于25%,1.1D,1,1,,0,266,E0,P115,MP20,PP53 PP54 PP57 PP58,,,,,,1 (B1000C),V2,,CV1 CV2 CV3,S1,
0076,a,DINITROPHENOL,"dry or wetted with less than 15% water, by mass",二硝基苯酚,"干的或湿的,按质量含水少于15%",1.1D,1,1+6.1,,0,,E0,P112(a),MP20,PP26,,,,,,1 (B1000C),V2 V3,,CV1 CV2 CV3 CV28,S1,
0076,b,DINITROPHENOL,"dry or wetted with less than 15% water, by mass",二硝基苯酚,"干的或湿的,按质量含水少于15%",1.1D,1,1+6.1,,0,,E0,P112(b),MP20,PP26,,,,,,1 (B1000C),V2 V3,,CV1 CV2 CV3 CV28,S1,
0076,c,DINITROPHENOL,"dry or wetted with less than 15% water, by mass",二硝基苯酚,"干的或湿的,按质量含水少于15%",1.1D,1,1+6.1,,0,,E0,P112(c),MP20,PP26,,,,,,1 (B1000C),V2 V3,,CV1 CV2 CV3 CV28,S1,
0077,a,DINITROPHENOLATES,"alkali metals,dry or wetted with less than 15% water, by mass",二硝基苯酚盐类,"碱金属,干的或湿的,按质量含水少于15%",1.3C,1,1+6.1,,0,,E0,P114(a),MP20,PP26,,,,,,1 (C5000D),V2 V3,,CV1 CV2 CV3 CV28,S1,
0077,b,DINITROPHENOLATES,"alkali metals,dry or wetted with less than 15% water, by mass",二硝基苯酚盐类,"碱金属,干的或湿的,按质量含水少于15%",1.3C,1,1+6.1,,0,,E0,P114(b),MP20,PP26,,,,,,1 (C5000D),V2 V3,,CV1 CV2 CV3 CV28,S1,
0078,a,DINITRORESORCINOL,"dry or wetted with less than 15% water,by mass",二硝基间苯二酚,"干的或湿的,按质量含水少于15%",1.1D,1,1,,0,,E0,P112(a),MP20,PP26,,,,,,1 (B1000C),V2 V3,,CV1 CV2 CV3,S1,
0078,b,DINITRORESORCINOL,"dry or wetted with less than 15% water,by mass",二硝基间苯二酚,"干的或湿的,按质量含水少于15%",1.1D,1,1,,0,,E0,P112(b),MP20,PP26,,,,,,1 (B1000C),V2 V3,,CV1 CV2 CV3,S1,
0078,c,DINITRORESORCINOL,"dry or wetted with less than 15% water,by mass",二硝基间苯二酚,"干的或湿的,按质量含水少于15%",1.1D,1,1,,0,,E0,P112(c),MP20,PP26,,,,,,1 (B1000C),V2 V3,,CV1 CV2 CV3,S1,
0079,a,HEXANITRODIPHENYLAMINE,,六硝基二苯胺,,1.1D,1,1,,0,,E0,P112(b),MP20,,,,,,,1 (B1000C),V2 V3,,CV1 CV2 CV3,S1,
0079,b,HEXANITRODIPHENYLAMINE,,六硝基二苯胺,,1.1D,1,1,,0,,E0,P112(c),MP20,,,,,,,1 (B1000C),V2 V3,,CV1 CV2 CV3,S1,
0079,c,DIPICRYLAMINE,,二苦胺,,1.1D,1,1,,0,,E0,P112(b),MP20,,,,,,,1 (B1000C),V2 V3,,CV1 CV2 CV3,S1,
0079,d,DIPICRYLAMINE,,二苦胺,,1.1D,1,1,,0,,E0,P112(c),MP20,,,,,,,1 (B1000C),V2 V3,,CV1 CV2 CV3,S1,
0079,e,HEXYL,,六硝炸药,,1.1D,1,1,,0,,E0,P112(b),MP20,,,,,,,1 (B1000C),V2 V3,,CV1 CV2 CV3,S1,
0079,f,HEXYL,,六硝炸药,,1.1D,1,1,,0,,E0,P112(c),MP20,,,,,,,1 (B1000C),V2 V3,,CV1 CV2 CV3,S1,
0081,,"EXPLOSIVE, BLASTING, TYPE A",,"爆破炸药, A型",,1.1D,1,1,,0,616 617,E0,P116,MP20,PP63 PP66,,,,,,1 (B1000C),V2 V3,,CV1 CV2 CV3,S1,
0082,,"EXPLOSIVE, BLASTING, TYPE B",,"爆破炸药, B型",,1.1D,1,1,,0,617,E0,P116 IBC100,MP20,PP61 PP62 B9,,,,,,1 (B1000C),V2 V3 V12,,CV1 CV2 CV3,S1,
0083,,"EXPLOSIVE, BLASTING, TYPE C",,"爆破炸药, C型",,1.1D,1,1,,0,267 617,E0,P116,MP20,,,,,,,1 (B1000C),V2 V3,,CV1 CV2 CV3,S1,
0084,,"EXPLOSIVE, BLASTING, TYPE D",,"爆破炸药, D型",,1.1D,1,1,,0,617,E0,P116,MP20,,,,,,,1 (B1000C),V2,,CV1 CV2 CV3,S1,
0092,,"FLARES, SURFACE",,地面照明弹,,1.3G,1,1,,0,,E0,P135,MP23,,,,,,,1 (C5000D),V2,,CV1 CV2 CV3,S1,
0093,,"FLARES, AERIAL",,空投照明弹,,1.3G,1,1,,0,,E0,P135,MP23,,,,,,,1 (C5000D),V2,,CV1 CV2 CV3,S1,
0094,,FLASH POWDER,,闪光粉,,1.1G,1,1,,0,,E0,P113,MP20,PP49,,,,,,1 (B1000C),V2 V3,,CV1 CV2 CV3,S1,
0099,,"FRACTURINGD EVICES, EXPLOSIVE","without detonator,for oil wells","爆炸式压裂装置,油井用",不带雷管,1.1D,1,1,,0,,E0,P134 LP102,MP21,,,,,,,1 (B1000C),V2,,CV1 CV2 CV3,S1,
0101,,"FUSE, NON-DETONATING",,"导火索,非起爆的",,1.3G,1,1,,0,,E0,P140,MP23,PP74 PP75,,,,,,1 (C5000D),V2,,CV1 CV2 CV3,S1,
0102,a,"CORD, DETONATING",metal clad,导爆索,包金属的,1.2D,1,1,,0,,E0,P139,MP21,PP71,,,,,,1 (B1000C),V2,,CV1 CV2 CV3,S1,
0102,b,"FUSE, DETONATING",metal clad,引信,包金属的,1.2D,1,1,,0,,E0,P139,MP21,PP71,,,,,,1 (B1000C),V2,,CV1 CV2 CV3,S1,
0103,,"FUSE, IGNITER","tubular, metal clad",点火索,"管状,包金属的",1.4G,1,1.4,,0,,E0,P140,MP23,,,,,,,2 (E),V2,,CV1 CV2 CV3,S1,
0104,a,"CORD, DETONATING, MILD EFFECT",metal clad,导爆索,"弱效应,包金属的",1.4D,1,1.4,,0,,E0,P139,MP21,PP71,,,,,,2 (E),V2,,CV1 CV2 CV3,S1,
0104,b,"FUSE, DETONATING, MILD EFFECT",metal clad,引信,"弱效应,包金属的",1.4D,1,1.4,,0,,E0,P139,MP21,PP71,,,,,,2 (E),V2,,CV1 CV2 CV3,S1,
0105,,"FUSE,SAFETY",,安全导火索,,1.4S,1,1.4,,0,,E0,P140,MP23,PP73,,,,,,4 (E),,,CV1 CV2 CV3,S1,
0106,,"FUZES, DETONATING",,起爆引信,,1.1B,1,1,,0,,E0,P141,MP23,,,,,,,1 (B1000C),V2,,CV1 CV2 CV3,S1,
0107,,"FUZES, DETONATING",,起爆引信,,1.2B,1,1,,0,,E0,P141,MP23,,,,,,,1 (B1000C),V2,,CV1 CV2 CV3,S1,
0110,,"GRENADES, PRACTICE",hand or rifle,"手榴弹或枪榴弹,练习用",,1.4S,1,1.4,,0,,E0,P141,MP23,,,,,,,4 (E),,,CV1 CV2 CV3,S1,
0113,,"GUANYL NITROSAMINOGUANYLIDENE HYDRAZINE, WETTED","with not less than 30% water, by mass","脒基亚硝氨基脒基肼,湿的",按质量含水不少于30%,1.1A,1,1,,0,266,E0,P110(b),MP20,PP42,,,,,,0 (B),V2,,CV1 CV2 CV3,S1,
0114,a,"GUANYL NITROSAMINOGUANYLTETRAZENE, WETTED","with not less than 30% water,or mixture of alcohol and water,by mass","脒基亚硝氨基脒基四氮烯,湿的","按质量含水,或水和酒精的混合物不少于30%",1.1A,1,1,,0,266,E0,P110(b),MP20,PP42,,,,,,0 (B),V2,,CV1 CV2 CV3,S1,
0114,b,"TETRAZENE, WETTED","with not less than 30% water,or mixture of alcohol and water,by mass","四氮烯,湿的","按质量含水,或水和酒精的混合物不少于30%",1.1A,1,1,,0,266,E0,P110(b),MP20,PP42,,,,,,0 (B),V2,,CV1 CV2 CV3,S1,
0118,a,HEXOLITE,"dry or wetted with less than 15% water, by mass",黑克索利特炸药,"干的或湿的,按质量含水少于15%",1.1D,1,1,,0,,E0,P112(a),MP20,,,,,,,1 (B1000C),V2 V3,,CV1 CV2 CV3,S1,
0118,b,HEXOLITE,"dry or wetted with less than 15% water, by mass",黑克索利特炸药,"干的或湿的,按质量含水少于15%",1.1D,1,1,,0,,E0,P112(b),MP20,,,,,,,1 (B1000C),V2 V3,,CV1 CV2 CV3,S1,
0118,c,HEXOLITE,"dry or wetted with less than 15% water, by mass",黑克索利特炸药,"干的或湿的,按质量含水少于15%",1.1D,1,1,,0,,E0,P112(c),MP20,,,,,,,1 (B1000C),V2 V3,,CV1 CV2 CV3,S1,
0118,d,HEXOTOL,"dry or wetted with less than 15% water, by mass",黑梯炸药,"干的或湿的,按质量含水少于15%",1.1D,1,1,,0,,E0,P112(a),MP20,,,,,,,1 (B1000C),V2 V3,,CV1 CV2 CV3,S1,
0118,e,HEXOTOL,"dry or wetted with less than 15% water, by mass",黑梯炸药,"干的或湿的,按质量含水少于15%",1.1D,1,1,,0,,E0,P112(b),MP20,,,,,,,1 (B1000C),V2 V3,,CV1 CV2 CV3,S1,
0118,f,HEXOTOL,"dry or wetted with less than 15% water, by mass",黑梯炸药,"干的或湿的,按质量含水少于15%",1.1D,1,1,,0,,E0,P112(c),MP20,,,,,,,1 (B1000C),V2 V3,,CV1 CV2 CV3,S1,
0121,,IGNITERS,,点火器,,1.1G,1,1,,0,,E0,P142,MP23,,,,,,,1 (B1000C),V2,,CV1 CV2 CV3,S1,
0124,,"JET PERFORATING GUNS, CHARGED","oil well, without detonator",装药的喷射式钻孔枪,"油井用,无雷管",1.1D,1,1,,0,,E0,P101,MP21,,,,,,,1 (B1000C),V2,,CV1 CV2 CV3,S1,
0129,,"LEAD AZIDE, WETTED","with not less than 20% water, or mixture of alcohol and water,by mass","叠氮化铅,湿的","按质量含水,或水和酒精的混合物不少于20%",1.1A,1,1,,0,266,E0,P110(b),MP20,PP42,,,,,,0 (B),V2,,CV1 CV2 CV3,S1,
0130,a,"LEAD STYPHNATE , WETTED","with not less than 20% water,or mixture of alcohol and water,by mass","收敛酸铅,湿的",按质量含水或水和酒精的混合物不少于20%,1.1A,1,1,,0,266,E0,P110(b),MP20,PP42,,,,,,0 (B),V2,,CV1 CV2 CV3,S1,
0130,b,"LEAD TRINITRORES ORCINATE, WETTED","with not less than 20% water,or mixture of alcohol and water,by mass","三硝基间苯二酚铅,湿的",按质量含水或水和酒精的混合物不少于20%,1.1A,1,1,,0,266,E0,P110(b),MP20,PP42,,,,,,0 (B),V2,,CV1 CV2 CV3,S1,
0131,,"LIGHTERS, FUSE",,"点火器,导火索用(导火索点火器)",,1.4S,1,1.4,,0,,E0,P142,MP23,,,,,,,4 (E),,,CV1 CV2 CV3,S1,
0132,a,"DEFLAGRATING METAL SALTS OF AROMATIC NITRODERIVATIVES,N.O.S.",,"芳香族硝基衍生物的爆燃金属盐,未另作规定的",,1.3C,1,1,,0,274,E0,P114(a),MP2,PP26,,,,,,1 (C5000D),V2 V3,,CV1 CV2 CV3,S1,
0132,b,"DEFLAGRATING METAL SALTS OF AROMATIC NITRODERIVATIVES,N.O.S.",,"芳香族硝基衍生物的爆燃金属盐,未另作规定的",,1.3C,1,1,,0,274,E0,P114(b),MP2,PP26,,,,,,1 (C5000D),V2 V3,,CV1 CV2 CV3,S1,
0133,a,"MANNITOL HEXANITRATE , WETTED","with not less than 40% water, or mixture of alcohol and water, by mass","甘露糖醇六硝酸酯,湿的",按质量含水或水和酒精的混合物不少于40%,1.1D,1,1,,0,266,E0,P112(a),MP20,,,,,,,1 (B1000C),V2,,CV1 CV2 CV3,S1,
0133,b,"NITROMANNITE, WETTED","with not less than 40% water, or mixture of alcohol and water, by mass","甘露糖醇六硝酸酯,湿的",按质量含水或水和酒精的混合物不少于40%,1.1D,1,1,,0,266,E0,P112(a),MP20,,,,,,,1 (B1000C),V2,,CV1 CV2 CV3,S1,
0135,,"MERCURY FULMINATE, WETTED","with not less than 20% water, or mixture of alcohol and water,by mass","雷酸汞,湿的","按质量含水,或水和酒精的混合物不少于20%",1.1A,1,1,,0,266,E0,P110(b),MP20,PP42,,,,,,0 (B),V2,,CV1 CV2 CV3,S1,
0136,,MINES,with bursting charge,地(水)雷,带有爆炸装药,1.1F,1,1,,0,,E0,P130,MP23,,,,,,,1 (B1000C),V2,,CV1 CV2 CV3,S1,
0137,,MINES,with bursting charge,地(水)雷,带有爆炸装药,1.1D,1,1,,0,,E0,P130 LP101,MP21,PP67 L1,,,,,,1 (B1000C),V2,,CV1 CV2 CV3,S1,
0138,,MINES,with bursting charge,地(水)雷,带有爆炸装药,1.2D,1,1,,0,,E0,P130 LP101,MP21,PP67 L1,,,,,,1 (B1000C),V2,,CV1 CV2 CV3,S1,
0143,,"NITROGLYCERIN, DESENSITIZED","with not less than 40% non-volatile water-insoluble phlegmatizer, by mass","硝化甘油,退敏的",按质量含不挥发、不溶于水的减敏剂不少于40%,1.1D,1,1+6.1,,0,266 271,E0,P115,MP20,PP53 PP54 PP57 PP58,,,,,,1 (B1000C),V2,,CV1 CV2 CV3 CV28,S1,
0144,,NITROGLYCERIN SOLUTION IN ALCOHOL,with more than 1% but not more than 10% nitroglycerin,硝化甘油酒精溶液,含硝化甘油1%~10%,1.1D,1,1,,0,358,E0,P115,MP20,PP45 PP55 PP56 PP59 PP60,,,,,,1 (B1000C),V2,,CV1 CV2 CV3,S1,
0146,a,NITROSTARCH,"dry or wetted with less than 20% water, by mass","硝化淀粉,干的或湿的",按质量含水少于20%,1.1D,1,1,,0,,E0,P112(a),MP20,,,,,,,1 (B1000C),V2 V3,,CV1 CV2 CV3,S1,
0146,b,NITROSTARCH,"dry or wetted with less than 20% water, by mass","硝化淀粉,干的或湿的",按质量含水少于20%,1.1D,1,1,,0,,E0,P112(b),MP20,,,,,,,1 (B1000C),V2 V3,,CV1 CV2 CV3,S1,
0146,c,NITROSTARCH,"dry or wetted with less than 20% water, by mass","硝化淀粉,干的或湿的",按质量含水少于20%,1.1D,1,1,,0,,E0,P112(c),MP20,,,,,,,1 (B1000C),V2 V3,,CV1 CV2 CV3,S1,
0147,,NITROUREA,,硝基脲,,1.1D,1,1,,0,,E0,P112(b),MP20,,,,,,,1 (B1000C),V2 V3,,CV1 CV2 CV3,S1,
0150,a,"PENTAERYTHRITE TETRANITRATE, WETTED","with not less than 25% water, by mass","季戊四醇四硝酸酯,湿的",按质量含水不少于25%,1.1D,1,1,,0,266,E0,P112(a),MP20,,,,,,,1 (B1000C),V2 V3,,CV1 CV2 CV3,S1,
0150,b,"PENTAERYTHRITOL TETRANITRATE, WETTED","with not less than 25% water, by mass","泰安炸药,季戊炸药,PETN),湿的",按质量含水不少于25%,1.1D,1,1,,0,266,E0,P112(a),MP20,,,,,,,1 (B1000C),V2 V3,,CV1 CV2 CV3,S1,
0150,c,"PETN, WETTED","with not less than 25% water, by mass","PETN,湿的",按质量含水不少于25%,1.1D,1,1,,0,266,E0,P112(a),MP20,,,,,,,1 (B1000C),V2 V3,,CV1 CV2 CV3,S1,
0150,d,"PENTAERYTHRITE TETRANITRATE, DESENSITIZED","with not less than 15% phlegmatizer, by mass","季戊四醇四硝酸酯,退敏的",按质量含减敏剂不少于15%,1.1D,1,1,,0,266,E0,P112(b),MP20,,,,,,,1 (B1000C),V2 V3,,CV1 CV2 CV3,S1,
0150,e,"PENTAERYTHRITOL TETRANITRATE, DESENSITIZED","with not less than 15% phlegmatizer, by mass","泰安炸药,季戊炸药,PETN),退敏的",按质量含减敏剂不少于15%,1.1D,1,1,,0,266,E0,P112(b),MP20,,,,,,,1 (B1000C),V2 V3,,CV1 CV2 CV3,S1,
0150,f,"PETN, DESENSITIZED","with not less than 15% phlegmatizer, by mass","PETN,退敏的",按质量含减敏剂不少于15%,1.1D,1,1,,0,266,E0,P112(b),MP20,,,,,,,1 (B1000C),V2 V3,,CV1 CV2 CV3,S1,
0151,a,PENTOLITE,"dry or wetted with less than 15% water, by mass",太梯(喷妥)炸药,"干的或湿的,按质量含水少于15%",1.1D,1,1,,0,,E0,P112(a),MP20,,,,,,,1 (B1000C),V2 V3,,CV1 CV2 CV3,S1,
0151,b,PENTOLITE,"dry or wetted with less than 15% water, by mass",太梯(喷妥)炸药,"干的或湿的,按质量含水少于15%",1.1D,1,1,,0,,E0,P112(b),MP20,,,,,,,1 (B1000C),V2 V3,,CV1 CV2 CV3,S1,
0151,c,PENTOLITE,"dry or wetted with less than 15% water, by mass",太梯(喷妥)炸药,"干的或湿的,按质量含水少于15%",1.1D,1,1,,0,,E0,P112(c),MP20,,,,,,,1 (B1000C),V2 V3,,CV1 CV2 CV3,S1,
0153,a,TRINITROANILINE,,三硝基苯胺,,1.1D,1,1,,0,,E0,P112(b),MP20,,,,,,,1 (B1000C),V2 V3,,CV1 CV2 CV3,S1,
0153,b,TRINITROANILINE,,三硝基苯胺,,1.1D,1,1,,0,,E0,P112(c),MP20,,,,,,,1 (B1000C),V2 V3,,CV1 CV2 CV3,S1,
0153,c,PICRAMIDE,,三硝基苯胺,,1.1D,1,1,,0,,E0,P112(b),MP20,,,,,,,1 (B1000C),V2 V3,,CV1 CV2 CV3,S1,
0153,d,PICRAMIDE,,三硝基苯胺,,1.1D,1,1,,0,,E0,P112(c),MP20,,,,,,,1 (B1000C),V2 V3,,CV1 CV2 CV3,S1,
0154,a,TRINITROPHENOL,"dry or wetted with less than 30% water,by mass",三硝基苯酚,"干的或湿的,按质量含水少于30%",1.1D,1,1,,0,,E0,P112(a),MP20,PP26,,,,,,1 (B1000C),V2 V3,,CV1 CV2 CV3,S1,
0154,b,TRINITROPHENOL,"dry or wetted with less than 30% water,by mass",三硝基苯酚,"干的或湿的,按质量含水少于30%",1.1D,1,1,,0,,E0,P112(b),MP20,PP26,,,,,,1 (B1000C),V2 V3,,CV1 CV2 CV3,S1,
0154,c,TRINITROPHENOL,"dry or wetted with less than 30% water,by mass",三硝基苯酚,"干的或湿的,按质量含水少于30%",1.1D,1,1,,0,,E0,P112(c),MP20,PP26,,,,,,1 (B1000C),V2 V3,,CV1 CV2 CV3,S1,
0154,d,PICRIC ACID,"dry or wetted with less than 30% water,by mass",苦味酸,"干的或湿的,按质量含水少于30%",1.1D,1,1,,0,,E0,P112(a),MP20,PP26,,,,,,1 (B1000C),V2 V3,,CV1 CV2 CV3,S1,
0154,e,PICRIC ACID,"dry or wetted with less than 30% water,by mass",苦味酸,"干的或湿的,按质量含水少于30%",1.1D,1,1,,0,,E0,P112(b),MP20,PP26,,,,,,1 (B1000C),V2 V3,,CV1 CV2 CV3,S1,
0154,f,PICRIC ACID,"dry or wetted with less than 30% water,by mass",苦味酸,"干的或湿的,按质量含水少于30%",1.1D,1,1,,0,,E0,P112(c),MP20,PP26,,,,,,1 (B1000C),V2 V3,,CV1 CV2 CV3,S1,
0155,a,TRINITROCHLOROBENZENE,,三硝基氯苯,,1.1D,1,1,,0,,E0,P112(b),MP20,,,,,,,1 (B1000C),V2 V3,,CV1 CV2 CV3,S1,
0155,b,TRINITROCHLOROBENZENE,,三硝基氯苯,,1.1D,1,1,,0,,E0,P112(c),MP20,,,,,,,1 (B1000C),V2 V3,,CV1 CV2 CV3,S1,
0155,c,PICRYL CHLORIDE,,苦基氯,,1.1D,1,1,,0,,E0,P112(b),MP20,,,,,,,1 (B1000C),V2 V3,,CV1 CV2 CV3,S1,
0155,d,PICRYL CHLORIDE,,苦基氯,,1.1D,1,1,,0,,E0,P112(c),MP20,,,,,,,1 (B1000C),V2 V3,,CV1 CV2 CV3,S1,
0159,a,"POWDER CAKE, WETTED","with not less than 25% water, by mass","块状火药,湿的",按质量含水不少于25%,1.3C,1,1,,0,266,E0,P111,MP20,PP43,,,,,,1 (C5000D),V2,,CV1 CV2 CV3,S1,
0159,b,"POWDER PASTE, WETTED","with not less than 25% water, by mass","糊状火药,湿的",按质量含水不少于25%,1.3C,1,1,,0,266,E0,P111,MP20,PP43,,,,,,1 (C5000D),V2,,CV1 CV2 CV3,S1,
0160,,"POWDER, SMOKELESS",,"火药,无烟的(无烟火药)",,1.1C,1,1,,0,,E0,P114(b),MP20 MP24,PP50 PP52,,,,,,1 (B1000C),V2 V3,,CV1 CV2 CV3,S1,
0161,,"POWDER, SMOKELESS",,"火药,无烟的(无烟火药)",,1.3C,1,1,,0,,E0,P114(b),MP20 MP24,PP50 PP52,,,,,,1 (C5000D),V2 V3,,CV1 CV2 CV3,S1,
0167,,PROJECTILES,with bursting charge,射弹,带有爆炸装药,1.1F,1,1,,0,,E0,P130,MP23,,,,,,,1 (B1000C),V2,,CV1 CV2 CV3,S1,
0168,,PROJECTILES,with bursting charge,射弹,带有爆炸装药,1.1D,1,1,,0,,E0,P130 LP101,MP21,PP67 L1,,,,,,1 (B1000C),V2,,CV1 CV2 CV3,S1,
0169,,PROJECTILES,with bursting charge,射弹,带有爆炸装药,1.2D,1,1,,0,,E0,P130 LP101,MP21,PP67 L1,,,,,,1 (B1000C),V2,,CV1 CV2 CV3,S1,
0171,,"AMMUNITION, ILLUMINATING","with or without burster,expelling charge or propelling charge",照明弹药,带或不带起爆装置、发射剂或推进剂,1.2G,1,1,,0,,E0,P130 LP101,MP23,PP67 L1,,,,,,1 (B1000C),V2,,CV1 CV2 CV3,S1,
0173,,"RELEASE DEVICES, EXPLOSIVE",,爆炸式脱离装置,,1.4S,1,1.4,,0,,E0,P134 LP102,MP23,,,,,,,4 (E),,,CV1 CV2 CV3,S1,
0174,,"RIVETS, EXPLOSIVE",,爆炸式铆钉,,1.4S,1,1.4,,0,,E0,P134 LP102,MP23,,,,,,,4 (E),,,CV1 CV2 CV3,S1,
0180,,ROCKETS,with bursting charge,火箭,带有爆炸装药,1.1F,1,1,,0,,E0,P130,MP23,,,,,,,1 (B1000C),V2,,CV1 CV2 CV3,S1,
0181,,ROCKETS,with bursting charge,火箭,带有爆炸装药,1.1E,1,1,,0,,E0,P130 LP101,MP21,PP67 L1,,,,,,1 (B1000C),V2,,CV1 CV2 CV3,S1,
0182,,ROCKETS,with bursting charge,火箭,带有爆炸装药,1.2E,1,1,,0,,E0,P130 LP101,MP21,PP67 L1,,,,,,1 (B1000C),V2,,CV1 CV2 CV3,S1,
0183,,ROCKETS,with inert head,火箭,带惰性弹头,1.3C,1,1,,0,,E0,P130 LP101,MP22,PP67 L1,,,,,,1 (C5000D),V2,,CV1 CV2 CV3,S1,
0186,,ROCKET MOTORS,,火箭发动机,,1.3C,1,1,,0,,E0,P130 LP101,MP22 MP24,PP67 L1,,,,,,1 (C5000D),V2,,CV1 CV2 CV3,S1,
0190,,"SAMPLES, EXPLOSIVE",other than initiating explosive,爆炸性物质样品,起爆药除外,,1,,,0,16 274,E0,P101,MP2,,,,,,,0 (E),V2,,CV1 CV2 CV3,S1,
0191,,"SIGNAL DEVICES, HAND",,"信号装置,手持的",,1.4G,1,1.4,,0,,E0,P135,MP23 MP24,,,,,,,2 (E),V2,,CV1 CV2 CV3,S1,
0192,,"SIGNALS, RAILWAY TRACK, EXPLOSIVE",,"信号器,铁路轨道用,爆炸性的",,1.1G,1,1,,0,,E0,P135,MP23,,,,,,,1 (B1000C),V2,,CV1 CV2 CV3,S1,
0193,,"SIGNALS, RAILWAY TRACK, EXPLOSIVE",,"信号器,铁路轨道用,爆炸性的",,1.4S,1,1.4,,0,,E0,P135,MP23,,,,,,,4 (E),,,CV1 CV2 CV3,S1,
0194,,"SIGNALS, DISTRESS",ship,"信号器,遇险呼救用",船舶的,1.1G,1,1,,0,,E0,P135,MP23 MP24,,,,,,,1 (B1000C),V2,,CV1 CV2 CV3,S1,
0195,,"SIGNALS, DISTRESS",ship,"信号器,遇险呼救用",船舶的,1.3G,1,1,,0,,E0,P135,MP23 MP24,,,,,,,1 (C5000D),V2,,CV1 CV2 CV3,S1,
0196,,"SIGNALS, SMOKE",,"信号器,发烟的",,1.1G,1,1,,0,,E0,P135,MP23,,,,,,,1 (B1000C),V2,,CV1 CV2 CV3,S1,
0197,,"SIGNALS, SMOKE",,"信号器,发烟的",,1.4G,1,1.4,,0,,E0,P135,MP23 MP24,,,,,,,2 (E),V2,,CV1 CV2 CV3,S1,
0204,,"SOUNDING DEVICES, EXPLOSIVE",,"声测装置,爆炸性的",,1.2F,1,1,,0,,E0,P134 LP102,MP23,,,,,,,1 (B1000C),V2,,CV1 CV2 CV3,S1,
0207,a,TETRANITROANILINE,,四硝基苯胺,,1.1D,1,1,,0,,E0,P112(b),MP20,,,,,,,1 (B1000C),V2 V3,,CV1 CV2 CV3,S1,
0207,b,TETRANITROANILINE,,四硝基苯胺,,1.1D,1,1,,0,,E0,P112(c),MP20,,,,,,,1 (B1000C),V2 V3,,CV1 CV2 CV3,S1,
0208,a,TRINITROPHENYLMETHYLN ITRAMINE,,三硝基苯基甲硝胺,,1.1D,1,1,,0,,E0,P112(b),MP20,,,,,,,1 (B1000C),V2 V3,,CV1 CV2 CV3,S1,
0208,b,TRINITROPHENYLMETHYLN ITRAMINE,,三硝基苯基甲硝胺,,1.1D,1,1,,0,,E0,P112(c),MP20,,,,,,,1 (B1000C),V2 V3,,CV1 CV2 CV3,S1,
0208,c,TETRYL,,特屈儿炸药,,1.1D,1,1,,0,,E0,P112(b),MP20,,,,,,,1 (B1000C),V2 V3,,CV1 CV2 CV3,S1,
0208,d,TETRYL,,特屈儿炸药,,1.1D,1,1,,0,,E0,P112(c),MP20,,,,,,,1 (B1000C),V2 V3,,CV1 CV2 CV3,S1,
0209,a,TRINITROTOLUENE,"dry or wetted with less than 30% water,by mass",三硝基甲苯 (TNT),"干的或湿的,按质量含水低于30%",1.1D,1,1,,0,,E0,P112(b),MP20,PP46,,,,,,1 (B1000C),V2 V3,,CV1 CV2 CV3,S1,
0209,b,TRINITROTOLUENE,"dry or wetted with less than 30% water,by mass",三硝基甲苯 (TNT),"干的或湿的,按质量含水低于30%",1.1D,1,1,,0,,E0,P112(c),MP20,PP46,,,,,,1 (B1000C),V2 V3,,CV1 CV2 CV3,S1,
0209,c,TNT,"dry or wetted with less than 30% water,by mass",三硝基甲苯 (TNT),"干的或湿的,按质量含水低于30%",1.1D,1,1,,0,,E0,P112(b),MP20,PP46,,,,,,1 (B1000C),V2 V3,,CV1 CV2 CV3,S1,
0209,d,TNT,"dry or wetted with less than 30% water,by mass",三硝基甲苯 (TNT),"干的或湿的,按质量含水低于30%",1.1D,1,1,,0,,E0,P112(c),MP20,PP46,,,,,,1 (B1000C),V2 V3,,CV1 CV2 CV3,S1,
0212,,TRACERS FOR AMMUNITION,,弹药曳光剂,,1.3G,1,1,,0,,E0,P133,MP23,PP69,,,,,,1 (C5000D),V2,,CV1 CV2 CV3,S1,
0213,a,TRINITROANISOLE,,三硝基苯甲醚,,1.1D,1,1,,0,,E0,P112(b),MP20,,,,,,,1 (B1000C),V2 V3,,CV1 CV2 CV3,S1,
0213,b,TRINITROANISOLE,,三硝基苯甲醚,,1.1D,1,1,,0,,E0,P112(c),MP20,,,,,,,1 (B1000C),V2 V3,,CV1 CV2 CV3,S1,
0214,a,TRINITROBENZENE,"dry or wetted with less than 30% water, by mass",三硝基苯,"干的或湿的,按质量含水少于30%",1.1D,1,1,,0,,E0,P112(a),MP20,,,,,,,1 (B1000C),V2 V3,,CV1 CV2 CV3,S1,
0214,b,TRINITROBENZENE,"dry or wetted with less than 30% water, by mass",三硝基苯,"干的或湿的,按质量含水少于30%",1.1D,1,1,,0,,E0,P112(b),MP20,,,,,,,1 (B1000C),V2 V3,,CV1 CV2 CV3,S1,
0214,c,TRINITROBENZENE,"dry or wetted with less than 30% water, by mass",三硝基苯,"干的或湿的,按质量含水少于30%",1.1D,1,1,,0,,E0,P112(c),MP20,,,,,,,1 (B1000C),V2 V3,,CV1 CV2 CV3,S1,
0215,a,TRINITROBENZOIC ACID,"dry or wetted with less than 30% water, by mass",三硝基苯甲酸,"干的或湿的,按质量含水少于30%",1.1D,1,1,,0,,E0,P112(a),MP20,,,,,,,1 (B1000C),V2 V3,,CV1 CV2 CV3,S1,
0215,b,TRINITROBENZOIC ACID,"dry or wetted with less than 30% water, by mass",三硝基苯甲酸,"干的或湿的,按质量含水少于30%",1.1D,1,1,,0,,E0,P112(b),MP20,,,,,,,1 (B1000C),V2 V3,,CV1 CV2 CV3,S1,
0215,c,TRINITROBENZOIC ACID,"dry or wetted with less than 30% water, by mass",三硝基苯甲酸,"干的或湿的,按质量含水少于30%",1.1D,1,1,,0,,E0,P112(c),MP20,,,,,,,1 (B1000C),V2 V3,,CV1 CV2 CV3,S1,
0216,a,TRINITRO-m-CRESOL,,三硝基间甲苯酚,,1.1D,1,1,,0,,E0,P112(b),MP20,PP26,,,,,,1 (B1000C),V2 V3,,CV1 CV2 CV3,S1,
0216,b,TRINITRO-m-CRESOL,,三硝基间甲苯酚,,1.1D,1,1,,0,,E0,P112(c),MP20,PP26,,,,,,1 (B1000C),V2 V3,,CV1 CV2 CV3,S1,
0217,a,TRINITRONAPHTHALENE,,三硝基萘,,1.1D,1,1,,0,,E0,P112(b),MP20,,,,,,,1 (B1000C),V2 V3,,CV1 CV2 CV3,S1,
0217,b,TRINITRONAPHTHALENE,,三硝基萘,,1.1D,1,1,,0,,E0,P112(c),MP20,,,,,,,1 (B1000C),V2 V3,,CV1 CV2 CV3,S1,
0218,a,TRINITROPHENETOLE,,三硝基苯乙醚,,1.1D,1,1,,0,,E0,P112(b),MP20,,,,,,,1 (B1000C),V2 V3,,CV1 CV2 CV3,S1,
0218,b,TRINITROPHENETOLE,,三硝基苯乙醚,,1.1D,1,1,,0,,E0,P112(c),MP20,,,,,,,1 (B1000C),V2 V3,,CV1 CV2 CV3,S1,
0219,a,TRINITRORESORCINOL,"dry or wetted with less than 20% water, or mixture of alcohol and water,by mass",三硝基间苯二酚,"干的或湿的,按质量含水或水和酒精的混合物少于20%",1.1D,1,1,,0,,E0,P112(a),MP20,PP26,,,,,,1 (B1000C),V2 V3,,CV1 CV2 CV3,S1,
0219,b,TRINITRORESORCINOL,"dry or wetted with less than 20% water, or mixture of alcohol and water,by mass",三硝基间苯二酚,"干的或湿的,按质量含水或水和酒精的混合物少于20%",1.1D,1,1,,0,,E0,P112(b),MP20,PP26,,,,,,1 (B1000C),V2 V3,,CV1 CV2 CV3,S1,
0219,c,TRINITRORESORCINOL,"dry or wetted with less than 20% water, or mixture of alcohol and water,by mass",三硝基间苯二酚,"干的或湿的,按质量含水或水和酒精的混合物少于20%",1.1D,1,1,,0,,E0,P112(c),MP20,PP26,,,,,,1 (B1000C),V2 V3,,CV1 CV2 CV3,S1,
0219,d,STYPHNIC ACID,"dry or wetted with less than 20% water, or mixture of alcohol and water,by mass",收敛酸,"干的或湿的,按质量含水或水和酒精的混合物少于20%",1.1D,1,1,,0,,E0,P112(a),MP20,PP26,,,,,,1 (B1000C),V2 V3,,CV1 CV2 CV3,S1,
0219,e,STYPHNIC ACID,"dry or wetted with less than 20% water, or mixture of alcohol and water,by mass",收敛酸,"干的或湿的,按质量含水或水和酒精的混合物少于20%",1.1D,1,1,,0,,E0,P112(b),MP20,PP26,,,,,,1 (B1000C),V2 V3,,CV1 CV2 CV3,S1,
0219,f,STYPHNIC ACID,"dry or wetted with less than 20% water, or mixture of alcohol and water,by mass",收敛酸,"干的或湿的,按质量含水或水和酒精的混合物少于20%",1.1D,1,1,,0,,E0,P112(c),MP20,PP26,,,,,,1 (B1000C),V2 V3,,CV1 CV2 CV3,S1,
0220,a,UREA NITRATE,"dry or wetted with less than 20% water, by mass","硝酸脲,干的或湿的",按质量含水少于20%,1.1D,1,1,,0,,E0,P112(a),MP20,,,,,,,1 (B1000C),V2 V3,,CV1 CV2 CV3,S1,
0220,b,UREA NITRATE,"dry or wetted with less than 20% water, by mass","硝酸脲,干的或湿的",按质量含水少于20%,1.1D,1,1,,0,,E0,P112(b),MP20,,,,,,,1 (B1000C),V2 V3,,CV1 CV2 CV3,S1,
0220,c,UREA NITRATE,"dry or wetted with less than 20% water, by mass","硝酸脲,干的或湿的",按质量含水少于20%,1.1D,1,1,,0,,E0,P112(c),MP20,,,,,,,1 (B1000C),V2 V3,,CV1 CV2 CV3,S1,
0221,,"WARHEADS, TORPEDO",with bursting charge,鱼雷弹头,带有爆炸装药,1.1D,1,1,,0,,E0,P130 LP101,MP21,PP67 L1,,,,,,1 (B1000C),V2,,CV1 CV2 CV3,S1,
0222,a,AMMONIUM NITRATE,,硝酸铵,,1.1D,1,1,,0,370,E0,P112(b),MP20,PP47 B3B17,,,,,,1 (B1000C),V2 V3,,CV1 CV2 CV3,S1,
0222,b,AMMONIUM NITRATE,,硝酸铵,,1.1D,1,1,,0,370,E0,P112(c),MP20,PP47 B3B17,,,,,,1 (B1000C),V2 V3,,CV1 CV2 CV3,S1,
0224,,BARIUM AZIDE,"dry or wetted with less than 50% water, by mass",叠氮化钡,"干的或湿的,按质量含水少于50%",1.1A,1,1+6.1,,0,,E0,P110(b),MP20,PP42,,,,,,0 (B),V2 V3,,CV1 CV2 CV3 CV28,S1,
0225,,BOOSTERS WITH DETONATOR,,"助爆管,带雷管",,1.1B,1,1,,0,,E0,P133,MP23,PP69,,,,,,1 (B1000C),V2,,CV1 CV2 CV3,S1,
0226,a,"CYCLOTETRAMETHYLENETETRANITRAMINE, WETTED","with not less than 15% water, by mass","环四亚甲基四硝胺 ,湿的",按质量含水不少于15%,1.1D,1,1,,0,266,E0,P112(a),MP20,PP45,,,,,,1 (B1000C),V2,,CV1 CV2 CV3,S1,
0226,b,"HMX, WETTED","with not less than 15% water, by mass","HMX,湿的",按质量含水不少于15%,1.1D,1,1,,0,266,E0,P112(a),MP20,PP45,,,,,,1 (B1000C),V2,,CV1 CV2 CV3,S1,
0226,c,"OCTOGEN,WETTED","with not less than 15% water, by mass","奥克托金炸药,湿的",按质量含水不少于15%,1.1D,1,1,,0,266,E0,P112(a),MP20,PP45,,,,,,1 (B1000C),V2,,CV1 CV2 CV3,S1,
0234,a,SODIUM DINITRO-o-CRESOLATE,"dry or wetted with less than 15% water, by mass",二硝基邻甲酚钠,"干的或湿的,按质量含水少于15%",1.3C,1,1,,0,,E0,P114(a),MP20,PP26,,,,,,1 (C5000D),V2 V3,,CV1 CV2 CV3,S1,
0234,b,SODIUM DINITRO-o-CRESOLATE,"dry or wetted with less than 15% water, by mass",二硝基邻甲酚钠,"干的或湿的,按质量含水少于15%",1.3C,1,1,,0,,E0,P114(b),MP20,PP26,,,,,,1 (C5000D),V2 V3,,CV1 CV2 CV3,S1,
0235,a,SODIUMPICRAMATE,"dry or wetted with less than 20% water, by mass",苦氨酸钠,"干的或湿的,按质量含水少于20%",1.3C,1,1,,0,,E0,P114(a),MP20,PP26,,,,,,1 (C5000D),V2 V3,,CV1 CV2 CV3,S1,
0235,b,SODIUMPICRAMATE,"dry or wetted with less than 20% water, by mass",苦氨酸钠,"干的或湿的,按质量含水少于20%",1.3C,1,1,,0,,E0,P114(b),MP20,PP26,,,,,,1 (C5000D),V2 V3,,CV1 CV2 CV3,S1,
0236,a,ZIRCONIUMPICRAMATE,"dry or wetted with less than 20% water, by mass",苦氨酸锆,"干的或湿的,按质量含水少于20%",1.3C,1,1,,0,,E0,P114(a),MP20,PP26,,,,,,1 (C5000D),V2 V3,,CV1 CV2 CV3,S1,
0236,b,ZIRCONIUMPICRAMATE,"dry or wetted with less than 20% water, by mass",苦氨酸锆,"干的或湿的,按质量含水少于20%",1.3C,1,1,,0,,E0,P114(b),MP20,PP26,,,,,,1 (C5000D),V2 V3,,CV1 CV2 CV3,S1,
0237,,"CHARGES, SHAPED, FLEXIBLE, LINEAR",,"聚能装药,柔性,线形",,1.4D,1,1.4,,0,,E0,P138,MP21,,,,,,,2 (E),V2,,CV1 CV2 CV3,S1,
0238,,"ROCKETS, LINETHROWING",,"火箭,抛绳用",,1.2G,1,1,,0,,E0,P130,MP23 MP24,,,,,,,1 (B1000C),V2,,CV1 CV2 CV3,S1,
0240,,"ROCKETS, LINETHROWING",,"火箭,抛绳用",,1.3G,1,1,,0,,E0,P130,MP23 MP24,,,,,,,1 (C5000D),V2,,CV1 CV2 CV3,S1,
0241,,"EXPLOSIVE, BLASTING, TYPE E",,"爆破炸药,E型",,1.1D,1,1,,0,617,E0,P116 IBC100,MP20,PP61 PP62 B10,,,,,,1 (B1000C),V2 V12,,CV1 CV2 CV3,S1,
0242,,"CHARGES, PROPELLING, FOR CANNON",,火炮发射药,,1.3C,1,1,,0,,E0,P130,MP22,,,,,,,1 (C5000D),V2,,CV1 CV2 CV3,S1,
0243,,"AMMUNITION, INCENDIARY, WHITE PHOSPHORUS","with burster, expelling charge or propelling charge",白磷燃烧弹药,带起爆装置、发射剂或推进剂,1.2H,1,1,,0,,E0,P130 LP101,MP23,PP67 L1,,,,,,1 (B1000C),V2,,CV1 CV2 CV3,S1,
0244,,"AMMUNITION, INCENDIARY, WHITE PHOSPHORUS","with burster, expelling charge or propelling charge",白磷燃烧弹药,带起爆装置、发射剂或推进剂,1.3H,1,1,,0,,E0,P130 LP101,MP23,PP67 L1,,,,,,1 (C),V2,,CV1 CV2 CV3,S1,
0245,,"AMMUNITION, SMOKE,WHITE PHOSPHORUS","with burster, expelling charge or propelling charge",白磷发烟弹药(白磷烟幕弹),带起爆装置、发射剂或推进剂,1.2H,1,1,,0,,E0,P130 LP101,MP23,PP67 L1,,,,,,1 (B1000C),V2,,CV1 CV2 CV3,S1,
0246,,"AMMUNITION, SMOKE,WHITE PHOSPHORUS","with burster, expelling charge or propelling charge",白磷发烟弹药(白磷烟幕弹),带起爆装置、发射剂或推进剂,1.3H,1,1,,0,,E0,P130 LP101,MP23,PP67 L1,,,,,,1 (C),V2,,CV1 CV2 CV3,S1,
0247,,"AMMUNITION, INCENDIARY","liquid or gel, with burster, expelling charge or propelling charge",燃烧弹药,"液态或胶质,带起爆装置、发射剂或推进剂",1.3J,1,1,,0,,E0,P101,MP23,,,,,,,1 (C),V2,,CV1 CV2 CV3,S1,
0248,,"CONTRIVANCES, WATER ACTIVATED","with burster,expelling charge or propelling charge",水激活装置,带起爆装置、发射剂或推进剂,1.2L,1,1,,0,274,E0,P144,MP1,PP77,,,,,,0 (B),V2,,CV1 CV2 CV3 CV4,S1,
0249,,"CONTRIVANCE S,WATER ACTIVATED","with burster, expelling charge or propelling charge",水激活装置,带起爆装置、发射剂或推进剂,1.3L,1,1,,0,274,E0,P144,MP1,PP77,,,,,,0 (B),V2,,CV1 CV2 CV3 CV4,S1,
0250,,ROCKET MOTORS WITH HYPERGOLIC LIQUIDS,with or without expelling charge,"火箭发动机,带有双组分液体燃料",带或不带发射剂,1.3L,1,1,,0,,E0,P101,MP1,,,,,,,0 (B),V2,,CV1 CV2 CV3 CV4,S1,
0254,,"AMMUNITION, ILLUMINATING","with or without burster, expelling charge or propelling charge",照明弹药,带或不带起爆装置、发射剂或推进剂,1.3G,1,1,,0,,E0,P130 LP101,MP23,PP67 L1,,,,,,1 (C5000D),V2,,CV1 CV2 CV3,S1,
0255,,"DETONATORS, ELECTRIC",for blasting,电引爆雷管,爆破用,1.4B,1,1.4,,0,,E0,P131,MP23,,,,,,,2 (E),V2,,CV1 CV2 CV3,S1,
0257,,"FUZES, DETONATING",,起爆引信,,1.4B,1,1.4,,0,,E0,P141,MP23,,,,,,,2 (E),V2,,CV1 CV2 CV3,S1,
0266,a,OCTOLITE,"dry or wetted with less than 15% water,by mass",奥克托利特炸药,"干的或湿的,按质量含水少于15%",1.1D,1,1,,0,,E0,P112(a),MP20,,,,,,,1 (B1000C),V2 V3,,CV1 CV2 CV3,S1,
0266,b,OCTOLITE,"dry or wetted with less than 15% water,by mass",奥克托利特炸药,"干的或湿的,按质量含水少于15%",1.1D,1,1,,0,,E0,P112(b),MP20,,,,,,,1 (B1000C),V2 V3,,CV1 CV2 CV3,S1,
0266,c,OCTOLITE,"dry or wetted with less than 15% water,by mass",奥克托利特炸药,"干的或湿的,按质量含水少于15%",1.1D,1,1,,0,,E0,P112(c),MP20,,,,,,,1 (B1000C),V2 V3,,CV1 CV2 CV3,S1,
0266,d,OCTOL,"dry or wetted with less than 15% water,by mass",奥可托尔炸药,"干的或湿的,按质量含水少于15%",1.1D,1,1,,0,,E0,P112(a),MP20,,,,,,,1 (B1000C),V2 V3,,CV1 CV2 CV3,S1,
0266,e,OCTOL,"dry or wetted with less than 15% water,by mass",奥可托尔炸药,"干的或湿的,按质量含水少于15%",1.1D,1,1,,0,,E0,P112(b),MP20,,,,,,,1 (B1000C),V2 V3,,CV1 CV2 CV3,S1,
0266,f,OCTOL,"dry or wetted with less than 15% water,by mass",奥可托尔炸药,"干的或湿的,按质量含水少于15%",1.1D,1,1,,0,,E0,P112(c),MP20,,,,,,,1 (B1000C),V2 V3,,CV1 CV2 CV3,S1,
0267,,"DETONATORS, NONELECTRIC",for blasting,非电引爆雷管,爆破用,1.4B,1,1.4,,0,,E0,P131,MP23,PP68,,,,,,2 (E),V2,,CV1 CV2 CV3,S1,
0268,,BOOSTERS WITH DETONATOR,,"助爆管,带雷管",,1.2B,1,1,,0,,E0,P133,MP23,PP69,,,,,,1 (B1000C),V2,,CV1 CV2 CV3,S1,
0271,,"CHARGES, PROPELLING",,推进剂,,1.1C,1,1,,0,,E0,P143,MP22,PP76,,,,,,1 (B1000C),V2,,CV1 CV2 CV3,S1,
0272,,"CHARGES, PROPELLING",,推进剂,,1.3C,1,1,,0,,E0,P143,MP22,PP76,,,,,,1 (C5000D),V2,,CV1 CV2 CV3,S1,
0275,,"CARTRIDGES, POWER DEVICE",,"弹药筒,动力装置用",,1.3C,1,1,,0,,E0,P134 LP102,MP22,,,,,,,1 (C5000D),V2,,CV1 CV2 CV3,S1,
0276,,"CARTRIDGES, POWER DEVICE",,"弹药筒,动力装置用",,1.4C,1,1.4,,0,,E0,P134 LP102,MP22,,,,,,,2 (E),V2,,CV1 CV2 CV3,S1,
0277,,"CARTRIDGES, OIL WELL",,"弹药筒,油井用",,1.3C,1,1,,0,,E0,P134 LP102,MP22,,,,,,,1 (C5000D),V2,,CV1 CV2 CV3,S1,
0278,,"CARTRIDGES, OIL WELL",,"弹药筒,油井用",,1.4C,1,1.4,,0,,E0,P134 LP102,MP22,,,,,,,2 (E),V2,,CV1 CV2 CV3,S1,
0279,,"CHARGES, PROPELLING, FOR CANNON",,火炮发射药,,1.1C,1,1,,0,,E0,P130,MP22,,,,,,,1 (B1000C),V2,,CV1 CV2 CV3,S1,
0280,,ROCKET MOTORS,,火箭发动机,,1.1C,1,1,,0,,E0,P130 LP101,MP22,PP67 L1,,,,,,1 (B1000C),V2,,CV1 CV2 CV3,S1,
0281,,ROCKET MOTORS,,火箭发动机,,1.2C,1,1,,0,,E0,P130 LP101,MP22,PP67 L1,,,,,,1 (B1000C),V2,,CV1 CV2 CV3,S1,
0282,a,NITROGUANIDINE,"dry or wetted with less than 20% water, by mass",硝基胍,"干的或湿的,按质量含水少于20%",1.1D,1,1,,0,,E0,P112(a),MP20,,,,,,,1 (B1000C),V2 V3,,CV1 CV2 CV3,S1,
0282,b,NITROGUANIDINE,"dry or wetted with less than 20% water, by mass",硝基胍,"干的或湿的,按质量含水少于20%",1.1D,1,1,,0,,E0,P112(b),MP20,,,,,,,1 (B1000C),V2 V3,,CV1 CV2 CV3,S1,
0282,c,NITROGUANIDINE,"dry or wetted with less than 20% water, by mass",硝基胍,"干的或湿的,按质量含水少于20%",1.1D,1,1,,0,,E0,P112(c),MP20,,,,,,,1 (B1000C),V2 V3,,CV1 CV2 CV3,S1,
0282,d,PICRITE,"dry or wetted with less than 20% water, by mass",橄苦岩,"干的或湿的,按质量含水少于20%",1.1D,1,1,,0,,E0,P112(a),MP20,,,,,,,1 (B1000C),V2 V3,,CV1 CV2 CV3,S1,
0282,e,PICRITE,"dry or wetted with less than 20% water, by mass",橄苦岩,"干的或湿的,按质量含水少于20%",1.1D,1,1,,0,,E0,P112(b),MP20,,,,,,,1 (B1000C),V2 V3,,CV1 CV2 CV3,S1,
0282,f,PICRITE,"dry or wetted with less than 20% water, by mass",橄苦岩,"干的或湿的,按质量含水少于20%",1.1D,1,1,,0,,E0,P112(c),MP20,,,,,,,1 (B1000C),V2 V3,,CV1 CV2 CV3,S1,
0283,a,BOOSTERS,without detonator,助爆管,不带雷管,1.2D,1,1,,0,,E0,P132(a),MP21,,,,,,,1 (B1000C),V2,,CV1 CV2 CV3,S1,
0283,b,BOOSTERS,without detonator,助爆管,不带雷管,1.2D,1,1,,0,,E0,P132(b),MP21,,,,,,,1 (B1000C),V2,,CV1 CV2 CV3,S1,
0284,,GRENADES,"hand or rifle, with bursting charge",手榴弹或枪榴弹,带有爆炸装药,1.1D,1,1,,0,,E0,P141,MP21,,,,,,,1 (B1000C),V2,,CV1 CV2 CV3,S1,
0285,,GRENADES,"hand or rifle, with bursting charge",手榴弹或枪榴弹,带有爆炸装药,1.2D,1,1,,0,,E0,P141,MP21,,,,,,,1 (B1000C),V2,,CV1 CV2 CV3,S1,
0286,,"WARHEADS, ROCKET",with bursting charge,火箭弹头,带有爆炸装药,1.1D,1,1,,0,,E0,P130 LP101,MP21,PP67 L1,,,,,,1 (B1000C),V2,,CV1 CV2 CV3,S1,
0287,,"WARHEADS, ROCKET",with bursting charge,火箭弹头,带有爆炸装药,1.2D,1,1,,0,,E0,P130 LP101,MP21,PP67 L1,,,,,,1 (B1000C),V2,,CV1 CV2 CV3,S1,
0288,,"CHARGES, SHAPED, FLEXIBLE, LINEAR",,"聚能装药,柔性,线形",,1.1D,1,1,,0,,E0,P138,MP21,,,,,,,1 (B1000C),V2,,CV1 CV2 CV3,S1,
0289,,"CORD, DETONATING",flexible,导爆索,柔性,1.4D,1,1.4,,0,,E0,P139,MP21,PP71 PP72,,,,,,2 (E),V2,,CV1 CV2 CV3,S1,
0290,a,"CORD, DETONATING",metal clad,导爆索(引信),包金属的,1.1D,1,1,,0,,E0,P139,MP21,PP71,,,,,,1 (B1000C),V2,,CV1 CV2 CV3,S1,
0290,b,"FUSE, DETONATING",metal clad,导爆索(引信),包金属的,1.1D,1,1,,0,,E0,P139,MP21,PP71,,,,,,1 (B1000C),V2,,CV1 CV2 CV3,S1,
0291,,BOMBS,with bursting charge,炸弹,带有爆炸装药,1.2F,1,1,,0,,E0,P130,MP23,,,,,,,1 (B1000C),V2,,CV1 CV2 CV3,S1,
0292,,GRENADES,"hand or rifle, with bursting charge",手榴弹或枪榴弹,带有爆炸装药,1.1F,1,1,,0,,E0,P141,MP23,,,,,,,1 (B1000C),V2,,CV1 CV2 CV3,S1,
0293,,GRENADES,"hand or rifle, with bursting charge",手榴弹或枪榴弹,带有爆炸装药,1.2F,1,1,,0,,E0,P141,MP23,,,,,,,1 (B1000C),V2,,CV1 CV2 CV3,S1,
0294,,MINES,with bursting charge,地(水)雷,带有爆炸装药,1.2F,1,1,,0,,E0,P130,MP23,,,,,,,1 (B1000C),V2,,CV1 CV2 CV3,S1,
0295,,ROCKETS,with bursting charge,火箭,带有爆炸装药,1.2F,1,1,,0,,E0,P130,MP23,,,,,,,1 (B1000C),V2,,CV1 CV2 CV3,S1,
0296,,"SOUNDING DEVICES, EXPLOSIVE",,"声测装置,爆炸性的",,1.1F,1,1,,0,,E0,P134 LP102,MP23,,,,,,,1 (B1000C),V2,,CV1 CV2 CV3,S1,
0297,,"AMMUNITION, ILLUMINATING","with or without burster,expelling charge or propelling charge",照明弹药,带或不带起爆装置、发射剂或推进剂,1.4G,1,1.4,,0,,E0,P130 LP101,MP23,PP67 L1,,,,,,2 (E),V2,,CV1 CV2 CV3,S1,
0299,,"BOMBS, PHOTOFLASH",,摄影闪光弹,,1.3G,1,1,,0,,E0,P130 LP101,MP23,PP67 L1,,,,,,1 (C5000D),V2,,CV1 CV2 CV3,S1,
0300,,"AMMUNITION, INCENDIARY","with or without burster,expelling charge or propelling charge",燃烧弹药,带或不带起爆装置、发射剂或推进剂,1.4G,1,1.4,,0,,E0,P130 LP101,MP23,PP67 L1,,,,,,2 (E),V2,,CV1 CV2 CV3,S1,
0301,,"AMMUNITION, TEARPRODUCING","with burster, expelling charge or propelling charge",催泪弹药(催泪弹),带起爆装置、发射剂或推进剂,1.4G,1,1.4+6.1+8,,0,,E0,P130 LP101,MP23,PP67 L1,,,,,,2 (E),V2,,CV1 CV2 CV3 CV28,S1,
0303,a,"AMMUNITION, SMOKE","with or without burster, expelling charge or propelling charge",发烟弹药(烟幕弹),带或不带起爆装置、发射剂或推进剂,1.4G,1,1.4,,0,,E0,P130 LP101,MP23,PP67 L1,,,,,,2 (E),V2,,CV1 CV2 CV3,S1,
0303,b,"AMMUNITION, SMOKE","with or without burster, expelling charge or propelling charge, containing corrosive substances",发烟弹药(烟幕弹),"带或不带起爆装置、发射剂或推进剂,含有腐蚀性物质",1.4G,1,1.4+8,,0,,E0,P130 LP101,MP23,PP67 L1,,,,,,2 (E),V2,,CV1 CV2 CV3,S1,
0305,,FLASH POWDER,,闪光粉,,1.3G,1,1,,0,,E0,P113,MP20,PP49,,,,,,1 (C5000D),V2 V3,,CV1 CV2 CV3,S1,
0306,,TRACERS FOR AMMUNITION,,"曳光剂,弹药用(弹药曳光剂)",,1.4G,1,1.4,,0,,E0,P133,MP23,PP69,,,,,,2 (E),V2,,CV1 CV2 CV3,S1,
0312,,"CARTRIDGES, SIGNAL",,信号弹药筒,,1.4G,1,1.4,,0,,E0,P135,MP23 MP24,,,,,,,2 (E),V2,,CV1 CV2 CV3,S1,
0313,,"SIGNALS, SMOKE",,"信号器,发烟的",,1.2G,1,1,,0,,E0,P135,MP23,,,,,,,1 (B1000C),V2,,CV1 CV2 CV3,S1,
0314,,IGNITERS,,点火器,,1.2G,1,1,,0,,E0,P142,MP23,,,,,,,1 (B1000C),V2,,CV1 CV2 CV3,S1,
0315,,IGNITERS,,点火器,,1.3G,1,1,,0,,E0,P142,MP23,,,,,,,1 (C5000D),V2,,CV1 CV2 CV3,S1,
0316,,"FUZES, IGNITING",,点火引信,,1.3G,1,1,,0,,E0,P141,MP23,,,,,,,1 (C5000D),V2,,CV1 CV2 CV3,S1,
0317,,"FUZES, IGNITING",,点火引信,,1.4G,1,1.4,,0,,E0,P141,MP23,,,,,,,2 (E),V2,,CV1 CV2 CV3,S1,
0318,,"GRENADES, PRACTICE",hand or rifle,练习用榴弹,手榴弹或枪榴弹,1.3G,1,1,,0,,E0,P141,MP23,,,,,,,1 (C5000D),V2,,CV1 CV2 CV3,S1,
0319,,"PRIMERS, TUBULAR",,"起爆器,管状",,1.3G,1,1,,0,,E0,P133,MP23,,,,,,,1 (C5000D),V2,,CV1 CV2 CV3,S1,
0320,,"PRIMERS, TUBULAR",,"起爆器,管状",,1.4G,1,1.4,,0,,E0,P133,MP23,,,,,,,2 (E),V2,,CV1 CV2 CV3,S1,
0321,,CARTRIDGES FOR WEAPONS,with bursting charge,武器弹药筒,带有爆炸装药,1.2E,1,1,,0,,E0,P130 LP101,MP21,PP67 L1,,,,,,1 (B1000C),V2,,CV1 CV2 CV3,S1,
0322,,ROCKET MOTORS WITH HYPERGOLIC LIQUIDS,with or without expelling charge,"火箭发动机,装有双组分液体燃料",带或不带发射剂,1.2L,1,1,,0,,E0,P101,MP1,,,,,,,0 (B),V2,,CV1 CV2 CV3 CV4,S1,
0323,,"CARTRIDGES, POWER DEVICE",,动力装置用弹药筒,,1.4S,1,1.4,,0,347,E0,P134 LP102,MP23,,,,,,,4 (E),,,CV1 CV2 CV3,S1,
0324,,PROJECTILES,with bursting charge,射弹,带有爆炸装药,1.2F,1,1,,0,,E0,P130,MP23,,,,,,,1 (B1000C),V2,,CV1 CV2 CV3,S1,
0325,,IGNITERS,,点火器,,1.4G,1,1.4,,0,,E0,P142,MP23,,,,,,,2 (E),V2,,CV1 CV2 CV3,S1,
0326,,"CARTRIDGES FOR WEAPONS, BLANK",,"武器弹药筒,无弹头",,1.1C,1,1,,0,,E0,P130,MP22,,,,,,,1 (B1000C),V2,,CV1 CV2 CV3,S1,
0327,a,"CARTRIDGES FOR WEAPONS, BLANK",,"武器弹药筒,无弹头或轻武器弹药筒,无弹头",,1.3C,1,1,,0,,E0,P130,MP22,,,,,,,1 (C5000D),V2,,CV1 CV2 CV3,S1,
0327,b,"CARTRIDGES, SMALL ARMS,BLANK",,"武器弹药筒,无弹头或轻武器弹药筒,无弹头",,1.3C,1,1,,0,,E0,P130,MP22,,,,,,,1 (C5000D),V2,,CV1 CV2 CV3,S1,
0328,,"CARTRIDGES FOR WEAPONS, INERT PROJECTILE",,"武器弹药筒,带惰性射弹",,1.2C,1,1,,0,,E0,P130 LP101,MP22,PP67 L1,,,,,,1 (B1000C),V2,,CV1 CV2 CV3,S1,
0329,,TORPEDOES,with bursting charge,鱼雷,带有爆炸装药,1.1E,1,1,,0,,E0,P130 LP101,MP21,PP67 L1,,,,,,1 (B1000C),V2,,CV1 CV2 CV3,S1,
0330,,TORPEDOES,with bursting charge,鱼雷,带有爆炸装药,1.1F,1,1,,0,,E0,P130,MP23,,,,,,,1 (B1000C),V2,,CV1 CV2 CV3,S1,
0331,a,"EXPLOSIVE, BLASTING, TYPE B",,"爆破炸药,B型",,1.5D,1,1.5,,0,617,E0,P116 IBC100,MP20,PP61 PP62 PP64,T1,S2. 65 AN(+),TP1 TP17 TP32,TU3 TU12 TU41 TC8 TA1 TA5,EX/III,1 (B1000C),V2 V12,,CV1 CV2 CV3,S1,1. 5D
0331,b,"AGENT, BLASTING, TYPE B",,"爆破炸药,B型",,1.5D,1,1.5,,0,617,E0,P116 IBC100,MP20,PP61 PP62 PP64,T1,S2. 65 AN(+),TP1 TP17 TP32,TU3 TU12 TU41 TC8 TA1 TA5,EX/III,1 (B1000C),V2 V12,,CV1 CV2 CV3,S1,1. 5D
0332,a,"EXPLOSIVE, BLASTING, TYPE E",,"爆破炸药, E型",,1.5D,1,1.5,,0,617,E0,P116 IBC100,MP20,PP61 PP62,T1,,TP1 TP17 TP32,,EX/III,1 (B1000C),V2 V12,,CV1 CV2 CV3,S1,1. 5D
0332,b,"AGENT, BLASTING, TYPE E",,"爆破炸药, E型",,1.5D,1,1.5,,0,617,E0,P116 IBC100,MP20,PP61 PP62,T1,,TP1 TP17 TP32,,EX/III,1 (B1000C),V2 V12,,CV1 CV2 CV3,S1,1. 5D
0333,,FIREWORKS,,烟花,,1.1G,1,1,,0,645,E0,P135,MP23 MP24,,,,,,,1 (B1000C),V2 V3,,CV1 CV2 CV3,S1,
0334,,FIREWORKS,,烟花,,1.2G,1,1,,0,645,E0,P135,MP23 MP24,,,,,,,1 (B1000C),V2 V3,,CV1 CV2 CV3,S1,
0335,,FIREWORKS,,烟花,,1.3G,1,1,,0,645,E0,P135,MP23 MP24,,,,,,,1 (C5000D),V2 V3,,CV1 CV2 CV3,S1,
0336,,FIREWORKS,,烟花,,1.4G,1,1.4,,0,645 651,E0,P135,MP23 MP24,,,,,,,2 (E),V2,,CV1 CV2 CV3,S1,
0337,,FIREWORKS,,烟花,,1.4S,1,1.4,,0,645,E0,P135,MP23 MP24,,,,,,,4 (E),,,CV1 CV2 CV3,S1,
0338,a,"CARTRIDGES FOR WEAPONS, BLANK",,"武器弹药筒,无弹头",,1.4C,1,1.4,,0,,E0,P130,MP22,,,,,,,2 (E),V2,,CV1 CV2 CV3,S1,
0338,b,"CARTRIDGES, SMALL ARMS,BLANK",,"轻武器弹药筒,无弹头",,1.4C,1,1.4,,0,,E0,P130,MP22,,,,,,,2 (E),V2,,CV1 CV2 CV3,S1,
0339,a,"CARTRIDGES FOR WEAPONS, INERT PROJECTILE",,"武器弹药筒,带惰性射弹",,1.4C,1,1.4,,0,,E0,P130,MP22,,,,,,,2 (E),V2,,CV1 CV2 CV3,S1,
0339,b,"CARTRIDGES, SMALL ARMS",,轻武器弹药筒,,1.4C,1,1.4,,0,,E0,P130,MP22,,,,,,,2 (E),V2,,CV1 CV2 CV3,S1,
0340,a,NITROCELLULOSE,"dry or wetted with less than 25% water (or alcohol) , by mass",硝化纤维素 (硝化棉),"干的或湿的,按质量含水或酒精少于25%",1.1D,1,1,,0,,E0,P112(a),MP20,,,,,,,1 (B1000C),V2 V3,,CV1 CV2 CV3,S1,
0340,b,NITROCELLULOSE,"dry or wetted with less than 25% water (or alcohol) , by mass",硝化纤维素 (硝化棉),"干的或湿的,按质量含水或酒精少于25%",1.1D,1,1,,0,,E0,P112(b),MP20,,,,,,,1 (B1000C),V2 V3,,CV1 CV2 CV3,S1,
0341,,NITROCELLULOSE,"unmodified or plasticized with less than 18% plasticizing substance, by mass",硝化纤维素 (硝化棉),"非改性的或增塑的,按质量含增塑剂少于18%",1.1D,1,1,,0,,E0,P112(b),MP20,,,,,,,1 (B1000C),V2 V3,,CV1 CV2 CV3,S1,
0342,,"NITROCELLULOSE, WETTED","with not less than 25% alcohol, by mass","硝化纤维素 (硝化棉),湿的",按质量含酒精不少于25%,1.3C,1,1,,0,105,E0,P114(a),MP20,PP43,,,,,,1 (C5000D),V2,,CV1 CV2 CV3,S1,
0343,,"NITROCELLULOSE, PLASTICIZ-ED","with not less than 18% plasticizing substance, by mass","硝化纤维素 (硝化棉),增塑的",按质量含增塑剂不少于18%,1.3C,1,1,,0,105,E0,P111,MP20,,,,,,,1 (C5000D),V2,,CV1 CV2 CV3,S1,
0344,,PROJECTILES,with bursting charge,射弹,带有爆炸装药,1.4D,1,1.4,,0,,E0,P130 LP101,MP21,PP67 L1,,,,,,2 (E),V2,,CV1 CV2 CV3,S1,
0345,,PROJECTILES,inert with tracer,射弹,"惰性的,带曳光剂",1.4S,1,1.4,,0,,E0,P130 LP101,MP23,PP67 L1,,,,,,4 (E),,,CV1 CV2 CV3,S1,
0346,,PROJECTILES,with burster or expelling charge,射弹,带起爆装置或发射剂,1.2D,1,1,,0,,E0,P130 LP101,MP21,PP67 L1,,,,,,1 (B1000C),V2,,CV1 CV2 CV3,S1,
0347,,PROJECTILES,with burster or expelling charge,射弹,带起爆装置或发射剂,1.4D,1,1.4,,0,,E0,P130 LP101,MP21,PP67 L1,,,,,,2 (E),V2,,CV1 CV2 CV3,S1,
0348,,CARTRIDGES FOR WEAPONS,with bursting charge,武器弹药筒,带有爆炸装药,1.4F,1,1.4,,0,,E0,P130,MP23,,,,,,,2 (E),V2,,CV1 CV2 CV3,S1,
0349,,"ARTICLES, EXPLOSIVE, N.O.S.",,"爆炸性物品,未另作规定的",,1.4S,1,1.4,,0,178 274,E0,P101,MP2,,,,,,,4 (E),,,CV1 CV2 CV3,S1,
0350,,"ARTICLES, EXPLOSIVE, N.O.S.",,"爆炸性物品,未另作规定的",,1.4B,1,1.4,,0,178 274,E0,P101,MP2,,,,,,,2 (E),V2,,CV1 CV2 CV3,S1,
0351,,"ARTICLES, EXPLOSIVE, N.O.S.",,"爆炸性物品,未另作规定的",,1.4C,1,1.4,,0,178 274,E0,P101,MP2,,,,,,,2 (E),V2,,CV1 CV2 CV3,S1,
0352,,"ARTICLES, EXPLOSIVE, N.O.S.",,"爆炸性物品,未另作规定的",,1.4D,1,1.4,,0,178 274,E0,P101,MP2,,,,,,,2 (E),V2,,CV1 CV2 CV3,S1,
0353,,"ARTICLES, EXPLOSIVE, N.O.S.",,"爆炸性物品,未另作规定的",,1.4G,1,1.4,,0,178 274,E0,P101,MP2,,,,,,,2 (E),V2,,CV1 CV2 CV3,S1,
0354,,"ARTICLES, EXPLOSIVE, N.O.S.",,"爆炸性物品,未另作规定的",,1.1L,1,1,,0,178 274,E0,P101,MP1,,,,,,,0 (B),V2,,CV1 CV2 CV3 CV4,S1,
0355,,"ARTICLES, EXPLOSIVE, N.O.S.",,"爆炸性物品,未另作规定的",,1.2L,1,1,,0,178 274,E0,P101,MP1,,,,,,,0 (B),V2,,CV1 CV2 CV3 CV4,S1,
0356,,"ARTICLES, EXPLOSIVE, N.O.S.",,"爆炸性物品,未另作规定的",,1.3L,1,1,,0,178 274,E0,P101,MP1,,,,,,,0 (B),V2,,CV1 CV2 CV3 CV4,S1,
0357,,"SUBSTANCES, EXPLOSIVE, N.O.S.",,"爆炸性物品,未另作规定的",,1.1L,1,1,,0,178 274,E0,P101,MP1,,,,,,,0 (B),V2,,CV1 CV2 CV3 CV4,S1,
0358,,"SUBSTANCES, EXPLOSIVE, N.O.S.",,"爆炸性物品,未另作规定的",,1.2L,1,1,,0,178 274,E0,P101,MP1,,,,,,,0 (B),V2,,CV1 CV2 CV3 CV4,S1,
0359,,"SUBSTANCES, EXPLOSIVE, N.O.S.",,"爆炸性物品,未另作规定的",,1.3L,1,1,,0,178 274,E0,P101,MP1,,,,,,,0 (B),V2,,CV1 CV2 CV3 CV4,S1,
0360,,"DETONATOR ASSEMBLIES, NON-ELECTRIC",for blasting,非电引爆雷管组件,爆破用,1.1B,1,1,,0,,E0,P131,MP23,,,,,,,1 (B1000C),V2,,CV1 CV2 CV3,S1,
0361,,"DETONATOR ASSEMBLIES, NON-ELECTRIC",for blasting,非电引爆雷管组件,爆破用,1.4B,1,1.4,,0,,E0,P131,MP23,,,,,,,2 (E),V2,,CV1 CV2 CV3,S1,
0362,,"AMMUNITION, PRACTICE",,练习用弹药,,1.4G,1,1.4,,0,,E0,P130 LP101,MP23,PP67 L1,,,,,,2 (E),V2,,CV1 CV2 CV3,S1,
0363,,"AMMUNITION, PROOF",,测试用弹药 (试验用弹药),,1.4G,1,1.4,,0,,E0,P130 LP101,MP23,PP67 L1,,,,,,2 (E),V2,,CV1 CV2 CV3,S1,
0364,,DETONATORS FOR AMMUNITION,,弹药用雷管 (军用雷管),,1.2B,1,1,,0,,E0,P133,MP23,,,,,,,1 (B1000C),V2,,CV1 CV2 CV3,S1,
0365,,DETONATORS FOR AMMUNITION,,弹药用雷管 (军用雷管),,1.4B,1,1.4,,0,,E0,P133,MP23,,,,,,,2 (E),V2,,CV1 CV2 CV3,S1,
0366,,DETONATORS FOR AMMUNITION,,弹药用雷管 (军用雷管),,1.4S,1,1.4,,0,347,E0,P133,MP23,,,,,,,4 (E),,,CV1 CV2 CV3,S1,
0367,,"FUZES, DETONATING",,起爆引信,,1.4S,1,1.4,,0,,E0,P141,MP23,,,,,,,4 (E),,,CV1 CV2 CV3,S1,
0368,,"FUZES, IGNITING",,点火引信,,1.4S,1,1.4,,0,,E0,P141,MP23,,,,,,,4 (E),,,CV1 CV2 CV3,S1,
0369,,"WARHEADS, ROCKET",with bursting charge,火箭弹头,带有爆炸装药,1.1F,1,1,,0,,E0,P130,MP23,,,,,,,1 (B1000C),V2,,CV1 CV2 CV3,S1,
0370,,"WARHEADS, ROCKET",with burster or expelling charge,火箭弹头,带起爆装置或发射剂,1.4D,1,1.4,,0,,E0,P130 LP101,MP21,PP67 L1,,,,,,2 (E),V2,,CV1 CV2 CV3,S1,
0371,,"WARHEADS, ROCKET",with burster or expelling charge,火箭弹头,带起爆装置或发射剂,1.4F,1,1.4,,0,,E0,P130,MP23,,,,,,,2 (E),V2,,CV1 CV2 CV3,S1,
0372,,"GRENADES, PRACTICE",hand or rifle,手榴弹或枪榴弹,练习用,1.2G,1,1,,0,,E0,P141,MP23,,,,,,,1 (B1000C),V2,,CV1 CV2 CV3,S1,
0373,,"SIGNAL DEVICES, HAND",,"信号装置,手持的",,1.4S,1,1.4,,0,,E0,P135,MP23 MP24,,,,,,,4 (E),,,CV1 CV2 CV3,S1,
0374,,"SOUNDING DEVICES, EXPLOSIVE",,"声测装置,爆炸性的",,1.1D,1,1,,0,,E0,P134 LP102,MP21,,,,,,,1 (B1000C),V2,,CV1 CV2 CV3,S1,
0375,,"SOUNDING DEVICES, EXPLOSIVE",,"声测装置,爆炸性的",,1.2D,1,1,,0,,E0,P134 LP102,MP21,,,,,,,1 (B1000C),V2,,CV1 CV2 CV3,S1,
0376,,"PRIMERS, TUBULAR",,"起爆器,管状",,1.4S,1,1.4,,0,,E0,P133,MP23,,,,,,,4 (E),,,CV1 CV2 CV3,S1,
0377,,"PRIMERS, CAP TYPE",,"起爆器,帽状",,1.1B,1,1,,0,,E0,P133,MP23,,,,,,,1 (B1000C),V2,,CV1 CV2 CV3,S1,
0378,,"PRIMERS, CAP TYPE",,"起爆器,帽状",,1.4B,1,1.4,,0,,E0,P133,MP23,,,,,,,2 (E),V2,,CV1 CV2 CV3,S1,
0379,,"CASES, CARTRIDGE, EMPTY, WITH PRIMER",,"空弹药筒壳,带起爆器",,1.4C,1,1.4,,0,,E0,P136,MP22,,,,,,,2 (E),V2,,CV1 CV2 CV3,S1,
0380,,"ARTICLES, PYROPHORIC",,引火物品,,1.2L,1,1,,0,,E0,P101,MP1,,,,,,,0 (B),V2,,CV1 CV2 CV3 CV4,S1,
0381,,"CARTRIDGES, POWER DEVICE",,动力装置用弹药筒,,1.2C,1,1,,0,,E0,P134 LP102,MP22,,,,,,,1 (B1000C),V2,,CV1 CV2 CV3,S1,
0382,,"COMPONENTS, EXPLOSIVE TRAIN,N.O.S.",,"爆药导火装置系列元件,未另作规定的",,1.2B,1,1,,0,178 274,E0,P101,MP2,,,,,,,1 (B1000C),V2,,CV1 CV2 CV3,S1,
0383,,"COMPONENTS, EXPLOSIVE TRAIN,N.O.S.",,"爆药导火装置系列元件,未另作规定的",,1.4B,1,1.4,,0,178 274,E0,P101,MP2,,,,,,,2 (E),V2,,CV1 CV2 CV3,S1,
0384,,"COMPONENTS, EXPLOSIVE TRAIN,N.O.S.",,"爆药导火装置系列元件,未另作规定的",,1.4S,1,1.4,,0,178 274,E0,P101,MP2,,,,,,,4 (E),,,CV1 CV2 CV3,S1,
0385,a,5-NITROBENZOTRIAZOL,,5-硝基苯内三唑,,1.1D,1,1,,0,,E0,P112(b),MP20,,,,,,,1 (B1000C),V2 V3,,CV1 CV2 CV3,S1,
0385,b,5-NITROBENZOTRIAZOL,,5-硝基苯内三唑,,1.1D,1,1,,0,,E0,P112(c),MP20,,,,,,,1 (B1000C),V2 V3,,CV1 CV2 CV3,S1,
0386,a,TRINITROBENZENESULPHONIC ACID,,三硝基苯磺酸,,1.1D,1,1,,0,,E0,P112(b),MP20,PP26,,,,,,1 (B1000C),V2 V3,,CV1 CV2 CV3,S1,
0386,b,TRINITROBENZENESULPHONIC ACID,,三硝基苯磺酸,,1.1D,1,1,,0,,E0,P112(c),MP20,PP26,,,,,,1 (B1000C),V2 V3,,CV1 CV2 CV3,S1,
0387,a,TRINITROFLUORENONE,,三硝基芴酮,,1.1D,1,1,,0,,E0,P112(b),MP20,,,,,,,1 (B1000C),V2 V3,,CV1 CV2 CV3,S1,
0387,b,TRINITROFLUORENONE,,三硝基芴酮,,1.1D,1,1,,0,,E0,P112(c),MP20,,,,,,,1 (B1000C),V2 V3,,CV1 CV2 CV3,S1,
0388,a,TRINITROTOLUENE AND TRINITROBENZENE MIXTURE,,三硝基甲苯和三硝基苯的混合物,,1.1D,1,1,,0,,E0,P112(b),MP20,,,,,,,1 (B1000C),V2 V3,,CV1 CV2 CV3,S1,
0388,b,TRINITROTOLUENE AND TRINITROBENZENE MIXTURE,,三硝基甲苯和三硝基苯的混合物,,1.1D,1,1,,0,,E0,P112(c),MP20,,,,,,,1 (B1000C),V2 V3,,CV1 CV2 CV3,S1,
0388,c,TNT AND TRINITROBENZENE MIXTURE,,TNT和三硝基苯的混合物,,1.1D,1,1,,0,,E0,P112(b),MP20,,,,,,,1 (B1000C),V2 V3,,CV1 CV2 CV3,S1,
0388,d,TNT AND TRINITROBENZENE MIXTURE,,TNT和三硝基苯的混合物,,1.1D,1,1,,0,,E0,P112(c),MP20,,,,,,,1 (B1000C),V2 V3,,CV1 CV2 CV3,S1,
0388,e,TRINITROTOLUENE AND HEXANITROSTILBENE MIXTURE,,三硝基甲苯和六硝基芪的混合物,,1.1D,1,1,,0,,E0,P112(b),MP20,,,,,,,1 (B1000C),V2 V3,,CV1 CV2 CV3,S1,
0388,f,TRINITROTOLUENE AND HEXANITROSTILBENE MIXTURE,,三硝基甲苯和六硝基芪的混合物,,1.1D,1,1,,0,,E0,P112(c),MP20,,,,,,,1 (B1000C),V2 V3,,CV1 CV2 CV3,S1,
0388,g,TNT AND HEXANITROSTILBENE MIXTURE,,TNT和六硝基芪的混合物,,1.1D,1,1,,0,,E0,P112(b),MP20,,,,,,,1 (B1000C),V2 V3,,CV1 CV2 CV3,S1,
0388,h,TNT AND HEXANITROSTILBENE MIXTURE,,TNT和六硝基芪的混合物,,1.1D,1,1,,0,,E0,P112(c),MP20,,,,,,,1 (B1000C),V2 V3,,CV1 CV2 CV3,S1,
0389,a,TRINITROTOLUENE MIXTURE CONTAINING TRINITROBENZENE AND HEXANITROSTILBENE,,含三硝基苯和六硝基芪的三硝基甲苯混合物,,1.1D,1,1,,0,,E0,P112(b),MP20,,,,,,,1 (B1000C),V2 V3,,CV1 CV2 CV3,S1,
0389,b,TRINITROTOLUENE MIXTURE CONTAINING TRINITROBENZENE AND HEXANITROSTILBENE,,含三硝基苯和六硝基芪的三硝基甲苯混合物,,1.1D,1,1,,0,,E0,P112(c),MP20,,,,,,,1 (B1000C),V2 V3,,CV1 CV2 CV3,S1,
0389,c,TNT MIXTURE CONTAINING TRINITROBENZENE AND HEXANITROSTILBENE,,含三硝基苯和六硝基芪的TNT混合物,,1.1D,1,1,,0,,E0,P112(b),MP20,,,,,,,1 (B1000C),V2 V3,,CV1 CV2 CV3,S1,
0389,d,TNT MIXTURE CONTAINING TRINITROBENZENE AND HEXANITROSTILBENE,,含三硝基苯和六硝基芪的TNT混合物,,1.1D,1,1,,0,,E0,P112(c),MP20,,,,,,,1 (B1000C),V2 V3,,CV1 CV2 CV3,S1,
0390,a,TRITONAL,,特里托纳尔炸药(梯铝炸药),,1.1D,1,1,,0,,E0,P112(b),MP20,,,,,,,1 (B1000C),V2 V3,,CV1 CV2 CV3,S1,
0390,b,TRITONAL,,特里托纳尔炸药(梯铝炸药),,1.1D,1,1,,0,,E0,P112(c),MP20,,,,,,,1 (B1000C),V2 V3,,CV1 CV2 CV3,S1,
0391,a,"CYCLOTRIMETHYLENETRINITRAMINE AND CYCLOTETRAMETHYLENETETRANITRAMINE MIXTURE, WETTED","with not less than 15% water,by mass","环三亚甲基三硝胺和环四亚甲基四硝胺的混合物,湿的",按质量含水不少于15%或退敏的,1.1D,1,1,,0,266,E0,P112(a),MP20,,,,,,,1 (B1000C),V2 V3,,CV1 CV2 CV3,S1,
0391,b,"CYCLOTRIMETHYLENETRINITRAMINE AND HMX MIXTURE, WETTED","with not less than 15% water,by mass","环三亚甲基三硝胺和HMX的混合物,湿的",按质量含水不少于15%或退敏的,1.1D,1,1,,0,266,E0,P112(a),MP20,,,,,,,1 (B1000C),V2 V3,,CV1 CV2 CV3,S1,
0391,c,"CYCLOTRIMETHYLENETRINITRAMINE AND OCTOGEN MIXTURE, WETTED","with not less than 15% water,by mass","环三亚甲基三硝胺和奥克托金的混合物,湿的",按质量含水不少于15%或退敏的,1.1D,1,1,,0,266,E0,P112(a),MP20,,,,,,,1 (B1000C),V2 V3,,CV1 CV2 CV3,S1,
0391,d,"CYCLONITE AND CYCLOTETRAMETHYLENETETRANITRAMINE MIXTURE, WETTED","with not less than 15% water,by mass","旋风炸药和环四亚甲基四硝胺的混合物,湿的",按质量含水不少于15%或退敏的,1.1D,1,1,,0,266,E0,P112(a),MP20,,,,,,,1 (B1000C),V2 V3,,CV1 CV2 CV3,S1,
0391,e,"CYCLONITE AND HMX MIXTURE, WETTED","with not less than 15% water,by mass","旋风炸药和HMX的混合物,湿的",按质量含水不少于15%或退敏的,1.1D,1,1,,0,266,E0,P112(a),MP20,,,,,,,1 (B1000C),V2 V3,,CV1 CV2 CV3,S1,
0391,f,"CYCLONITE AND OCTOGEN MIXTURE, WETTED","with not less than 15% water,by mass","旋风炸药和奥克托金的混合物,湿的",按质量含水不少于15%或退敏的,1.1D,1,1,,0,266,E0,P112(a),MP20,,,,,,,1 (B1000C),V2 V3,,CV1 CV2 CV3,S1,
0391,g,"HEXOGEN AND CYCLOTETRAM ETHYLENETETRANITRAMINE MIXTURE, WETTED","with not less than 15% water,by mass","黑索金和环四亚甲基四硝胺的混合物,湿的",按质量含水不少于15%或退敏的,1.1D,1,1,,0,266,E0,P112(a),MP20,,,,,,,1 (B1000C),V2 V3,,CV1 CV2 CV3,S1,
0391,h,"HEXOGEN AND HMX MIXTURE, WETTED","with not less than 15% water,by mass","黑索金和HMX的混合物,湿的",按质量含水不少于15%或退敏的,1.1D,1,1,,0,266,E0,P112(a),MP20,,,,,,,1 (B1000C),V2 V3,,CV1 CV2 CV3,S1,
0391,i,"HEXOGEN AND OCTOGEN MIXTURE, WETTED","with not less than 15% water,by mass","黑索金和奥克托金的混合物,湿的",按质量含水不少于15%或退敏的,1.1D,1,1,,0,266,E0,P112(a),MP20,,,,,,,1 (B1000C),V2 V3,,CV1 CV2 CV3,S1,
0391,j,"RDX AND CYCLOTETRAM ETHYLENETETRANITRAMINE MIXTURE, WETTED","with not less than 15% water,by mass","RDX和环四亚甲基四硝胺的混合物,湿的",按质量含水不少于15%或退敏的,1.1D,1,1,,0,266,E0,P112(a),MP20,,,,,,,1 (B1000C),V2 V3,,CV1 CV2 CV3,S1,
0391,k,"RDX AND HMX MIXTURE, WETTED","with not less than 15% water,by mass","RDX和HMX的混合物,湿的",按质量含水不少于15%或退敏的,1.1D,1,1,,0,266,E0,P112(a),MP20,,,,,,,1 (B1000C),V2 V3,,CV1 CV2 CV3,S1,
0391,l,"RDX AND OCTOGEN MIXTURE, WETTED","with not less than 15% water,by mass","RDX和奥克托金的混合物,湿的",按质量含水不少于15%或退敏的,1.1D,1,1,,0,266,E0,P112(a),MP20,,,,,,,1 (B1000C),V2 V3,,CV1 CV2 CV3,S1,
0391,m,"CYCLOTRIMETHYLENETRINITRAMINE AND CYCLOTETRAMETHYLENETETRANITRAMINE MIXTURE, DESENSITIZED","with not less than 10% phlegmatizer, by mass","环三亚甲基三硝胺和环四亚甲基四硝胺的混合物,湿的",按质量含减敏剂不少于10%,1.1D,1,1,,0,266,E0,P112(b),MP20,,,,,,,1 (B1000C),V2 V3,,CV1 CV2 CV3,S1,
0391,n,"CYCLOTRIMETHYLENETRINITRAMINE AND HMX MIXTURE, DESENSITIZED","with not less than 10% phlegmatizer, by mass","环三亚甲基三硝胺和HMX的混合物,湿的",按质量含减敏剂不少于10%,1.1D,1,1,,0,266,E0,P112(b),MP20,,,,,,,1 (B1000C),V2 V3,,CV1 CV2 CV3,S1,
0391,o,"CYCLOTRIMETHYLENETRINITRAMINE AND OCTOGEN MIXTURE, DESENSITIZED","with not less than 10% phlegmatizer, by mass","环三亚甲基三硝胺和奥克托金的混合物,湿的",按质量含减敏剂不少于10%,1.1D,1,1,,0,266,E0,P112(b),MP20,,,,,,,1 (B1000C),V2 V3,,CV1 CV2 CV3,S1,
0391,p,"CYCLONITE AND CYCLOTETRAMETHYLENETETRANITRAMINE MIXTURE, DESENSITIZED","with not less than 10% phlegmatizer, by mass","旋风炸药和环四亚甲基四硝胺的混合物,湿的",按质量含减敏剂不少于10%,1.1D,1,1,,0,266,E0,P112(b),MP20,,,,,,,1 (B1000C),V2 V3,,CV1 CV2 CV3,S1,
0391,q,"CYCLONITE AND HMX MIXTURE, DESENSITIZED","with not less than 10% phlegmatizer, by mass","旋风炸药和HMX的混合物,湿的",按质量含减敏剂不少于10%,1.1D,1,1,,0,266,E0,P112(b),MP20,,,,,,,1 (B1000C),V2 V3,,CV1 CV2 CV3,S1,
0391,r,"CYCLONITE AND OCTOGEN MIXTURE, DESENSITIZED","with not less than 10% phlegmatizer, by mass","旋风炸药和奥克托金的混合物,湿的",按质量含减敏剂不少于10%,1.1D,1,1,,0,266,E0,P112(b),MP20,,,,,,,1 (B1000C),V2 V3,,CV1 CV2 CV3,S1,
0391,s,"HEXOGEN AND CYCLOTETRAM ETHYLENETETRANITRAMINE MIXTURE, DESENSITIZED","with not less than 10% phlegmatizer, by mass","黑索金和环四亚甲基四硝胺的混合物,湿的",按质量含减敏剂不少于10%,1.1D,1,1,,0,266,E0,P112(b),MP20,,,,,,,1 (B1000C),V2 V3,,CV1 CV2 CV3,S1,
0391,t,"HEXOGEN AND HMX MIXTURE, DESENSITIZED","with not less than 10% phlegmatizer, by mass","黑索金和HMX的混合物,湿的",按质量含减敏剂不少于10%,1.1D,1,1,,0,266,E0,P112(b),MP20,,,,,,,1 (B1000C),V2 V3,,CV1 CV2 CV3,S1,
0391,u,"HEXOGEN AND OCTOGEN MIXTURE, DESENSITIZED","with not less than 10% phlegmatizer, by mass","黑索金和奥克托金的混合物,湿的",按质量含减敏剂不少于10%,1.1D,1,1,,0,266,E0,P112(b),MP20,,,,,,,1 (B1000C),V2 V3,,CV1 CV2 CV3,S1,
0391,v,"RDX AND CYCLOTETRAM ETHYLENETETRANITRAMINE MIXTURE, DESENSITIZED","with not less than 10% phlegmatizer, by mass","RDX和环四亚甲基四硝胺的混合物,湿的",按质量含减敏剂不少于10%,1.1D,1,1,,0,266,E0,P112(b),MP20,,,,,,,1 (B1000C),V2 V3,,CV1 CV2 CV3,S1,
0391,w,"RDX AND HMX MIXTURE, DESENSITIZED","with not less than 10% phlegmatizer, by mass","RDX和HMX的混合物,湿的",按质量含减敏剂不少于10%,1.1D,1,1,,0,266,E0,P112(b),MP20,,,,,,,1 (B1000C),V2 V3,,CV1 CV2 CV3,S1,
0391,x,"RDX AND OCTOGEN MIXTURE, DESENSITIZED","with not less than 10% phlegmatizer, by mass","RDX和奥克托金的混合物,湿的",按质量含减敏剂不少于10%,1.1D,1,1,,0,266,E0,P112(b),MP20,,,,,,,1 (B1000C),V2 V3,,CV1 CV2 CV3,S1,
0392,a,HEXANITROSTILBENE,,六硝基芪,,1.1D,1,1,,0,,E0,P112(b),MP20,,,,,,,1 (B1000C),V2 V3,,CV1 CV2 CV3,S1,
0392,b,HEXANITROSTILBENE,,六硝基芪,,1.1D,1,1,,0,,E0,P112(c),MP20,,,,,,,1 (B1000C),V2 V3,,CV1 CV2 CV3,S1,
0393,,HEXOTONAL,,黑沙托纳炸药,,1.1D,1,1,,0,,E0,P112(b),MP20,,,,,,,1 (B1000C),V2 V3,,CV1 CV2 CV3,S1,
0394,a,"TRINITRORESORCINOL, WETTED","with not less than 20% water, or mixture of alcohol and water,by mass","三硝基间苯二酚,湿的",按质量含水或酒精与水的混合物不少于20%,1.1D,1,1,,0,,E0,P112(a),MP20,PP26,,,,,,1 (B1000C),V2,,CV1 CV2 CV3,S1,
0394,b,"STYPHNIC ACID, WETTED","with not less than 20% water, or mixture of alcohol and water,by mass","收敛酸,湿的",按质量含水或酒精与水的混合物不少于20%,1.1D,1,1,,0,,E0,P112(a),MP20,PP26,,,,,,1 (B1000C),V2,,CV1 CV2 CV3,S1,
0395,,"ROCKET MOTORS, LIQUID FUELLED",,"火箭发动机,液体燃料",,1.2J,1,1,,0,,E0,P101,MP23,,,,,,,1 (B1000C),V2,,CV1 CV2 CV3,S1,
0396,,"ROCKET MOTORS, LIQUID FUELLED",,"火箭发动机,液体燃料",,1.3J,1,1,,0,,E0,P101,MP23,,,,,,,1 (C),V2,,CV1 CV2 CV3,S1,
0397,,"ROCKETS, LIQUID FUELLED",with bursting charge,"火箭,液体燃料",带有爆炸装药,1.1J,1,1,,0,,E0,P101,MP23,,,,,,,1 (B1000C),V2,,CV1 CV2 CV3,S1,
0398,,"ROCKETS, LIQUID FUELLED",with bursting charge,"火箭,液体燃料",带有爆炸装药,1.2J,1,1,,0,,E0,P101,MP23,,,,,,,1 (B1000C),V2,,CV1 CV2 CV3,S1,
0399,,BOMBS WITH FLAMMABLE LIQUID,with bursting charge,"炸弹,装有易燃液体",带有爆炸装药,1.1J,1,1,,0,,E0,P101,MP23,,,,,,,1 (B1000C),V2,,CV1 CV2 CV3,S1,
0400,,BOMBS WITH FLAMMABLE LIQUID,with bursting charge,"炸弹,装有易燃液体",带有爆炸装药,1.2J,1,1,,0,,E0,P101,MP23,,,,,,,1 (B1000C),V2,,CV1 CV2 CV3,S1,
0401,a,DIPICRYL SULPHIDE,"dry or wetted with less than 10% water, by mass",二苦硫,"干的或湿的,按质量含水少于10%",1.1D,1,1,,0,,E0,P112(a),MP20,,,,,,,1 (B1000C),V2 V3,,CV1 CV2 CV3,S1,
0401,b,DIPICRYL SULPHIDE,"dry or wetted with less than 10% water, by mass",二苦硫,"干的或湿的,按质量含水少于10%",1.1D,1,1,,0,,E0,P112(b),MP20,,,,,,,1 (B1000C),V2 V3,,CV1 CV2 CV3,S1,
0401,c,DIPICRYL SULPHIDE,"dry or wetted with less than 10% water, by mass",二苦硫,"干的或湿的,按质量含水少于10%",1.1D,1,1,,0,,E0,P112(c),MP20,,,,,,,1 (B1000C),V2 V3,,CV1 CV2 CV3,S1,
0402,a,AMMONIUM PERCHLORATE,,高氯酸铵,,1.1D,1,1,,0,152,E0,P112(b),MP20,,,,,,,1 (B1000C),V2 V3,,CV1 CV2 CV3,S1,
0402,b,AMMONIUM PERCHLORATE,,高氯酸铵,,1.1D,1,1,,0,152,E0,P112(c),MP20,,,,,,,1 (B1000C),V2 V3,,CV1 CV2 CV3,S1,
0403,,"FLARES, AERIAL",,空投照明弹,,1.4G,1,1.4,,0,,E0,P135,MP23,,,,,,,2 (E),V2,,CV1 CV2 CV3,S1,
0404,,"FLARES, AERIAL",,空投照明弹,,1.4S,1,1.4,,0,,E0,P135,MP23,,,,,,,4 (E),,,CV1 CV2 CV3,S1,
0405,,"CARTRIDGES, SIGNAL",,信号弹药筒,,1.4S,1,1.4,,0,,E0,P135,MP23 MP24,,,,,,,4 (E),,,CV1 CV2 CV3,S1,
0406,,DINITROSOBENZENE,,二亚硝基苯,,1.3C,1,1,,0,,E0,P114(b),MP20,,,,,,,1 (C5000D),V2 V3,,CV1 CV2 CV3,S1,
0407,,TETRAZOL-1-ACETIC ACID,,四唑-1-乙酸,,1.4C,1,1.4,,0,,E0,P114(b),MP20,,,,,,,2 (E),V2,,CV1 CV2 CV3,S1,
0408,,"FUZES, DETONATING",with protective features,起爆引信,带有保险装置,1.1D,1,1,,0,,E0,P141,MP21,,,,,,,1 (B1000C),V2,,CV1 CV2 CV3,S1,
0409,,"FUZES, DETONATING",with protective features,起爆引信,带有保险装置,1.2D,1,1,,0,,E0,P141,MP21,,,,,,,1 (B1000C),V2,,CV1 CV2 CV3,S1,
0410,,"FUZES, DETONATING",with protective features,起爆引信,带有保险装置,1.4D,1,1.4,,0,,E0,P141,MP21,,,,,,,2 (E),V2,,CV1 CV2 CV3,S1,
0411,a,PENTAERYTHRITE TETRANITRATE,"with not less than 7% wax, by mass",季戊四醇四硝酸酯,按质量含蜡不少于7%,1.1D,1,1,,0,131,E0,P112(b),MP20,,,,,,,1 (B1000C),V2 V3,,CV1 CV2 CV3,S1,
0411,b,PENTAERYTHRITE TETRANITRATE,"with not less than 7% wax, by mass",季戊四醇四硝酸酯,按质量含蜡不少于7%,1.1D,1,1,,0,131,E0,P112(c),MP20,,,,,,,1 (B1000C),V2 V3,,CV1 CV2 CV3,S1,
0411,c,PENTAERYTHRITOL TETRANITRATE,"with not less than 7% wax, by mass",泰安炸药,按质量含蜡不少于7%,1.1D,1,1,,0,131,E0,P112(b),MP20,,,,,,,1 (B1000C),V2 V3,,CV1 CV2 CV3,S1,
0411,d,PENTAERYTHRITOL TETRANITRATE,"with not less than 7% wax, by mass",泰安炸药,按质量含蜡不少于7%,1.1D,1,1,,0,131,E0,P112(c),MP20,,,,,,,1 (B1000C),V2 V3,,CV1 CV2 CV3,S1,
0411,e,PETN,"with not less than 7% wax, by mass",季戊炸药,按质量含蜡不少于7%,1.1D,1,1,,0,131,E0,P112(b),MP20,,,,,,,1 (B1000C),V2 V3,,CV1 CV2 CV3,S1,
0411,f,PETN,"with not less than 7% wax, by mass",季戊炸药,按质量含蜡不少于7%,1.1D,1,1,,0,131,E0,P112(c),MP20,,,,,,,1 (B1000C),V2 V3,,CV1 CV2 CV3,S1,
0412,,CARTRIDGES FOR WEAPONS,with bursting charge,武器弹药筒,带有爆炸装药,1.4E,1,1.4,,0,,E0,P130 LP101,MP21,PP67 L1,,,,,,2 (E),V2,,CV1 CV2 CV3,S1,
0413,,"CARTRIDGES FOR WEAPONS, BLANK",,武器弹药筒,无弹头,1.2C,1,1,,0,,E0,P130,MP22,,,,,,,1 (B1000C),V2,,CV1 CV2 CV3,S1,
0414,,"CHARGES, PROPELLING, FOR CANNON",,火炮发射剂,,1.2C,1,1,,0,,E0,P130,MP22,,,,,,,1 (B1000C),V2,,CV1 CV2 CV3,S1,
0415,,"CHARGES, PROPELLING",,推进剂,,1.2C,1,1,,0,,E0,P143,MP22,PP76,,,,,,1 (B1000C),V2,,CV1 CV2 CV3,S1,
0417,a,"CARTRIDGES FOR WEAPONS, INERT PROJECTILE",,"武器弹药筒,带惰性射弹",,1.3C,1,1,,0,,E0,P130,MP22,,,,,,,1 (C5000D),V2,,CV1 CV2 CV3,S1,
0417,b,"CARTRIDGES, SMALL ARMS",,轻武器弹药筒,,1.3C,1,1,,0,,E0,P130,MP22,,,,,,,1 (C5000D),V2,,CV1 CV2 CV3,S1,
0418,,"FLARES, SURFACE",,地面照明弹,,1.1G,1,1,,0,,E0,P135,MP23,,,,,,,1 (B1000C),V2,,CV1 CV2 CV3,S1,
0419,,"FLARES, SURFACE",,地面照明弹,,1.2G,1,1,,0,,E0,P135,MP23,,,,,,,1 (B1000C),V2,,CV1 CV2 CV3,S1,
0420,,"FLARES, AERIAL",,空投照明弹,,1.1G,1,1,,0,,E0,P135,MP23,,,,,,,1 (B1000C),V2,,CV1 CV2 CV3,S1,
0421,,"FLARES, AERIAL",,空投照明弹,,1.2G,1,1,,0,,E0,P135,MP23,,,,,,,1 (B1000C),V2,,CV1 CV2 CV3,S1,
0424,,PROJECTILES,inert with tracer,射弹,"惰性的, 带曳光剂",1.3G,1,1,,0,,E0,P130 LP101,MP23,PP67 L1,,,,,,1 (C5000D),V2,,CV1 CV2 CV3,S1,
0425,,PROJECTILES,inert with tracer,射弹,"惰性的, 带曳光剂",1.4G,1,1.4,,0,,E0,P130 LP101,MP23,PP67 L1,,,,,,2 (E),V2,,CV1 CV2 CV3,S1,
0426,,PROJECTILES,with burster or expelling charge,射弹,带起爆装置或发射剂,1.2F,1,1,,0,,E0,P130,MP23,,,,,,,1 (B1000C),V2,,CV1 CV2 CV3,S1,
0427,,PROJECTILES,with burster or expelling charge,射弹,带起爆装置或发射剂,1.4F,1,1.4,,0,,E0,P130,MP23,,,,,,,2 (E),V2,,CV1 CV2 CV3,S1,
0428,,"ARTICLES, PYROTECHNIC",for technical purposes,烟火制品,用于产生技术效果,1.1G,1,1,,0,,E0,P135,MP23 MP24,,,,,,,1 (B1000C),V2,,CV1 CV2 CV3,S1,
0429,,"ARTICLES, PYROTECHNIC",for technical purposes,烟火制品,用于产生技术效果,1.2G,1,1,,0,,E0,P135,MP23 MP24,,,,,,,1 (B1000C),V2,,CV1 CV2 CV3,S1,
0430,,"ARTICLES, PYROTECHNIC",for technical purposes,烟火制品,用于产生技术效果,1.3G,1,1,,0,,E0,P135,MP23 MP24,,,,,,,1 (C5000D),V2,,CV1 CV2 CV3,S1,
0431,,"ARTICLES, PYROTECHNIC",for technical purposes,烟火制品,用于产生技术效果,1.4G,1,1.4,,0,,E0,P135,MP23 MP24,,,,,,,2 (E),V2,,CV1 CV2 CV3,S1,
0432,,"ARTICLES, PYROTECHNIC",for technical purposes,烟火制品,用于产生技术效果,1.4S,1,1.4,,0,,E0,P135,MP23 MP24,,,,,,,4 (E),,,CV1 CV2 CV3,S1,
0433,a,"POWDER CAKE, WETTED","with not less than 17% alcohol, by mass","块状火药,湿的",按质量含酒精不少于17%,1.1C,1,1,,0,266,E0,P111,MP20,,,,,,,1 (B1000C),V2,,CV1 CV2 CV3,S1,
0433,b,"POWDER PASTE, WETTED","with not less than 17% alcohol, by mass","糊状火药,湿的",按质量含酒精不少于17%,1.1C,1,1,,0,266,E0,P111,MP20,,,,,,,1 (B1000C),V2,,CV1 CV2 CV3,S1,
0434,,PROJECTILES,with burster or expelling charge,射弹,带起爆装置或发射剂,1.2G,1,1,,0,,E0,P130 LP101,MP23,PP67 L1,,,,,,1 (B1000C),V2,,CV1 CV2 CV3,S1,
0435,,PROJECTILES,with burster or expelling charge,射弹,带起爆装置或发射剂,1.4G,1,1.4,,0,,E0,P130 LP101,MP23,PP67 L1,,,,,,2 (E),V2,,CV1 CV2 CV3,S1,
0436,,ROCKETS,with expelling charge,火箭,带发射剂,1.2C,1,1,,0,,E0,P130 LP101,MP22,PP67 L1,,,,,,1 (B1000C),V2,,CV1 CV2 CV3,S1,
0437,,ROCKETS,with expelling charge,火箭,带发射剂,1.3C,1,1,,0,,E0,P130 LP101,MP22,PP67 L1,,,,,,1 (C5000D),V2,,CV1 CV2 CV3,S1,
0438,,ROCKETS,with expelling charge,火箭,带发射剂,1.4C,1,1.4,,0,,E0,P130 LP101,MP22,PP67 L1,,,,,,2 (E),V2,,CV1 CV2 CV3,S1,
0439,,"CHARGES, SHAPED",without detonator,聚能装药,不带雷管,1.2D,1,1,,0,,E0,P137,MP21,PP70,,,,,,1 (B1000C),V2,,CV1 CV2 CV3,S1,
0440,,"CHARGES, SHAPED",without detonator,聚能装药,不带雷管,1.4D,1,1.4,,0,,E0,P137,MP21,PP70,,,,,,2 (E),V2,,CV1 CV2 CV3,S1,
0441,,"CHARGES, SHAPED",without detonator,聚能装药,不带雷管,1.4S,1,1.4,,0,347,E0,P137,MP23,PP70,,,,,,4 (E),,,CV1 CV2 CV3,S1,
0442,,"CHARGES, EXPLOSIVE, COMMERCIAL",without detonator,商品爆炸装药,无雷管,1.1D,1,1,,0,,E0,P137,MP21,,,,,,,1 (B1000C),V2,,CV1 CV2 CV3,S1,
0443,,"CHARGES, EXPLOSIVE, COMMERCIAL",without detonator,商品爆炸装药,无雷管,1.2D,1,1,,0,,E0,P137,MP21,,,,,,,1 (B1000C),V2,,CV1 CV2 CV3,S1,
0444,,"CHARGES, EXPLOSIVE, COMMERCIAL",without detonator,商品爆炸装药,无雷管,1.4D,1,1.4,,0,,E0,P137,MP21,,,,,,,2 (E),V2,,CV1 CV2 CV3,S1,
0445,,"CHARGES, EXPLOSIVE, COMMERCIAL",without detonator,商品爆炸装药,无雷管,1.4S,1,1.4,,0,347,E0,P137,MP23,,,,,,,4 (E),,,CV1 CV2 CV3,S1,
0446,,"CASES, COMBUSTIBLE, EMPTY, WITHOUT PRIMER",,"可燃空药筒,不带起爆器",,1.4C,1,1.4,,0,,E0,P136,MP22,,,,,,,2 (E),V2,,CV1 CV2 CV3,S1,
0447,,"CASES, COMBUSTIBLE, EMPTY, WITHOUT PRIMER",,"可燃空药筒,不带起爆器",,1.3C,1,1,,0,,E0,P136,MP22,,,,,,,1 (C5000D),V2,,CV1 CV2 CV3,S1,
0448,,5-MERCAPTOT-ETRAZOL-1-ACETIC ACID,,5-巯基四唑-1-乙酸,,1.4C,1,1.4,,0,,E0,P114(b),MP20,,,,,,,2 (E),V2,,CV1 CV2 CV3,S1,
0449,,"TORPEDOES, LIQUID FUELLED",with or without bursting charge,"鱼雷,液体燃料",带或不带爆炸装药,1.1J,1,1,,0,,E0,P101,MP23,,,,,,,1 (B1000C),V2,,CV1 CV2 CV3,S1,
0450,,"TORPEDOES, LIQUID FUELLED",with inert head,"鱼雷,液体燃料",带惰性弹头,1.3J,1,1,,0,,E0,P101,MP23,,,,,,,1 (C),V2,,CV1 CV2 CV3,S1,
0451,,TORPEDOES,with bursting charge,鱼雷,带有爆炸装药,1.1D,1,1,,0,,E0,P130 LP101,MP21,PP67 L1,,,,,,1 (B1000C),V2,,CV1 CV2 CV3,S1,
0452,,"GRENADES, PRACTICE",hand or rifle,"手榴弹或枪榴弹,练习用",,1.4G,1,1.4,,0,,E0,P141,MP23,,,,,,,2 (E),V2,,CV1 CV2 CV3,S1,
0453,,"ROCKETS, LINE-THROWI NG",,"火箭,抛绳用",,1.4G,1,1.4,,0,,E0,P130,MP23,,,,,,,2 (E),V2,,CV1 CV2 CV3,S1,
0454,,IGNITERS,,点火器,,1.4S,1,1.4,,0,,E0,P142,MP23,,,,,,,4 (E),,,CV1 CV2 CV3,S1,
0455,,"DETONATORS, NON-ELECTR IC",for blasting,非电引爆雷管,爆破用,1.4S,1,1.4,,0,347,E0,P131,MP23,PP68,,,,,,4 (E),,,CV1 CV2 CV3,S1,
0456,,"DETONATORS, ELECTRIC",for blasting,电引爆雷管,爆破用,1.4S,1,1.4,,0,347,E0,P131,MP23,,,,,,,4 (E),,,CV1 CV2 CV3,S1,
0457,,"CHARGES, BURSTING, PLASTICS BONDED",,塑料胶黏炸药,,1.1D,1,1,,0,,E0,P130,MP21,,,,,,,1 (B1000C),V2,,CV1 CV2 CV3,S1,
0458,,"CHARGES, BURSTING, PLASTICS BONDED",,塑料胶黏炸药,,1.2D,1,1,,0,,E0,P130,MP21,,,,,,,1 (B1000C),V2,,CV1 CV2 CV3,S1,
0459,,"CHARGES, BURSTING, PLASTICS BONDED",,塑料胶黏炸药,,1.4D,1,1.4,,0,,E0,P130,MP21,,,,,,,2 (E),V2,,CV1 CV2 CV3,S1,
0460,,"CHARGES, BURSTING, PLASTICS BONDED",,塑料胶黏炸药,,1.4S,1,1.4,,0,347,E0,P130,MP23,,,,,,,4 (E),,,CV1 CV2 CV3,S1,
0461,,"COMPONENTS, EXPLOSIVE TRAIN,N.O.S.",,"爆药导火装置系列元件,未另作规定的",,1.1B,1,1,,0,178 274,E0,P101,MP2,,,,,,,1 (B1000C),V2,,CV1 CV2 CV3,S1,
0462,,"ARTICLES, EXPLOSIVE, N.O.S.",,"爆炸性物品,未另作规定的",,1.1C,1,1,,0,178 274,E0,P101,MP2,,,,,,,1 (B1000C),V2,,CV1 CV2 CV3,S1,
0463,,"ARTICLES, EXPLOSIVE, N.O.S.",,"爆炸性物品,未另作规定的",,1.1D,1,1,,0,178 274,E0,P101,MP2,,,,,,,1 (B1000C),V2,,CV1 CV2 CV3,S1,
0464,,"ARTICLES, EXPLOSIVE, N.O.S.",,"爆炸性物品,未另作规定的",,1.1E,1,1,,0,178 274,E0,P101,MP2,,,,,,,1 (B1000C),V2,,CV1 CV2 CV3,S1,
0465,,"ARTICLES, EXPLOSIVE, N.O.S.",,"爆炸性物品,未另作规定的",,1.1F,1,1,,0,178 274,E0,P101,MP2,,,,,,,1 (B1000C),V2,,CV1 CV2 CV3,S1,
0466,,"ARTICLES, EXPLOSIVE, N.O.S.",,"爆炸性物品,未另作规定的",,1.2C,1,1,,0,178 274,E0,P101,MP2,,,,,,,1 (B1000C),V2,,CV1 CV2 CV3,S1,
0467,,"ARTICLES, EXPLOSIVE, N.O.S.",,"爆炸性物品,未另作规定的",,1.2D,1,1,,0,178 274,E0,P101,MP2,,,,,,,1 (B1000C),V2,,CV1 CV2 CV3,S1,
0468,,"ARTICLES, EXPLOSIVE, N.O.S.",,"爆炸性物品,未另作规定的",,1.2E,1,1,,0,178 274,E0,P101,MP2,,,,,,,1 (B1000C),V2,,CV1 CV2 CV3,S1,
0469,,"ARTICLES, EXPLOSIVE, N.O.S.",,"爆炸性物品,未另作规定的",,1.2F,1,1,,0,178 274,E0,P101,MP2,,,,,,,1 (B1000C),V2,,CV1 CV2 CV3,S1,
0470,,"ARTICLES, EXPLOSIVE, N.O.S.",,"爆炸性物品,未另作规定的",,1.3C,1,1,,0,178 274,E0,P101,MP2,,,,,,,1 (C5000D),V2,,CV1 CV2 CV3,S1,
0471,,"ARTICLES, EXPLOSIVE, N.O.S.",,"爆炸性物品,未另作规定的",,1.4E,1,1.4,,0,178 274,E0,P101,MP2,,,,,,,2 (E),V2,,CV1 CV2 CV3,S1,
0472,,"ARTICLES, EXPLOSIVE, N.O.S.",,"爆炸性物品,未另作规定的",,1.4F,1,1.4,,0,178 274,E0,P101,MP2,,,,,,,2 (E),V2,,CV1 CV2 CV3,S1,
0473,,"SUBSTANCES, EXPLOSIVE, N.O.S.",,"爆炸性物质,未另作规定的",,1.1A,1,1,,0,178 274,E0,P101,MP2,,,,,,,0 (B),V2,,CV1 CV2 CV3,S1,
0474,,"SUBSTANCES, EXPLOSIVE, N.O.S.",,"爆炸性物质,未另作规定的",,1.1C,1,1,,0,178 274,E0,P101,MP2,,,,,,,1 (B1000C),V2 V3,,CV1 CV2 CV3,S1,
0475,,"SUBSTANCES, EXPLOSIVE, N.O.S.",,"爆炸性物质,未另作规定的",,1.1D,1,1,,0,178 274,E0,P101,MP2,,,,,,,1 (B1000C),V2 V3,,CV1 CV2 CV3,S1,
0476,,"SUBSTANCES, EXPLOSIVE, N.O.S.",,"爆炸性物质,未另作规定的",,1.1G,1,1,,0,178 274,E0,P101,MP2,,,,,,,1 (B1000C),V2 V3,,CV1 CV2 CV3,S1,
0477,,"SUBSTANCES, EXPLOSIVE, N.O.S.",,"爆炸性物质,未另作规定的",,1.3C,1,1,,0,178 274,E0,P101,MP2,,,,,,,1 (C5000D),V2 V3,,CV1 CV2 CV3,S1,
0478,,"SUBSTANCES, EXPLOSIVE, N.O.S.",,"爆炸性物质,未另作规定的",,1.3G,1,1,,0,178 274,E0,P101,MP2,,,,,,,1 (C5000D),V2 V3,,CV1 CV2 CV3,S1,
0479,,"SUBSTANCES, EXPLOSIVE, N.O.S.",,"爆炸性物质,未另作规定的",,1.4C,1,1.4,,0,178 274,E0,P101,MP2,,,,,,,2 (E),V2,,CV1 CV2 CV3,S1,
0480,,"SUBSTANCES, EXPLOSIVE, N.O.S.",,"爆炸性物质,未另作规定的",,1.4D,1,1.4,,0,178 274,E0,P101,MP2,,,,,,,2 (E),V2,,CV1 CV2 CV3,S1,
0481,,"SUBSTANCES, EXPLOSIVE, N.O.S.",,"爆炸性物质,未另作规定的",,1.4S,1,1.4,,0,178 274,E0,P101,MP2,,,,,,,4 (E),,,CV1 CV2 CV3,S1,
0482,a,"SUBSTANCES, EXPLOSIVE, VERY INSENSITIVE, N.O.S.",,"爆炸性物质,极不敏感,未另作规定的",,1.5D,1,1.5,,0,178 274,E0,P101,MP2,,,,,,,1 (B1000C),V2,,CV1 CV2 CV3,S1,
0482,b,"SUBSTANCES, EVI, N.O.S.",,"爆炸性物质,极不敏感,未另作规定的",,1.5D,1,1.5,,0,178 274,E0,P101,MP2,,,,,,,1 (B1000C),V2,,CV1 CV2 CV3,S1,
0483,a,"CYCLOTRIMETHYLENETRINITRAMINE, DESENSITIZED",,"环三亚甲基三硝胺,退敏的",,1.1D,1,1,,0,,E0,P112(b),MP20,,,,,,,1 (B1000C),V2 V3,,CV1 CV2 CV3,S1,
0483,b,"CYCLOTRIMETHYLENETRINITRAMINE, DESENSITIZED",,"环三亚甲基三硝胺,退敏的",,1.1D,1,1,,0,,E0,P112(c),MP20,,,,,,,1 (B1000C),V2 V3,,CV1 CV2 CV3,S1,
0483,c,"CYCLONITE, DESENSITIZED",,"旋风炸药,退敏的",,1.1D,1,1,,0,,E0,P112(b),MP20,,,,,,,1 (B1000C),V2 V3,,CV1 CV2 CV3,S1,
0483,d,"CYCLONITE, DESENSITIZED",,"旋风炸药,退敏的",,1.1D,1,1,,0,,E0,P112(c),MP20,,,,,,,1 (B1000C),V2 V3,,CV1 CV2 CV3,S1,
0483,e,"HEXOGEN, DESENSITIZED",,"黑索金,退敏的",,1.1D,1,1,,0,,E0,P112(b),MP20,,,,,,,1 (B1000C),V2 V3,,CV1 CV2 CV3,S1,
0483,f,"HEXOGEN, DESENSITIZED",,"黑索金,退敏的",,1.1D,1,1,,0,,E0,P112(c),MP20,,,,,,,1 (B1000C),V2 V3,,CV1 CV2 CV3,S1,
0483,g,"RDX, DESENSITIZED",,"RDX,退敏的",,1.1D,1,1,,0,,E0,P112(b),MP20,,,,,,,1 (B1000C),V2 V3,,CV1 CV2 CV3,S1,
0483,h,"RDX, DESENSITIZED",,"RDX,退敏的",,1.1D,1,1,,0,,E0,P112(c),MP20,,,,,,,1 (B1000C),V2 V3,,CV1 CV2 CV3,S1,
0484,a,"CYCLOTETRAMETHYLENETETRANITRAMINE, DESENSITIZED",,"环四亚甲基四硝胺,退敏的",,1.1D,1,1,,0,,E0,P112(b),MP20,,,,,,,1 (B1000C),V2 V3,,CV1 CV2 CV3,S1,
0484,b,"CYCLOTETRAMETHYLENETETRANITRAMINE, DESENSITIZED",,"环四亚甲基四硝胺,退敏的",,1.1D,1,1,,0,,E0,P112(c),MP20,,,,,,,1 (B1000C),V2 V3,,CV1 CV2 CV3,S1,
0484,c,"OCTOGEN, DESENSITIZED",,奥克托金,,1.1D,1,1,,0,,E0,P112(b),MP20,,,,,,,1 (B1000C),V2 V3,,CV1 CV2 CV3,S1,
0484,d,"OCTOGEN, DESENSITIZED",,奥克托金,,1.1D,1,1,,0,,E0,P112(c),MP20,,,,,,,1 (B1000C),V2 V3,,CV1 CV2 CV3,S1,
0484,e,"HMX, DESENSITIZED",,"HMX,退敏的",,1.1D,1,1,,0,,E0,P112(b),MP20,,,,,,,1 (B1000C),V2 V3,,CV1 CV2 CV3,S1,
0484,f,"HMX, DESENSITIZED",,"HMX,退敏的",,1.1D,1,1,,0,,E0,P112(c),MP20,,,,,,,1 (B1000C),V2 V3,,CV1 CV2 CV3,S1,
0485,,"SUBSTANCES, EXPLOSIVE, N.O.S.",,"爆炸性物质,未另作规定的",,1.4G,1,1.4,,0,178 274,E0,P101,MP2,,,,,,,2 (E),V2 V3,,CV1 CV2 CV3,S1,
0486,a,"ARTICLES, EXPLOSIVE, EXTREMELY INSENSITIVE",,"爆炸性物品,极不敏感的",,1.6N,1,1.6,,0,,E0,P101,MP23,,,,,,,2 (E),V2,,CV1 CV2 CV3,S1,
0486,b,"ARTICLES, EEI",,"爆炸性物品,极不敏感的",,1.6N,1,1.6,,0,,E0,P101,MP23,,,,,,,2 (E),V2,,CV1 CV2 CV3,S1,
0487,,"SIGNALS, SMOKE",,"信号器,发烟的",,1.3G,1,1,,0,,E0,P135,MP23,,,,,,,1 (C5000D),V2,,CV1 CV2 CV3,S1,
0488,,"AMMUNITION, PRACTICE",,练习用弹药,,1.3G,1,1,,0,,E0,P130 LP101,MP23,PP67 L1,,,,,,1 (C5000D),V2,,CV1 CV2 CV3,S1,
0489,a,DINITROGLYCOLURIL,,二硝基甘脲,,1.1D,1,1,,0,,E0,P112(b),MP20,,,,,,,1 (B1000C),V2 V3,,CV1 CV2 CV3,S1,
0489,b,DINITROGLYCOLURIL,,二硝基甘脲,,1.1D,1,1,,0,,E0,P112(c),MP20,,,,,,,1 (B1000C),V2 V3,,CV1 CV2 CV3,S1,
0489,c,DINGU,,DINGU,,1.1D,1,1,,0,,E0,P112(b),MP20,,,,,,,1 (B1000C),V2 V3,,CV1 CV2 CV3,S1,
0489,d,DINGU,,DINGU,,1.1D,1,1,,0,,E0,P112(c),MP20,,,,,,,1 (B1000C),V2 V3,,CV1 CV2 CV3,S1,
0490,a,NITROTRIAZOLONE,,硝基三唑酮,,1.1D,1,1,,0,,E0,P112(b),MP20,,,,,,,1 (B1000C),V2 V3,,CV1 CV2 CV3,S1,
0490,b,NITROTRIAZOLONE,,硝基三唑酮,,1.1D,1,1,,0,,E0,P112(c),MP20,,,,,,,1 (B1000C),V2 V3,,CV1 CV2 CV3,S1,
0490,c,NTO,,NTO,,1.1D,1,1,,0,,E0,P112(b),MP20,,,,,,,1 (B1000C),V2 V3,,CV1 CV2 CV3,S1,
0490,d,NTO,,NTO,,1.1D,1,1,,0,,E0,P112(c),MP20,,,,,,,1 (B1000C),V2 V3,,CV1 CV2 CV3,S1,
0491,,"CHARGES, PROPELLING",,推进剂,,1.4C,1,1.4,,0,,E0,P143,MP22,PP76,,,,,,2 (E),V2,,CV1 CV2 CV3,S1,
0492,,"SIGNALS, RAILWAY TRACK, EXPLOSIVE",,"信号器,铁路轨道用,爆炸性的",,1.3G,1,1,,0,,E0,P135,MP23,,,,,,,1 (C5000D),V2,,CV1 CV2 CV3,S1,
0493,,"SIGNALS, RAILWAY TRACK, EXPLOSIVE",,"信号器,铁路轨道用,爆炸性的",,1.4G,1,1.4,,0,,E0,P135,MP23,,,,,,,2 (E),V2,,CV1 CV2 CV3,S1,
0494,,"JET PERFORAT INGGUNS, CHARGED","oil well,without detonator",装药的喷射式钻孔枪,"油井用,无雷管",1.4D,1,1.4,,0,,E0,P101,MP21,,,,,,,2 (E),V2,,CV1 CV2 CV3,S1,
0495,,"PROPELLANT, LIQUID",,"推进剂,液体的",,1.3C,1,1,,0,224,E0,P115,MP20,PP53 PP54 PP57 PP58,,,,,,1 (C5000D),V2,,CV1 CV2 CV3,S1,
0496,a,OCTONAL,,奥克托纳炸药(奥梯铝炸药),,1.1D,1,1,,0,,E0,P112(b),MP20,,,,,,,1 (B1000C),V2 V3,,CV1 CV2 CV3,S1,
0496,b,OCTONAL,,奥克托纳炸药(奥梯铝炸药),,1.1D,1,1,,0,,E0,P112(c),MP20,,,,,,,1 (B1000C),V2 V3,,CV1 CV2 CV3,S1,
0497,,"PROPELLANT, LIQUID",,"推进剂,液体的",,1.1C,1,1,,0,224,E0,P115,MP20,PP53 PP54 PP57 PP58,,,,,,1 (B1000C),V2,,CV1 CV2 CV3,S1,
0498,,"PROPELLANT, SOLID",,"推进剂,固体的",,1.1C,1,1,,0,,E0,P114(b),MP20,,,,,,,1 (B1000C),V2,,CV1 CV2 CV3,S1,
0499,,"PROPELLANT, SOLID",,"推进剂,固体的",,1.3C,1,1,,0,,E0,P114(b),MP20,,,,,,,1 (C5000D),V2,,CV1 CV2 CV3,S1,
0500,,"DETONATOR ASSEMBLIES, NON-ELECTRIC",for blasting,非电引爆雷管组件,爆破用,1.4S,1,1.4,,0,347,E0,P131,MP23,,,,,,,4 (E),,,CV1 CV2 CV3,S1,
0501,,"PROPELLANT, SOLID",,"推进剂,固体的",,1.4C,1,1.4,,0,,E0,P114(b),MP20,,,,,,,2 (E),V2,,CV1 CV2 CV3,S1,
0502,,ROCKETS,with inert head,火箭,带惰性弹头,1.2C,1,1,,0,,E0,P130 LP101,MP22,PP67 L1,,,,,,1 (B1000C),V2,,CV1 CV2 CV3,S1,
0503,,"SAFETY DEVICES, PYROTECHNIC",,气囊充气器或气囊装置或座椅安全带预张紧装置,,1.4G,1,1.4,,0,235 289,E0,P135,MP23,,,,,,,2 (E),V2,,CV1 CV2 CV3,S1,
0504,,1H-TETRA ZOLE,,1H-四唑,,1.1D,1,1,,0,,E0,P112(c),MP20,PP48,,,,,,1 (B1000C),V2 V3,,CV1 CV2 CV3,S1,
0505,,"SIGNALS, DISTRESS",ship,船舶遇险信号,,1.4G,1,1.4,,0,,E0,P135,MP23 MP24,,,,,,,2 (E),V2,,CV1 CV2 CV3,S1,
0506,,"SIGNALS, DISTRESS",ship,船舶遇险信号,,1.4S,1,1.4,,0,,E0,P135,MP23 MP24,,,,,,,4 (E),,,CV1 CV2 CV3,S1,
0507,,"SIGNALS, SMOKE",,烟雾信号,,1.4S,1,1.4,,0,,E0,P135,MP23 MP24,,,,,,,4 (E),,,CV1 CV2 CV3,S1,
0508,,"1-HYDROXYBENZOTRIAZOLE, ANHYDROUS","dry or wetted with less than 20% water,by mass","1-羟基苯并三唑,无水的",干的或湿的按质量含水少于 20%,1.3C,1,1,,0,,E0,P114(b),MP20,PP48 PP50,,,,,,1 (C5000D),V2 V3,,CV1 CV2 CV3,S1,
0509,,"POWDER, SMOKELESS",,"火药,无烟的",,1.4C,1,1.4,,0,,E0,P114(b),MP20,PP48,,,,,,2 (E),V2,,CV1 CV2 CV3,S1,
1001,,"ACETYLENE, DISSOLVED",,"乙炔,溶解的",,4F,2,2.1,,0,662,E0,P200,MP9,,,PxBN(M),,TU17 TA4 TT9,FL,2 (B/D),,,CV9 CV10 CV36,S2,239
1002,,"AIR,COMPRE SSED",,"空气,压缩的",,1A,2,2.2,,120mL,655 662,E1,P200,MP9,,(M),CxBN(M),,TA4 TT9,AT,3 (E),,,CV9 CV10,,20
1003,,"AIR,REFRIG ERATED LIQUID",,"空气,冷冻液体",,3O,2,2.2+5.1,,0,,E0,P203,MP9,,T75,RxBN,TP5 TP22,TU7 TU19 TA4 TT9,AT,3 (C/E),V5,,CV9 CV11 CV36,S20,225
1005,,"AMMONIA, ANHYDROUS",,"氨,无水的",,2TC,2,2.3+8,,0,23,E0,P200,MP9,,(M) T50,PxBH(M),,TA4 TT8 TT9,AT,1 (C/D),,,CV9 CV10 CV36,S14,268
1006,,"ARGON, COMPRESSED",,"氩,压缩的",,1A,2,2.2,,120mL,653 662,E1,P200,MP9,,(M),CxBN(M),,TA4 TT9,AT,3 (E),,,CV9 CV10 CV36,,20
1008,,BORON TRIFLUORIDE,,三氟化硼,,2TC,2,2.3+8,,0,373,E0,P200,MP9,,(M),PxBH(M),,TA4 TT9 TT10,AT,1 (C/D),,,CV9 CV10 CV36,S14,268
1009,a,BROMOTRIFLUOROMETHANE,,溴三氟甲烷,,2A,2,2.2,,120mL,662,E1,P200,MP9,,(M) T50,PxBN(M),,TA4 TT9,AT,3 (C/E),,,CV9 CV10 CV36,,20
1009,b,REFRIGERANT GAS R13B1,,"制冷气体, R13B1",,2A,2,2.2,,120mL,662,E1,P200,MP9,,(M) T50,PxBN(M),,TA4 TT9,AT,3 (C/E),,,CV9 CV10 CV36,,20
1010,a,"BUTADIENES, STABILIZED",having a vapour pressure at 70°C not excee-ding 1. 1MPa and a density at 50°C not lower than 0. 525kg/L,"丁二烯类,稳定的","70°C时蒸发压力不超过1.1MPa,并且在50°C时密度不低于0.525kg/L",2F,2,2.1,,0,618 662,E0,P200,MP9,,(M) T50,PxBN(M),,TA4 TT9,FL,2 (B/D),,,CV9 CV10 CV36,S2 S20,239
1010,b,"BUTADIENES AND HYDRO CARBON MIXTURE, STABILIZED",having a vapour pressure at 70°C not excee-ding 1. 1MPa and a density at 50°C not lower than 0. 525kg/L,"丁二烯与烃的混合物,稳定的","70°C时蒸发压力不超过1.1MPa,并且在50°C时密度不低于0.525kg/L",2F,2,2.1,,0,618 662,E0,P200,MP9,,(M) T50,PxBN(M),,TA4 TT9,FL,2 (B/D),,,CV9 CV10 CV36,S2 S20,239
1011,,BUTANE,,丁烷,,2F,2,2.1,,0,652 657 660 662,E0,P200,MP9,,(M) T50,PxBN(M),,TA4 TT9 TT11,FL,2 (B/D),,,CV9 CV10 CV36,S2 S20,23
1012,,BUTYLENES MIXTURE or 1-BUTYLENE or cis-2-BUTY LENE or trans-2-BUTYLENE,,丁烯混合物或 1-丁烯或顺式-2-丁烯或反式-2-丁烯,,2F,2,2.1,,0,662,E0,P200,MP9,,(M) T50,PxBN(M),,TA4 TT9,FL,2 (B/D),,,CV9 CV10 CV36,S2 S20,23
1013,,CARBON DIOXIDE,,二氧化碳,,2A,2,2.2,,120mL,584 653 662,E1,P200,MP9,,(M),PxBN(M),,TA4 TT9,AT,3 (C/E),,,CV9 CV10 CV36,,20
1016,,"CARBON MONOXIDE, COMPRESSED",,"一氧化碳,压缩的",,1TF,2,2.3+2.1,,0,,E0,P200,MP9,,(M),CxBH(M),,TA4 TT9,FL,1 (B/D),,,CV9 CV10 CV36,S2 S14,263
1017,,CHLORINE,,氯气,,2TOC,2,2.3+5.1+8,,0,,E0,P200,MP9,,(M) T50,P22 DH(M),TP19,TA4 TT9 TT10,AT,1 (C/D),,,CV9 CV10 CV36,S14,265
1018,a,CHLORODIFLUOROMETHANE,,氯二氟甲烷,,2A,2,2.2,,120mL,662,E1,P200,MP9,,(M) T50,PxBN(M),,TA4 TT9,AT,3 (C/E),,,CV9 CV10 CV36,,20
1018,b,REFRIGERANT GAS R22,,"制冷气体, R22",,2A,2,2.2,,120mL,662,E1,P200,MP9,,(M) T50,PxBN(M),,TA4 TT9,AT,3 (C/E),,,CV9 CV10 CV36,,20
1020,a,CHLOROPENTAFLUOROETHANE,,氯五氟乙烷,,2A,2,2.2,,120mL,662,E1,P200,MP9,,(M) T50,PxBN(M),,TA4 TT9,AT,3 (C/E),,,CV9 CV10 CV36,,20
1020,b,REFRIGERANT GAS R115,,"制冷气体, R115)",,2A,2,2.2,,120mL,662,E1,P200,MP9,,(M) T50,PxBN(M),,TA4 TT9,AT,3 (C/E),,,CV9 CV10 CV36,,20
1021,a,"1-CHLORO-1, 2,2,2-TETRAFLUOROETHANE",,"1-氯-1,2,2, 2-四氟乙烷",,2A,2,2.2,,120mL,662,E1,P200,MP9,,(M) T50,PxBN(M),,TA4 TT9,AT,3 (C/E),,,CV9 CV10 CV36,,20
1021,b,REFRIGERANT GAS R124,,"制冷气体, R124",,2A,2,2.2,,120mL,662,E1,P200,MP9,,(M) T50,PxBN(M),,TA4 TT9,AT,3 (C/E),,,CV9 CV10 CV36,,20
1022,a,CHLOROTRIFLUOROMETHANE,,氯三氟甲烷,,2A,2,2.2,,120mL,662,E1,P200,MP9,,(M),PxBN(M),,TA4 TT9,AT,3 (C/E),,,CV9 CV10 CV36,,20
1022,b,REFRIGERANT GAS R13,,"制冷气体, R13",,2A,2,2.2,,120mL,662,E1,P200,MP9,,(M),PxBN(M),,TA4 TT9,AT,3 (C/E),,,CV9 CV10 CV36,,20
1023,,"COALGAS, COMPRESSED",,"煤气,压缩的",,1TF,2,2.3+2.1,,0,,E0,P200,MP9,,(M),CxBH(M),,TA4 TT9,FL,1 (B/D),,,CV9 CV10 CV36,S2 S14,263
1026,,CYANOGEN,,氰,,2TF,2,2.3+2.1,,0,,E0,P200,MP9,,(M),PxBH(M),,TA4 TT9,FL,1 (B/D),,,CV9 CV10 CV36,S2 S14,263
1027,,CYCLOPROPANE,,环丙烷,,2F,2,2.1,,0,662,E0,P200,MP9,,(M) T50,PxBN(M),,TA4 TT9,FL,2 (B/D),,,CV9 CV10 CV36,S2 S20,23
1028,a,DICHLORODIFLUOROMETHANE,,二氯二氟甲烷,,2A,2,2.2,,120mL,662,E1,P200,MP9,,(M) T50,PxBN(M),,TA4 TT9,AT,3 (C/E),,,CV9 CV10 CV36,,20
1028,b,REFRIGERANT GAS R12,,"制冷气体,R12",,2A,2,2.2,,120mL,662,E1,P200,MP9,,(M) T50,PxBN(M),,TA4 TT9,AT,3 (C/E),,,CV9 CV10 CV36,,20
1029,a,DICHLOROFLUOROMETHANE,,二氯一氟甲烷,,2A,2,2.2,,120mL,662,E1,P200,MP9,,(M) T50,PxBN(M),,TA4 TT9,AT,3 (C/E),,,CV9 CV10 CV36,,20
1029,b,REFRIGERANT GAS R21,,"制冷气体,R21",,2A,2,2.2,,120mL,662,E1,P200,MP9,,(M) T50,PxBN(M),,TA4 TT9,AT,3 (C/E),,,CV9 CV10 CV36,,20
1030,a,"1,1-DIFLUOROETHANE",,"1,1-二氟乙烷",,2F,2,2.1,,0,662,E0,P200,MP9,,(M) T50,PxBN(M),,TA4 TT9,FL,2 (B/D),,,CV9 CV10 CV36,S2 S20,23
1030,b,"1,REFRIGERANT GAS R152a",,"制冷气体, R152a",,2F,2,2.1,,0,662,E0,P200,MP9,,(M) T50,PxBN(M),,TA4 TT9,FL,2 (B/D),,,CV9 CV10 CV36,S2 S20,23
1032,,"DIMETHYLAMINE, ANHYD-ROUS",,"二甲胺,无水的",,2F,2,2.1,,0,662,E0,P200,MP9,,(M) T50,PxBN(M),,TA4 TT9,FL,2 (B/D),,,CV9 CV10 CV36,S2 S20,23
1033,,DIMETHYLETHER,,二甲醚,,2F,2,2.1,,0,662,E0,P200,MP9,,(M) T50,PxBN(M),,TA4 TT9,FL,2 (B/D),,,CV9 CV10 CV36,S2 S20,23
1035,,ETHANE,,乙烷,,2F,2,2.1,,0,662,E0,P200,MP9,,(M),PxBN(M),,TA4 TT9,FL,2 (B/D),,,CV9 CV10 CV36,S2 S20,23
1036,,ETHYLAMINE,,乙胺,,2F,2,2.1,,0,662,E0,P200,MP9,,(M) T50,PxBN(M),,TA4 TT9,FL,2 (B/D),,,CV9 CV10 CV36,S2 S20,23
1037,,ETHYLCHLORIDE,,乙基氯,,2F,2,2.1,,0,662,E0,P200,MP9,,(M) T50,PxBN(M),,TA4 TT9,FL,2 (B/D),,,CV9 CV10 CV36,S2 S20,23
1038,,"ETHYLENE, REFRIGERATED LIQUID",,"乙烯,冷冻液体",,3F,2,2.1,,0,,E0,P203,MP9,,T75,RxBN,TP5,TU18 TA4 TT9,FL,2 (B/D),V5,,CV9 CV11 CV36,S2 S17,223
1039,,ETHYL METHYL ETHER,,甲乙醚,,2F,2,2.1,,0,662,E0,P200,MP9,,(M),PxBN(M),,TA4 TT9,FL,2 (B/D),,,CV9 CV10 CV36,S2 S20,23
1040,a,ETHYLENE OXIDE,,环氧乙烷,,2TF,2,2.3+2.1,,0,342,E0,P200,MP9,,(M),,,,FL,1 (B/D),,,CV9 CV10 CV36,S2 S14,263
1040,b,ETHYLENE OXIDE WITH NITROGEN,up to a total pressure of 1MPa at 50°C,"环氧乙烷,或含有氮的环氧乙烷",在 50°C时最高总压力为1MPa,2TF,2,2.3+2.1,,0,342,E0,P200,MP9,,(M) T50,PxBH(M),TP20,TA4 TT9,FL,1 (B/D),,,CV9 CV10 CV36,S2 S14,263
1041,,ETHYLENE OXIDE AND CARBON DIOXIDE MIXTURE,with more than 9% but not more than 87% ethylene oxide,环氧乙烷和二氧化碳的混合物,"含有环氧乙烷9%以上,但不超过87%",2F,2,2.1,,0,662,E0,P200,MP9,,(M) T50,PxBN(M),,TA4 TT9,FL,2 (B/D),,,CV9 CV10 CV36,S2 S20,239
1043,,FERTILIZER AMMONIATING SOLUTION,with free ammonia,充氨溶液肥料,含有游离氨,4A,2,2.2,,,642,,,,,,,,,,(E),,,,,
1044,,FIRE EXTING-UISHERS,with compressed or liquefied gas,灭火器,含有压缩或液化气体,6A,2,2.2,,120mL,225 594,E0,P003,MP9,PP91,,,,,,3 (E),,,CV9,,
1045,,"FLUORINE, COMPRESSED",,"氟,压缩的",,1TOC,2,2.3+5.1+8,,0,,E0,P200,MP9,,,,,,,1 (D),,,CV9 CV10 CV36,S14,
1046,,"HELIUM, COMPRESSED",,"氦,压缩的",,1A,2,2.2,,120mL,653 662,E1,P200,MP9,,(M),CxBN(M),,TA4 TT9,AT,3 (E),,,CV9 CV10 CV36,,20
1048,,"HYDROGEN BROMIDE, ANHYDROUS",,"溴化氢,无水的",,2TC,2,2.3+8,,0,,E0,P200,MP9,,(M),PxBH(M),,TA4 TT9 TT10,AT,1 (C/D),,,CV9 CV10 CV36,S14,268
1049,,"HYDROGEN, COMPRESSED",,"氢气,压缩的",,1F,2,2.1,,0,660 662,E0,P200,MP9,,(M),CxBN(M),,TA4 TT9,FL,2 (B/D),,,CV9 CV10 CV36,S2 S20,23
1050,,"HYDROGEN CHLORIDE, ANHYDROUS",,"氯化氢,无水的",,2TC,2,2.3+8,,0,,E0,P200,MP9,,(M),PxBH(M),,TA4 TT9 TT10,AT,1 (C/D),,,CV9 CV10 CV36,S14,268
1051,,"HYDROGEN CYANIDE, STABILIZED",containing less than 3% water,"氰化氢,稳定的",含水少于3%,TF1,6.1,6.1+3,I,0,603,E0,P200,MP2,,,,,,,0 (D),,,CV1 CV13 CV28,S2S9 S10 S14,
1052,,"HYDROGEN FLUORIDE, ANHYDROUS",,"氟化氢,无水的",,CT1,8,8+6.1,I,0,,E0,P200,MP2,,T10,L21 DH(+),TP2,TU14 TU34 TC1 TE21 TA4 TT9 TM3,AT,1 (C/D),,,CV13 CV28 CV34,S14,886
1053,,HYDROGEN SULPHIDE,,硫化氢,,2TF,2,2.3+2.1,,0,,E0,P200,MP9,,(M),PxDH(M),,TA4 TT9 TT10,FL,1 (B/D),,,CV9 CV10 CV36,S2 S14,263
1055,,ISOBUTYLENE,,异丁烯,,2F,2,2.1,,0,662,E0,P200,MP9,,(M) T50,PxBN(M),,TA4 TT9,FL,2 (B/D),,,CV9 CV10 CV36,S2 S20,23
1056,,"KRYPTON, COMPRESSED",,"氪,压缩的",,1A,2,2.2,,120mL,662,E1,P200,MP9,,(M),CxBN(M),,TA4 TT9,AT,3 (E),,,CV9 CV10 CV36,,20
1057,a,LIGHTERS,containing flammable gas,打火机,装有易燃气体,6F,2,2.1,,0,201 654 658,E0,P002,MP9,PP84 RR5,,,,,,2 (D),,,CV9,S2,
1057,b,LIGHTER REFILLS,containing flammable gas,打火机加油器,装有易燃气体,6F,2,2.1,,0,201 654 658,E0,P002,MP9,PP84 RR5,,,,,,2 (D),,,CV9,S2,
1058,,LIQUEFIED GASES,"non-flammable, charged with nitrogen, carbon dioxide or air",液化气体,"非易燃的,充有氮气、二氧化碳或空气",2A,2,2.2,,120mL,662,E1,P200,MP9,,(M),PxBN(M),,TA4 TT9,AT,3 (C/E),,,CV9 CV10 CV36,,20
1060,,"METHYLACETYLENE AND PROPADIENE MIXTURE, STABILIZED",such as mixture P1 or mixture P2,"甲基乙炔和丙二烯混合物,稳定的",比如混合物P1或混合物P2,2F,2,2.1,,0,581 662,E0,P200,MP9,,(M) T50,PxBN(M),,TA4 TT9,FL,2 (B/D),,,CV9 CV10 CV36,S2 S20,239
1061,,"METHYLAMINE, ANHYDROUS",,"甲胺,无水的",,2F,2,2.1,,0,662,E0,P200,MP9,,(M) T50,PxBN(M),,TA4 TT9,FL,2 (B/D),,,CV9 CV10 CV36,S2 S20,23
1062,,METHYL BROMIDE,with not more than 2% chloropicrin,甲基溴,含三氯硝基甲烷不大于2%,2T,2,2.3,,0,23,E0,P200,MP9,,(M) T50,PxBH(M),,TA4 TT9,AT,1 (C/D),,,CV9 CV10 CV36,S14,26
1063,a,METHYL CHLORIDE,,"甲基氯(制冷气体,R40)",,2F,2,2.1,,0,662,E0,P200,MP9,,(M) T50,PxBN(M),,TA4 TT9,FL,2 (B/D),,,CV9 CV10 CV36,S2 S20,23
1063,b,REFRIGERANT GAS R40,,"甲基氯(制冷气体,R40)",,2F,2,2.1,,0,662,E0,P200,MP9,,(M) T50,PxBN(M),,TA4 TT9,FL,2 (B/D),,,CV9 CV10 CV36,S2 S20,23
1064,,METHYL MERCAPTAN,,甲硫醇,,2TF,2,2.3+2.1,,0,,E0,P200,MP9,,(M) T50,PxDH(M),,TA4 TT9,FL,1 (B/D),,,CV9 CV10 CV36,S2 S14,263
1065,,"NEON, COMPRESSED",,"氖,压缩的",,1A,2,2.2,,120mL,662,E1,P200,MP9,,(M),CxBN(M),,TA4 TT9,AT,3 (E),,,CV9 CV10 CV36,,20
1066,,"NITROGEN, COMPRESSED",,"氮气,压缩的",,1A,2,2.2,,120mL,653 662,E1,P200,MP9,,(M),CxBN(M),,TA4 TT9,AT,3 (E),,,CV9 CV10 CV36,,20
1067,a,DINITROGEN TETROXIDE,,四氧化二氮,,2TOC,2,2.3+5.1+8,,0,,E0,P200,MP9,,T50,PxBH(M),TP21,TU17 TA4 TT9,AT,1 (C/D),,,CV9 CV10 CV36,S14,265
1067,b,NITROGEN DIOXIDE,,二氧化氮),,2TOC,2,2.3+5.1+8,,0,,E0,P200,MP9,,T50,PxBH(M),TP21,TU17 TA4 TT9,AT,1 (C/D),,,CV9 CV10 CV36,S14,265
1069,,NITROSYL CHLORIDE,,氯化亚硝酰,,2TC,2,2.3+8,,0,,E0,P200,MP9,,,,,,,1 (D),,,CV9 CV10 CV36,S14,
1070,,NITROUS OXIDE,,一氧化二氮,,2O,2,2.2+5.1,,0,584 662,E0,P200,MP9,,(M),PxBN(M),,TA4 TT9,AT,3 (C/E),,,CV9 CV10 CV36,,25
1071,,"OILGAS, COMPRESSED",,"油气,压缩的",,1TF,2,2.3+2.1,,0,,E0,P200,MP9,,(M),CxBH(M),,TA4 TT9,FL,1 (B/D),,,CV9 CV10 CV36,S2 S14,263
1072,,"OXYGEN, COMPRESSED",,"氧气,压缩的",,10,2,2.2+5.1,,0,355 655 662,E0,P200,MP9,,(M),CxBN(M),,TA4 TT9,AT,3 (E),,,CV9 CV10 CV36,,25
1073,,"OXYGEN, REFRIGERATED LIQUID",,"氧气,冷冻液体",,3O,2,2.2+5.1,,0,,E0,P203,MP9,,T75,RxBN,TP5 TP22,TU7 TU19 TA4 TT9,AT,3 (C/E),V5,,CV9 CV11 CV36,S20,225
1075,,"PETROLEUM GASES, LIQUEFIED",,"石油气,液化的",,2F,2,2.1,,0,274 583 639 660 662,E0,P200,MP9,,(M) T50,PxBN(M),,TA4 TT9 TT11,FL,2 (B/D),,,CV9 CV10 CV36,S2 S20,23
1076,,PHOSGENE,,光气,,2TC,2,2.3+8,,0,,E0,P200,MP9,,,P22 DH(M),,TU17 TA4 TT9,AT,1 (C/D),,,CV9 CV10 CV36,S14,268
1077,,PROPYLENE,,丙烯,,2F,2,2.1,,0,662,E0,P200,MP9,,(M) T50,PxBN(M),,TA4 TT9,FL,2 (B/D),,,CV9 CV10 CV36,S2 S20,23
1078,,"REFRIGERANT GAS,N.O.S.","such as mixture F1, mixture F2 or mixture F3","制冷气体,未另作规定的",如混合物F1、混合物F2或混合物F3,2A,2,2.2,,120mL,274 582 662,E1,P200,MP9,,(M) T50,PxBN(M),,TA4 TT9,AT,3 (C/E),,,CV9 CV10 CV36,,20
1079,,SULPHUR DIOXIDE,,二氧化硫,,2TC,2,2.3+8,,0,,E0,P200,MP9,,(M) T50,PxDH(M),TP19,TA4 TT9 TT10,AT,1 (C/D),,,CV9 CV10 CV36,S14,268
1080,,SULPHUR HEXAFLUORIDE,,六氟化硫,,2A,2,2.2,,120mL,662,E1,P200,MP9,,(M),PxBN(M),,TA4 TT9,AT,3 (C/E),,,CV9 CV10 CV36,,20
1081,,"TETRAFLUORO ETHYLENE, STABILIZED",,"四氟乙烯,稳定的",,2F,2,2.1,,0,662,E0,P200,MP9,,(M),PxBN(M),,TU40 TA4 TT9,FL,2 (B/D),,,CV9 CV10 CV36,S2 S20,239
1082,a,"TRIFLUOROCHLOROETHYLENE, STABILIZED",,"三氟氯乙烯,稳定的",,2TF,2,2.3+2.1,,0,,E0,P200,MP9,,(M) T50,PxBH(M),,TA4 TT9,FL,1 (B/D),,,CV9 CV10 CV36,S2S14,263
1082,b,REFRIGERANT GAS R1113,,"三氟氯乙烯,稳定的",,2TF,2,2.3+2.1,,0,,E0,P200,MP9,,(M) T50,PxBH(M),,TA4 TT9,FL,1 (B/D),,,CV9 CV10 CV36,S2S14,263
1083,,"TRIMETHYLAMINE, ANHYD ROUS",,"三甲胺,无水的",,2F,2,2.1,,0,662,E0,P200,MP9,,(M) T50,PxBN(M),,TA4 TT9,FL,2 (B/D),,,CV9 CV10 CV36,S2 S20,23
1085,,"VINYL BROMIDE, STABILIZED",,"乙烯基溴(溴代乙烯),稳定的",,2F,2,2.1,,0,662,E0,P200,MP9,,(M) T50,PxBN(M),,TA4 TT9,FL,2 (B/D),,,CV9 CV10 CV36,S2 S20,239
1086,,"VINYL CHLORIDE, STABILIZED",,"乙烯基氯(氯乙烯),稳定的",,2F,2,2.1,,0,662,E0,P200,MP9,,(M) T50,PxBN(M),,TA4 TT9,FL,2 (B/D),,,CV9 CV10 CV36,S2 S20,239
1087,,"VINYL METHYLETHER, STABILIZED",,"乙烯基甲基醚,稳定的",,2F,2,2.1,,0,662,E0,P200,MP9,,(M) T50,PxBN(M),,TA4 TT9,FL,2 (B/D),,,CV9 CV10 CV36,S2 S20,239
1088,,ACETAL,,乙缩醛,,F1,3,3,II,1L,,E2,P001 IBC02 R001,MP19,,T4,LGBF,TP1,,FL,2 (D/E),,,,S2 S20,33
1089,,ACETALDEHYDE,,乙醛,,F1,3,3,I,0,,E0,P001,MP7 MP17,,T11,L4BN,TP2 TP7,TU8,FL,1 (D/E),,,,S2 S20,33
1090,,ACETONE,,丙酮(丙酮溶液),,F1,3,3,II,1L,,E2,P001 IBC02 R001,MP19,,T4,LGBF,TP1,,FL,2 (D/E),,,,S2 S20,33
1091,,ACETONEOILS,,丙酮油类,,F1,3,3,II,1L,,E2,P001 IBC02 R001,MP19,,T4,LGBF,TP1 TP8,,FL,2 (D/E),,,,S2 S20,33
1092,,"ACROLEIN, STABILIZED",,"丙烯醛,稳定的",,TF1,6.1,6.1+3,I,0,354,E0,P601,MP8 MP17,,T22,L15CH,TP2 TP7 TP35,TU14 TU15 TE19 TE21,FL,1 (C/D),,,CV1 CV13 CV28,S2S9 S14,663
1093,,"ACRYLONIT-RILE,STABI-LIZED",,"丙烯腈,稳定的",,FT1,3,3+6.1,I,0,,E0,P001,MP7 MP17,,T14,L10CH,TP2,TU14 TU15 TE21,FL,1 (C/E),,,CV13 CV28,S2 S22,336
1098,,ALLYL ALCOHOL,,烯丙醇,,TF1,6.1,6.1+3,I,0,354,E0,P602,MP8 MP17,,T20,L10CH,TP2 TP35,TU14 TU15 TE19 TE21,FL,1 (C/D),,,CV1 CV13 CV28,S2S9 S14,663
1099,,ALLYL BROMIDE,,烯丙基溴,,FT1,3,3+6.1,I,0,,E0,P001,MP7 MP17,,T14,L10CH,TP2,TU14 TU15 TE21,FL,1 (C/E),,,CV13 CV28,S2 S22,336
1100,,ALLYL CHLORIDE,,烯丙基氯,,FT1,3,3+6.1,I,0,,E0,P001,MP7 MP17,,T14,L10CH,TP2,TU14 TU15 TE21,FL,1 (C/E),,,CV13 CV28,S2 S22,336
1104,,AMYL ACETATES,,乙酸戊酯类,,F1,3,3,III,5L,,E1,P001 IBC03 LP01 R001,MP19,,T2,LGBF,TP1,,FL,3 (D/E),V12,,,S2,30
1105,a,PENTANOLS,,戊醇类,,F1,3,3,II,1L,,E2,P001 IBC02 R001,MP19,,T4,LGBF,TP1 TP29,,FL,2 (D/E),,,,S2 S20,33
1105,b,PENTANOLS,,戊醇类,,F1,3,3,III,5L,,E1,P001 IBC03 LP01 R001,MP19,,T2,LGBF,TP1,,FL,3 (D/E),V12,,,S2,30
1106,a,AMYL AMINE,,戊胺,,FC,3,3+8,II,1L,,E2,P001 IBC02,MP19,,T7,L4BH,TP1,,FL,2 (D/E),,,,S2 S20,338
1106,b,AMYL AMINE,,戊胺,,FC,3,3+8,III,5L,,E1,P001 IBC03 R001,MP19,,T4,L4BN,TP1,,FL,3 (D/E),V12,,,S2,38
1107,,AMYL CHLORIDE,,戊基氯,,F1,3,3,II,1L,,E2,P001 IBC02 R001,MP19,,T4,LGBF,TP1,,FL,2 (D/E),,,,S2 S20,33
1108,a,1-PENTENE,,1-戊烯,,F1,3,3,I,0,,E3,P001,MP7 MP17,,T11,L4BN,TP2,,FL,1 (D/E),,,,S2 S20,33
1108,b,n-AMYLENE,,正戊烯,,F1,3,3,I,0,,E3,P001,MP7 MP17,,T11,L4BN,TP2,,FL,1 (D/E),,,,S2 S20,33
1109,,AMYL FORMATES,,甲酸戊酯类,,F1,3,3,III,5L,,E1,P001 IBC03 LP01 R001,MP19,,T2,LGBF,TP1,,FL,3 (D/E),V12,,,S2,30
1110,,n-AMYL METHYL KETONE,,甲基戊基 (甲)酮,,F1,3,3,III,5L,,E1,P001 IBC03 LP01 R001,MP19,,T2,LGBF,TP1,,FL,3 (D/E),V12,,,S2,30
1111,,AMYL MERCAPTAN,,戊硫醇,,F1,3,3,II,1L,,E2,P001 IBC02 R001,MP19,,T4,LGBF,TP1,,FL,2 (D/E),,,,S2 S20,33
1112,,AMYL NITRATE,,硝酸戊酯,,F1,3,3,III,5L,,E1,P001 IBC03 LP01 R001,MP19,,T2,LGBF,TP1,,FL,3 (D/E),V12,,,S2,30
1113,,AMYL NITRITE,,亚硝酸戊酯,,F1,3,3,II,1L,,E2,P001 IBC02 R001,MP19,,T4,LGBF,TP1,,FL,2 (D/E),,,,S2 S20,33
1114,,BENZENE,,苯,,F1,3,3,II,1L,,E2,P001 IBC02 R001,MP19,,T4,LGBF,TP1,,FL,2 (D/E),,,,S2 S20,33
1120,a,BUTANOLS,,丁醇类,,F1,3,3,II,1L,,E2,P001 IBC02 R001,MP19,,T4,LGBF,TP1 TP29,,FL,2 (D/E),,,,S2 S20,33
1120,b,BUTANOLS,,丁醇类,,F1,3,3,III,5L,,E1,P001 IBC03 LP01 R001,MP19,,T2,LGBF,TP1,,FL,3 (D/E),V12,,,S2,30
1123,a,BUTYL ACETATES,,乙酸丁酯类,,F1,3,3,II,1L,,E2,P001 IBC02 R001,MP19,,T4,LGBF,TP1,,FL,2 (D/E),,,,S2 S20,33
1123,b,BUTYL ACETATES,,乙酸丁酯类,,F1,3,3,III,5L,,E1,P001 IBC03 LP01 R001,MP19,,T2,LGBF,TP1,,FL,3 (D/E),V12,,,S2,30
1125,,n-BUTYLAMINE,,正丁胺,,FC,3,3+8,II,1L,,E2,P001 IBC02,MP19,,T7,L4BH,TP1,,FL,2 (D/E),,,,S2 S20,338
1126,,1-BROMOBUTANE,,1-溴丁烷,,F1,3,3,II,1L,,E2,P001 IBC02 R001,MP19,,T4,LGBF,TP1,,FL,2 (D/E),,,,S2 S20,33
1127,,CHLOROBUTAN ES,,氯丁烷类,,F1,3,3,II,1L,,E2,P001 IBC02 R001,MP19,,T4,LGBF,TP1,,FL,2 (D/E),,,,S2 S20,33
1128,,n-BUTYL FORMATE,,甲酸正丁酯,,F1,3,3,II,1L,,E2,P001 IBC02 R001,MP19,,T4,LGBF,TP1,,FL,2 (D/E),,,,S2 S20,33
1129,,BUTYRALDE-HYDE,,丁醛,,F1,3,3,II,1L,,E2,P001 IBC02 R001,MP19,,T4,LGBF,TP1,,FL,2 (D/E),,,,S2 S20,33
1130,,CAMPHOR OIL,,樟脑油,,F1,3,3,III,5L,,E1,P001 IBC03 LP01 R001,MP19,,T2,LGBF,TP1,,FL,3 (D/E),V12,,,S2,30
1131,,CARBON DISULPHIDE,,二硫化碳,,FT1,3,3+6.1,I,0,,E0,P001,MP7 MP17,PP31,T14,L10CH,TP2 TP7,TU2 TU14 TU15 TE21,FL,1 (C/E),,,CV13 CV28,S2 S22,336
1133,a,ADHESIVES,containing flammable liquid,胶黏剂类,含有易燃液体,F1,3,3,I,500mL,,E3,P001,MP7 MP17,,T11,L4BN,TP1 TP8 TP27,,FL,1 (D/E),,,,S2 S20,33
1133,b,ADHESIVES,containing flammable liquid(vapour pressure at 50°C more than 110kPa),胶黏剂类,"含有易燃液体 (50°C时,蒸气压大于110kPa)",F1,3,3,II,5L,640C,E2,P001,MP19,PP1,T4,L1. 5 BN,TP1 TP8,,FL,2 (D/E),,,,S2 S20,33
1133,c,ADHESIVES,containing flammable liquid(vapour pressure at 50°C not more than 110kPa),胶黏剂类,"含有易燃液体 (50°C时,蒸气压不大于110kPa)",F1,3,3,II,5L,640D,E2,P001 IBC02 R001,MP19,PP1,T4,LGBF,TP1 TP8,,FL,2 (D/E),,,,S2 S20,33
1133,d,ADHESIVES,containing flammable liquid,胶黏剂类,含有易燃液体,F1,3,3,III,5L,640E,E1,P001 IBC03 LP01 R001,MP19,PP1,T2,LGBF,TP1,,FL,3 (D/E),V12,,,S2,30
1133,e,ADHESIVES,containing flammable liquid(having a flash-point below 23°C and viscous according to JT/T 617.2—2018 5.3.1.4)(vapour pressure at 50°C more than 110kPa),胶黏剂类,"含有易燃液体 (闪点在23°C以下,黏度参照JT/T617.2 —2018中 5.3.1.4)(50°C时,蒸气压大于110kPa)",F1,3,3,III,5L,,E1,P001 R001,MP19,PP1,,,,,,3 (E),,,,S2,
1133,f,ADHESIVES,containing flammable liquid(having a flash-point below 23°C and viscous according to JT/T 617.2—2018 5.3.1.4)(vapour pressure at 50°C more than 110kPa),胶黏剂类,"含有易燃液体 (闪点在23°C以下,黏度参照JT/T617.2 —2018中 5.3.1.4)(50°C时,蒸气压不大于110kPa)",F1,3,3,III,5L,,E1,P001 IBC02 R001,MP19,PP1 BB4,,,,,,3 (E),,,,S2,
1134,,CHLOROBENZENE,,氯苯,,F1,3,3,III,5L,,E1,P001 IBC03 LP01 R001,MP19,,T2,LGBF,TP1,,FL,3 (D/E),V12,,,S2,30
1135,,ETHYLENE CHLOROHYDRIN,,2-氯乙醇,,TF1,6.1,6.1+3,I,0,354,E0,P602,MP8 MP17,,T20,L10CH,TP2 TP37,TU14 TU15 TE19 TE21,FL,1 (C/D),,,CV1 CV13 CV28,S2S9 S14,663
1136,a,"COAL TAR DISTILLATES, FLAMMABLE",,"煤焦油馏出物,易燃的",,F1,3,3,II,1L,,E2,P001 IBC02 R001,MP19,,T4,LGBF,TP1,,FL,2 (D/E),,,,S2 S20,33
1136,b,"COAL TAR DISTILLATES, FLAMMABLE",,"煤焦油馏出物,易燃的",,F1,3,3,III,5L,,E1,P001 IBC03 LP01 R001,MP19,,T4,LGBF,TP1 TP29,,FL,3 (D/E),V12,,,S2,30
1139,a,COATING SOLUTION,"(includes surface treatments or coatings used for industrial or other purposes such as vehicle under coating, drum or barrel lining)",涂料溶液,"(包括工业上使用或其他用途的表面处理涂料或油漆,例如车辆的底漆、桶或圆桶的里面漆)",F1,3,3,I,500mL,,E3,P001,MP7 MP17,,T11,L4BN,TP1 TP8 TP27,,FL,1 (D/E),,,,S2 S20,33
1139,b,COATING SOLUTION,"(includes surface treatments or coatings used for industrial or other purposes such as vehicle under coating, drum or barrel lining) (vapour pressure at 50°C more than 110kPa)",涂料溶液,"(包括工业上使用或其他用途的表面处理涂料或油漆,例如车辆的底漆、桶或圆桶的里面漆)(50°C时蒸气压大于110kPa)",F1,3,3,II,5L,640C,E2,P001,MP19,,T4,L1. 5 BN,TP1 TP8,,FL,2 (D/E),,,,S2 S20,33
1139,c,COATING SOLUTION,"(includes surface treatments or coatings used for industrial or other purposes such as vehicle under coating, drum or barrel lining)(vapour pressure at 50°C not more than 110kPa)",涂料溶液,"(包括工业上使用或其他用途的表面处理涂料或油漆,例如车辆的底漆、桶或圆桶的里面漆)(50°C时蒸气压不大于110kPa)",F1,3,3,II,5L,640D,E2,P001 IBC02 R001,MP19,,T4,LGBF,TP1 TP8,,FL,2 (D/E),,,,S2 S20,33
1139,d,COATING SOLUTION,"(includes surface treatments or coatings used for industrial or other purposes such as vehicle under coating, drum or barrel lining)",涂料溶液,"(包括用于工业或其他用途的表面处理剂或涂料,例如车辆的底漆,圆桶或琵琶桶的面料)(无黏度的)非黏性的",F1,3,3,III,5L,640E,E1,P001 IBC03 LP01 R001,MP19,,T2,LGBF,TP1,,FL,3 (D/E),V12,,,S2,30
1139,e,COATING SOLUTION,"(includes surface treatments or coatings used for industrial or other purposes such as vehicle under coating, drum or barrel lining)(having a flash-point below 23°C and viscous according to JT/T 617.2—2018 5.3.1.4)(vapour pressure at 50°C more than 110kPa)",涂料溶液,"(包括用于工业或其他用途的表面处理剂或涂料,例如车辆的底漆,圆桶或琵琶桶的面料) (闪点在23°C以下,黏度参照JT/T617.2-2018中 5.3.1.4)(50°C时蒸气压大于110kPa)",F1,3,3,III,5L,,E1,P001 R001,MP19,,,,,,,3 (E),,,,S2,
1139,f,COATING SOLUTION,"(includes surface treatments or coatings used for industrial or other purposes such as vehicle under coating, drum or barrel lining)(having a flash-point below 23°C and viscous according to JT/T 617.2—2018 5.3.1.4)(vapour pressure at 50°C not more than 110kPa)",涂料溶液,"(包括用于工业或其他用途的表面处理剂或涂料,例如车辆的底漆,圆桶或琵琶桶的面料) (闪点在23°C以下,黏度参照JT/T617.2-2018中 5.3.1.4)(50°C时蒸气压不大于110kPa)",F1,3,3,III,5L,,E1,P001 IBC02 R001,MP19,BB4,,,,,,3 (E),,,,S2,
1143,a,"CROTONALDEHYDE, STABILIZED",,"巴豆醛,稳定的",,TF1,6.1,6.1+3,I,0,324 354,E0,P602,MP8 MP17,,T20,L10 CH,TP2 TP35,TU14 TU15 TE19 TE21,FL,1 (C/D),,,CV1 CV13 CV28,S2S9 S14,663
1143,b,"CROTONALDEHYDE, STABILIZED",,"丁烯醛,稳定的",,TF1,6.1,6.1+3,I,0,324 354,E0,P602,MP8 MP17,,T20,L10 CH,TP2 TP35,TU14 TU15 TE19 TE21,FL,1 (C/D),,,CV1 CV13 CV28,S2S9 S14,663
1144,,CROTONYLENE,,巴豆炔,,F1,3,3,I,0,,E3,P001,MP7 MP17,,T11,L4BN,TP2,,FL,1 (D/E),,,,S2 S20,339
1145,,CYCLOHEXANE,,环己烷,,F1,3,3,II,1L,,E2,P001 IBC02 R001,MP19,,T4,LGBF,TP1,,FL,2 (D/E),,,,S2 S20,33
1146,,CYCLOPENTANE,,环戊烷,,F1,3,3,II,1L,,E2,P001 IBC02 R001,MP19,,T7,LGBF,TP1,,FL,2 (D/E),,,,S2 S20,33
1147,,DECAHYDRO-NAPHTHALENE,,十氢化萘,,F1,3,3,III,5L,,E1,P001 IBC03 LP01 R001,MP19,,T2,LGBF,TP1,,FL,3 (D/E),V12,,,S2,30
1148,a,DIACETONE ALCOHOL,,双丙酮醇,,F1,3,3,II,1L,,E2,P001 IBC02 R001,MP19,,T4,LGBF,TP1,,FL,2 (D/E),,,,S2 S20,33
1148,b,DIACETONE ALCOHOL,,双丙酮醇,,F1,3,3,III,5L,,E1,P001 IBC03 LP01 R001,MP19,,T2,LGBF,TP1,,FL,3 (D/E),V12,,,S2,30
1149,,DIBUTYL ETHERS,,二丁醚类,,F1,3,3,III,5L,,E1,P001 IBC03 LP01 R001,MP19,,T2,LGBF,TP1,,FL,3 (D/E),V12,,,S2,30
1150,,"1,2-DICHL ORO ETHY LENE",,"1,2-二氯乙烯",,F1,3,3,II,1L,,E2,P001 IBC02 R001,MP19,,T7,LGBF,TP2,,FL,2 (D/E),,,,S2 S20,33
1152,,DICHLOROPE NTANES,,二氯戊烷类,,F1,3,3,III,5L,,E1,P001 IBC03 LP01 R001,MP19,,T2,LGBF,TP1,,FL,3 (D/E),V12,,,S2,30
1153,a,ETHYLENE GLYCOL DIETHYL ETHER,,乙二醇二乙醚,,F1,3,3,II,1L,,E2,P001 IBC02 R001,MP19,,T4,LGBF,TP1,,FL,2 (D/E),,,,S2 S20,33
1153,b,ETHYLENE GLYCOL DIETHYL ETHER,,乙二醇二乙醚,,F1,3,3,III,5L,,E1,P001 IBC03 LP01 R001,MP19,,T2,LGBF,TP1,,FL,3 (D/E),V12,,,S2,30
1154,,DIETHYLAMINE,,二乙胺,,FC,3,3+8,II,1L,,E2,P001 IBC02,MP19,,T7,L4BH,TP1,,FL,2 (D/E),,,,S2 S20,338
1155,a,DIETHYL ETHER,,二乙醚,,F1,3,3,I,0,,E3,P001,MP7 MP17,,T11,L4BN,TP2,,FL,1 (D/E),,,,S2 S20,33
1155,b,ETHYL ETHER,,乙醚,,F1,3,3,I,0,,E3,P001,MP7 MP17,,T11,L4BN,TP2,,FL,1 (D/E),,,,S2 S20,33
1156,,DIETHYL KETONE,,二乙酮,,F1,3,3,II,1L,,E2,P001 IBC02 R001,MP19,,T4,LGBF,TP1,,FL,2 (D/E),,,,S2 S20,33
1157,,DIISOBUTYL KETONE,,二异丁基 (甲)酮,,F1,3,3,III,5L,,E1,P001 IBC03 LP01 R001,MP19,,T2,LGBF,TP1,,FL,3 (D/E),V12,,,S2,30
1158,,DIISOPROPYLAMINE,,二异丙胺,,FC,3,3+8,II,1L,,E2,P001 IBC02,MP19,,T7,L4BH,TP1,,FL,2 (D/E),,,,S2 S20,338
1159,,DIISOPROPYL ETHER,,二异丙基醚,,F1,3,3,II,1L,,E2,P001 IBC02 R001,MP19,,T4,LGBF,TP1,,FL,2 (D/E),,,,S2 S20,33
1160,,DIMETHYLAM-INE AQUEOUS SOLUTION,,"二甲胺,水溶液",,FC,3,3+8,II,1L,,E2,P001 IBC02,MP19,,T7,L4BH,TP1,,FL,2 (D/E),,,,S2 S20,338
1161,,DIMETHYL CARBONATE,,碳酸二甲酯,,F1,3,3,II,1L,,E2,P001 IBC02 R001,MP19,,T4,LGBF,TP1,,FL,2 (D/E),,,,S2 S20,33
1162,,DIMETHYLDICHLORO-SILANE,,二甲基二氯硅烷,,FC,3,3+8,II,0,,E0,P010,MP19,,T10,L4BH,TP2 TP7,,FL,2 (D/E),,,,S2 S20,X338
1163,,"DIMETHYLHYDRAZINE, UNSYMMETR-ICAL",,"二甲肼,不对称",,TFC,6.1,6.1+3+8,I,0,354,E0,P602,MP8 MP17,,T20,L10CH,TP2 TP35,TU14 TU15 TE19 TE21,FL,1 (C/D),,,CV1 CV13 CV28,S2S9 S14,663
1164,,DIMETHYL SULPHIDE,,二甲硫,,F1,3,3,II,1L,,E2,P001 IBC02,MP19,B8,T7,L1. 5B N,TP2,,FL,2 (D/E),,,,S2 S20,33
1165,,DIOXANE,,二恶烷,,F1,3,3,II,1L,,E2,P001 IBC02 R001,MP19,,T4,LGBF,TP1,,FL,2 (D/E),,,,S2 S20,33
1166,,DIOXOLANE,,二氧戊杯,,F1,3,3,II,1L,,E2,P001 IBC02 R001,MP19,,T4,LGBF,TP1,,FL,2 (D/E),,,,S2 S20,33
1167,,"DIVINYL ETHER, STABILIZED",,"二乙烯基醚,稳定的",,F1,3,3,I,0,,E3,P001,MP7 MP17,,T11,L4BN,TP2,,FL,1 (D/E),,,,S2 S20,339
1169,a,"EXTRACTS, AROMATIC, LIQUID",(vapour pressure at 50°C more than 110kPa),"萃取香料,液体的",(50°C时蒸气压大于110kPa),F1,3,3,II,5L,601 640C,E2,P001,MP19,,T4,L1. 5BN,TP1 TP8,,FL,2 (D/E),,,,S2 S20,33
1169,b,"EXTRACTS, AROMATIC, LIQUID",(vapour pressure at 50°C not more than 110kPa),"萃取香料,液体的",(50°C时蒸气压不大于110kPa),F1,3,3,II,5L,601 640D,E2,P001 IBC02 R001,MP19,,T4,LGBF,TP1 TP8,,FL,2 (D/E),,,,S2 S20,33
1169,c,"EXTRACTS, AROMATIC, LIQUID",,"萃取香料,液体的",,F1,3,3,III,5L,601 640E,E1,P001 IBC03 LP01 R001,MP19,,T2,LGBF,TP1,,FL,3 (D/E),V12,,,S2,30
1169,d,"EXTRACTS, AROMATIC, LIQUID",(having a flash-point below 23°C and viscous according to JT/T 617. 2— 2018 5. 3. 1. 4) (vapour pre-ssure at 50°C more than 110kPa),"萃取香料,液体的","(闪点在 23°C以下,黏度参照JT/T617.2—2018 中5.3.1.4) (50°C时蒸气压大于110kPa)",F1,3,3,III,5L,601,E1,P001 R001,MP19,,,,,,,3 (E),,,,S2,
1169,e,"EXTRACTS, AROMATIC, LIQUID",(hav-ing a flash-point below 23°C and viscous according to JT/T 617. 2— 2018 5. 3. 1. 4) (vapour pres-sure at 50°C not more than 110kPa),"萃取香料,液体的","(闪点在 23°C以下,黏度参照JT/T617.2—2018 中5.3.1.4) (50°C时蒸气压不大于110kPa)",F1,3,3,III,5L,601,E1,P001 IBC02 R001,MP19,BB4,,,,,,3 (E),,,,S2,
1170,a,ETHANOL,,乙醇,,F1,3,3,II,1L,144 601,E2,P001 IBC02 R001,MP19,,T4,LGBF,TP1,,FL,2 (D/E),,,,S2 S20,33
1170,b,ETHYL ALCOHOL,,乙醇,,F1,3,3,II,1L,144 601,E2,P001 IBC02 R001,MP19,,T4,LGBF,TP1,,FL,2 (D/E),,,,S2 S20,33
1170,c,ETHANOL SOLUTION,,乙醇溶液,,F1,3,3,II,1L,144 601,E2,P001 IBC02 R001,MP19,,T4,LGBF,TP1,,FL,2 (D/E),,,,S2 S20,33
1170,d,ETHYL ALCOHOL SOLUTION,,乙醇溶液,,F1,3,3,II,1L,144 601,E2,P001 IBC02 R001,MP19,,T4,LGBF,TP1,,FL,2 (D/E),,,,S2 S20,33
1170,e,ETHANOL SOLUTION,,乙醇溶液,,F1,3,3,III,5L,144 601,E1,P001 IBC03 LP01 R001,MP19,,T2,LGBF,TP1,,FL,3 (D/E),V12,,,S2,30
1170,f,ETHYL ALCOHOL SOLUTION,,乙醇溶液,,F1,3,3,III,5L,144 601,E1,P001 IBC03 LP01 R001,MP19,,T2,LGBF,TP1,,FL,3 (D/E),V12,,,S2,30
1171,,ETHYLENE GLYCOL MONOETHYL ETHER,,乙二醇一乙醚,,F1,3,3,III,5L,,E1,P001 IBC03 LP01 R001,MP19,,T2,LGBF,TP1,,FL,3 (D/E),V12,,,S2,30
1172,,ETHYLENE GLYCOL MONOETHYL ETHER ACETATE,,乙酸乙二醇一乙醚酯,,F1,3,3,III,5L,,E1,P001 IBC03 LP01 R001,MP19,,T2,LGBF,TP1,,FL,3 (D/E),V12,,,S2,30
1173,,ETHYL ACETATE,,乙酸乙酯,,F1,3,3,II,1L,,E2,P001 IBC02 R001,MP19,,T4,LGBF,TP1,,FL,2 (D/E),,,,S2 S20,33
1175,,ETHYLBENZENE,,乙苯,,F1,3,3,II,1L,,E2,P001 IBC02 R001,MP19,,T4,LGBF,TP1,,FL,2 (D/E),,,,S2 S20,33
1176,,ETHYL BORATE,,硼酸乙酯,,F1,3,3,II,1L,,E2,P001 IBC02 R001,MP19,,T4,LGBF,TP1,,FL,2 (D/E),,,,S2 S20,33
1177,,2-ETHYLBUTYL ACETATE,,乙酸-2-乙基丁酯,,F1,3,3,III,5L,,E1,P001 IBC03 LP01 R001,MP19,,T2,LGBF,TP1,,FL,3 (D/E),V12,,,S2,30
1178,,2-ETHYLBU TYRALDEHYDE,,2-乙基丁醛,,F1,3,3,II,1L,,E2,P001 IBC02 R001,MP19,,T4,LGBF,TP1,,FL,2 (D/E),,,,S2 S20,33
1179,,ETHYL BUTYL ETHER,,乙基丁基醚,,F1,3,3,II,1L,,E2,P001 IBC02 R001,MP19,,T4,LGBF,TP1,,FL,2 (D/E),,,,S2 S20,33
1180,,ETHYL BUTYRATE,,丁酸乙酯,,F1,3,3,III,5L,,E1,P001 IBC03 LP01 R001,MP19,,T2,LGBF,TP1,,FL,3 (D/E),V12,,,S2,30
1181,,ETHYL CHLOROA CETATE,,氯乙酸乙酯,,TF1,6.1,6.1+3,II,100mL,,E4,P001 IBC02,MP15,,T7,L4BH,TP2,TU15 TE19,FL,2 (D/E),,,CV13 CV28,S2S9 S19,63
1182,,ETHYL CHLOROF ORMATE,,氯甲酸乙酯,,TFC,6.1,6.1+3+8,I,0,354,E0,P602,MP8 MP17,,T20,L10 CH,TP2 TP37,TU14 TU15 TE19 TE21,FL,1 (C/D),,,CV1 CV13 CV28,S2S9 S14,663
1183,,ETHYL DICHLORO SILANE,,乙基二氯硅烷,,WFC,4.3,4.3+3+8,I,0,,E0,P401,MP2,RR7,T14,L10 DH,TP2 TP7,TU14 TU23 TE21 TM2 TM3,FL,0 (B/E),V1,,CV23,S2 S20,X338
1184,,ETHYLENE DICHLORIDE,,二氯化乙烯,,FT1,3,3+6.1,II,1L,,E2,P001 IBC02,MP19,,T7,L4BH,TP1,TU15,FL,2 (D/E),,,CV13 CV28,S2 S19,336
1185,,"ETHYLENEIMI NE,STABIL-IZED",,"乙撑亚胺,稳定的",,TF1,6.1,6.1+3,I,0,354,E0,P601,MP2,,T22,L15 CH,TP2,TU14 TU15 TE19 TE21,FL,1 (C/D),,,CV1 CV13 CV28,S2S9 S14,663
1188,,ETHYLENE GLYCOL MONOMETHYL ETHER,,乙二醇一甲醚,,F1,3,3,III,5L,,E1,P001 IBC03 LP01 R001,MP19,,T2,LGBF,TP1,,FL,3 (D/E),V12,,,S2,30
1189,,ETHYLENE GLYCOL MONOMETHYL ETHER ACETATE,,乙酸乙二醇一甲醚酯,,F1,3,3,III,5L,,E1,P001 IBC03 LP01 R001,MP19,,T2,LGBF,TP1,,FL,3 (D/E),V12,,,S2,30
1190,,ETHYL FORMATE,,甲酸乙酯,,F1,3,3,II,1L,,E2,P001 IBC02 R001,MP19,,T4,LGBF,TP1,,FL,2 (D/E),,,,S2 S20,33
1191,,OCTYL ALDEHYDES,,辛醛类,,F1,3,3,III,5L,,E1,P001 IBC03 LP01 R001,MP19,,T2,LGBF,TP1,,FL,3 (D/E),V12,,,S2,30
1192,,ETHYL LACTATE,,乳酸乙酯,,F1,3,3,III,5L,,E1,P001 IBC03 LP01 R001,MP19,,T2,LGBF,TP1,,FL,3 (D/E),V12,,,S2,30
1193,a,ETHYL METHYL KETONE,,乙基甲基酮,,F1,3,3,II,1L,,E2,P001 IBC02 R001,MP19,,T4,LGBF,TP1,,FL,2 (D/E),,,,S2 S20,33
1193,b,METHYL ETHYL KETONE),,甲乙酮,,F1,3,3,II,1L,,E2,P001 IBC02 R001,MP19,,T4,LGBF,TP1,,FL,2 (D/E),,,,S2 S20,33
1194,,ETHYL NITRITE SOLUTION,,亚硝酸乙酯溶液,,FT1,3,3+6.1,I,0,,E0,P001,MP7 MP17,,,L10CH,,TU14 TU15 TE21,FL,1 (C/E),,,CV13 CV28,S2 S22,336
1195,,ETHYL PROPIONATE,,丙酸乙酯,,F1,3,3,II,1L,,E2,P001 IBC02 R001,MP19,,T4,LGBF,TP1,,FL,2 (D/E),,,,S2 S20,33
1196,,ETHYL TRICHLOROSI LANE,,乙基三氯硅烷,,FC,3,3+8,II,0,,E0,P010,MP19,,T10,L4BH,TP2 TP7,,FL,2 (D/E),,,,S2 S20,X338
1197,a,"EXTRACTS, FLAVOURING, LIQUID",(vapour pressure at 50°C more than 110kPa),"萃取调味品,液体的",(50°C时蒸气压大于110kPa),F1,3,3,II,5L,601 640C,E2,P001,MP19,,T4,L1. 5 BN,TP1 TP8,,FL,2 (D/E),,,,S2 S20,33
1197,b,"EXTRACTS, FLAVOURING, LIQUID",(vapour pressure at 50°C not more than 110kPa),"萃取调味品,液体的",(50°C时蒸气压不大于110kPa),F1,3,3,II,5L,601 640D,E2,P001 IBC02 R001,MP19,,T4,LGBF,TP1 TP8,,FL,2 (D/E),,,,S2 S20,33
1197,c,"EXTRACTS, FLAVOURING, LIQUID",,"萃取调味品,液体的",,F1,3,3,III,5L,601 640E,E1,P001 IBC03 LP01 R001,MP19,,T2,LGBF,TP1,,FL,3 (D/E),V12,,,S2,30
1197,d,"EXTRACTS, FLAVOURING, LIQUID",(hav-ing a flash-point below 23°C and viscous accor-ding to JT/T 617.2-2018 5.3.1.4) (vapour pressure at 50°C more than 110kPa),"萃取调味品,液体的","(闪点在23°C以下,黏度参照JT/T617.2-2018中5.3.1.4)(50°C时蒸气压大于110kPa)",F1,3,3,III,5L,601,E1,P001 R001,MP19,,,,,,,3 (E),,,,S2,
1197,e,"EXTRACTS, FLAVOURING, LIQUID",(having a flash-point below 23°C and viscous according to JT/T 617.2-2018 5.3.1.4) (vapour pressure at 50°C not more than 110kPa),"萃取调味品,液体的","(闪点在23°C以下,黏度参照JT/T617.2-2018中5.3.1.4) (50°C时蒸气压不大于110kPa)",F1,3,3,III,5L,601,E1,P001 IBC02 R001,MP19,BB4,,,,,,3 (E),,,,S2,
1198,,"FORMALDEHYDE SOLUTION, FLAMMABLE",,"甲醛溶液,易燃",,FC,3,3+8,III,5L,,E1,P001 IBC03 R001,MP19,,T4,L4BN,TP1,,FL,3 (D/E),V12,,,S2,38
1199,,FURALDEHYDES,,糠醛,,TF1,6.1,6.1+3,II,100mL,,E4,P001 IBC02,MP15,,T7,L4BH,TP2,TU15 TE19,FL,2 (D/E),,,CV13 CV28,S2S9 S19,63
1201,a,FUSEL OIL,,杂醇油,,F1,3,3,II,1L,,E2,P001 IBC02 R001,MP19,,T4,LGBF,TP1,,FL,2 (D/E),,,,S2 S20,33
1201,b,FUSEL OIL,,杂醇油,,F1,3,3,III,5L,,E1,P001 IBC03 LP01 R001,MP19,,T2,LGBF,TP1,,FL,3 (D/E),V12,,,S2,30
1202,a,"GAS OIL or DIESEL FUEL or HEATING OIL,LIGHT",(flash-point not more than 60°C),"瓦斯油或柴油或燃料油,轻的",(闪点不大于60°C),F1,3,3,III,5L,363 640K 664,E1,P001 IBC03 LP01 R001,MP19,,T2,LGBF,TP1,,FL,3 (D/E),V12,,,S2,30
1202,b,DIESEL FUEL,"complying with standard EN590: 2004 or GAS OIL or HEAT ING OIL, LIGHT with a flash-point as specified in EN590: 2009 + A1: 2010","柴油,符合 EN590:2004 标准的,或瓦斯油或轻质燃料油,其闪点列入EN590:2009+A1: 2010的",,F1,3,3,III,5L,363 640L 664,E1,P001 IBC03 LP01 R001,MP19,,T2,LGBF,TP1,,AT,3 (D/E),V12,,,S2,30
1202,c,"GAS OIL or DIESEL FUEL or HEATING OIL,LIGHT",(flash-point more than 60°C and not more than 100°C),"瓦斯油或柴油或燃料油,轻的","(闪点大于60°C,但不高于100°C)",F1,3,3,III,5L,363 640M 664,E1,P001 IBC03 LP01 R001,MP19,,T2,LGBV,TP1,,AT,3 (D/E),V12,,,,30
1203,a,MOTOR SPIRIT,,车用汽油,,F1,3,3,II,1L,243 534 363 664,E2,P001 IBC02 R001,MP19,BB2,T4,LGBF,TP1,TU9,FL,2 (D/E),,,,S2 S20,33
1203,b,GASOLINE,,汽油,,F1,3,3,II,1L,243 534 363 664,E2,P001 IBC02 R001,MP19,BB2,T4,LGBF,TP1,TU9,FL,2 (D/E),,,,S2 S20,33
1203,c,PETROL,,车用汽油或汽油,,F1,3,3,II,1L,243 534 363 664,E2,P001 IBC02 R001,MP19,BB2,T4,LGBF,TP1,TU9,FL,2 (D/E),,,,S2 S20,33
1204,,NITROGLYCERIN SOLUTION IN ALCOHOL,with not more than 1% nitroglycerin,硝化甘油酒精溶液,含硝化甘油不超过1%,D,3,3,II,1L,601,E0,P001 IBC02,MP2,PP5,,,,,,2 (B),,,,S2 S14,
1206,,HEPTANES,,庚烷类,,F1,3,3,II,1L,,E2,P001 IBC02 R001,MP19,,T4,LGBF,TP1,,FL,2 (D/E),,,,S2 S20,33
1207,,HEXALDEHYDE,,己醛,,F1,3,3,III,5L,,E1,P001 IBC03 LP01 R001,MP19,,T2,LGBF,TP1,,FL,3 (D/E),V12,,,S2,30
1208,,HEXANES,,己烷类,,F1,3,3,II,1L,,E2,P001 IBC02 R001,MP19,,T4,LGBF,TP1,,FL,2 (D/E),,,,S2 S20,33
1210,a,PRINTING INK,flammable,印刷油墨,易燃的,F1,3,3,I,500mL,163 367,E3,P001,MP7 MP17,,T11,L4BN,TP1 TP8,,FL,1 (D/E),,,,S2 S20,33
1210,b,PRINTING INK RELATED MATERRIAL,"(including printing ink thinning or reducing compound), flammable",印刷油墨相关材料,"(包括印刷油墨稀释剂或调稀剂),易燃的",F1,3,3,I,500mL,163 367,E3,P001,MP7 MP17,,T11,L4BN,TP1 TP8,,FL,1 (D/E),,,,S2 S20,33
1210,c,PRINTING INK,flammable(vapour pressure at 50°C more than 110kPa),印刷油墨,易燃的(50°C时蒸气压大于110kPa),F1,3,3,II,5L,163 367 640C,E2,P001,MP19,PP1,T4,L1. 5 BN,TP1 TP8,,FL,2 (D/E),,,,S2 S20,33
1210,d,PRINTING INK RELATED MATERRIAL,"(including printing ink thinning or reducing compound), flammable(vapour pressure at 50°C more than 110kPa)",印刷油墨相关材料,"(包括印刷油墨稀释剂或调稀剂),易燃的(50°C时蒸气压大于110kPa)",F1,3,3,II,5L,163 367 640C,E2,P001,MP19,PP1,T4,L1. 5 BN,TP1 TP8,,FL,2 (D/E),,,,S2 S20,33
1210,e,PRINTING INK,flammable(vapour pressure at 50°C not more than 110kPa),印刷油墨,易燃的(50°C时蒸气压不大于110kPa),F1,3,3,II,5L,163 367 640D,E2,P001 IBC02 R001,MP19,PP1,T4,LGBF,TP1 TP8,,FL,2 (D/E),,,,S2 S20,33
1210,f,PRINTING INK RELATED MATERRIAL,"(including printing ink thinning or reducing compound), flammable(vapour pressure at 50°C not more than 110kPa)",印刷油墨相关材料,"(包括印刷油墨稀释剂或调稀剂),易燃的(50°C时蒸气压不大于110kPa)",F1,3,3,II,5L,163 367 640D,E2,P001 IBC02 R001,MP19,PP1,T4,LGBF,TP1 TP8,,FL,2 (D/E),,,,S2 S20,33
1210,g,PRINTING INK,flammable,"印刷油墨,易燃的,或印刷油墨相关材料",易燃的,F1,3,3,III,5L,163 367 640E,E1,P001 IBC03 LP01 R001,MP19,PP1,T2,LGBF,TP1,,FL,3 (D/E),V12,,,S2,30
1210,h,PRINTING INK RELATED MATERRIAL,"(including printing ink thinning or reducing compound), flammable",印刷油墨相关材料,"(包括印刷油墨稀释剂或调稀剂),易燃的",F1,3,3,III,5L,163 367 640E,E1,P001 IBC03 LP01 R001,MP19,PP1,T2,LGBF,TP1,,FL,3 (D/E),V12,,,S2,30
1210,i,PRINTING INK,flammable(having a flash-point below 23°C and viscous according to JT/T 617.2—2018 5.3.1.4)(vapour pressure at 50°C more than 110kPa),"印刷油墨,易燃的","易燃的,(闪点在23°C以下,黏度参照JT/T617.2—2018 中5.3.1.4) (50°C时蒸气压大于110kPa)",F1,3,3,III,5L,163 367,E1,P001 R001,MP19,PP1,,,,,,3 (E),,,,S2,
1210,j,PRINTING INK RELATED MATERRIAL,"(including printing ink thinning or reducing compound), flammable(having a flash-point below 23°C and viscous according to JT/T 617.2—2018 5.3.1.4)(vapour pressure at 50°C more than 110kPa)",印刷油墨相关材料,"(包括印刷油墨稀释剂或调稀剂)易燃的,(闪点在23°C以下,黏度参照JT/T617.2—2018 中5.3.1.4) (50°C时蒸气压大于110kPa)",F1,3,3,III,5L,163 367,E1,P001 R001,MP19,PP1,,,,,,3 (E),,,,S2,
1210,k,PRINTING INK,flammable(having a flash-point below 23°C and viscous according to JT/T 617.2—2018 5.3.1.4)(vapour pressure at 50°C not more than 110kPa),"印刷油墨,易燃的","易燃的,(闪点在23°C以下,黏度参照JT/T617.2—2018 中5.3.1.4) (50°C时蒸气压不大于110kPa)",F1,3,3,III,5L,163 367,E1,P001 IBC02 R001,MP19,PP1 BB4,,,,,,3 (E),,,,S2,
1210,l,PRINTING INK RELATED MATERRIAL,"(including printing ink thinning or reducing compound), flammable(having a flash-point below 23°C and viscous according to JT/T 617.2—2018 5.3.1.4)(vapour pressure at 50°C not more than 110kPa)",印刷油墨相关材料,"(包括印刷油墨稀释剂或调稀剂)易燃的,(闪点在23°C以下,黏度参照JT/T617.2—2018 中5.3.1.4) (50°C时蒸气压不大于110kPa)",F1,3,3,III,5L,163 367,E1,P001 IBC02 R001,MP19,PP1 BB4,,,,,,3 (E),,,,S2,
1212,,ISOBUTANOL (ISOBUTYL ALCOHOL),,异丁醇,,F1,3,3,III,5L,,E1,P001 IBC03 LP01 R001,MP19,,T2,LGBF,TP1,,FL,3 (D/E),V12,,,S2,30
1213,,ISOBUTYL ACETATE,,乙酸异丁酯,,F1,3,3,II,1L,,E2,P001 IBC02 R001,MP19,,T4,LGBF,TP1,,FL,2 (D/E),,,,S2 S20,33
1214,,ISOBUTYL AMINE,,异丁胺,,FC,3,3+8,II,1L,,E2,P001 IBC02,MP19,,T7,L4BH,TP1,,FL,2 (D/E),,,,S2 S20,338
1216,,ISOOCTENES,,异辛烯类,,F1,3,3,II,1L,,E2,P001 IBC02 R001,MP19,,T4,LGBF,TP1,,FL,2 (D/E),,,,S2 S20,33
1218,,"ISOPRENE, STABILIZED",,"异戊二烯,稳定的",,F1,3,3,I,0,,E3,P001,MP7 MP17,,T11,L4BN,TP2,,FL,1 (D/E),,,,S2 S20,339
1219,a,ISOPROPANOL,,异丙醇,,F1,3,3,II,1L,601,E2,P001 IBC02 R001,MP19,,T4,LGBF,TP1,,FL,2 (D/E),,,,S2 S20,33
1219,b,ISOPROPYL ALCOHOL,,异丙醇,,F1,3,3,II,1L,601,E2,P001 IBC02 R001,MP19,,T4,LGBF,TP1,,FL,2 (D/E),,,,S2 S20,33
1220,,ISOPROPYL ACETATE,,乙酸异丙酯,,F1,3,3,II,1L,,E2,P001 IBC02 R001,MP19,,T4,LGBF,TP1,,FL,2 (D/E),,,,S2 S20,33
1221,,ISOPROPYL AMINE,,异丙胺,,FC,3,3+8,I,0,,E0,P001,MP7 MP17,,T11,L10 CH,TP2,TU14 TE21,FL,1 (C/E),,,,S2 S20,338
1222,,ISOPROPYL NITRATE,,硝酸异丙酯,,F1,3,3,II,1L,,E2,P001 IBC02 R001,MP19,B7,,,,,,2 (E),,,,S2 S20,
1223,,KEROSENE,,煤油,,F1,3,3,III,5L,363 664,E1,P001 IBC03 LP01 R001,MP19,,T2,LGBF,TP2,,FL,3 (D/E),V12,,,S2,30
1224,a,"KETONES, LIQUID,N.O.S.",(vapour pressure at 50°C more than 110kPa),"酮类,液体的,未另作规定的","(50°C蒸气压力,大于110kPa)",F1,3,3,II,1L,274 640C,E2,P001,MP19,,T7,L1. 5BN,TP1 TP8 TP28,,FL,2 (D/E),,,,S2 S20,33
1224,b,"KETONES, LIQUID,N.O.S.",(vapour pressure at 50°C not more than 110kPa),"酮类,液体的,未另作规定的","(50°C蒸气压力,不大于110kPa)",F1,3,3,II,1L,274 640D,E2,P001 IBC02 R001,MP19,,T7,LGBF,TP1 TP8 TP28,,FL,2 (D/E),,,,S2 S20,33
1224,c,"KETONES, LIQUID, N.O.S.",,"酮类,液体的,未另作规定的",,F1,3,3,III,5L,274,E1,P001 IBC03 LP01 R001,MP19,,T4,LGBF,TP1 TP29,,FL,3 (D/E),V12,,,S2,30
1228,a,"MERCAPTANS, LIQUID, FLAMMABLE, TOXIC,N.O.S.",,"硫醇类,液体的,易燃的,有毒的,未另作规定的",,FT1,3,3+6.1,II,1L,274,E0,P001 IBC02,MP19,,T11,L4BH,TP2 TP27,TU15,FL,2 (D/E),,,CV13 CV28,S2 S19,336
1228,b,"MERCAPTAN MIXTURE, LIQUID, FLAMMABLE, TOXIC,N.O.S.",,"硫醇类混合物,液体的,易燃的,有毒的,未另作规定的",,FT1,3,3+6.1,II,1L,274,E0,P001 IBC02,MP19,,T11,L4BH,TP2 TP27,TU15,FL,2 (D/E),,,CV13 CV28,S2 S19,336
1228,c,"MERCAPTANS, LIQUID, FLAMMABLE, TOXIC,N.O.S.",,"硫醇类,液体的,易燃的,有毒的,未另作规定的或硫醇类混合物,液体的,易燃的,有毒的,未另作规定的",,FT1,3,3+6.1,III,5L,274,E1,P001 IBC03 R001,MP19,,T7,L4BH,TP1 TP28,TU15,FL,3 (D/E),V12,,CV13 CV28,S2,36
1228,d,"MERCAPTAN MIXTURE, LIQUID, FLAMMABLE, TOXIC,N.O.S.",,"硫醇类混合物,液体的,易燃的,有毒的,未另作规定的",,FT1,3,3+6.1,III,5L,274,E1,P001 IBC03 R001,MP19,,T7,L4BH,TP1 TP28,TU15,FL,3 (D/E),V12,,CV13 CV28,S2,36
1229,,MESITYL OXIDE,,亚异丙基丙酮,,F1,3,3,III,5L,,E1,P001 IBC03 LP01 R001,MP19,,T2,LGBF,TP1,,FL,3 (D/E),V12,,,S2,30
1230,,METHANOL,,甲醇,,FT1,3,3+6.1,II,1L,279,E2,P001 IBC02,MP19,,T7,L4BH,TP2,TU15,FL,2 (D/E),,,CV13 CV28,S2 S19,336
1231,,METHYL ACETATE,,乙酸甲酯,,F1,3,3,II,1L,,E2,P001 IBC02 R001,MP19,,T4,LGBF,TP1,,FL,2 (D/E),,,,S2 S20,33
1233,,METHYL AMYLACETATE,,乙酸甲基戊酯,,F1,3,3,III,5L,,E1,P001 IBC03 LP01 R001,MP19,,T2,LGBF,TP1,,FL,3 (D/E),V12,,,S2,30
1234,,METHYLAL,,甲醛缩二甲醇(甲缩醛),,F1,3,3,II,1L,,E2,P001 IBC02,MP19,B8,T7,L1. 5B N,TP2,,FL,2 (D/E),,,,S2 S20,33
1235,,"METHYLAMI NE,AQUEOUS SOLUTION",,"甲胺,水溶液",,FC,3,3+8,II,1L,,E2,P001 IBC02,MP19,,T7,L4BH,TP1,,FL,2 (D/E),,,,S2 S20,338
1237,,METHYL BUTYRATE,,丁酸甲酯,,F1,3,3,II,1L,,E2,P001 IBC02 R001,MP19,,T4,LGBF,TP1,,FL,2 (D/E),,,,S2 S20,33
1238,,METHYL CHLOROFORMATE,,氯甲酸甲酯,,TFC,6.1,6.1+3+8,I,0,354,E0,P602,MP8 MP17,,T22,L15CH,TP2 TP35,TU14 TU15 TE19 TE21,FL,1 (C/D),,,CV1 CV13 CV28,S2 S9 S14,663
1239,,METHYL CHLOROMETH YL ETHER,,甲基氯甲基醚,,TF1,6.1,6.1+3,I,0,354,E0,P602,MP8 MP17,,T22,L15CH,TP2 TP35,TU14 TU15 TE19 TE21,FL,1 (C/D),,,CV1 CV13 CV28,S2 S9 S14,663
1242,,METHYL DICHLOROSI LANE,,甲基二氯硅烷,,WFC,4.3,4.3+3+8,I,0,,E0,P401,MP2,RR7,T14,L10 DH,TP2 TP7,TU14 TU24 TE21 TM2 TM3,FL,0 (B/E),V1,,CV23,S2 S20,X338
1243,,METHYL FORMATE,,甲酸甲酯,,F1,3,3,I,0,,E3,P001,MP7 MP17,,T11,L4BN,TP2,,FL,1 (D/E),,,,S2 S20,33
1244,,METHYL HYDRAZINE,,甲基肼,,TFC,6.1,6.1+3+8,I,0,354,E0,P602,MP8 MP17,,T22,L15CH,TP2 TP35,TU14 TU15 TE19 TE21,FL,1 (C/D),,,CV1 CV13 CV28,S2S9 S14,663
1245,,METHYL ISOBUTYL KETONE,,甲基异丁基 (甲)酮,,F1,3,3,II,1L,,E2,P001 IBC02 R001,MP19,,T4,LGBF,TP1,,FL,2 (D/E),,,,S2 S20,33
1246,,"METHYL ISOPROPENYL KETONE, STABILIZED",,"甲基异丙烯基(甲)酮,稳定的",,F1,3,3,II,1L,,E2,P001 IBC02 R001,MP19,,T4,LGBF,TP1,,FL,2 (D/E),,,,S2 S20,339
1247,,"METHYL METHACRYLATE MONOMER, STABILIZED",,"甲基丙烯酸甲酯,单体,稳定的",,F1,3,3,II,1L,,E2,P001 IBC02 R001,MP19,,T4,LGBF,TP1,,FL,2 (D/E),,,,S2 S20,339
1248,,METHYL PROPIONATE,,丙酸甲酯,,F1,3,3,II,1L,,E2,P001 IBC02 R001,MP19,,T4,LGBF,TP1,,FL,2 (D/E),,,,S2 S20,33
1249,,METHYL PROPYLKETONE,,甲基丙基(甲)酮,,F1,3,3,II,1L,,E2,P001 IBC02 R001,MP19,,T4,LGBF,TP1,,FL,2 (D/E),,,,S2 S20,33
1250,,METHYL TRICHLOROSI LANE,,甲基三氯硅烷,,FC,3,3+8,II,0,,E0,P010,MP19,,T10,L4BH,TP2 TP7,,FL,2 (D/E),,,,S2 S20,X338
1251,,"METHYL VINYL KETONE, STABILIZED",,"甲基乙烯基甲酮,稳定的",,TFC,6.1,6.1+3+8,I,0,354,E0,P601,MP8 MP17,RR7,T22,L15CH,TP2 TP37,TU14 TU15 TE19 TE21,FL,1 (C/D),,,CV1 CV13 CV28,S2 S9 S14,639
1259,,NICKEL CARBONYL,,羰基镍,,TF1,6.1,6.1+3,I,0,,E0,P601,MP2,,,L15CH,,TU14 TU15 TU31 TE19 TE21 TM3,FL,1 (C/D),,,CV1 CV13 CV28,S2 S9 S14,663
1261,,NITROMETHANE,,硝基甲烷,,F1,3,3,II,1L,,E0,P001 R001,MP19,RR2,,,,,,2 (E),,,,S2 S20,
1262,,OCTANES,,辛烷类,,F1,3,3,II,1L,,E2,P001 IBC02 R001,MP19,,T4,LGBF,TP1,,FL,2 (D/E),,,,S2 S20,33
1263,a,PAINT,"(including paint, lacquer, enamel, stain, shellac, varnish, polish, liquid filler and liquid lacquer base)",涂料,(包括油漆、真漆、瓷漆、着色剂、紫胶溶液、清漆、虫胶清漆、液体填料和液体真漆基料),F1,3,3,I,500mL,163 367 650,E3,P001,MP7 MP17,,T11,L4BN,TP1 TP8 TP27,,FL,1 (D/E),,,,S2 S20,33
1263,b,PAINT RELATED MATERIAL,(including paint thinning and reducing compound),涂料相关材料,(包括涂料稀释剂或调稀剂),F1,3,3,I,500mL,163 367 650,E3,P001,MP7 MP17,,T11,L4BN,TP1 TP8 TP27,,FL,1 (D/E),,,,S2 S20,33
1263,c,PAINT,"(including paint, lacquer, enamel, stain, shellac, varnish, polish, liquid filler and liquid lacquer base)",涂料,(包括油漆、真漆、瓷漆、着色剂、紫胶溶液、清漆、虫胶清漆、液体填料和液体真漆基料) (50°C时蒸气压大于110kPa),F1,3,3,II,5L,163 367 640C 650,E2,P001,MP19,PP1,T4,L1. 5 BN,TP1 TP8 TP28,,FL,2 (D/E),,,,S2 S20,33
1263,d,PAINT RELATED MATERIAL,(including paint thinning and reducing compound) (vapour pressure at 50°C more than 110kPa),涂料相关材料,(包括涂料稀释剂或调稀剂) (50°C时蒸气压大于110kPa),F1,3,3,II,5L,163 367 640C 650,E2,P001,MP19,PP1,T4,L1. 5 BN,TP1 TP8 TP28,,FL,2 (D/E),,,,S2 S20,33
1263,e,PAINT,"(including paint, lacquer, enamel, stain, shellac, varnish, polish, liquid filler and liquid lacquer base)",涂料,(包括油漆、真漆、瓷漆、着色剂、紫胶溶液、清漆、虫胶清漆、液体填料和液体真漆基料) (50°C时蒸气压不大于110kPa),F1,3,3,II,5L,163 367 640D 650,E2,P001 IBC02 R001,MP19,PP1,T4,LGBF,TP1 TP8 TP28,,FL,2 (D/E),,,,S2 S20,33
1263,f,PAINT RELATED MATERIAL,(including paint thinning and reducing compound) (vapour pressure at 50°C not more than 110kPa),涂料相关材料,(包括涂料稀释剂或调稀剂) (50°C时蒸气压不大于110kPa),F1,3,3,II,5L,163 367 640D 650,E2,P001 IBC02 R001,MP19,PP1,T4,LGBF,TP1 TP8 TP28,,FL,2 (D/E),,,,S2 S20,33
1263,g,PAINT,"(including paint, lacquer, enamel, stain, shellac, varnish, polish, liquid filler and liquid lacquer base)",涂料,(包括油漆、真漆、瓷漆、着色剂、紫胶溶液、清漆、虫胶清漆、液体填料和液体真漆基料)或涂料相关材料(包括涂料稀释剂或调稀剂),F1,3,3,III,5L,163 367 640E 650,E1,P001 IBC03 LP01 R001,MP19,PP1,T2,LGBF,TP1 TP29,,FL,3 (D/E),V12,,,S2,30
1263,h,PAINT RELATED MATERIAL,(including paint thinning and reducing compound),涂料相关材料,(包括涂料稀释剂或调稀剂),F1,3,3,III,5L,163 367 640E 650,E1,P001 IBC03 LP01 R001,MP19,PP1,T2,LGBF,TP1 TP29,,FL,3 (D/E),V12,,,S2,30
1263,i,PAINT,"(including paint, lacquer, enamel, stain, shellac, varnish, polish, liquid filler and liquid lacquer base) (having a flash-point below 23°C and viscous accor-ding to JT/T 617. 2—2018 5. 3. 1. 4) (vapour pressure at 50°C more than 110kPa)",涂料,"(包括油漆、真漆、瓷漆、着色剂、紫胶溶液、清漆、虫胶清漆、液体填料和液体真漆基料)或涂料相关材料(包括涂料稀释剂或调稀剂) (闪点在23°C以下,黏度参照JT/T 617.2—2018中 5.3.1.4)(50°C时蒸气压大于110kPa)",F1,3,3,III,5L,163 367 650,E1,P001 R001,MP19,PP1,,,,,,3 (E),,,,S2,
1263,j,PAINT RELATED MATERIAL,(including paint thinning and reducing compound) (having a flash-point below 23°C and viscous accor-ding to JT/T 617. 2—2018 5. 3. 1. 4) (vapour pressure at 50°C more than 110kPa),涂料相关材料,"(包括涂料稀释剂或调稀剂) (闪点在23°C以下,黏度参照JT/T 617.2—2018中 5.3.1.4)(50°C时蒸气压大于110kPa)",F1,3,3,III,5L,163 367 650,E1,P001 R001,MP19,PP1,,,,,,3 (E),,,,S2,
1263,k,PAINT,"(including paint, lacquer, enamel, stain, shellac, varnish, polish, liquid filler and liquid lacquer base) (having a flash-point below 23°C and viscous accor ding to JT/T 617. 2—2018 5. 3. 1. 4) (vapour pressure at 50°C not more than 110 kPa)",涂料,"(包括油漆、真漆、瓷漆、着色剂、紫胶溶液、清漆、虫胶清漆、液体填料和液体真漆基料) (闪点在23°C以下,黏度参照JT/T617.2 —2018中 5.3.1.4)(50°C时蒸气压不大于110kPa)",F1,3,3,III,5L,163 367 650,E1,P001 IBC02 R001,MP19,PP1 BB4,,,,,,3 (E),,,,S2,
1263,l,PAINT RELATED MATERIAL,(including paint thinning and reducing compound) (having a flash-point below 23°C and viscous accor ding to JT/T 617. 2—2018 5. 3. 1. 4) (vapour pressure at 50°C not more than 110 kPa),涂料相关材料,"(包括涂料稀释剂或调稀剂) (闪点在23°C以下,黏度参照JT/T617.2 —2018中 5.3.1.4)(50°C时蒸气压不大于110kPa)",F1,3,3,III,5L,163 367 650,E1,P001 IBC02 R001,MP19,PP1 BB4,,,,,,3 (E),,,,S2,
1264,,PARALDEHYDE,,仲乙醛(三聚乙醛),,F1,3,3,III,5L,,E1,P001 IBC03 LP01 R001,MP19,,T2,LGBF,TP1,,FL,3 (D/E),V12,,,S2,30
1265,a,PENTANES,liquid,戊烷类,液体,F1,3,3,I,0,,E3,P001,MP7 MP17,,T11,L4BN,TP2,,FL,1 (D/E),,,,S2 S20,33
1265,b,PENTANES,liquid,戊烷类,液体,F1,3,3,II,1L,,E2,P001 IBC02,MP19,B8,T4,L1. 5B N,TP1,,FL,2 (D/E),,,,S2 S20,33
1266,a,PERFUMERY PRODUCTS,with flammable solvents (vapour pressure at 50°C more than 110kPa),香料制品,含易燃液体 (50°C时蒸气压大于110kPa),F1,3,3,II,5L,163 640C,E2,P001,MP19,,T4,L1. 5 BN,TP1 TP8,,FL,2 (D/E),,,,S2 S20,33
1266,b,PERFUMERY PRODUCTS,with flammable solvents(vapour pressure at 50°C not more than 110kPa),香料制品,含易燃液体 (50°C时蒸气压不大于110kPa),F1,3,3,II,5L,163 640D,E2,P001 IBC02 R001,MP19,,T4,LGBF,TP1 TP8,,FL,2 (D/E),,,,S2 S20,33
1266,c,PERFUMERY PRODUCTS,with flammable solvents,香料制品,含易燃液体,F1,3,3,III,5L,163 640E,E1,P001 IBC03 LP01 R001,MP19,,T2,LGBF,TP1,,FL,3 (D/E),V12,,,S2,30
1266,d,PERFUMERY PRODUCTS,with flammable solvents (having a flash-point below 23°C and viscous according to JT/T 617.2-2018 5.3.1.4) (vapour pressure at 50°C more than 110kPa),香料制品,"含易燃液体(闪点在23°C以下,黏度参照JT/T617.2-2018中5.3.1.4)(50°C时蒸气压大于110kPa)",F1,3,3,III,5L,163,E1,P001 R001,MP19,,,,,,,3 (E),,,,S2,
1266,e,PERFUMERY PRODUCTS,with flammable solvents (having a flash-point below 23°C and viscous according to JT/T 617.2-2018 5.3.1.4) (vapour pressure at 50°C not more than 110kPa),香料制品,"含易燃液体(闪点在23°C以下,黏度参照JT/T617.2-2018中 5.3.1.4)(50°C时蒸气压不大于110kPa)",F1,3,3,III,5L,163,E1,P001 IBC02 R001,MP19,BB4,,,,,,3 (E),,,,S2,
1267,a,PETROLEU MCRUDE OIL,,石油原油,,F1,3,3,I,500mL,357,E3,P001,MP7 MP17,,T11,L4BN,TP1 TP8,,FL,1 (D/E),,,,S2 S20,33
1267,b,PETROLEUM CRUDE OIL,(vapour pressure at 50°C more than 110kPa),石油原油,(50°C时蒸气压大于110kPa),F1,3,3,II,1L,357 640C,E2,P001,MP19,,T4,L1. 5 BN,TP1 TP8,,FL,2 (D/E),,,,S2 S20,33
1267,c,PETROLEU MCRUDE OIL,(vapour pressure at 50°C not more than 110kPa),石油原油,(50°C时蒸气压不大于10kPa),F1,3,3,II,1L,357 640D,E2,P001 IBC02 R001,MP19,,T4,LGBF,TP1 TP8,,FL,2 (D/E),,,,S2 S20,33
1267,d,PETROLEUM CRUDE OIL,,石油原油,,F1,3,3,III,5L,357,E1,P001 IBC03 LP01 R001,MP19,,T2,LGBF,TP1,,FL,3 (D/E),V12,,,S2,30
1268,a,"PETROLEUM DISTILLATES, N.O.S.",,"石油馏出物,未另作规定的",,F1,3,3,I,500mL,363 664,E3,P001,MP7 MP17,,T11,L4BN,TP1 TP8,,FL,1 (D/E),,,,S2 S20,33
1268,b,"PETROLEUM PRODUCTS, N.O.S.",,"石油产品,未另作规定的",,F1,3,3,I,500mL,363 664,E3,P001,MP7 MP17,,T11,L4BN,TP1 TP8,,FL,1 (D/E),,,,S2 S20,33
1268,c,"PETROLEUMD ISTILLATES, N.O.S.",(vapour pressure at 50°C more than 110kPa),"石油馏出物,未另作规定的",(50°C时蒸气压大于110kPa),F1,3,3,II,1L,363 640C 664,E2,P001,MP19,,T7,L1. 5 BN,TP1 TP8 TP28,,FL,2 (D/E),,,,S2 S20,33
1268,d,"PETROLEUM PRODUCTS, N.O.S.",(vapour pressure at 50°C more than 110kPa),"石油产品,未另作规定的",(50°C时蒸气压大于110kPa),F1,3,3,II,1L,363 640C 664,E2,P001,MP19,,T7,L1. 5 BN,TP1 TP8 TP28,,FL,2 (D/E),,,,S2 S20,33
1268,e,"PETROLEUM DISTILLATES, N.O.S.",(vapour pressure at 50°C not more than 110kPa),"石油馏出物,未另作规定的",(50°C时蒸气压不大于10kPa),F1,3,3,II,1L,363 640D 664,E2,P001 IBC02 R001,MP19,,T7,LGBF,TP1 TP8 TP28,,FL,2 (D/E),,,,S2 S20,33
1268,f,"PETROLEUM PRODUCTS, N.O.S.",(vapour pressure at 50°C not more than 110kPa),"石油产品,未另作规定的",(50°C时蒸气压不大于10kPa),F1,3,3,II,1L,363 640D 664,E2,P001 IBC02 R001,MP19,,T7,LGBF,TP1 TP8 TP28,,FL,2 (D/E),,,,S2 S20,33
1268,g,"PETROLEUM DISTILLATES, N.O.S.",,"石油馏出物,未另作规定的",,F1,3,3,III,5L,363 664,E1,P001 IBC03 LP01 R001,MP19,,T4,LGBF,TP1 TP29,,FL,3 (D/E),V12,,,S2,30
1268,h,"PETROLEUM PRODUCTS, N.O.S.",,"石油产品,未另作规定的",,F1,3,3,III,5L,363 664,E1,P001 IBC03 LP01 R001,MP19,,T4,LGBF,TP1 TP29,,FL,3 (D/E),V12,,,S2,30
1272,,PINEOIL,,松油,,F1,3,3,III,5L,,E1,P001 IBC03 LP01 R001,MP19,,T2,LGBF,TP1,,FL,3 (D/E),V12,,,S2,30
1274,a,n-PROPANOL,,丙醇,,F1,3,3,II,1L,,E2,P001 IBC02 R001,MP19,,T4,LGBF,TP1,,FL,2 (D/E),,,,S2 S20,33
1274,b,"PROPYL ALCOHOL, NORMAL",,正丙醇,,F1,3,3,II,1L,,E2,P001 IBC02 R001,MP19,,T4,LGBF,TP1,,FL,2 (D/E),,,,S2 S20,33
1274,c,n-PROPANOL,,丙醇,,F1,3,3,III,5L,,E1,P001 IBC03 LP01 R001,MP19,,T2,LGBF,TP1,,FL,3 (D/E),V12,,,S2,30
1274,d,"PROPYL ALCOHOL, NORMAL",,正丙醇,,F1,3,3,III,5L,,E1,P001 IBC03 LP01 R001,MP19,,T2,LGBF,TP1,,FL,3 (D/E),V12,,,S2,30
1275,,PROPIONALDE HYDE,,丙醛,,F1,3,3,II,1L,,E2,P001 IBC02 R001,MP19,,T7,LGBF,TP1,,FL,2 (D/E),,,,S2 S20,33
1276,,n-PROPYLACE TATE,,乙酸正丙酯,,F1,3,3,II,1L,,E2,P001 IBC02 R001,MP19,,T4,LGBF,TP1,,FL,2 (D/E),,,,S2 S20,33
1277,,PROPYLAMINE,,丙胺,,FC,3,3+8,II,1L,,E2,P001 IBC02,MP19,,T7,L4BH,TP1,,FL,2 (D/E),,,,S2 S20,338
1278,,1-CHLOROPR OPANE,,1-氯内烷,,F1,3,3,II,1L,,E0,P001 IBC02,MP19,B8,T7,L1. 5B N,TP2,,FL,2 (D/E),,,,S2 S20,33
1279,,"1,2-DICHLOR OPROPANE",,"1,2-二氯丙烷",,F1,3,3,II,1L,,E2,P001 IBC02 R001,MP19,,T4,LGBF,TP1,,FL,2 (D/E),,,,S2 S20,33
1280,,PROPYLENE OXIDE,,氧化丙烯,,F1,3,3,I,0,,E3,P001,MP7 MP17,,T11,L4BN,TP2 TP7,,FL,1 (D/E),,,,S2 S20,33
1281,,PROPYL FORMATES,,甲酸丙酯类,,F1,3,3,II,1L,,E2,P001 IBC02 R001,MP19,,T4,LGBF,TP1,,FL,2 (D/E),,,,S2 S20,33
1282,,PYRIDINE,,吡啶,,F1,3,3,II,1L,,E2,P001 IBC02 R001,MP19,,T4,LGBF,TP2,,FL,2 (D/E),,,,S2 S20,33
1286,a,ROSINOIL,(vapour pressure at 50°C more than 110kPa),松香油,(50°C时蒸气压大于110kPa),F1,3,3,II,5L,640C,E2,P001,MP19,,T4,L1. 5 BN,TP1,,FL,2 (D/E),,,,S2 S20,33
1286,b,ROSINOIL,(vapour pressure at 50°C not more than 110kPa),松香油,(50°C时蒸气压不大于110kPa),F1,3,3,II,5L,640D,E2,IBC02 R001,MP19,,T4,LGBF,TP1,,FL,2 (D/E),,,,S2 S20,33
1286,c,ROSIN OIL,,松香油,,F1,3,3,III,5L,640E,E1,IBC03 LP01 R001,MP19,,T2,LGBF,TP1,,FL,3 (D/E),V12,,,S2,30
1286,d,ROSIN OIL,(having a flash-point below 23°C and viscous according to JT/T 617. 2 —2018 5. 3. 1. 4) (vapour pressure at 50°C more than 110kPa),松香油,"(闪点在23°C以下,黏度参照JT/T617.2—2018 中5.3.1.4) (50°C时蒸气压大于110kPa)",F1,3,3,III,5L,,E1,R001,MP19,,,,,,,3 (E),,,,S2,
1286,e,ROSIN OIL,(having a flash-point below 23°C and viscous according to JT/T 617. 2 —2018 5. 3. 1. 4) (vapour pressure at 50°C not more than 110kPa),松香油,"(闪点在23°C以下,黏度参照JT/T617.2— 2018中5.3. 1.4)(50°C时蒸气压不大于10kPa)",F1,3,3,III,5L,,E1,IBC02 R001,MP19,BB4,,,,,,3 (E),,,,S2,
1287,a,RUBBER SOLUTION,(vapour pressure at 50°C more than 110kPa),橡胶溶液,(50°C时蒸气压大于110kPa),F1,3,3,II,5L,640C,E2,P001,MP19,,T4,L1. 5 BN,TP1 TP8,,FL,2 (D/E),,,,S2 S20,33
1287,b,RUBBER SOLUTION,(vapour pressure at 50°C not more than 110kPa),橡胶溶液,(50°C时蒸气压不大于10kPa),F1,3,3,II,5L,640D,E2,P001 IBC02 R001,MP19,,T4,LGBF,TP1 TP8,,FL,2 (D/E),,,,S2 S20,33
1287,c,RUBBER SOLUTION,,橡胶溶液,,F1,3,3,III,5L,640E,E1,P001 IBC03 LP01 R001,MP19,,T2,LGBF,TP1,,FL,3 (D/E),V12,,,S2,30
1287,d,RUBBER SOLUTION,(having a flash-point below 23°C and viscous according to JT/T 617. 2—2018 5. 3. 1. 4) (vapour pressure at 50°C more than 110kPa),橡胶溶液,"(闪点在23°C以下,黏度参照JT/T617.2— 2018中5.3. 1.4)(50°C时蒸气压大于110kPa)",F1,3,3,III,5L,,E1,P001 R001,MP19,,,,,,,3 (E),,,,S2,
1287,e,RUBBER SOLUTION,(having a flash-point below 23°C and viscous according to JT/T 617. 2—2018 5. 3. 1. 4) (vapour pressure at 50°C not more than 110 kPa),橡胶溶液,"(闪点在23°C以下,黏度参照JT/T617.2— 2018中5.3. 1.4)(50°C时蒸气压不 大于10kPa)",F1,3,3,III,5L,,E1,P001 IBC02 R001,MP19,BB4,,,,,,3 (E),,,,S2,
1288,a,SHALE OIL,,页岩油,,F1,3,3,II,1L,,E2,P001 IBC02 R001,MP19,,T4,LGBF,TP1 TP8,,FL,2 (D/E),,,,S2 S20,33
1288,b,SHALE OIL,,页岩油,,F1,3,3,III,5L,,E1,P001 IBC03 LP01 R001,MP19,,T2,LGBF,TP1,,FL,3 (D/E),V12,,,S2,30
1289,a,SODIUM METHYLATE SOLUTION,in alcohol,甲醇钠的酒精溶液,,FC,3,3+8,II,1L,,E2,P001 IBC02,MP19,,T7,L4BH,TP1 TP8,,FL,2 (D/E),,,,S2 S20,338
1289,b,SODIUM METHYLATE SOLUTION,in alcohol,甲醇钠的酒精溶液,,FC,3,3+8,III,5L,,E1,P001 IBC02 R001,MP19,,T4,L4BN,TP1,,FL,3 (D/E),,,,S2,38
1292,,TETRAETHYL SILICATE,,硅酸四乙酯,,F1,3,3,III,5L,,E1,P001 IBC03 LP01 R001,MP19,,T2,LGBF,TP1,,FL,3 (D/E),V12,,,S2,30
1293,a,"TINCTURES, MEDICINAL",,"酊剂类,医药用",,F1,3,3,II,1L,601,E2,P001 IBC02 R001,MP19,,T4,LGBF,TP1 TP8,,FL,2 (D/E),,,,S2 S20,33
1293,b,"TINCTURES, MEDICINAL",,"酊剂类,医药用",,F1,3,3,III,5L,601,E1,P001 IBC03 LP01 R001,MP19,,T2,LGBF,TP1,,FL,3 (D/E),V12,,,S2,30
1294,,TOLUENE,,甲苯,,F1,3,3,II,1L,,E2,P001 IBC02 R001,MP19,,T4,LGBF,TP1,,FL,2 (D/E),,,,S2 S20,33
1295,,TRICHLOROSILANE,,三氯硅烷,,WFC,4.3,4.3+3+8,I,0,,E0,P401,MP2,RR7,T14,L10DH,TP2 TP7,TU14 TU25 TE21 TM2 TM3,FL,0 (B/E),V1,,CV23,S2 S20,X338
1296,,TRIETHYLAMINE,,三乙胺,,FC,3,3+8,II,1L,,E2,P001 IBC02,MP19,,T7,L4BH,TP1,,FL,2 (D/E),,,,S2 S20,338
1297,a,"TRIMETHYLAMINE, AQUEOUS SOLUTION","not more than 50% trimethylamine, by mass","三甲胺,水溶液",按质量含三甲胺不超过50%,FC,3,3+8,I,0,,E0,P001,MP7 MP17,,T11,L10 CH,TP1,TU14 TE21,FL,1 (C/E),,,,S2 S20,338
1297,b,"TRIMETHYLAMINE, AQUEOUS SOLU TION","not more than 50% trimethylamine, by mass","三甲胺,水溶液",按质量含三甲胺不超过50%,FC,3,3+8,II,1L,,E2,P001 IBC02,MP19,,T7,L4BH,TP1,,FL,2 (D/E),,,,S2 S20,338
1297,c,"TRIMETHYLAMINE, AQUEOUS SOLUTION","not more than 50% trimethylamine, by mass","三甲胺,水溶液",按质量含三甲胺不超过50%,FC,3,3+8,III,5L,,E1,P001 IBC03 R001,MP19,,T7,L4BN,TP1,,FL,3 (D/E),V12,,,S2,38
1298,,TRIMETHYLCHLOROSILANE,,三甲基氯硅烷,,FC,3,3+8,II,0,,E0,P010,MP19,,T10,L4BH,TP2 TP7,,FL,2 (D/E),,,,S2 S20,X338
1299,,TURPENTINE,,松节油,,F1,3,3,III,5L,,E1,P001 IBC03 LP01 R001,MP19,,T2,LGBF,TP1,,FL,3 (D/E),V12,,,S2,30
1300,a,TURPENTINE SUBSTITUTE,,松节油代用品,,F1,3,3,II,1L,,E2,P001 IBC02 R001,MP19,,T4,LGBF,TP1,,FL,2 (D/E),,,,S2 S20,33
1300,b,TURPENTINE SUBSTITUTE,,松节油代用品,,F1,3,3,III,5L,,E1,P001 IBC03 LP01 R001,MP19,,T2,LGBF,TP1,,FL,3 (D/E),V12,,,S2,30
1301,,"VINYL ACETATE, STABILIZED",,"乙酸乙烯酯,稳定的",,F1,3,3,II,1L,,E2,P001 IBC02 R001,MP19,,T4,LGBF,TP1,,FL,2 (D/E),,,,S2 S20,339
1302,,"VINYL ETHYL ETHER, STABILIZED",,"乙烯基乙基醚,稳定的",,F1,3,3,I,0,,E3,P001,MP7 MP17,,T11,L4BN,TP2,,FL,1 (D/E),,,,S2 S20,339
1303,,"VINYLIDENE CHLORIDE, STABILIZED",,"乙烯叉二氯,稳定的",,F1,3,3,I,0,,E3,P001,MP7 MP17,,T12,L4BN,TP2 TP7,,FL,1 (D/E),,,,S2 S20,339
1304,,"VINYL ISOBUTYL ETHER, STABILIZED",,"乙烯基异丁基醚,稳定的",,F1,3,3,II,1L,,E2,P001 IBC02 R001,MP19,,T4,LGBF,TP1,,FL,2 (D/E),,,,S2 S20,339
1305,,VINYL TRICHLOROSI LANE,,乙烯基三氯硅烷,,FC,3,3+8,II,0,,E0,P010,MP19,,T10,L4BH,TP2 TP7,,FL,2 (D/E),,,,S2 S20,X338
1306,a,"WOOD PRESERVATIVES, LIQUID",(vapour pressure at 50°C more than 110kPa),"木材防腐剂,液体的",(50°C时蒸气压大于110kPa),F1,3,3,II,5L,640C,E2,P001,MP19,,T4,L1. 5BN,TP1 TP8,,FL,2 (D/E),,,,S2 S20,33
1306,b,"WOOD PRESERVATIVES, LIQUID",(vapour pressure at 50°C not more than 110kPa),"木材防腐剂,液体的",(50°C时蒸气压不大于110kPa),F1,3,3,II,5L,640D,E2,P001 IBC02 R001,MP19,,T4,LGBF,TP1 TP8,,FL,2 (D/E),,,,S2 S20,33
1306,c,"WOOD PRESERVATIVES, LIQUID",,"木材防腐剂,液体的",,F1,3,3,III,5L,640E,E1,P001 IBC03 LP01 R001,MP19,,T2,LGBF,TP1,,FL,3 (D/E),V12,,,S2,30
1306,d,"WOOD PRESERVATIVES, LIQUID",(having a flash-point below 23°C and viscous according to JT/T 617. 2-2018 5.3.1.4) (vapour pressure at 50°C more than 110kPa),"木材防腐剂,液体的","(闪点在23°C以下,黏度参照JT/T617.2-2018中5.3.1.4) (50°C时蒸气压大于110kPa)",F1,3,3,III,5L,,E1,P001 R001,MP19,,,,,,,3 (E),,,,S2,
1306,e,"WOOD PRESERVATIVES, LIQUID",(having a flash-point below 23°C and viscous according to JT/T 617. 2-2018 5.3.1.4) (vapour pres sure at 50°C not more than 110kPa),液态木材防腐剂,"(闪点在 23°C以下,黏度参照JT/T617.2-2018 中5.3.1.4) (50°C时蒸气压不大于10kPa)",F1,3,3,III,5L,,E1,P001 IBC02 R001,MP19,BB4,,,,,,3 (E),,,,S2,
1307,a,XYLENES,,二甲苯类,,F1,3,3,II,1L,,E2,P001 IBC02 R001,MP19,,T4,LGBF,TP1,,FL,2 (D/E),,,,S2 S20,33
1307,b,XYLENES,,二甲苯类,,F1,3,3,III,5L,,E1,P001 IBC03 LP01,MP19,,T2,LGBF,TP1,,FL,3 (D/E),V12,,,S2,30
1308,a,ZIRCONIUM SUSPENDED IN A FLAMMABLE LIQUID,,"金属锆,悬浮在易燃液体中",,F1,3,3,I,0,,E0,RP000011,MP7 MP17,PP33,,L4BN,,,FL,1 (D/E),,,,S2 S20,33
1308,b,ZIRCONIUM SUSPENDED IN A FLAMMABLE LIQUID,(vapour pressure at 50°C more than 110kPa),"金属锆,悬浮在易燃液体中",(50°C时蒸气压大于110kPa),F1,3,3,II,1L,640C,E2,P001 R001,MP19,PP33,,L1. 5 BN,,,FL,2 (D/E),,,,S2 S20,33
1308,c,ZIRCONIUM SUSPENDED IN A FLAMMABLE LIQUID,(vapour pressure at 50°C not more than 110kPa),"金属锆,悬浮在易燃液体中",(50°C时蒸气压不大于110kPa),F1,3,3,II,1L,640D,E2,P001 R001,MP19,PP33,,LGBF,,,FL,2 (D/E),,,,S2 S20,33
1308,d,ZIRCONIUM SUSPENDED IN AFLAMM ABLE LIQUID,,"金属锆,悬浮在易燃液体中",,F1,3,3,III,5L,,E1,P001 R001,MP19,,,LGBF,,,FL,3 (D/E),,,,S2,30
1309,a,"ALUMINIUM POWDER, COATED",,"铝粉,有涂层的",,F3,4.1,4.1,II,1kg,,E2,P002 IBC08,MP11,PP38 B4,T3,SGAN,TP33,,AT,2 (E),V11,,,,40
1309,b,"ALUMINIUM POWDER, COATED",,"铝粉,有涂层的",,F3,4.1,4.1,III,5kg,,E1,P002 IBC08 LP02 R001,MP11,PP11 B3,T1,SGAV,TP33,,AT,3 (E),,VC1 VC2,,,40
1310,,"AMMONIUM PICRATE, WETTED","with not less than 10% water, by mass","苦味酸铵,湿的",按质量含水不少于10%,D,4.1,4.1,I,0,,E0,P406,MP2,PP26,,,,,,1 (B),,,,S14,
1312,,BORNEOL,,"莰醇(冰片,龙脑)",,F1,4.1,4.1,III,5kg,,E1,P002 IBC08 LP02 R001,MP10,B3,T1,SGAV,TP33,,AT,3 (E),,VC1 VC2,,,40
1313,,CALCIUM RESINATE,,树脂酸钙,,F3,4.1,4.1,III,5kg,,E1,P002 IBC06 R001,MP11,,T1,SGAV,TP33,,AT,3 (E),,VC1 VC2,,,40
1314,,"CALCIUM RESINATE, FUSED",,"树脂酸钙,熔凝的",,F3,4.1,4.1,III,5kg,,E1,P002 IBC04 R001,MP11,,T1,SGAV,TP33,,AT,3 (E),,VC1 VC2,,,40
1318,,"COBALT RESINATE, PRECIPITATED",,"树脂酸钴,沉淀的",,F3,4.1,4.1,III,5kg,,E1,P002 IBC06 R001,MP11,,T1,SGAV,TP33,,AT,3 (E),,VC1 VC2,,,40
1320,,"DINITROPHENOL, WETTED","with not less than 15% water,by mass","二硝基苯酚,湿的",按质量含水不少 于15%,DT,4.1,4.1+6.1,I,0,,E0,P406,MP2,PP26,,,,,,1 (B),,,CV28,S14,
1321,,"DINITROPHENOLATES, WETTED","with not less than 15% water,by mass","二硝基苯酚盐,湿的",按质量含水不少于15%,DT,4.1,4.1+6.1,I,0,,E0,P406,MP2,PP26,,,,,,1 (B),,,CV28,S14,
1322,,"DINITRORESORCINOL, WETTED","with not less than 15% water,by mass","二硝基间苯二酚,湿的",按质量含水不少于15%,D,4.1,4.1,I,0,,E0,P406,MP2,PP26,,,,,,1 (B),,,,S14,
1323,,FERROCERIUM,,铁铈齐,,F3,4.1,4.1,II,1kg,249,E2,P002 IBC08,MP11,B4,T3,SGAN,TP33,,AT,2 (E),V11,,,,40
1324,,"FILMS, NITROCELLUL-OSE BASE","gelatin coated, except scrap","胶片,以硝化纤维素为基料","涂有明胶的,碎胶片除外",F1,4.1,4.1,III,5kg,,E1,P002 R001,MP11,PP15,,,,,,3 (E),,,,,
1325,a,"FLAMMABLE SOLID, ORGAN IC, N.O.S.",,"易燃固体,有机的,未另作规定的",,F1,4.1,4.1,II,1kg,274,E2,P002 IBC08,MP10,B4,T3,SGAN,TP33,,AT,2 (E),V11,,,,40
1325,b,"FLAMMABLE SOLID, ORGAN IC, N.O.S.",,"易燃固体,有机的,未另作规定的",,F1,4.1,4.1,III,5kg,274,E1,P002 IBC08 LP02 R001,MP10,B3,T1,SGAV,TP33,,AT,3 (E),,VC1 VC2,,,40
1326,,"HAFNIUM POWDER, WETTED",with not less than 25% water,"铪粉,湿的",含水量不少于25%,F3,4.1,4.1,II,1kg,586,E2,P410 IBC06,MP11,PP40,T3,SGAN,TP33,,AT,2 (E),V11,,,,40
1327,,"HAY, STRAW or BHUSA",,干草、干秆或碎稻草和稻壳,,F1,4.1,,,,,,,,,,(Not subject to JTT),,,,,,,,,
1328,,HEXAMETHYLENETETRAMINE,,环六亚甲基四胺,,F1,4.1,4.1,III,5kg,,E1,P002 IBC08 R001,MP10,B3,T1,SGAV,TP33,,AT,3 (E),,VC1 VC2,,,40
1330,,MANGANESE RESINATE,,树脂酸锰,,F3,4.1,4.1,III,5kg,,E1,P002 IBC06 R001,MP11,,T1,SGAV,TP33,,AT,3 (E),,VC1 VC2,,,40
1331,,"MATCHES, 'STRIKE ANYWHERE'",,"火柴,“随处划燃的”",,F1,4.1,4.1,III,5kg,293,E0,P407,MP12,PP27,,,,,,4 (E),,,,,
1332,,METALDEHYDE,,聚乙醛,,F1,4.1,4.1,III,5kg,,E1,P002 IBC08 LP02 R001,MP10,B3,T1,SGAV,TP33,,AT,3 (E),,VC1 VC2,,,40
1333,,CERIUM,"slabs,ingots or rods",铈,板、锭或棒状,F3,4.1,4.1,II,1kg,,E2,P002 IBC08,MP11,B4,,,,,,2 (E),V11,,,,
1334,a,"NAPHTHALENE, CRUDE",,"萘,粗制的或奈,精制的",,F1,4.1,4.1,III,5kg,501,E1,P002 IBC08 LP02 R001,MP10,B3,T1 BK1 BK2,SGAV,TP33,,AT,3 (E),,VC1 VC2 AP1,,,40
1334,b,"NAPHTHALENE, REFINED",,"萘,粗制的或奈,精制的",,F1,4.1,4.1,III,5kg,501,E1,P002 IBC08 LP02 R001,MP10,B3,T1 BK1 BK2,SGAV,TP33,,AT,3 (E),,VC1 VC2 AP1,,,40
1336,a,"NITROGUANIDINE, WETTED","with not less than 20% water,by mass","硝基胍,湿的",按质量含水不少于20%,D,4.1,4.1,I,0,,E0,P406,MP2,,,,,,,1 (B),,,,S14,
1336,b,"PICRITE, WETTED","with not less than 20% water,by mass","橄苦岩,湿的",按质量含水不少于20%,D,4.1,4.1,I,0,,E0,P406,MP2,,,,,,,1 (B),,,,S14,
1337,,"NITROSTARCH, WETTED","with not less than 20% water,by mass","硝化淀粉,湿的",按质量含水不少于20%,D,4.1,4.1,I,0,,E0,P406,MP2,,,,,,,1 (B),,,,S14,
1338,,"PHOSPHORUS, AMORPHOUS",,"磷,无定形的",,F3,4.1,4.1,III,5kg,,E1,P410 IBC08 R001,MP11,B3,T1,SGAV,TP33,,AT,3 (E),,VC1 VC2,,,40
1339,,PHOSPHORUS HEPTASULPHIDE,free from yellow and white phosphorus,七硫化四磷,不含黄磷或白磷,F3,4.1,4.1,II,1kg,602,E2,P410 IBC04,MP11,,T3,SGAN,TP33,,AT,2 (E),,,,,40
1340,,PHOSPHORUS PENTASULPHIDE,free from yellow and white phosphorus,五硫化二磷,不含黄磷或白磷,WF2,4.3,4.3+4.1,II,500g,602,E2,P410 IBC04,MP14,,T3,SGAN,TP33,,AT,0 (D/E),V1,,CV23,,423
1341,,PHOSPHORUS SESQUISULPHIDE,free from yellow and white phosphorus,三硫化四磷,不含黄磷或白磷,F3,4.1,4.1,II,1kg,602,E2,P410 IBC04,MP11,,T3,SGAN,TP33,,AT,2 (E),,,,,40
1343,,PHOSPHORUS TRISULPHIDE,free from yellow and white phosphorus,三硫化二磷,不含黄磷或白磷,F3,4.1,4.1,II,1kg,602,E2,P410 IBC04,MP11,,T3,SGAN,TP33,,AT,2 (E),,,,,40
1344,a,"TRINITRO PHENOL, WETTED","with not less than 30% water, by mass","三硝基苯酚,湿的",按质量含水不少于30%,D,4.1,4.1,I,0,,E0,P406,MP2,PP26,,,,,,1 (B),,,,S14,
1344,b,"PICRIC ACID, WETTED","with not less than 30% water, by mass","苦味酸,湿的",按质量含水不少于30%,D,4.1,4.1,I,0,,E0,P406,MP2,PP26,,,,,,1 (B),,,,S14,
1345,a,RUBBER SCRAP,powdered or granulated,废橡胶,粉状或颗粒状,F1,4.1,4.1,II,1kg,,E2,P002 IBC08,MP11,B4,T3,SGAN,TP33,,AT,4 (E),V11,,,,40
1345,b,RUBBER SHODDY,powdered or granulated,废橡胶,粉状或颗粒状,F1,4.1,4.1,II,1kg,,E2,P002 IBC08,MP11,B4,T3,SGAN,TP33,,AT,4 (E),V11,,,,40
1346,,"SILICON POWDER, AMORPHOUS",,"硅粉,非晶形的",,F3,4.1,4.1,III,5kg,32,E1,P002 IBC08 LP02 R001,MP11,B3,T1,SGAV,TP33,,AT,3 (E),,VC1 VC2,,,40
1347,,"SILVER PICRATE, WETTED","with not less than 30% water, by mass","苦味酸银,湿的",按质量含水不少于30%,D,4.1,4.1,I,0,,E0,P406,MP2,PP25 PP26,,,,,,1 (B),,,,S14,
1348,,"SODIUM DINITRO-o-CRESOLATE, WETTED","with not less than 15% water, by mass","二硝基邻甲酚钠,湿的",按质量含水不少于15%,DT,4.1,4.1+6.1,I,0,,E0,P406,MP2,PP26,,,,,,1 (B),,,CV28,S14,
1349,,"SODIUM PICRAMATE, WETTED","with not less than 20% water, by mass","苦氨酸钠,湿的",按质量含水不少于20%,D,4.1,4.1,I,0,,E0,P406,MP2,PP26,,,,,,1 (B),,,,S14,
1350,,SULPHUR,,硫,,F3,4.1,4.1,III,5kg,242,E1,P002 IBC08 LP02 R001,MP11,B3,T1 BK1 BK2,SGAV,TP33,,AT,3 (E),,VC1 VC2,,,40
1352,,"TITANIUM POWDER, WETTED",with not less than 25% water,"钛粉,湿的",含水不少于25%,F3,4.1,4.1,II,1kg,586,E2,P410 IBC06,MP11,PP40,T3,SGAN,TP33,,AT,2 (E),V11,,,,40
1353,a,"FIBRES IMPREGNATED WITH WEAKLY NITRATED NITROCELLULOSE, N.O.S.",,"纤维,浸过轻度硝化的硝化纤维素,未另作规定的",,F1,4.1,4.1,III,5kg,502,E1,P410 IBC08 R001,MP11,B3,,,,,,3 (E),,,,,
1353,b,"FABRICS IMPREGNATED WITH WEAKLY NITRATED NITROCELLULOSE, N.O.S.",,"纤维织品,浸过轻度硝化的硝化纤维素,未另作规定的",,F1,4.1,4.1,III,5kg,502,E1,P410 IBC08 R001,MP11,B3,,,,,,3 (E),,,,,
1354,,"TRINITROBENZENE, WETTED","with not less than 30% water, by mass","三硝基苯,湿的",按质量含水不少于30%,D,4.1,4.1,I,0,,E0,P406,MP2,,,,,,,1 (B),,,,S14,
1355,,"TRINITROBENZOIC ACID, WETTED","with not less than 30% water, by mass","三硝基苯甲酸,湿的",按质量含水不少于30%,D,4.1,4.1,I,0,,E0,P406,MP2,,,,,,,1 (B),,,,S14,
1356,a,"TRINITROTOLUENE, WETTED","with not less than 30% water, by mass","三硝基甲苯,湿的",按质量含水不少于30%,D,4.1,4.1,I,0,,E0,P406,MP2,,,,,,,1 (B),,,,S14,
1356,b,"TNT, WETTED","with not less than 30% water, by mass","TNT,湿的",按质量含水不少于30%,D,4.1,4.1,I,0,,E0,P406,MP2,,,,,,,1 (B),,,,S14,
1357,,"UREA NITRATE, WETTED","with not less than 20% water, by mass","硝酸脲,湿的",按质量含水不少于20%,D,4.1,4.1,I,0,227,E0,P406,MP2,,,,,,,1 (B),,,,S14,
1358,,"ZIRCONIUM POWDER, WETTED",with not less than 25% water,"锆粉,湿的",含水不少于25%,F3,4.1,4.1,II,1kg,586,E2,P410 IBC06,MP11,PP40,T3,SGAN,TP33,,AT,2 (E),V11,,,,40
1360,,CALCIUM PHOSPHIDE,,二磷化三钙,,WT2,4.3,4.3+6.1,I,0,,E0,P403,MP2,,,,,,,1 (E),V1,,CV23 CV28,S20,
1361,a,CARBON,animal or vegetable origin,碳,来源于动物或植物,S2,4.2,4.2,II,0,,E0,P002 IBC06,MP14,PP12,T3,SGAN,TP33,TU11,AT,2 (D/E),V1 V13,,,,40
1361,b,CARBON,animal or vegetable origin,碳,来源于动物或植物,S2,4.2,4.2,III,0,,E0,P002 IBC08 LP02 R001,MP14,PP12 B3,T1,SGAV,TP33,,AT,4 (E),V1 V13,VC1 VC2 AP1,,,40
1362,,"CARBON, ACTIVATED",,"碳,活性的",,S2,4.2,4.2,III,0,646,E1,P002 IBC08 LP02 R001,MP14,PP11 B3,T1,SGAV,TP33,,AT,4 (E),V1,VC1 VC2 AP1,,,40
1363,,COPRA,,干椰子肉,,S2,4.2,4.2,III,0,,E0,P003 IBC08 LP02 R001,MP14,PP20 B3B6,,,,,,3 (E),V1,VC1 VC2 AP1,,,40
1364,,"COTTON WASTE,OILY",,"废棉,含油的",,S2,4.2,4.2,III,0,,E0,P003 IBC08 LP02 R001,MP14,PP19 B3B6,,,,,,3 (E),V1,VC1 VC2 AP1,,,40
1365,,"COTTON,WET",,"棉花,湿的",,S2,4.2,4.2,III,0,,E0,P003 IBC08 LP02 R001,MP14,PP19 B3B6,,,,,,3 (E),V1,VC1 VC2 AP1,,,40
1369,,p-NITROSODIMETHYLANILINE,,对亚硝基二甲基苯胺,,S2,4.2,4.2,II,0,,E2,P410 IBC06,MP14,,T3,SGAN,TP33,,AT,2 (D/E),V1,,,,40
1372,a,"FIBRES, ANIMAL","burnt,wet or damp",动物纤维或植物纤维,焦的、湿的或潮的,S2,4.2,,,,,,,,,,Not subject to JTT,,,,,,,,,
1372,b,"FIBRES, VEGETABLE","burnt,wet or damp",动物纤维或植物纤维,焦的、湿的或潮的,S2,4.2,,,,,,,,,,Not subject to JTT,,,,,,,,,
1373,a,"FIBRES, ANIMAL, N.O.S.",with oil,动物的纤维未另作规定的,含油的,S2,4.2,4.2,III,0,,E0,P410 IBC08 R001,MP14,B3,T1,,TP33,,AT,3 (E),V1,VC1 VC2 AP1,,,40
1373,b,"FIBRES, VEGETABLE, N.O.S.",with oil,植物或纤维未另作规定的,含油的,S2,4.2,4.2,III,0,,E0,P410 IBC08 R001,MP14,B3,T1,,TP33,,AT,3 (E),V1,VC1 VC2 AP1,,,40
1373,c,"FIBRES, SYNTHETIC, N.O.S.",with oil,合成的纤维未另作规定的,含油的,S2,4.2,4.2,III,0,,E0,P410 IBC08 R001,MP14,B3,T1,,TP33,,AT,3 (E),V1,VC1 VC2 AP1,,,40
1373,d,"FABRICS, ANIMAL, N.O.S.",with oil,动物的纤维制品未另作规定的,含油的,S2,4.2,4.2,III,0,,E0,P410 IBC08 R001,MP14,B3,T1,,TP33,,AT,3 (E),V1,VC1 VC2 AP1,,,40
1373,e,"FABRICS, VEGETABLE, N.O.S.",with oil,植物的纤维制品未另作规定的,含油的,S2,4.2,4.2,III,0,,E0,P410 IBC08 R001,MP14,B3,T1,,TP33,,AT,3 (E),V1,VC1 VC2 AP1,,,40
1373,f,"FABRICS, SYNTHETIC, N.O.S.",with oil,合成的纤维制品未另作规定的,含油的,S2,4.2,4.2,III,0,,E0,P410 IBC08 R001,MP14,B3,T1,,TP33,,AT,3 (E),V1,VC1 VC2 AP1,,,40
1374,a,"FISHMEAL, UNSTABILIZED",,"鱼粉,未稳定的",,S2,4.2,4.2,II,0,300,E2,P410 IBC08,MP14,B4,T3,,TP33,,AT,2 (D/E),V1,,,,40
1374,b,"FISH SCRAP, UNSTABILIZED",,"鱼渣,未稳定的",,S2,4.2,4.2,II,0,300,E2,P410 IBC08,MP14,B4,T3,,TP33,,AT,2 (D/E),V1,,,,40
1376,a,"IRON OXIDE, SPENT",obtained from coal gas purification,"氧化铁,废的",从提纯煤气中取得,S4,4.2,4.2,III,0,592,E0,P002 IBC08 LP02 R001,MP14,B3,T1 BK2,SGAV,TP33,,AT,3 (E),V1,VC1 VC2 AP1,,,40
1376,b,"IRON SPONGE, SPENT",obtained from coal gas purification,"海绵状铁,废的",从提纯煤气中取得,S4,4.2,4.2,III,0,592,E0,P002 IBC08 LP02 R001,MP14,B3,T1 BK2,SGAV,TP33,,AT,3 (E),V1,VC1 VC2 AP1,,,40
1378,,"METAL CATALYST, WETTED",with a visible excess of liquid,"金属催化剂,湿的",含有可见的过量液体,S4,4.2,4.2,II,0,274,E0,P410 IBC01,MP14,PP39,T3,SGAN,TP33,,AT,2 (D/E),V1,,,,40
1379,,"PAPER, UNS ATURATED OIL TREATED",incompletely dried (including carbon paper),"纸,经不饱和油处理的",未干透的(包括复写纸),S2,4.2,4.2,III,0,,E0,P410 IBC08 R001,MP14,B3,,,,,,3 (E),V1,VC1 VC2 AP1,,,40
1380,,PENTABORANE,,戊硼烷,,ST3,4.2,4.2+6.1,I,0,,E0,P601,MP2,,,L21DH,,TU14 TC1 TE21 TM1,AT,0 (B/E),V1,,CV28,S20,333
1381,a,"PHOSPHORUS, WHITE",,"磷,白色,干的",,ST4,4.2,4.2+6.1,I,0,503,E0,P405,MP2,,T9,L10 DH(+),TP3 TP31,TU14 TU16 TU21 TE3 TE21,AT,0 (B/E),V1,,CV28,S20,46
1381,b,"PHOSPHORUS, WHITE, UNDER WATER",,"磷,白色或黄色的,浸在水中",,ST3,4.2,4.2+6.1,I,0,503,E0,P405,MP2,,T9,L10 DH(+),TP3 TP31,TU14 TU16 TU21 TE3 TE21,AT,0 (B/E),V1,,CV28,S20,46
1381,c,"PHOSPHORUS, WHITE, IN SOLUTION",,"磷,白色或黄色的,浸在溶液中",,ST3,4.2,4.2+6.1,I,0,503,E0,P405,MP2,,T9,L10 DH(+),TP3 TP31,TU14 TU16 TU21 TE3 TE21,AT,0 (B/E),V1,,CV28,S20,46
1381,d,"PHOSPHORUS, YELLOW,DRY",,"磷,黄色,干的",,ST4,4.2,4.2+6.1,I,0,503,E0,P405,MP2,,T9,L10 DH(+),TP3 TP31,TU14 TU16 TU21 TE3 TE21,AT,0 (B/E),V1,,CV28,S20,46
1381,e,"PHOSPHORUS, YELLOW, UNDER WATER",,"磷,白色或黄色的,浸在水中",,ST3,4.2,4.2+6.1,I,0,503,E0,P405,MP2,,T9,L10 DH(+),TP3 TP31,TU14 TU16 TU21 TE3 TE21,AT,0 (B/E),V1,,CV28,S20,46
1381,f,"PHOSPHORUS, YELLOW, IN SOLUTION",,"磷,黄色的,浸在溶液中",,ST3,4.2,4.2+6.1,I,0,503,E0,P405,MP2,,T9,L10 DH(+),TP3 TP31,TU14 TU16 TU21 TE3 TE21,AT,0 (B/E),V1,,CV28,S20,46
1382,a,"POTASSIUM SULPHIDE, ANHYDROUS",,"硫化钾,无水的",,S4,4.2,4.2,II,0,504,E2,P410 IBC06,MP14,,T3,SGAN,TP33,,AT,2 (D/E),V1,,,,40
1382,b,POTASSIUM SULPHIDE,with less than 30% water of crystallization,"硫化钾,",含结晶水少于30%,S4,4.2,4.2,II,0,504,E2,P410 IBC06,MP14,,T3,SGAN,TP33,,AT,2 (D/E),V1,,,,40
1383,a,"PYROPHORIC METAL, N.O.S.",,"发火金属,未另作规定的",,S4,4.2,4.2,I,0,274,E0,P404,MP13,,T21,,TP7 TP33,,AT,0 (B/E),V1,,,S20,43
1383,b,"PYROPHORIC ALLOY, N.O.S.",,"发火合金,未另作规定的",,S4,4.2,4.2,I,0,274,E0,P404,MP13,,T21,,TP7 TP33,,AT,0 (B/E),V1,,,S20,43
1384,a,SODIUM DITHIONITE,,连二亚硫酸钠,,S4,4.2,4.2,II,0,,E2,P410 IBC06,MP14,,T3,SGAN,TP33,,AT,2 (D/E),V1,,,,40
1384,b,SODIUM HYDROSULPHITE,,亚硫酸氢钠,,S4,4.2,4.2,II,0,,E2,P410 IBC06,MP14,,T3,SGAN,TP33,,AT,2 (D/E),V1,,,,40
1385,a,"SODIUM SULPHIDE, ANHYDROUS",,"硫化钠,无水的",,S4,4.2,4.2,II,0,504,E2,P410 IBC06,MP14,,T3,SGAN,TP33,,AT,2 (D/E),V1,,,,40
1385,b,SODIUM SULPHIDE,with less than 30% water of crystallization,硫化钠,含结晶水少于30%,S4,4.2,4.2,II,0,504,E2,P410 IBC06,MP14,,T3,SGAN,TP33,,AT,2 (D/E),V1,,,,40
1386,,SEED CAKE,with more than 1.5% oil and not more than 11% moisture,种子油饼,"含油超过1.5%,含水不超过11%",S2,4.2,4.2,III,0,,E0,P003 IBC08 LP02 R001,MP14,PP20 B3B6,,,,,,3 (E),V1,VC1 VC2 AP1,,,40
1387,,"WOOL WASTE, WET",,"废羊毛,湿的",,S2,4.2,,,,,,,,,,Not subject to  JTT,,,,,,,,,
1389,,"ALKALI METAL AMALGAM, LIQUID",,"碱金属汞齐,液体的",,W1,4.3,4.3,I,0,182,E0,P402,MP2,RR8,,L10B N(+),,TU1 TE5 TT3 TM2,AT,1 (B/E),V1,,CV23,S20,X323
1390,,ALKALI METAL AMIDES,,氨基碱金属,,W2,4.3,4.3,II,500g,182 505,E2,P410 IBC07,MP14,,T3,SGAN,TP33,,AT,0 (D/E),V1,,CV23,,423
1391,a,ALKALI METAL DISPERSION,,碱金属分散体,,W1,4.3,4.3,I,0,182 183 506,E0,P402,MP2,RR8,,L10B N(+),,TU1 TE5 TT3 TM2,AT,1 (B/E),V1,,CV23,S20,X323
1391,b,ALKALINE EARTH METAL DISPERSION,,碱土金属分散体,,W1,4.3,4.3,I,0,182 183 506,E0,P402,MP2,RR8,,L10B N(+),,TU1 TE5 TT3 TM2,AT,1 (B/E),V1,,CV23,S20,X323
1392,,"ALKALINE EARTH METAL AMALGAM, LIQUID",,"碱土金属汞齐,液体的",,W1,4.3,4.3,I,0,183 506,E0,P402,MP2,,,L10B N(+),,TU1 TE5 TT3 TM2,AT,1 (B/E),V1,,CV23,S20,X323
1393,,"ALKALINE EARTH METAL ALLOY,N.O.S.",,"碱土金属合金,未另作规定的",,W2,4.3,4.3,II,500g,183 506,E2,P410 IBC07,MP14,,T3,SGAN,TP33,,AT,2 (D/E),V1,,CV23,,423
1394,,ALUMINIUM CARBIDE,,碳化铝,,W2,4.3,4.3,II,500g,,E2,P410 IBC07,MP14,,T3,SGAN,TP33,,AT,2 (D/E),V1,VC1 VC2 AP3 AP4 AP5,CV23,,423
1395,,ALUMINIUM FERROSILICON POWDER,,硅铁铝粉,,WT2,4.3,4.3+6.1,II,500g,,E2,P410 IBC05,MP14,PP40,T3,SGAN,TP33,,AT,2 (D/E),V1,,CV23 CV28,,462
1396,a,"ALUMINIUM POWDER, UNCOATED",,"铝粉,未经涂层的",,W2,4.3,4.3,II,500g,,E2,P410 IBC07,MP14,PP40,T3,SGAN,TP33,,AT,2 (D/E),V1,,CV23,,423
1396,b,"ALUMINIUM POWDER, UNCOATED",,"铝粉,未经涂层的",,W2,4.3,4.3,III,1kg,,E1,P410 IBC08 R001,MP14,B4,T1,SGAN,TP33,,AT,3 (E),V1,VC2 AP4 AP5,CV23,,423
1397,,ALUMINIUM PHOSPHIDE,,磷化铝,,WT2,4.3,4.3+6.1,I,0,507,E0,P403,MP2,,,,,,,1 (E),V1,,CV23 CV28,S20,
1398,,"ALUMINIUM SILICON POWDER, UNCOATED",,"硅铝粉,未经涂层的",,W2,4.3,4.3,III,1kg,37,E1,P410 IBC08 R001,MP14,B4,T1,SGAN,TP33,,AT,3 (E),V1,VC2 AP4 AP5,CV23,,423
1400,,BARIUM,,钡,,W2,4.3,4.3,II,500g,,E2,P410 IBC07,MP14,,T3,SGAN,TP33,,AT,2 (D/E),V1,,CV23,,423
1401,,CALCIUM,,钙,,W2,4.3,4.3,II,500g,,E2,P410 IBC07,MP14,,T3,SGAN,TP33,,AT,2 (D/E),V1,,CV23,,423
1402,a,CALCIUM CARBIDE,,碳化钙,,W2,4.3,4.3,I,0,,E0,P403 IBC04,MP2,,T9,S2. 65 AN(+),TP7 TP33,TU4 TU22 TM2 TA5,AT,1 (B/E),V1,,CV23,S20,X423
1402,b,CALCIUM CARBIDE,,碳化钙,,W2,4.3,4.3,II,500g,,E2,P410 IBC07,MP14,,T3,SGAN,TP33,,AT,2 (D/E),V1,VC1 VC2 AP3 AP4 AP5,CV23,,423
1403,,CALCIUM CYANAMIDE,with more than 0. 1% calcium carbide,氰氨化钙,含碳化钙超过0.1%,W2,4.3,4.3,III,1kg,38,E1,P410 IBC08 R001,MP14,B4,T1,SGAN,TP33,,AT,0 (E),V1,,CV23,,423
1404,,CALCIUM HYDRIDE,,氢化钙,,W2,4.3,4.3,I,0,,E0,P403,MP2,,,,,,,1 (E),V1,,CV23,S20,
1405,a,CALCIUM SILICIDE,,硅化钙,,W2,4.3,4.3,II,500g,,E2,P410 IBC07,MP14,,T3,SGAN,TP33,,AT,2 (D/E),V1,VC1 VC2 AP3 AP4 AP5,CV23,,423
1405,b,CALCIUM SILICIDE,,硅化钙,,W2,4.3,4.3,III,1kg,,E1,P410 IBC08 R001,MP14,B4,T1,SGAN,TP33,,AT,3 (E),V1,VC1 VC2 AP3 AP4 AP5,CV23,,423
1407,,CAESIUM,,铯,,W2,4.3,4.3,I,0,,E0,P403 IBC04,MP2,,,L10 CH(+),,TU2 TU14 TE5 TE21 TT3 TM2,AT,1 (B/E),V1,,CV23,S20,X423
1408,,FERROSILICON,with 30% or more but less than 90% silicon,硅铁,"含硅不小于30%,但小于90%",WT2,4.3,4.3+6.1,III,1kg,39,E1,P003 IBC08 R001,MP14,PP20 B4B6,T1 BK2,SGAN,TP33,,AT,3 (E),V1,VC1 VC2 AP3 AP4 AP5,CV23 CV28,,462
1409,a,"METAL HYDRIDES, WATER-REACTIVE, N.O.S.",,"金属氢化物,遇水反应的,未另作规定的",,W2,4.3,4.3,I,0,274 508,E0,P403,MP2,,,,,,,1 (E),V1,,CV23,S20,
1409,b,"METAL HYDRIDES, WATER-REACTIVE, N.O.S.",,"金属氢化物,遇水反应的,未另作规定的",,W2,4.3,4.3,II,500g,274 508,E2,P410 IBC04,MP14,,T3,SGAN,TP33,,AT,2 (D/E),V1,,CV23,,423
1410,,LITHIUM ALUMINIUM HYDRIDE,,氢化铝锂,,W2,4.3,4.3,I,0,,E0,P403,MP2,,,,,,,1 (E),V1,,CV23,S20,
1411,,"LITHIUM ALUMINIUM HYDRIDE, ETHEREAL",,氢化铝锂的醚溶液,,WF1,4.3,4.3+3,I,0,,E0,P402,MP2,RR8,,,,,,1 (E),V1,,CV23,S2 S20,
1413,,LITHIUM BOROHYDRIDE,,硼氢化锂,,W2,4.3,4.3,I,0,,E0,P403,MP2,,,,,,,1 (E),V1,,CV23,S20,
1414,,LITHIUM HYDRIDE,,氢化锂,,W2,4.3,4.3,I,0,,E0,P403,MP2,,,,,,,1 (E),V1,,CV23,S20,
1415,,LITHIUM,,锂,,W2,4.3,4.3,I,0,,E0,P403 IBC04,MP2,,,L10 BN(+),,TU1 TE5 TT3 TM2,AT,1 (B/E),V1,,CV23,S20,X423
1417,,LITHIUM SILICON,,硅锂,,W2,4.3,4.3,II,500g,,E2,P410 IBC07,MP14,,T3,SGAN,TP33,,AT,2 (D/E),V1,,CV23,,423
1418,a,MAGNESIUM POWDER,,镁粉,,WS,4.3,4.3+4.2,I,0,,E0,P403,MP2,,,,,,,1 (E),V1,,CV23,S20,
1418,b,MAGNESIUM ALLOYS POWDER,,镁合金粉,,WS,4.3,4.3+4.2,I,0,,E0,P403,MP2,,,,,,,1 (E),V1,,CV23,S20,
1418,c,MAGNESIUM POWDER,,镁粉,,WS,4.3,4.3+4.2,II,0,,E2,P410 IBC05,MP14,,T3,SGAN,TP33,,AT,2 (D/E),V1,,CV23,,423
1418,d,MAGNESIUM ALLOYS POWDER,,镁合金粉,,WS,4.3,4.3+4.2,II,0,,E2,P410 IBC05,MP14,,T3,SGAN,TP33,,AT,2 (D/E),V1,,CV23,,423
1418,e,MAGNESIUM POWDER,,镁粉,,WS,4.3,4.3+4.2,III,0,,E1,P410 IBC08 R001,MP14,B4,T1,SGAN,TP33,,AT,3 (E),V1,VC2 AP4 AP5,CV23,,423
1418,f,MAGNESIUM ALLOYS POWDER,,镁合金粉,,WS,4.3,4.3+4.2,III,0,,E1,P410 IBC08 R001,MP14,B4,T1,SGAN,TP33,,AT,3 (E),V1,VC2 AP4 AP5,CV23,,423
1419,,MAGNESIUM ALUMINIUM PHOSPHIDE,,磷化铝镁,,WT2,4.3,4.3+6.1,I,0,,E0,P403,MP2,,,,,,,1 (E),V1,,CV23 CV28,S20,
1420,,"POTASSIUM METAL ALLOYS, LIQUID",,"钾金属合金,液体的",,W1,4.3,4.3,I,0,,E0,P402,MP2,,,L10 BN(+),,TU1 TE5 TT3 TM2,AT,1 (B/E),V1,,CV23,S20,X323
1421,,"ALKALI METAL ALLOY, LIQUID, N.O.S.",,"碱金属合金,液体的,未另作规定的",,W1,4.3,4.3,I,0,182,E0,P402,MP2,RR8,,L10 BN(+),,TU1 TE5 TT3 TM2,AT,1 (B/E),V1,,CV23,S20,X323
1422,,"POTASSIUM SODIUM ALLOYS, LIQUID",,"钾钠合金,液体的",,W1,4.3,4.3,I,0,,E0,P402,MP2,,T9,L10 BN(+),TP3 TP7 TP31,TU1 TE5 TT3 TM2,AT,1 (B/E),V1,,CV23,S20,X323
1423,,RUBIDIUM,,铷,,W2,4.3,4.3,I,0,,E0,P403 IBC04,MP2,,,L10 CH(+),,TU2 TU14 TE5 TE21 TT3 TM2,AT,1 (B/E),V1,,CV23,S20,X423
1426,,SODIUM BOROHYDRIDE,,硼氢化钠,,W2,4.3,4.3,I,0,,E0,P403,MP2,,,,,,,1 (E),V1,,CV23,S20,
1427,,SODIUM HYDRIDE,,氢化钠,,W2,4.3,4.3,I,0,,E0,P403,MP2,,,,,,,1 (E),V1,,CV23,S20,
1428,,SODIUM,,钠,,W2,4.3,4.3,I,0,,E0,P403 IBC04,MP2,,T9,L10 BN(+),TP7 TP33,TU1 TE5 TT3 TM2,AT,1 (B/E),V1,,CV23,S20,X423
1431,,SODIUM METHYLATE,,甲醇钠,,SC4,4.2,4.2+8,II,0,,E2,P410 IBC05,MP14,,T3,SGAN,TP33,,AT,2 (D/E),V1,,,,48
1432,,SODIUM PHOSPHIDE,,磷化钠,,WT2,4.3,4.3+6.1,I,0,,E0,P403,MP2,,,,,,,1 (E),V1,,CV23 CV28,S20,
1433,,STANNIC PHOSPHIDES,,磷化锡,,WT2,4.3,4.3+6.1,I,0,,E0,P403,MP2,,,,,,,1 (E),V1,,CV23 CV28,S20,
1435,,ZINC ASHES,,锌灰,,W2,4.3,4.3,III,1kg,,E1,P002 IBC08 R001,MP14,B4,T1,SGAN,TP33,,AT,3 (E),V1,VC1 VC2 AP3 AP4 AP5,CV23,,423
1436,a,ZINC POWDER,,锌粉,,WS,4.3,4.3+4.2,I,0,,E0,P403,MP2,,,,,,,1 (E),V1,,CV23,S20,
1436,b,ZINC DUST,,锌粉尘,,WS,4.3,4.3+4.2,I,0,,E0,P403,MP2,,,,,,,1 (E),V1,,CV23,S20,
1436,c,ZINC POWDER,,锌粉,,WS,4.3,4.3+4.2,II,0,,E2,P410 IBC07,MP14,PP40,T3,SGAN,TP33,,AT,2 (D/E),V1,,CV23,,423
1436,d,ZINC DUST,,锌粉尘,,WS,4.3,4.3+4.2,II,0,,E2,P410 IBC07,MP14,PP40,T3,SGAN,TP33,,AT,2 (D/E),V1,,CV23,,423
1436,e,ZINC POWDER,,锌粉,,WS,4.3,4.3+4.2,III,0,,E1,P410 IBC08 R001,MP14,B4,T1,SGAN,TP33,,AT,3 (E),V1,VC2 AP4 AP5,CV23,,423
1436,f,ZINC DUST,,锌粉尘,,WS,4.3,4.3+4.2,III,0,,E1,P410 IBC08 R001,MP14,B4,T1,SGAN,TP33,,AT,3 (E),V1,VC2 AP4 AP5,CV23,,423
1437,,ZIRCONIUM HYDRIDE,,氢化锆,,F3,4.1,4.1,II,1kg,,E2,P410 IBC04,MP11,PP40,T3,SGAN,TP33,,AT,2 (E),,,,,40
1438,,ALUMINIUM NITRATE,,硝酸铝,,O2,5.1,5.1,III,5kg,,E1,P002 IBC08 LP02 R001,MP10,B3,T1 BK1 BK2,SGAV,TP33,TU3,AT,3 (E),,VC1 VC2 AP6 AP7,CV24,,50
1439,,AMMONIUM DICHROMATE,,重铬酸铵,,O2,5.1,5.1,II,1kg,,E2,P002 IBC08,MP2,B4,T3,SGAN,TP33,TU3,AT,2 (E),V11,,CV24,,50
1442,,AMMONIUM PERCHLORATE,,高氯酸铵,,O2,5.1,5.1,II,1kg,152,E2,P002 IBC06,MP2,,T3,,TP33,,AT,2 (E),V11,VC1 VC2 AP6 AP7,CV24,S23,50
1444,,AMMONIUM PERSULPHATE,,过硫酸铵,,O2,5.1,5.1,III,5kg,,E1,P002 IBC08 LP02 R001,MP10,B3,T1,SGAV,TP33,TU3,AT,3 (E),,VC1 VC2 AP6 AP7,CV24,,50
1445,,"BARIUM CHLORATE, SOLID",,"氯酸钡,固体的",,OT2,5.1,5.1+6.1,II,1kg,,E2,P002 IBC06,MP2,,T3,SGAN,TP33,TU3,AT,2 (E),V11,,CV24 CV28,,56
1446,,BARIUM NITRATE,,硝酸钡,,OT2,5.1,5.1+6.1,II,1kg,,E2,P002 IBC08,MP2,B4,T3,SGAN,TP33,TU3,AT,2 (E),V11,,CV24 CV28,,56
1447,,"BARIUM PERCHLORATE, SOLID",,"高氯酸钡,固体的",,OT2,5.1,5.1+6.1,II,1kg,,E2,P002 IBC06,MP2,,T3,SGAN,TP33,TU3,AT,2 (E),V11,,CV24 CV28,S23,56
1448,,BARIUM PERMANGA NATE,,高锰酸钡,,OT2,5.1,5.1+6.1,II,1kg,,E2,P002 IBC06,MP2,,T3,SGAN,TP33,TU3,AT,2 (E),V11,,CV24 CV28,,56
1449,,BARIUM PEROXIDE,,过氧化钡,,OT2,5.1,5.1+6.1,II,1kg,,E2,P002 IBC06,MP2,,T3,SGAN,TP33,TU3,AT,2 (E),V11,,CV24 CV28,,56
1450,,"BROMATES, INORGANIC, N.O.S.",,"溴酸盐,无机的,未另作规定的",,O2,5.1,5.1,II,1kg,274 350,E2,P002 IBC08,MP2,B4,T3,SGAV,TP33,TU3,AT,2 (E),V11,VC1 VC2 AP6 AP7,CV24,,50
1451,,CAESIUM NITRATE,,硝酸铯,,O2,5.1,5.1,III,5kg,,E1,P002 IBC08 LP02 R001,MP10,B3,T1,SGAV,TP33,TU3,AT,3 (E),,VC1 VC2 AP6 AP7,CV24,,50
1452,,CALCIUM CHLORATE,,氯酸钙,,O2,5.1,5.1,II,1kg,,E2,P002 IBC08,MP2,B4,T3,SGAV,TP33,TU3,AT,2 (E),V11,VC1 VC2 AP6 AP7,CV24,,50
1453,,CALCIUM CHLORITE,,亚氯酸钙,,O2,5.1,5.1,II,1kg,,E2,P002 IBC08,MP2,B4,T3,SGAN,TP33,TU3,AT,2 (E),V11,,CV24,,50
1454,,CALCIUM NITRATE,,硝酸钙,,O2,5.1,5.1,III,5kg,208,E1,P002 IBC08 LP02 R001,MP10,B3,T1 BK1 BK2,SGAV,TP33,TU3,AT,3 (E),,VC1 VC2 AP6 AP7,CV24,,50
1455,,CALCIUM PERCHLORATE,,高氯酸钙,,O2,5.1,5.1,II,1kg,,E2,P002 IBC06,MP2,,T3,SGAV,TP33,TU3,AT,2 (E),V11,VC1 VC2 AP6 AP7,CV24,S23,50
1456,,CALCIUM PERMANGANATE,,高锰酸钙,,O2,5.1,5.1,II,1kg,,E2,P002 IBC06,MP2,,T3,SGAN,TP33,TU3,AT,2 (E),V11,,CV24,,50
1457,,CALCIUM PEROXIDE,,过氧化钙,,O2,5.1,5.1,II,1kg,,E2,P002 IBC06,MP2,,T3,SGAN,TP33,TU3,AT,2 (E),V11,,CV24,,50
1458,a,CHLORATE AND BORATE MIXTURE,,氯酸盐和硼酸盐的混合物,,O2,5.1,5.1,II,1kg,,E2,P002 IBC08,MP2,B4,T3,SGAV,TP33,TU3,AT,2 (E),V11,VC1 VC2 AP6 AP7,CV24,,50
1458,b,CHLORATE AND BORATE MIXTURE,,氯酸盐和硼酸盐的混合物,,O2,5.1,5.1,III,5kg,,E1,P002 IBC08 LP02 R001,MP2,B3,T1,SGAV,TP33,TU3,AT,3 (E),,VC1 VC2 AP6 AP7,CV24,,50
1459,a,"CHLORATE AND MAGNESIUM CHLORIDE MIXTURE, SOLID",,"氯酸盐和氯化镁的混合物,固体的",,O2,5.1,5.1,II,1kg,,E2,P002 IBC08,MP2,B4,T3,SGAV,TP33,TU3,AT,2 (E),V11,VC1 VC2 AP6 AP7,CV24,,50
1459,b,"CHLORATE AND MAGNESIUM CHLORIDE MIXTURE, SOLID",,"氯酸盐和氯化镁的混合物,固体的",,O2,5.1,5.1,III,5kg,,E1,P002 IBC08 LP02 R001,MP2,B3,T1,SGAV,TP33,TU3,AT,3 (E),,VC1 VC2 AP6 AP7,CV24,,50
1461,,"CHLORATES, INORGANIC, N.O.S.",,"氯酸盐类,无机的,未另作规定的",,O2,5.1,5.1,II,1kg,274 351,E2,P002 IBC06,MP2,,T3,SGAV,TP33,TU3,AT,2 (E),V11,VC1 VC2 AP6 AP7,CV24,,50
1462,,"CHLORITES, INORGANIC, N.O.S.",,"亚氯酸盐类,无机的,未另作规定的",,O2,5.1,5.1,II,1kg,274 352 509,E2,P002 IBC06,MP2,,T3,SGAN,TP33,TU3,AT,2 (E),V11,,CV24,,50
1463,,"CHROMIUM TRIOXIDE, ANHYDROUS",,"三氧化铬,无水的",,OTC,5.1,5.1+6.1+8,II,1kg,510,E2,P002 IBC08,MP2,B4,T3,SGAN,TP33,TU3,AT,2 (E),V11,,CV24 CV28,,568
1465,,DIDYMIUM NITRATE,,硝酸钕镨,,O2,5.1,5.1,III,5kg,,E1,P002 IBC08 LP02 R001,MP10,B3,T1,SGAV,TP33,TU3,AT,3 (E),,VC1 VC2 AP6 AP7,CV24,,50
1466,,FERRIC NITRATE,,硝酸铁,,O2,5.1,5.1,III,5kg,,E1,P002 IBC08 LP02 R001,MP10,B3,T1,SGAV,TP33,TU3,AT,3 (E),,VC1 VC2 AP6 AP7,CV24,,50
1467,,GUANIDINE NITRATE,,硝酸胍,,O2,5.1,5.1,III,5kg,,E1,P002 IBC08 LP02 R001,MP10,B3,T1,SGAV,TP33,TU3,AT,3 (E),,VC1 VC2 AP6 AP7,CV24,,50
1469,,LEAD NITRATE,,硝酸铅,,OT2,5.1,5.1+6.1,II,1kg,,E2,P002 IBC08,MP2,B4,T3,SGAN,TP33,TU3,AT,2 (E),V11,,CV24 CV28,,56
1470,,"LEAD PERCHLORATE, SOLID",,"高氯酸铅,固体的",,OT2,5.1,5.1+6.1,II,1kg,,E2,P002 IBC06,MP2,,T3,SGAN,TP33,TU3,AT,2 (E),V11,,CV24 CV28,S23,56
1471,a,LITHIUM HYPOCHLORITE DRY,,"次氯酸锂,干的",,O2,5.1,5.1,II,1kg,,E2,P002 IBC08,MP10,B4,,SGAN,,TU3,AT,2 (E),V11,,CV24,,50
1471,b,LITHIUM HYPO-CHLORITE MIXTURE,,次氯酸锂混合物,,O2,5.1,5.1,II,1kg,,E2,P002 IBC08,MP10,B4,,SGAN,,TU3,AT,2 (E),V11,,CV24,,50
1471,c,LITHIUM HYPOCHLORITE DRY,,"次氯酸锂,干的",,O2,5.1,5.1,III,5kg,,E1,P002 IBC08 LP02 R001,MP10,B3,T1,SGAV,TP33,TU3,AT,3 (E),,,CV24,,50
1471,d,LITHIUM HYPOCHLORITE MIXTURE,,次氯酸锂混合物,,O2,5.1,5.1,III,5kg,,E1,P002 IBC08 LP02 R001,MP10,B3,T1,SGAV,TP33,TU3,AT,3 (E),,,CV24,,50
1472,,LITHIUM PEROXIDE,,过氧化锂,,O2,5.1,5.1,II,1kg,,E2,P002 IBC06,MP2,,T3,SGAN,TP33,TU3,AT,2 (E),V11,,CV24,,50
1473,,MAGNESIUM BROMATE,,溴酸镁,,O2,5.1,5.1,II,1kg,,E2,P002 IBC08,MP2,B4,T3,SGAV,TP33,TU3,AT,2 (E),V11,VC1 VC2 AP6 AP7,CV24,,50
1474,,MAGNESIUM NITRATE,,硝酸镁,,O2,5.1,5.1,III,5kg,332,E1,P002 IBC08 LP02 R001,MP10,B3,T1 BK1 BK2,SGAV,TP33,TU3,AT,3 (E),,VC1 VC2 AP6 AP7,CV24,,50
1475,,MAGNESIUM PERCHLORATE,,高氯酸镁,,O2,5.1,5.1,II,1kg,,E2,P002 IBC06,MP2,,T3,SGAV,TP33,TU3,AT,2 (E),V11,VC1 VC2 AP6 AP7,CV24,S23,50
1476,,MAGNESIUM PEROXIDE,,过氧化镁,,O2,5.1,5.1,II,1kg,,E2,P002 IBC06,MP2,,T3,SGAN,TP33,TU3,AT,2 (E),V11,,CV24,,50
1477,a,"NITRATES, INORGANIC, N.O.S.",,"硝酸盐类,无机的,未另作规定的",,O2,5.1,5.1,II,1kg,511,E2,P002 IBC08,MP10,B4,T3,SGAN,TP33,TU3,AT,2 (E),V11,,CV24,,50
1477,b,"NITRATES, INORGANIC, N.O.S.",,"硝酸盐类,无机的,未另作规定的",,O2,5.1,5.1,III,5kg,511,E1,P002 IBC08 LP02 R001,MP10,B3,T1,SGAV,TP33,TU3,AT,3 (E),,VC1 VC2 AP6 AP7,CV24,,50
1479,a,"OXIDIZING SOLID, N.O.S.",,"氧化性固体,未另作规定的",,O2,5.1,5.1,I,0,274,E0,P503 IBC05,MP2,,,,,,,1 (E),V10,,CV24,S20,
1479,b,"OXIDIZING SOLID, N.O.S.",,"氧化性固体,未另作规定的",,O2,5.1,5.1,II,1kg,274,E2,P002 IBC08,MP2,B4,T3,SGAN,TP33,TU3,AT,2 (E),V11,,CV24,,50
1479,c,"OXIDIZING SOLID, N.O.S.",,"氧化性固体,未另作规定的",,O2,5.1,5.1,III,5kg,274,E1,P002 IBC08 LP02 R001,MP2,B3,T1,SGAN,TP33,TU3,AT,3 (E),,,CV24,,50
1481,a,"PERCHLORATES, INORGANIC, N.O.S.",,"高氯酸盐类,无机的,未另作规定的",,O2,5.1,5.1,II,1kg,,E2,P002 IBC06,MP2,,T3,SGAV,TP33,TU3,AT,2 (E),V11,VC1 VC2 AP6 AP7,CV24,S23,50
1481,b,"PERCHLORATES, INORGANIC, N.O.S.",,"高氯酸盐类,无机的,未另作规定的",,O2,5.1,5.1,III,5kg,,E1,P002 IBC08 LP02 R001,MP2,B3,T1,SGAV,TP33,TU3,AT,3 (E),,VC1 VC2 AP6 AP7,CV24,S23,50
1482,a,"PERMANGANATES, INORGANIC, N.O.S.",,"高锰酸盐类,无机的,未另作规定的",,O2,5.1,5.1,II,1kg,274 353,E2,P002 IBC06,MP2,,T3,SGAN,TP33,TU3,AT,2 (E),V11,,CV24,,50
1482,b,"PERMANGANATES, INORGANIC, N.O.S.",,"高锰酸盐类,无机的,未另作规定的",,O2,5.1,5.1,III,5kg,274 353,E1,P002 IBC08 LP02 R001,MP2,B3,T1,SGAN,TP33,TU3,AT,3 (E),,,CV24,,50
1483,a,"PEROXIDES, INORGANIC, N.O.S.",,"过氧化物,无机的,未另作规定的",,O2,5.1,5.1,II,1kg,,E2,P002 IBC06,MP2,,T3,SGAN,TP33,TU3,AT,2 (E),V11,,CV24,,50
1483,b,"PEROXIDES, INORGANIC, N.O.S.",,"过氧化物,无机的,未另作规定的",,O2,5.1,5.1,III,5kg,,E1,P002 IBC08 LP02 R001,MP2,B3,T1,SGAN,TP33,TU3,AT,3 (E),,,CV24,,50
1484,,POTASSIUM BROMATE,,溴酸钾,,O2,5.1,5.1,II,1kg,,E2,P002 IBC08,MP2,B4,T3,SGAV,TP33,TU3,AT,2 (E),V11,VC1 VC2 AP6 AP7,CV24,,50
1485,,POTASSIUM CHLORATE,,氯酸钾,,O2,5.1,5.1,II,1kg,,E2,P002 IBC08,MP2,B4,T3,SGAV,TP33,TU3,AT,2 (E),V11,VC1 VC2 AP6 AP7,CV24,,50
1486,,POTASSIUM NITRATE,,硝酸钾,,O2,5.1,5.1,III,5kg,,E1,P002 IBC08 LP02 R001,MP10,B3,T1 BK1 BK2,SGAV,TP33,TU3,AT,3 (E),,VC1 VC2 AP6 AP7,CV24,,50
1487,,POTASSIUM NITRATE AND SODIUM NITRITE MIXTURE,,硝酸钾和亚硝酸钠的混合物,,O2,5.1,5.1,II,1kg,607,E2,P002 IBC08,MP10,B4,T3,SGAV,TP33,TU3,AT,2 (E),V11,VC1 VC2 AP6 AP7,CV24,,50
1488,,POTASSIUM NITRITE,,亚硝酸钾,,O2,5.1,5.1,II,1kg,,E2,P002 IBC08,MP10,B4,T3,SGAV,TP33,TU3,AT,2 (E),V11,VC1 VC2 AP6 AP7,CV24,,50
1489,,POTASSIUM PERCHLORATE,,高氯酸钾,,O2,5.1,5.1,II,1kg,,E2,P002 IBC06,MP2,,T3,SGAV,TP33,TU3,AT,2 (E),V11,VC1 VC2 AP6 AP7,CV24,S23,50
1490,,POTASSIUM PERMANGA NATE,,高锰酸钾,,O2,5.1,5.1,II,1kg,,E2,P002 IBC08,MP2,B4,T3,SGAN,TP33,TU3,AT,2 (E),V11,,CV24,,50
1491,,POTASSIUM PEROXIDE,,过氧化钾,,O2,5.1,5.1,I,0,,E0,P503 IBC06,MP2,,,,,,,1 (E),V10,,CV24,S20,
1492,,POTASSIUM PERSULPHATE,,过硫酸钾,,O2,5.1,5.1,III,5kg,,E1,P002 IBC08 LP02 R001,MP10,B3,T1,SGAV,TP33,TU3,AT,3 (E),,VC1 VC2 AP6 AP7,CV24,,50
1493,,SILVER NITRATE,,硝酸银,,O2,5.1,5.1,II,1kg,,E2,P002 IBC08,MP10,B4,T3,SGAV,TP33,TU3,AT,2 (E),V11,VC1 VC2 AP6 AP7,CV24,,50
1494,,SODIUM BROMATE,,溴酸钠,,O2,5.1,5.1,II,1kg,,E2,P002 IBC08,MP2,B4,T3,SGAV,TP33,TU3,AT,2 (E),V11,VC1 VC2 AP6 AP7,CV24,,50
1495,,SODIUM CHLORATE,,氯酸钠,,O2,5.1,5.1,II,1kg,,E2,P002 IBC08,MP2,B4,T3 BK1 BK2,SGAV,TP33,TU3,AT,2 (E),V11,VC1 VC2 AP6 AP7,CV24,,50
1496,,SODIUM CHLORITE,,亚氯酸钠,,O2,5.1,5.1,II,1kg,,E2,P002 IBC08,MP2,B4,T3,SGAN,TP33,TU3,AT,2 (E),V11,,CV24,,50
1498,,SODIUM NITRATE,,硝酸钠,,O2,5.1,5.1,III,5kg,,E1,P002 IBC08 LP02 R001,MP10,B3,T1 BK1 BK2,SGAV,TP33,TU3,AT,3 (E),,VC1 VC2 AP6 AP7,CV24,,50
1499,,SODIUM NITRATE AND POTASSIUM NITRATE MIXTURE,,硝酸钠和硝酸钾混合物,,O2,5.1,5.1,III,5kg,,E1,P002 IBC08 LP02 R001,MP10,B3,T1 BK1 BK2,SGAV,TP33,TU3,AT,3 (E),,VC1 VC2 AP6 AP7,CV24,,50
1500,,SODIUM NITRITE,,亚硝酸钠,,OT2,5.1,5.1+6.1,III,5kg,,E1,P002 IBC08 R001,MP10,B3,T1,SGAN,TP33,TU3,AT,3 (E),,,CV24 CV28,,56
1502,,SODIUM PERCHLORATE,,髙氯酸钠,,O2,5.1,5.1,II,1kg,,E2,P002 IBC06,MP2,,T3,SGAV,TP33,TU3,AT,2 (E),V11,VC1 VC2 AP6 AP7,CV24,S23,50
1503,,SODIUM PERMANGA-NATE,,髙锰酸钠,,O2,5.1,5.1,II,1kg,,E2,P002 IBC06,MP2,,T3,SGAN,TP33,TU3,AT,2 (E),V11,,CV24,,50
1504,,SODIUM PEROXIDE,,过氧化钠,,O2,5.1,5.1,I,0,,E0,P503 IBC05,MP2,,,,,,,1 (E),V10,,CV24,S20,
1505,,SODIUM PERSULPHATE,,过硫酸钠,,O2,5.1,5.1,III,5kg,,E1,P002 IBC08 LP02 R001,MP10,B3,T1,SGAV,TP33,TU3,AT,3 (E),,VC1 VC2 AP6 AP7,CV24,,50
1506,,STRONTIUM CHLORATE,,氯酸锶,,O2,5.1,5.1,II,1kg,,E2,P002 IBC08,MP2,B4,T3,SGAV,TP33,TU3,AT,2 (E),V11,VC1 VC2 AP6 AP7,CV24,,50
1507,,STRONTIUM NITRATE,,硝酸锶,,O2,5.1,5.1,III,5kg,,E1,P002 IBC08 LP02 R001,MP10,B3,T1,SGAV,TP33,TU3,AT,3 (E),,VC1 VC2 AP6 AP7,CV24,,50
1508,,STRONTIUM PERCHLORATE,,高氯酸锶,,O2,5.1,5.1,II,1kg,,E2,P002 IBC06,MP2,,T3,SGAV,TP33,TU3,AT,2 (E),V11,VC1 VC2 AP6 AP7,CV24,S23,50
1509,,STRONTIUM PEROXIDE,,过氧化锶,,O2,5.1,5.1,II,1kg,,E2,P002 IBC06,MP2,,T3,SGAN,TP33,TU3,AT,2 (E),V11,,CV24,,50
1510,,TETRANITROM ETHANE,,四硝基甲烷,,TO1,6.1,6.1+5.1,I,0,354 609,E0,P602,MP8 MP17,,,L10CH,,TU14 TU15 TE19 TE21,AT,1 (B/D),,,CV1 CV13 CV28,S9 S14,665
1511,,UREA HYDROGEN PEROXIDE,,过氧化氢脲,,OC2,5.1,5.1+8,III,5kg,,E1,P002 IBC08 R001,MP2,B3,T1,SGAN,TP33,TU3,AT,3 (E),,,CV24,,58
1512,,ZINC AMMONIUM NITRITE,,亚硝酸锌铵,,O2,5.1,5.1,II,1kg,,E2,P002 IBC08,MP10,B4,T3,SGAN,TP33,TU3,AT,2 (E),V11,,CV24,,50
1513,,ZINC CHLORATE,,氯酸锌,,O2,5.1,5.1,II,1kg,,E2,P002 IBC08,MP2,B4,T3,SGAV,TP33,TU3,AT,2 (E),V11,VC1 VC2 AP6 AP7,CV24,,50
1514,,ZINC NITRATE,,硝酸锌,,O2,5.1,5.1,II,1kg,,E2,P002 IBC08,MP10,B4,T3,SGAN,TP33,TU3,AT,2 (E),V11,,CV24,,50
1515,,ZINC PERMANGANATE,,高锰酸锌,,O2,5.1,5.1,II,1kg,,E2,P002 IBC06,MP2,,T3,SGAN,TP33,TU3,AT,2 (E),V11,,CV24,,50
1516,,ZINC PEROXIDE,,过氧化锌,,O2,5.1,5.1,II,1kg,,E2,P002 IBC06,MP2,,T3,SGAN,TP33,TU3,AT,2 (E),V11,,CV24,,50
1517,,"ZIRCONIUM PICRAMATE, WETTED","with not less than 20% water, by mass","苦氨酸锆,湿的",按质量含水不少于20%,D,4.1,4.1,I,0,,E0,P406,MP2,PP26,,,,,,1 (B),,,,S14,
1541,,"ACETONE CYANOHYDRIN, STABILIZED",,"丙酮合氰化氢,稳定的",,T1,6.1,6.1,I,0,354,E0,P602,MP8 MP17,,T20,L10CH,TP2 TP37,TU14 TU15 TE19 TE21,AT,1 (C/D),,,CV1 CV13 CV28,S9 S14,669
1544,a,"ALKALOIDS, SOLID,N.O.S.",,"生物碱类,固体的,未另作规定的",,T2,6.1,6.1,I,0,43 274,E5,P002 IBC07,MP18,,T6,S10AH,TP33,TU15 TE19,AT,1 (C/E),V10,,CV1 CV13 CV28,S9 S14,66
1544,b,"ALKALOID SALTS,SOLID, N.O.S.",,"生物碱盐类,固体的,未另作规定的",,T2,6.1,6.1,I,0,43 274,E5,P002 IBC07,MP18,,T6,S10AH,TP33,TU15 TE19,AT,1 (C/E),V10,,CV1 CV13 CV28,S9 S14,66
1544,c,"ALKALOIDS, SOLID,N.O.S.",,"生物碱类,固体的,未另作规定的",,T2,6.1,6.1,II,500g,43 274,E4,P002 IBC08,MP10,B4,T3,SGAH L4BH,TP33,TU15 TE19,AT,2 (D/E),V11,,CV13 CV28,S9 S19,60
1544,d,"ALKALOID SALTS,SOLID, N.O.S.",,"生物碱盐类,固体的,未另作规定的",,T2,6.1,6.1,II,500g,43 274,E4,P002 IBC08,MP10,B4,T3,SGAH L4BH,TP33,TU15 TE19,AT,2 (D/E),V11,,CV13 CV28,S9 S19,60
1544,e,"ALKALOIDS, SOLID,N.O.S.",,"生物碱类,固体的,未另作规定的",,T2,6.1,6.1,III,5kg,43 274,E1,P002 IBC08 LP02 R001,MP10,B3,T1,SGAH L4BH,TP33,TU15 TE19,AT,2 (E),,VC1 VC2 AP7,CV13 CV28,S9,60
1544,f,"ALKALOID SALTS,SOLID, N.O.S.",,"生物碱盐类,固体的,未另作规定的",,T2,6.1,6.1,III,5kg,43 274,E1,P002 IBC08 LP02 R001,MP10,B3,T1,SGAH L4BH,TP33,TU15 TE19,AT,2 (E),,VC1 VC2 AP7,CV13 CV28,S9,60
1545,,"ALLYL ISOTHIOCYA NATE, STABILIZED",,"异硫氰酸烯丙酯,稳定的",,TF1,6.1,6.1+3,II,100mL,,E0,P001 IBC02,MP15,,T7,L4BH,TP2,TU15 TE19,FL,2 (D/E),,,CV13 CV28,S2 S9 S19,639
1546,,AMMONIUM ARSENATE,,砷酸铵,,T5,6.1,6.1,II,500g,,E4,P002 IBC08,MP10,B4,T3,SGAH,TP33,TU15 TE19,AT,2 (D/E),V11,,CV13 CV28,S9 S19,60
1547,,ANILINE,,苯胺,,T1,6.1,6.1,II,100mL,279,E4,P001 IBC02,MP15,,T7,L4BH,TP2,TU15 TE19,AT,2 (D/E),,,CV13 CV28,S9 S19,60
1548,,ANILINE HYDROCHLO RIDE,,盐酸苯胺,,T2,6.1,6.1,III,5kg,,E1,P002 IBC08 LP02 R001,MP10,B3,T1,SGAH,TP33,TU15 TE19,AT,2 (E),,VC1 VC2 AP7,CV13 CV28,S9,60
1549,,"ANTIMONY COMPOUND, INORGANIC, SOLID,N.O.S.",,"锑化合物,无机的,固体的,未另作规定的",,T5,6.1,6.1,III,5kg,45 274 512,E1,P002 IBC08 LP02 R001,MP10,B3,T1,SGAH L4BH,TP33,TU15 TE19,AT,2 (E),,VC1 VC2 AP7,CV13 CV28,S9,60
1550,,ANTIMONY LACTATE,,乳酸锑,,T5,6.1,6.1,III,5kg,,E1,P002 IBC08 LP02 R001,MP10,B3,T1,SGAH L4BH,TP33,TU15 TE19,AT,2 (E),,VC1 VC2 AP7,CV13 CV28,S9,60
1551,,ANTIMONY POTASSIUM TARTRATE,,酒石酸锑钾,,T5,6.1,6.1,III,5kg,,E1,P002 IBC08 LP02 R001,MP10,B3,T1,SGAH L4BH,TP33,TU15 TE19,AT,2 (E),,VC1 VC2 AP7,CV13 CV28,S9,60
1553,,"ARSENIC ACID,LIQUID",,"砷酸,液体的",,T4,6.1,6.1,I,0,,E5,P001,MP8 MP17,,T20,L10CH,TP2 TP7,TU14 TU15 TE19 TE21,AT,1 (C/E),,,CV1 CV13 CV28,S9 S14,66
1554,,"ARSENIC ACID,SOLID",,"砷酸,固体的",,T5,6.1,6.1,II,500g,,E4,P002 IBC08,MP10,B4,T3,SGAH L4BH,TP33,TU15 TE19,AT,2 (D/E),V11,,CV13 CV28,S9 S19,60
1555,,ARSENIC BROMIDE,,三溴化砷,,T5,6.1,6.1,II,500g,,E4,P002 IBC08,MP10,B4,T3,SGAH L4BH,TP33,TU15 TE19,AT,2 (D/E),V11,,CV13 CV28,S9 S19,60
1556,a,"ARSENIC COMPOUND, LIQUID, N.O.S.","inorganic, including: Arsenates, n. o. s. , Arsenites, n. o. s. ; and Arsenic sulphides, n. o. s.","砷化合物,液体的,未另作规定的","无机的,包括:砷酸盐类,未另作规定的;亚砷酸盐类,未另作规定的;硫化砷类,未另作规定的",T4,6.1,6.1,I,0,43 274,E5,P001,MP8 MP17,,T14,L10CH,TP2 TP27,TU14 TU15 TE19 TE21,AT,1 (C/E),,,CV1 CV13 CV28,S9 S14,66
1556,b,"ARSENIC COMPOUND, LIQUID, N.O.S.","inorganic, including: Arsenates,n. o. s. ,Arsenites, n. o. s. ; and Arsenic sulphides, n. o. s.","砷化合物,液体的,未另作规定的","无机的,包括:砷酸盐类,未另作规定的;亚砷酸盐类,未另作规定的;硫化砷类,未另作规定的",T4,6.1,6.1,II,100mL,43 274,E4,P001 IBC02,MP15,,T11,L4BH,TP2 TP27,TU15 TE19,AT,2 (D/E),,,CV13 CV28,S9 S19,60
1556,c,"ARSENIC COMPOUND, LIQUID, N.O.S.","inorganic, including: Arsenates,n. o. s. ,Arsenites, n. o. s. ; and Arsenic sulphides, n. o. s.","砷化合物,液体的,未另作规定的","无机的,包括:砷酸盐类,未另作规定的;亚砷酸盐类,未另作规定的;硫化砷类,未另作规定的",T4,6.1,6.1,III,5L,43 274,E1,P001 IBC03 LP01 R001,MP19,,T7,L4BH,TP2 TP28,TU15 TE19,AT,2 (E),V12,,CV13 CV28,S9,60
1557,a,"ARSENIC COMPOUND, SOLID, N.O.S.","inorganic, including: Arsenates, n. o. s. ; Arsenites, n. o. s. ; and Arsenic sulphides, n. o. s.","砷化合物,固体的,未另作规定的","无机的,包括:砷酸盐类,未另作规定的;亚砷酸盐类,未另作规定的;硫化砷类,未另作规定的",T5,6.1,6.1,I,0,43 274,E5,P002 IBC07,MP18,,T6,S10AH L10CH,TP33,TU15 TE19,AT,1 (C/E),V10,,CV1 CV13 CV28,S9 S14,66
1557,b,"ARSENIC COMPOUND, SOLID, N.O.S.","inorganic, including: Arsenates, n. o. s. ; Arsenites, n. o. s. ; and Arsenic sulphides, n. o. s.","砷化合物,固体的,未另作规定的","无机的,包括:砷酸盐类,未另作规定的;亚砷酸盐类,未另作规定的;硫化砷类,未另作规定的",T5,6.1,6.1,II,500g,43 274,E4,P002 IBC08,MP10,B4,T3,SGAH L4BH,TP33,TU15 TE19,AT,2 (D/E),V11,,CV13 CV28,S9 S19,60
1557,c,"ARSENIC COMPOUND, SOLID, N.O.S.","inorganic, including: Arsenates,n. o. s. ;Arsenites, n. o. s. ; and Arsenic sulphides, n. o. s.","砷化合物,固体的,未另作规定的","无机的,包括:砷酸盐类,未另作规定的;亚砷酸盐类,未另作规定的;硫化砷类,未另作规定的",T5,6.1,6.1,III,5kg,43 274,E1,P002 IBC08 LP02 R001,MP10,B3,T1,SGAH L4BH,TP33,TU15 TE19,AT,2 (E),,VC1 VC2 AP7,CV13 CV28,S9,60
1558,,ARSENIC,,砷,,T5,6.1,6.1,II,500g,,E4,P002 IBC08,MP10,B4,T3,SGAH,TP33,TU15 TE19,AT,2 (D/E),V11,,CV13 CV28,S9 S19,60
1559,,ARSENIC PENTOXIDE,,五氧化二砷,,T5,6.1,6.1,II,500g,,E4,P002 IBC08,MP10,B4,T3,SGAH,TP33,TU15 TE19,AT,2 (D/E),V11,,CV13 CV28,S9 S19,60
1560,,ARSENIC TRICHLORIDE,,三氯化砷,,T4,6.1,6.1,I,0,,E0,P602,MP8 MP17,,T14,L10CH,TP2,TU14 TU15 TE19 TE21,AT,1 (C/E),,,CV1 CV13 CV28,S9 S14,66
1561,,ARSENIC TRIOXIDE,,三氧化二砷,,T5,6.1,6.1,II,500g,,E4,P002 IBC08,MP10,B4,T3,SGAH,TP33,TU15 TE19,AT,2 (D/E),V11,,CV13 CV28,S9 S19,60
1562,,ARSENIC ALDUST,,砷粉尘,,T5,6.1,6.1,II,500g,,E4,P002 IBC08,MP10,B4,T3,SGAH,TP33,TU15 TE19,AT,2 (D/E),V11,,CV13 CV28,S9 S19,60
1564,a,"BARIUM COMPOUND, N.O.S.",,"钡化合物,未另作规定的",,T5,6.1,6.1,II,500g,177 274 513 587,E4,P002 IBC08,MP10,B4,T3,SGAH L4BH,TP33,TU15 TE19,AT,2 (D/E),V11,,CV13 CV28,S9 S19,60
1564,b,"BARIUM COMPOUND, N.O.S.",,"钡化合物,未另作规定的",,T5,6.1,6.1,III,5kg,177 274 513 587,E1,P002 IBC08 LP02 R001,MP10,B3,T1,SGAH L4BH,TP33,TU15 TE19,AT,2 (E),,VC1 VC2 AP7,CV13 CV28,S9,60
1565,,BARIUM CYANIDE,,氰化钡,,T5,6.1,6.1,I,0,,E5,P002 IBC07,MP18,,T6,S10AH,TP33,TU15 TE19,AT,1 (C/E),V10,,CV1 CV13 CV28,S9 S14,66
1566,a,"BERYLLIUM COMPOUND, N.O.S.",,"铍化合物,未另作规定的",,T5,6.1,6.1,II,500g,274 514,E4,P002 IBC08,MP10,B4,T3,SGAH L4BH,TP33,TU15 TE19,AT,2 (D/E),V11,,CV13 CV28,S9 S19,60
1566,b,"BERYLLIUM COMPOUND, N.O.S.",,"铍化合物,未另作规定的",,T5,6.1,6.1,III,5kg,274 514,E1,P002 IBC08 LP02 R001,MP10,B3,T1,SGAH L4BH,TP33,TU15 TE19,AT,2 (E),,VC1 VC2 AP7,CV13 CV28,S9,60
1567,,BERYLLIUM POWDER,,铍粉,,TF3,6.1,6.1+4.1,II,500g,,E4,P002 IBC08,MP10,B4,T3,SGAH,TP33,TU15 TE19,AT,2 (D/E),V11,,CV13 CV28,S9 S19,64
1569,,BROMOACET ONE,,溴丙酮,,TF1,6.1,6.1+3,II,0,,E0,P602,MP15,,T20,L4BH,TP2,TU15 TE19,FL,2 (D/E),,,CV13 CV28,S2S9 S19,63
1570,,BRUCINE,,番木鳖碱(二甲氧基马钱子碱),,T2,6.1,6.1,I,0,43,E5,P002 IBC07,MP18,,T6,S10AH L10CH,TP33,TU14 TU15 TE19 TE21,AT,1 (C/E),V10,,CV1 CV13 CV28,S9 S14,66
1571,,"BARIUM AZIDE, WETTED","with not less than 50% water, by mass","叠氮化钡,湿的",按质量含水不低于50%,DT,4.1,4.1+6.1,I,0,568,E0,P406,MP2,,,,,,,1 (B),,,CV28,S14,
1572,,CACODYLI CACID,,卡可基酸,,T5,6.1,6.1,II,500g,,E4,P002 IBC08,MP10,B4,T3,SGAH,TP33,TU15 TE19,AT,2 (D/E),V11,,CV13 CV28,S9 S19,60
1573,,CALCIUM ARSENATE,,砷酸钙,,T5,6.1,6.1,II,500g,,E4,P002 IBC08,MP10,B4,T3,SGAH,TP33,TU15 TE19,AT,2 (D/E),V11,,CV13 CV28,S9 S19,60
1574,,"CALCIUM ARSENATE AND CALCIUM ARSENITE MIXTURE, SOLID",,"砷酸钙和亚砷酸钙的混合物,固体的",,T5,6.1,6.1,II,500g,,E4,P002 IBC08,MP10,B4,T3,SGAH,TP33,TU15 TE19,AT,2 (D/E),V11,,CV13 CV28,S9 S19,60
1575,,CALCIUM CYANIDE,,氰化钙,,T5,6.1,6.1,I,0,,E5,P002 IBC07,MP18,,T6,S10AH,TP33,TU15 TE19,AT,1 (C/E),V10,,CV1 CV13 CV28,S9 S14,66
1577,,"CHLORODINIT ROBENZENES, LIQUID",,"二硝基氯苯类,液体的",,T1,6.1,6.1,II,100mL,279,E4,P001 IBC02,MP15,,T7,L4BH,TP2,TU15 TE19,AT,2 (D/E),,,CV13 CV28,S9 S19,60
1578,,"CHLORONIT ROBENZENES, SOLID",,"氯硝基苯类,固体的",,T2,6.1,6.1,II,500g,279,E4,P002 IBC08,MP10,B4,T3,SGAH,TP33,TU15 TE19,AT,2 (D/E),V11,,CV13 CV28,S9 S19,60
1579,,"4-CHLORO-o-TOLUIDINE HYDROCHLO-RIDE,SOLID",,"4-氯邻甲苯胺盐酸盐,固体的",,T2,6.1,6.1,III,5kg,,E1,P002 IBC08 LP02 R001,MP10,B3,T1,SGAH L4BH,TP33,TU15 TE19,AT,2 (E),,VC1 VC2 AP7,CV13 CV28,S9,60
1580,,CHLOROPICRIN,,三氯硝基甲烷(氯化苦),,T1,6.1,6.1,I,0,354,E0,P601,MP8 MP17,,T22,L15CH,TP2 TP37,TU14 TU15 TE19 TE21,AT,1 (C/D),,,CV1 CV13 CV28,S9 S14,66
1581,,CHLOROPICRIN AND METHYL BROMIDE MIXTURE,with more than 2% chloropicrin,三氯硝基甲烷和甲基溴混合物,含三氯硝基甲烷超过2%,2T,2,2.3,,0,,E0,P200,MP9,,(M) T50,PxBH(M),,TA4 TT9,AT,1 (C/D),,,CV9 CV10 CV36,S14,26
1582,,CHLOROPICRIN AND METHYL CHLORIDE MIXTURE,,"三氯硝基甲烷和甲基氯,混合物",,2T,2,2.3,,0,,E0,P200,MP9,,(M) T50,PxBH(M),,TA4 TT9,AT,1 (C/D),,,CV9 CV10 CV36,S14,26
1583,a,"CHLOROPICRIN MIXTURE, N.O.S.",,"三氯硝基甲烷混合物,未另作规定的",,T1,6.1,6.1,I,0,274 315 515,E0,P602,MP8 MP17,,,L10CH,,TU14 TU15 TE19 TE21,AT,1 (C/E),,,CV1 CV13 CV28,S9 S14,66
1583,b,"CHLOROPICRIN MIXTURE, N.O.S.",,"三氯硝基甲烷混合物,未另作规定的",,T1,6.1,6.1,II,100mL,274 515,E0,P001 IBC02,MP15,,,L4BH,,TU15 TE19,AT,2 (D/E),,,CV13 CV28,S9 S19,60
1583,c,"CHLOROPICRIN MIXTURE, N.O.S.",,"三氯硝基甲烷混合物,未另作规定的",,T1,6.1,6.1,III,5L,274 515,E0,P001 IBC03 LP01 R001,MP19,,,L4BH,,TU15 TE19,AT,2 (E),V12,,CV13 CV28,S9,60
1585,,COPPER ACETOARSENITE,,乙酰亚砷酸铜,,T5,6.1,6.1,II,500g,,E4,P002 IBC08,MP10,B4,T3,SGAH,TP33,TU15 TE19,AT,2 (D/E),V11,,CV13 CV28,S9 S19,60
1586,,COPPER ARSENITE,,亚砷酸铜,,T5,6.1,6.1,II,500g,,E4,P002 IBC08,MP10,B4,T3,SGAH,TP33,TU15 TE19,AT,2 (D/E),V11,,CV13 CV28,S9 S19,60
1587,,COPPER CYANIDE,,氰化铜,,T5,6.1,6.1,II,500g,,E4,P002 IBC08,MP10,B4,T3,SGAH,TP33,TU15 TE19,AT,2 (D/E),V11,,CV13 CV28,S9 S19,60
1588,a,"CYANIDES, INORGANIC, SOLID, N.O.S.",,"氰化物,无机的,固体的,未另作规定的",,T5,6.1,6.1,I,0,47 274,E5,P002 IBC07,MP18,,T6,S10AH,TP33,TU15 TE19,AT,1 (C/E),V10,,CV1 CV13 CV28,S9 S14,66
1588,b,"CYANIDES, INORGANIC, SOLID, N.O.S.",,"氰化物,无机的,固体的,未另作规定的",,T5,6.1,6.1,II,500g,47 274,E4,P002 IBC08,MP10,B4,T3,SGAH,TP33,TU15 TE19,AT,2 (D/E),V11,,CV13 CV28,S9 S19,60
1588,c,"CYANIDES, INORGANIC, SOLID, N.O.S.",,"氰化物,无机的,固体的,未另作规定的",,T5,6.1,6.1,III,5kg,47 274,E1,P002 IBC08 LP02 R001,MP10,B3,T1,SGAH,TP33,TU15 TE19,AT,2 (E),,VC1 VC2 AP7,CV13 CV28,S9,60
1589,,"CYANOGEN CHLORIDE, STABILIZED",,"氯化氰,稳定的",,2TC,2,2.3+8,,0,,E0,P200,MP9,,,,,,,1 (D),,,CV9 CV10 CV36,S14,
1590,,"DICHLOROANILINES, LIQUID",,"二氯苯胺类,液体的",,T1,6.1,6.1,II,100mL,279,E4,P001 IBC02,MP15,,T7,L4BH,TP2,TU15 TE19,AT,2 (D/E),,,CV13 CV28,S9 S19,60
1591,,o-DICHLORO BENZENE,,邻二氯苯,,T1,6.1,6.1,III,5L,279,E1,P001 IBC03 LP01 R001,MP19,,T4,L4BH,TP1,TU15 TE19,AT,2 (E),V12,,CV13 CV28,S9,60
1593,,DICHLOROMETHANE,,二氯甲烷,,T1,6.1,6.1,III,5L,516,E1,P001 IBC03 LP01 R001,MP19,B8,T7,L4BH,TP2,TU15 TE19,AT,2 (E),V12,,CV13 CV28,S9,60
1594,,DIETHYL SULPHATE,,硫酸二乙酯,,T1,6.1,6.1,II,100mL,,E4,P001 IBC02,MP15,,T7,L4BH,TP2,TU15 TE19,AT,2 (D/E),,,CV13 CV28,S9 S19,60
1595,,DIMETHYL SULPHATE,,硫酸二甲酯,,TC1,6.1,6.1+8,I,0,354,E0,P602,MP8 MP17,,T20,L10CH,TP2 TP35,TU14 TU15 TE19 TE21,AT,1 (C/D),,,CV1 CV13 CV28,S9 S14,668
1596,,DINITROANILINES,,二硝基苯胺类,,T2,6.1,6.1,II,500g,,E4,P002 IBC08,MP10,B4,T3,SGAH L4BH,TP33,TU15 TE19,AT,2 (D/E),V11,,CV13 CV28,S9 S19,60
1597,a,"DINITROBENZENES,LIQUID",,"二硝基苯类,液体的",,T1,6.1,6.1,II,100mL,,E4,P001 IBC02,MP15,,T7,L4BH,TP2,TU15 TE19,AT,2 (D/E),,,CV13 CV28,S9 S19,60
1597,b,"DINITROBENZENES,LIQUID",,"二硝基苯类,液体的",,T1,6.1,6.1,III,5L,,E1,P001 IBC03 LP01 R001,MP19,,T7,L4BH,TP2,TU15 TE19,AT,2 (E),V12,,CV13 CV28,S9,60
1598,,DINITRO-o-CRESOL,,二硝基邻甲酚,,T2,6.1,6.1,II,500g,43,E4,P002 IBC08,MP10,B4,T3,SGAH L4BH,TP33,TU15 TE19,AT,2 (D/E),V11,,CV13 CV28,S9 S19,60
1599,a,DINITROPHENOL SOLUTION,,二硝基苯酚溶液,,T1,6.1,6.1,II,100mL,,E4,P001 IBC02,MP15,,T7,L4BH,TP2,TU15 TE19,AT,2 (D/E),,,CV13 CV28,S9 S19,60
1599,b,DINITROPHENOL SOLUTION,,二硝基苯酚溶液,,T1,6.1,6.1,III,5L,,E1,P001 IBC03 LP01 R001,MP19,,T4,L4BH,TP1,TU15 TE19,AT,2 (E),V12,,CV13 CV28,S9,60
1600,,"DINITROTOLUENES,MOLTEN",,"二硝基甲苯类,熔融的",,T1,6.1,6.1,II,0,,E0,,,,T7,L4BH,TP3,TU15 TE19,AT,0 (D/E),,,CV13,S9 S19,60
1601,a,"DISINFECTANT, SOLID, TOXIC, N.O.S.",,"消毒剂,固体的,有毒的,未另作规定的",,T2,6.1,6.1,I,0,274,E5,P002 IBC07,MP18,,T6,S10AH L10CH,TP33,TU15 TE19,AT,1 (C/E),V10,,CV1 CV13 CV28,S9 S14,66
1601,b,"DISINFECTANT, SOLID, TOXIC, N.O.S.",,"消毒剂,固体的,有毒的,未另作规定的",,T2,6.1,6.1,II,500g,274,E4,P002 IBC08,MP10,B4,T3,SGAH L4BH,TP33,TU15 TE19,AT,2 (D/E),V11,,CV13 CV28,S9 S19,60
1601,c,"DISINFECTANT, SOLID, TOXIC, N.O.S.",,"消毒剂,固体的,有毒的,未另作规定的",,T2,6.1,6.1,III,5kg,274,E1,P002 IBC08 LP02 R001,MP10,B3,T1,SGAH L4BH,TP33,TU15 TE19,AT,2 (E),,VC1 VC2 AP7,CV13 CV28,S9,60
1602,a,"DYE, LIQUID, TOXIC,N.O.S.",,"染料,液体的,有毒的,未另作规定的",,T1,6.1,6.1,I,0,274,E5,P001,MP8 MP17,,,L10CH,,TU14 TU15 TE19 TE21,AT,1 (C/E),,,CV1 CV13 CV28,S9 S14,66
1602,b,"DYE INTERMEDIATE, LIQUID, TOXIC, N.O.S.",,"染料中间体,液体的,有毒的,未另作规定的",,T1,6.1,6.1,I,0,274,E5,P001,MP8 MP17,,,L10CH,,TU14 TU15 TE19 TE21,AT,1 (C/E),,,CV1 CV13 CV28,S9 S14,66
1602,c,"DYE, LIQUID, TOXIC,N.O.S.",,"染料,液体的,有毒的,未另作规定的",,T1,6.1,6.1,II,100mL,274,E4,P001 IBC02,MP15,,,L4BH,,TU15 TE19,AT,2 (D/E),,,CV13 CV28,S9 S19,60
1602,d,"DYE INTERMEDIATE, LIQUID, TOXIC, N.O.S.",,"染料中间体,液体的,有毒的,未另作规定的",,T1,6.1,6.1,II,100mL,274,E4,P001 IBC02,MP15,,,L4BH,,TU15 TE19,AT,2 (D/E),,,CV13 CV28,S9 S19,60
1602,e,"DYE, LIQUID, TOXIC, N.O.S.",,"染料,液体的,有毒的,未另作规定的",,T1,6.1,6.1,III,5L,274,E1,P001 IBC03 LP01 R001,MP19,,,L4BH,,TU15 TE19,AT,2 (E),V12,,CV13 CV28,S9,60
1602,f,"DYE INTERMEDIATE, LIQUID, TOXIC, N.O.S.",,"染料,液体的,有毒的,未另作规定的或染料中间体,液体的,有毒的,未另作规定的",,T1,6.1,6.1,III,5L,274,E1,P001 IBC03 LP01 R001,MP19,,,L4BH,,TU15 TE19,AT,2 (E),V12,,CV13 CV28,S9,60
1603,,ETHYL BROMOACETATE,,溴乙酸乙酯,,TF1,6.1,6.1+3,II,100mL,,E0,P001 IBC02,MP15,,T7,L4BH,TP2,TU15 TE19,FL,2 (D/E),,,CV13 CV28,S2S9 S19,63
1604,,ETHYL ENEDIAMINE,,"1,2-乙二胺",,CF1,8,8+3,II,1L,,E2,P001 IBC02,MP15,,T7,L4BN,TP2,,FL,2 (D/E),,,,S2,83
1605,,ETHYL ENEDIBROMIDE,,二溴化乙烯,,T1,6.1,6.1,I,0,354,E0,P602,MP8 MP17,,T20,L10CH,TP2 TP37,TU14 TU15 TE19 TE21,AT,1 (C/D),,,CV1 CV13 CV28,S9 S14,66
1606,,FERRIC ARSENATE,,砷酸铁,,T5,6.1,6.1,II,500g,,E4,P002 IBC08,MP10,B4,T3,SGAH,TP33,TU15 TE19,AT,2 (D/E),V11,,CV13 CV28,S9 S19,60
1607,,FERRIC ARSENITE,,亚砷酸铁,,T5,6.1,6.1,II,500g,,E4,P002 IBC08,MP10,B4,T3,SGAH,TP33,TU15 TE19,AT,2 (D/E),V11,,CV13 CV28,S9 S19,60
1608,,FERROUS ARSENATE,,砷酸亚铁,,T5,6.1,6.1,II,500g,,E4,P002 IBC08,MP10,B4,T3,SGAH,TP33,TU15 TE19,AT,2 (D/E),V11,,CV13 CV28,S9 S19,60
1611,,HEXAETHYL TETRAPHOSPHATE,,四磷酸六乙酯,,T1,6.1,6.1,II,100mL,,E4,P001 IBC02,MP15,,T7,L4BH,TP2,TU15 TE19,AT,2 (D/E),,,CV13 CV28,S9 S19,60
1612,,HEXAETHYL TETRAPHOSPHATE AND COMPRESSED GAS MIXTURE,,四磷酸六乙酯和压缩气体混合物,,1T,2,2.3,,0,,E0,P200,MP9,,(M),CxBH(M),,TA4 TT9,AT,1 (C/D),,,CV9 CV10 CV36,S14,26
1613,a,"HYDROCYANIC ACID,AQUEOUS SOLUTION",with not more than 20% hy-drogen cyanide,"氰氢酸,水溶液",氰化氢含量不超过20%,TF1,6.1,6.1+3,I,0,48,E0,P601,MP8 MP17,,T14,L15 DH(+),TP2,TU14 TU15 TE19 TE21,FL,0 (C/D),,,CV1 CV13 CV28,S2S9 S14,663
1613,b,"HYDROGEN CYANIDE, AQUEOUS SOLUTION",with not more than 20% hy-drogen cyanide,"氰化氢,水溶液,氰化氢含量不超过20%",氰化氢含量不超过20%,TF1,6.1,6.1+3,I,0,48,E0,P601,MP8 MP17,,T14,L15 DH(+),TP2,TU14 TU15 TE19 TE21,FL,0 (C/D),,,CV1 CV13 CV28,S2S9 S14,663
1614,,"HYDROGEN CYANIDE, STABILIZED",containing less than 3% water and absorbed in a porous inert material,"氰化氢,稳定的","含水率低于3%,并被多孔惰性材料吸收",TF1,6.1,6.1+3,I,0,603,E0,P099,MP2,RR10,,,,,,0 (D),,,CV1 CV13 CV28,S2S9 S10 S14,
1616,,LEAD ACETATE,,乙酸铅,,T5,6.1,6.1,III,5kg,,E1,P002 IBC08 LP02 R001,MP10,B3,T1,SGAH L4BH,TP33,TU15 TE19,AT,2 (E),,VC1 VC2 AP7,CV13 CV28,S9,60
1617,,LEAD ARSENATES,,砷酸铅类,,T5,6.1,6.1,II,500g,,E4,P002 IBC08,MP10,B4,T3,SGAH,TP33,TU15 TE19,AT,2 (D/E),V11,,CV13 CV28,S9 S19,60
1618,,LEAD ARSENITES,,亚砷酸铅类,,T5,6.1,6.1,II,500g,,E4,P002 IBC08,MP10,B4,T3,SGAH,TP33,TU15 TE19,AT,2 (D/E),V11,,CV13 CV28,S9 S19,60
1620,,LEAD CYANIDE,,氰化铅,,T5,6.1,6.1,II,500g,,E4,P002 IBC08,MP10,B4,T3,SGAH,TP33,TU15 TE19,AT,2 (D/E),V11,,CV13 CV28,S9 S19,60
1621,,LONDON PURPLE,,伦敦紫,,T5,6.1,6.1,II,500g,43,E4,P002 IBC08,MP10,B4,T3,SGAH,TP33,TU15 TE19,AT,2 (D/E),V11,,CV13 CV28,S9 S19,60
1622,,MAGNESIUM ARSENATE,,砷酸镁,,T5,6.1,6.1,II,500g,,E4,P002 IBC08,MP10,B4,T3,SGAH,TP33,TU15 TE19,AT,2 (D/E),V11,,CV13 CV28,S9 S19,60
1623,,MERCURIC ARSENATE,,砷酸汞,,T5,6.1,6.1,II,500g,,E4,P002 IBC08,MP10,B4,T3,SGAH,TP33,TU15 TE19,AT,2 (D/E),V11,,CV13 CV28,S9 S19,60
1624,,MERCURIC CHLORIDE,,氯化汞,,T5,6.1,6.1,II,500g,,E4,P002 IBC08,MP10,B4,T3,SGAH,TP33,TU15 TE19,AT,2 (D/E),V11,,CV13 CV28,S9 S19,60
1625,,MERCURIC NITRATE,,硝酸汞,,T5,6.1,6.1,II,500g,,E4,P002 IBC08,MP10,B4,T3,SGAH,TP33,TU15 TE19,AT,2 (D/E),V11,,CV13 CV28,S9 S19,60
1626,,MERCURIC POTASSIUM CYANIDE,,氰化汞钾,,T5,6.1,6.1,I,0,,E5,P002 IBC07,MP18,,T6,S10AH,TP33,TU15 TE19,AT,1 (C/E),V10,,CV1 CV13 CV28,S9 S14,66
1627,,MERCUROUS NITRATE,,硝酸亚汞,,T5,6.1,6.1,II,500g,,E4,P002 IBC08,MP10,B4,T3,SGAH,TP33,TU15 TE19,AT,2 (D/E),V11,,CV13 CV28,S9 S19,60
1629,,MERCURY ACETATE,,乙酸汞,,T5,6.1,6.1,II,500g,,E4,P002 IBC08,MP10,B4,T3,SGAH,TP33,TU15 TE19,AT,2 (D/E),V11,,CV13 CV28,S9 S19,60
1630,,MERCURY AMMONIUM CHLORIDE,,氯化汞铵,,T5,6.1,6.1,II,500g,,E4,P002 IBC08,MP10,B4,T3,SGAH,TP33,TU15 TE19,AT,2 (D/E),V11,,CV13 CV28,S9 S19,60
1631,,MERCURY BENZOATE,,苯甲酸汞,,T5,6.1,6.1,II,500g,,E4,P002 IBC08,MP10,B4,T3,SGAH,TP33,TU15 TE19,AT,2 (D/E),V11,,CV13 CV28,S9 S19,60
1634,,MERCURY BROMIDES,,溴化汞类,,T5,6.1,6.1,II,500g,,E4,P002 IBC08,MP10,B4,T3,SGAH,TP33,TU15 TE19,AT,2 (D/E),V11,,CV13 CV28,S9 S19,60
1636,,MERCURY CYANIDE,,氰化汞,,T5,6.1,6.1,II,500g,,E4,P002 IBC08,MP10,B4,T3,SGAH,TP33,TU15 TE19,AT,2 (D/E),V11,,CV13 CV28,S9 S19,60
1637,,MERCURY GLUCONATE,,葡萄糖酸汞,,T5,6.1,6.1,II,500g,,E4,P002 IBC08,MP10,B4,T3,SGAH,TP33,TU15 TE19,AT,2 (D/E),V11,,CV13 CV28,S9 S19,60
1638,,MERCURY IODIDE,,碘化汞,,T5,6.1,6.1,II,500g,,E4,P002 IBC08,MP10,B4,T3,SGAH,TP33,TU15 TE19,AT,2 (D/E),V11,,CV13 CV28,S9 S19,60
1639,,MERCURY NUCLEATE,,核酸汞,,T5,6.1,6.1,II,500g,,E4,P002 IBC08,MP10,B4,T3,SGAH,TP33,TU15 TE19,AT,2 (D/E),V11,,CV13 CV28,S9 S19,60
1640,,MERCURY OLEATE,,油酸汞,,T5,6.1,6.1,II,500g,,E4,P002 IBC08,MP10,B4,T3,SGAH,TP33,TU15 TE19,AT,2 (D/E),V11,,CV13 CV28,S9 S19,60
1641,,MERCURY OXIDE,,氧化汞,,T5,6.1,6.1,II,500g,,E4,P002 IBC08,MP10,B4,T3,SGAH,TP33,TU15 TE19,AT,2 (D/E),V11,,CV13 CV28,S9 S19,60
1642,,"MERCURY OXYCYANIDE, DESENSITIZED",,"氰氧化汞,退敏的",,T5,6.1,6.1,II,500g,,E4,P002 IBC08,MP10,B4,T3,SGAH,TP33,TU15 TE19,AT,2 (D/E),V11,,CV13 CV28,S9 S19,60
1643,,MERCURY POTASSIUM IODIDE,,碘化汞钾,,T5,6.1,6.1,II,500g,,E4,P002 IBC08,MP10,B4,T3,SGAH,TP33,TU15 TE19,AT,2 (D/E),V11,,CV13 CV28,S9 S19,60
1644,,MERCURY SALICYLATE,,水杨酸汞,,T5,6.1,6.1,II,500g,,E4,P002 IBC08,MP10,B4,T3,SGAH,TP33,TU15 TE19,AT,2 (D/E),V11,,CV13 CV28,S9 S19,60
1645,,MERCURY SULPHATE,,硫酸汞,,T5,6.1,6.1,II,500g,,E4,P002 IBC08,MP10,B4,T3,SGAH,TP33,TU15 TE19,AT,2 (D/E),V11,,CV13 CV28,S9 S19,60
1646,,MERCURY THIOCYANATE,,硫氰酸汞,,T5,6.1,6.1,II,500g,,E4,P002 IBC08,MP10,B4,T3,SGAH,TP33,TU15 TE19,AT,2 (D/E),V11,,CV13 CV28,S9 S19,60
1647,,"METHYL BROMIDE AND ETHYLENE DIBROMIDE MIXTURE, LIQUID",,液态甲基溴和二溴化乙烯混合物,,T1,6.1,6.1,I,0,354,E0,P602,MP8 MP17,,T20,L10CH,TP2,TU14 TU15 TE19 TE21,AT,1 (C/D),,,CV1 CV13 CV28,S9 S14,66
1648,,ACETONITRILE,,乙腈,,F1,3,3,II,1L,,E2,P001 IBC02 R001,MP19,,T7,LGBF,TP2,,FL,2 (D/E),,,,S2 S20,33
1649,,MOTOR FUEL ANTIKNOCK MIXTURE,,发动机燃料抗爆混合物,,T3,6.1,6.1,I,0,,E0,P602,MP8 MP17,,T14,L10CH,TP2,TU14 TU15 TE19 TE21 TT6,AT,1 (C/E),,,CV1 CV13 CV28,S9 S14,66
1650,,"beta-NAPHTH YLAMINE, SOLID",,"β-萘胺,固体的",,T2,6.1,6.1,II,500g,,E4,P002 IBC08,MP10,B4,T3,SGAH L4BH,TP33,TU15 TE19,AT,2 (D/E),V11,,CV13 CV28,S9 S19,60
1651,,NAPHTHYL THIOUREA,,萘硫脲,,T2,6.1,6.1,II,500g,43,E4,P002 IBC08,MP10,B4,T3,SGAH,TP33,TU15 TE19,AT,2 (D/E),V11,,CV13 CV28,S9 S19,60
1652,,NAPHTHYL UREA,,萘脲,,T2,6.1,6.1,II,500g,,E4,P002 IBC08,MP10,B4,T3,SGAH,TP33,TU15 TE19,AT,2 (D/E),V11,,CV13 CV28,S9 S19,60
1653,,NICKEL CYANIDE,,氰化镍,,T5,6.1,6.1,II,500g,,E4,P002 IBC08,MP10,B4,T3,SGAH L4BH,TP33,TU15 TE19,AT,2 (D/E),V11,,CV13 CV28,S9 S19,60
1654,,NICOTINE,,烟碱(尼古丁),,T1,6.1,6.1,II,100mL,,E4,P001 IBC02,MP15,,,L4BH,,TU15 TE19,AT,2 (D/E),,,CV13 CV28,S9 S19,60
1655,a,"NICOTINE COMPOUND, SOLID, N.O.S.",,"烟碱化合物,固体的,未另作规定的",,T2,6.1,6.1,I,0,43 274,E5,P002 IBC07,MP18,,T6,S10AH L10CH,TP33,TU15 TE19,AT,1 (C/E),V10,,CV1 CV13 CV28,S9 S14,66
1655,b,"NICOTINE PREPARATION, SOLID,N.O.S.",,"或烟碱制剂,固体的,未另作规定的",,T2,6.1,6.1,I,0,43 274,E5,P002 IBC07,MP18,,T6,S10AH L10CH,TP33,TU15 TE19,AT,1 (C/E),V10,,CV1 CV13 CV28,S9 S14,66
1655,c,"NICOTINE COMPOUND, SOLID, N.O.S.",,"烟碱化合物,固体的,未另作规定的",,T2,6.1,6.1,II,500g,43 274,E4,P002 IBC08,MP10,B4,T3,SGAH L4BH,TP33,TU15 TE19,AT,2 (D/E),V11,,CV13 CV28,S9 S19,60
1655,d,"NICOTINE PREPARATION, SOLID,N.O.S.",,"烟碱制剂,固体的,未另作规定的",,T2,6.1,6.1,II,500g,43 274,E4,P002 IBC08,MP10,B4,T3,SGAH L4BH,TP33,TU15 TE19,AT,2 (D/E),V11,,CV13 CV28,S9 S19,60
1655,e,"NICOTINE COMPOUND, SOLID, N.O.S.",,"烟碱化合物,固体的,未另作规定的",,T2,6.1,6.1,III,5kg,43 274,E1,P002 IBC08 LP02 R001,MP10,B3,T1,SGAH L4BH,TP33,TU15 TE19,AT,2 (E),,VC1 VC2 AP7,CV13 CV28,S9,60
1655,f,"NICOTINE PREPARATION, SOLID,N.O.S.",,"烟碱制剂,固体的,未另作规定的",,T2,6.1,6.1,III,5kg,43 274,E1,P002 IBC08 LP02 R001,MP10,B3,T1,SGAH L4BH,TP33,TU15 TE19,AT,2 (E),,VC1 VC2 AP7,CV13 CV28,S9,60
1656,a,"NICOTINE HYDROCHLORIDE, LIQUID",,"烟碱盐酸盐,液体的",,T1,6.1,6.1,II,100mL,43,E4,P001 IBC02,MP15,,,L4BH,,TU15 TE19,AT,2 (D/E),,,CV13 CV28,S9 S19,60
1656,b,"NICOTINE HYDROCHLORIDE, SOLUTION",,"烟碱盐酸盐,溶液",,T1,6.1,6.1,II,100mL,43,E4,P001 IBC02,MP15,,,L4BH,,TU15 TE19,AT,2 (D/E),,,CV13 CV28,S9 S19,60
1656,c,"NICOTINE HYDROCHLORIDE, LIQUID",,"烟碱盐酸盐,液体的",,T1,6.1,6.1,III,5L,43,E1,P001 IBC03 LP01 R001,MP19,,,L4BH,,TU15 TE19,AT,2 (E),V12,,CV13 CV28,S9,60
1656,d,"NICOTINE HYDROCHLORIDE, SOLUTION",,"烟碱盐酸盐,溶液",,T1,6.1,6.1,III,5L,43,E1,P001 IBC03 LP01 R001,MP19,,,L4BH,,TU15 TE19,AT,2 (E),V12,,CV13 CV28,S9,60
1657,,NICOTINE SALICYLATE,,水杨酸烟碱,,T2,6.1,6.1,II,500g,,E4,P002 IBC08,MP10,B4,T3,SGAH L4BH,TP33,TU15 TE19,AT,2 (D/E),V11,,CV13 CV28,S9 S19,60
1658,a,"NICOTINE SULPHATE, SOLUTION",,硫酸烟碱溶液,,T1,6.1,6.1,II,100mL,,E4,P001 IBC02,MP15,,T7,L4BH,TP2,TU15 TE19,AT,2 (D/E),,,CV13 CV28,S9 S19,60
1658,b,"NICOTINE SULPHATE, SOLUTION",,硫酸烟碱溶液,,T1,6.1,6.1,III,5L,,E1,P001 IBC03 LP01 R001,MP19,,T7,L4BH,TP2,TU15 TE19,AT,2 (E),V12,,CV13 CV28,S9,60
1659,,NICOTINE TARTRATE,,酒石酸烟碱,,T2,6.1,6.1,II,500g,,E4,P002 IBC08,MP10,B4,T3,SGAH L4BH,TP33,TU15 TE19,AT,2 (D/E),V11,,CV13 CV28,S9 S19,60
1660,,"NITRIC OXIDE, COMPRESSED",,"一氧化氮,压缩的",,1TOC,2,2.3+5.1+8,,0,,E0,P200,MP9,,,,,,,1 (D),,,CV9 CV10 CV36,S14,
1661,,"NITROANILINES (o-,m-,p-)",,硝基苯胺类 (邻-、间-、 对-),,T2,6.1,6.1,II,500g,279,E4,P002 IBC08,MP10,B4,T3,SGAH L4BH,TP33,TU15 TE19,AT,2 (D/E),V11,,CV13 CV28,S9 S19,60
1662,,NITROBENZENE,,硝基苯,,T1,6.1,6.1,II,100mL,279,E4,P001 IBC02,MP15,,T7,L4BH,TP2,TU15 TE19,AT,2 (D/E),,,CV13 CV28,S9 S19,60
1663,,"NITROPHENOLS (o-,m-,p-)",,硝基苯酚类 (邻-、间-、 对-),,T2,6.1,6.1,III,5kg,279,E1,P002 IBC08 LP02 R001,MP10,B3,T1,SGAH L4BH,TP33,TU15 TE19,AT,2 (E),,VC1 VC2 AP7,CV13 CV28,S9,60
1664,,"NITROTOLUEN-ES,LIQUID",,"硝基甲苯类,液体的",,T1,6.1,6.1,II,100mL,,E4,P001 IBC02,MP15,,T7,L4BH,TP2,TU15 TE19,AT,2 (D/E),,,CV13 CV28,S9 S19,60
1665,,"NITROXYLEN-ES,LIQUID",,"硝基二甲苯类,液体的",,T1,6.1,6.1,II,100mL,,E4,P001 IBC02,MP15,,T7,L4BH,TP2,TU15 TE19,AT,2 (D/E),,,CV13 CV28,S9 S19,60
1669,,PENTACHLOR-OETHANE,,五氯乙烷,,T1,6.1,6.1,II,100mL,,E4,P001 IBC02,MP15,,T7,L4BH,TP2,TU15 TE19,AT,2 (D/E),,,CV13 CV28,S9 S19,60
1670,,PERCHLOROMETHYL MERCAPTAN,,全氯甲硫醇,,T1,6.1,6.1,I,0,354,E0,P602,MP8 MP17,,T20,L10CH,TP2 TP37,TU14 TU15 TE19 TE21,AT,1 (C/D),,,CV1 CV13 CV28,S9 S14,66
1671,,"PHENOL, SOLID",,"苯酚,固体的",,T2,6.1,6.1,II,500g,279,E4,P002 IBC08,MP10,B4,T3,SGAH,TP33,TU15 TE19,AT,2 (D/E),V11,,CV13 CV28,S9 S19,60
1672,,PHENYLCARBYLAMINE CHLORIDE,,苯胩化二氯,,T1,6.1,6.1,I,0,,E0,P602,MP8 MP17,,T14,L10CH,TP2,TU14 TU15 TE19 TE21,AT,1 (C/E),,,CV1 CV13 CV28,S9 S14,66
1673,,"PHENYLENEDIAMINES (o-, m-,p-)",,"苯二胺类 (邻-,间-, 对-)",,T2,6.1,6.1,III,5kg,279,E1,P002 IBC08 LP02 R001,MP10,B3,T1,SGAH L4BH,TP33,TU15 TE19,AT,2 (E),,VC1 VC2 AP7,CV13 CV28,S9,60
1674,,PHENYLMERCURIC ACETATE,,乙酸苯汞,,T3,6.1,6.1,II,500g,43,E4,P002 IBC08,MP10,B4,T3,SGAH L4BH,TP33,TU15 TE19,AT,2 (D/E),V11,,CV13 CV28,S9 S19,60
1677,,POTASSIUM ARSENATE,,砷酸钾,,T5,6.1,6.1,II,500g,,E4,P002 IBC08,MP10,B4,T3,SGAH,TP33,TU15 TE19,AT,2 (D/E),V11,,CV13 CV28,S9 S19,60
1678,,POTASSIUM ARSENITE,,亚砷酸钾,,T5,6.1,6.1,II,500g,,E4,P002 IBC08,MP10,B4,T3,SGAH,TP33,TU15 TE19,AT,2 (D/E),V11,,CV13 CV28,S9 S19,60
1679,,POTASSIUM CUPROCYANIDE,,氰亚铜酸钾,,T5,6.1,6.1,II,500g,,E4,P002 IBC08,MP10,B4,T3,SGAH,TP33,TU15 TE19,AT,2 (D/E),V11,,CV13 CV28,S9 S19,60
1680,,"POTASSIUM CYANIDE, SOLID",,"氰化钾,固体的",,T5,6.1,6.1,I,0,,E5,P002 IBC07,MP18,,T6,S10AH,TP33,TU15 TE19,AT,1 (C/E),V10,,CV1 CV13 CV28,S9 S14,66
1683,,SILVER ARSENITE,,亚砷酸银,,T5,6.1,6.1,II,500g,,E4,P002 IBC08,MP10,B4,T3,SGAH,TP33,TU15 TE19,AT,2 (D/E),V11,,CV13 CV28,S9 S19,60
1684,,SILVER CYANIDE,,氰化银,,T5,6.1,6.1,II,500g,,E4,P002 IBC08,MP10,B4,T3,SGAH,TP33,TU15 TE19,AT,2 (D/E),V11,,CV13 CV28,S9 S19,60
1685,,SODIUM ARSENATE,,砷酸钠,,T5,6.1,6.1,II,500g,,E4,P002 IBC08,MP10,B4,T3,SGAH,TP33,TU15 TE19,AT,2 (D/E),V11,,CV13 CV28,S9 S19,60
1686,a,"SODIUM ARSENITE, AQUEOUS SOLUTION",,"亚砷酸钠,水溶液",,T4,6.1,6.1,II,100mL,43,E4,P001 IBC02,MP15,,T7,L4BH,TP2,TU15 TE19,AT,2 (D/E),,,CV13 CV28,S9 S19,60
1686,b,"SODIUM ARSENITE, AQUEOUS SOLUTION",,"亚砷酸钠,水溶液",,T4,6.1,6.1,III,5L,43,E1,P001 IBC03 LP01 R001,MP19,,T4,L4BH,TP2,TU15 TE19,AT,2 (E),V12,,CV13 CV28,S9,60
1687,,SODIUM AZIDE,,叠氮化钠,,T5,6.1,6.1,II,500g,,E4,P002 IBC08,MP10,B4,,,,,,2 (D/E),V11,,CV13 CV28,S9 S19,
1688,,SODIUM CACODYLATE,,二甲胂酸钠 (卡可酸钠),,T5,6.1,6.1,II,500g,,E4,P002 IBC08,MP10,B4,T3,SGAH,TP33,TU15 TE19,AT,2 (D/E),V11,,CV13 CV28,S9 S19,60
1689,,"SODIUM CYANIDE, SOLID",,"氰化钠,固体的",,T5,6.1,6.1,I,0,,E5,P002 IBC07,MP18,,T6,S10AH,TP33,TU15 TE19,AT,1 (C/E),V10,,CV1 CV13 CV28,S9 S14,66
1690,,"SODIUM FLUORIDE, SOLID",,"氟化钠,固体的",,T5,6.1,6.1,III,5kg,,E1,P002 IBC08 LP02 R001,MP10,B3,T1,SGAH,TP33,TU15 TE19,AT,2 (E),,VC1 VC2 AP7,CV13 CV28,S9,60
1691,,STRONTIUM ARSENITE,,亚砷酸锶,,T5,6.1,6.1,II,500g,,E4,P002 IBC08,MP10,B4,T3,SGAH,TP33,TU15 TE19,AT,2 (D/E),V11,,CV13 CV28,S9 S19,60
1692,a,STRYCHNINE,,马钱子碱,,T2,6.1,6.1,I,0,,E5,P002 IBC07,MP18,,T6,S10AH,TP33,TU15 TE19,AT,1 (C/E),V10,,CV1 CV13 CV28,S9 S14,66
1692,b,STRYCHNINE SALTS,,马钱子碱盐类,,T2,6.1,6.1,I,0,,E5,P002 IBC07,MP18,,T6,S10AH,TP33,TU15 TE19,AT,1 (C/E),V10,,CV1 CV13 CV28,S9 S14,66
1693,a,"TEAR GAS SUBSTANCE, LIQUID, N.O.S.",,"催泪性毒气物质,液体的,未另作规定的",,T1,6.1,6.1,I,0,274,E0,P001,MP8 MP17,,,L10CH,,TU14 TU15 TE19 TE21,AT,1 (C/E),,,CV1 CV13 CV28,S9 S14,66
1693,b,"TEAR GAS SUBSTANCE, LIQUID, N.O.S.",,"催泪性毒气物质,液体的,未另作规定的",,T1,6.1,6.1,II,0,274,E0,P001 IBC02,MP15,,,L4BH,,TU15 TE19,AT,2 (D/E),,,CV13 CV28,S9 S19,60
1694,,"BROMOBENZYL CYANIDES, LIQUID",,"溴苄基氰类,液体的",,T1,6.1,6.1,I,0,138,E0,P001,MP8 MP17,,T14,L10CH,TP2,TU14 TU15 TE19 TE21,AT,1 (C/E),,,CV1 CV13 CV28,S9 S14,66
1695,,"CHLOROACETONE, STABILIZED",,"氯丙酮,稳定的",,TFC,6.1,6.1+3+8,I,0,354,E0,P602,MP8 MP17,,T20,L10CH,TP2 TP35,TU14 TU15 TE19 TE21,FL,1 (C/D),,,CV1 CV13 CV28,S2S9 S14,663
1697,,"CHLOROACETOPHENONE, SOLID",,"氯乙酰苯,固体的",,T2,6.1,6.1,II,0,,E0,P002 IBC08,MP10,B4,T3,SGAH L4BH,TP33,TU15 TE19,AT,2 (D/E),V11,,CV13 CV28,S9 S19,60
1698,,DIPHENYLAMINE CHLORO-ARSINE,,二苯胺氯胂,,T3,6.1,6.1,I,0,,E0,P002,MP18,,T6,S10AH,TP33,TU15 TE19,AT,1 (C/E),,,CV1 CV13 CV28,S9 S14,66
1699,,"DIPHENYLCHLOROARSINE, LIQUID",,"二苯氯胂,液体的",,T3,6.1,6.1,I,0,,E0,P001,MP8 MP17,,,L10CH,,TU14 TU15 TE19 TE21,AT,1 (C/E),,,CV1 CV13 CV28,S9 S14,66
1700,,TEAR GAS CANDLES,,催泪性毒气筒,,TF3,6.1,6.1+4.1,,0,,E0,P600,,,,,,,,2 (D/E),,,CV13 CV28,S9 S19,
1701,,"XYLYL BROMIDE, LIQUID",,"甲苄基溴,液体的",,T1,6.1,6.1,II,0,,E0,P001 IBC02,MP15,,T7,L4BH,TP2,TU15 TE19,AT,2 (D/E),,,CV13 CV28,S9 S19,60
1702,,"1,1,2,2-TETRACHLORO-ETHANE",,"1,1,2,2-四氯乙烷",,T1,6.1,6.1,II,100mL,,E4,P001 IBC02,MP15,,T7,L4BH,TP2,TU15 TE19,AT,2 (D/E),,,CV13 CV28,S9 S19,60
1704,,TETRAETHYL DITHIOPYRO-PHOSPHATE,,二硫代焦磷酸四乙酯,,T1,6.1,6.1,II,100mL,43,E4,P001 IBC02,MP15,,T7,L4BH,TP2,TU15 TE19,AT,2 (D/E),,,CV13 CV28,S9 S19,60
1707,,"THALLIUM COMPOUND, N.O.S.",,"铊化合物,未另作规定的",,T5,6.1,6.1,II,500g,43 274,E4,P002 IBC08,MP10,B4,T3,SGAH L4BH,TP33,TU15 TE19,AT,2 (D/E),V11,,CV13 CV28,S9 S19,60
1708,,"TOLUIDINES, LIQUID",,"甲苯胺类,液体的",,T1,6.1,6.1,II,100mL,279,E4,P001 IBC02,MP15,,T7,L4BH,TP2,TU15 TE19,AT,2 (D/E),,,CV13 CV28,S9 S19,60
1709,,"2,4-TOLUYLENEDIAMINE, SOLID",,"2,4-甲苯二胺,固体的",,T2,6.1,6.1,III,5kg,,E1,P002 IBC08 LP02 R001,MP10,B3,T1,SGAH L4BH,TP33,TU15 TE19,AT,2 (E),,VC1 VC2 AP7,CV13 CV28,S9,60
1710,,TRICHLOROETHYLENE,,三氯乙烯,,T1,6.1,6.1,III,5L,,E1,P001 IBC03 LP01 R001,MP19,,T4,L4BH,TP1,TU15 TE19,AT,2 (E),V12,,CV13 CV28,S9,60
1711,,"XYLIDINES, LIQUID",,"二甲基苯胺类,液体的",,T1,6.1,6.1,II,100mL,,E4,P001 IBC02,MP15,,T7,L4BH,TP2,TU15 TE19,AT,2 (D/E),,,CV13 CV28,S9 S19,60
1712,a,ZINC ARSENATE,,砷酸锌,,T5,6.1,6.1,II,500g,,E4,P002 IBC08,MP10,B4,T3,SGAH,TP33,TU15 TE19,AT,2 (D/E),V11,,CV13 CV28,S9 S19,60
1712,b,ZINC ARSENITE,,亚砷酸锌,,T5,6.1,6.1,II,500g,,E4,P002 IBC08,MP10,B4,T3,SGAH,TP33,TU15 TE19,AT,2 (D/E),V11,,CV13 CV28,S9 S19,60
1712,c,ZINC ARSENATE AND ZINC ARSENITE MIXTURE,,砷酸锌和亚砷酸锌的混合物,,T5,6.1,6.1,II,500g,,E4,P002 IBC08,MP10,B4,T3,SGAH,TP33,TU15 TE19,AT,2 (D/E),V11,,CV13 CV28,S9 S19,60
1713,,ZINC CYANIDE,,氰化锌,,T5,6.1,6.1,I,0,,E5,P002 IBC07,MP18,,T6,S10AH,TP33,TU15 TE19,AT,1 (C/E),V10,,CV1 CV13 CV28,S9 S14,66
1714,,ZINC PHOSPHIDE,,磷化锌,,WT2,4.3,4.3+6.1,I,0,,E0,P403,MP2,,,,,,,1 (E),V1,,CV23 CV28,S14,
1715,,ACETIC ANHYDRIDE,,乙酸酐,,CF1,8,8+3,II,1L,,E2,P001 IBC02,MP15,,T7,L4BN,TP2,,FL,2 (D/E),,,,S2,83
1716,,ACETYL BROMIDE,,乙酰溴,,C3,8,8,II,1L,,E2,P001 IBC02,MP15,,T8,L4BN,TP2,,AT,2 (E),,,,,80
1717,,ACETYL CHLORIDE,,乙酰氯,,FC,3,3+8,II,1L,,E2,P001 IBC02,MP19,,T8,L4BH,TP2,,FL,2 (D/E),,,,S2 S20,X338
1718,,BUTYL ACID PHOSPHATE,,酸式磷酸丁酯(磷酸二氢丁酯),,C3,8,8,III,5L,,E1,P001 IBC03 LP01 R001,MP19,,T4,L4BN,TP1,,AT,3 (E),V12,,,,80
1719,a,"CAUSTIC ALKALI LIQUID,N.O.S.",,"苛性碱液体,未另作规定的",,C5,8,8,II,1L,274,E2,P001 IBC02,MP15,,T11,L4BN,TP2 TP27,,AT,2 (E),,,,,80
1719,b,"CAUSTIC ALKALI LIQUID,N.O.S.",,"苛性碱液体,未另作规定的",,C5,8,8,III,5L,274,E1,P001 IBC03 R001,MP19,,T7,L4BN,TP1 TP28,,AT,3 (E),V12,,,,80
1722,,ALLYL CHLOROFOR MATE,,氯甲酸烯丙酯,,TFC,6.1,6.1+3+8,I,0,,E0,P001,MP8 MP17,,T14,L10CH,TP2,TU14 TU15 TE19 TE21,FL,1 (C/D),,,CV1 CV13 CV28,S2S9 S14,668
1723,,ALLYL IODIDE,,烯丙基碘,,FC,3,3+8,II,1L,,E2,P001 IBC02,MP19,,T7,L4BH,TP2,,FL,2 (D/E),,,,S2 S20,338
1724,,"ALLYLTRICHLO ROSILANE, STABILIZED",,"烯丙基三氯硅烷,稳定的",,CF1,8,8+3,II,0,,E0,P010,MP15,,T10,L4BN,TP2 TP7,,FL,2 (D/E),,,,S2,X839
1725,,"ALUMINIUM BROMIDE, ANHYDROUS",,"溴化铝,无水的",,C2,8,8,II,1kg,588,E2,P002 IBC08,MP10,B4,T3,SGAN,TP33,,AT,2 (E),V11,,,,80
1726,,"ALUMINIUM CHLORIDE, ANHYDROUS",,"氯化铝,无水的",,C2,8,8,II,1kg,588,E2,P002 IBC08,MP10,B4,T3,SGAN,TP33,,AT,2 (E),V11,,,,80
1727,,"AMMONIUM HYDROGENDIFLUORIDE, SOLID",,"二氟化氢铵,固体的",,C2,8,8,II,1kg,,E2,P002 IBC08,MP10,B4,T3,SGAN,TP33,,AT,2 (E),V11,,,,80
1728,,AMYLTRICHLO-ROSILANE,,戊基三氯硅烷,,C3,8,8,II,0,,E0,P010,MP15,,T10,L4BN,TP2 TP7,,AT,2 (E),,,,,X80
1729,,ANISOYL CHLORIDE,,茴香酰氯,,C4,8,8,II,1kg,,E2,P002 IBC08,MP10,B4,T3,SGAN L4BN,TP33,,AT,2 (E),V11,,,,80
1730,,"ANTIMONY PENTACHLORIDE, LIQUID",,"五氯化锑,液体的",,C1,8,8,II,1L,,E2,P001 IBC02,MP15,,T7,L4BN,TP2,,AT,2 (E),,,,,X80
1731,a,ANTIMONY PENTACHLORIDE SOLUTION,,五氯化锑溶液,,C1,8,8,II,1L,,E2,P001 IBC02,MP15,,T7,L4BN,TP2,,AT,2 (E),,,,,80
1731,b,ANTIMONY PENTACHLORIDE SOLUTION,,五氯化锑溶液,,C1,8,8,III,5L,,E1,P001 IBC03 LP01 R001,MP19,,T4,L4BN,TP1,,AT,3 (E),V12,,,,80
1732,,ANTIMONY PENTAFLUORIDE,,五氟化锑,,CT1,8,8+6.1,II,1L,,E0,P001 IBC02,MP15,,T7,L4BN,TP2,,AT,2 (E),,,CV13 CV28,,86
1733,,ANTIMONY TRICHLORIDE,,三氯化锑,,C2,8,8,II,1kg,,E2,P002 IBC08,MP10,B4,T3,SGAN L4BN,TP33,,AT,2 (E),V11,,,,80
1736,,BENZOYL CHLORIDE,,苯甲酰氯,,C3,8,8,II,1L,,E2,P001 IBC02,MP15,,T8,L4BN,TP2,,AT,2 (E),,,,,80
1737,,BENZYL BROMIDE,,苄基溴,,TC1,6.1,6.1+8,II,0,,E4,P001 IBC02,MP15,,T8,L4BH,TP2,TU15 TE19,AT,2 (D/E),,,CV13 CV28,S9 S19,68
1738,,BENZYL CHLORIDE,,苄基氯,,TC1,6.1,6.1+8,II,0,,E4,P001 IBC02,MP15,,T8,L4BH,TP2,TU15 TE19,AT,2 (D/E),,,CV13 CV28,S9 S19,68
1739,,BENZYL CHLOROFORMATE,,氯甲酸苄酯,,C9,8,8,I,0,,E0,P001,MP8 MP17,,T10,L10BH,TP2,,AT,1 (E),,,,S20,88
1740,a,"HYDROGENDIFLUORIDES, SOLID, N.O.S.",,"二氟氢化物,固体的,未另作规定的",,C2,8,8,II,1kg,517,E2,P002 IBC08,MP10,B4,T3,SGAN,TP33,,AT,2 (E),V11,,,,80
1740,b,"HYDROGENDIFLUORIDES, SOLID, N.O.S.",,"二氟氢化物,固体的,未另作规定的",,C2,8,8,III,5kg,517,E1,P002 IBC08 LP02 R001,MP10,B3,T1,SGAV,TP33,,AT,3 (E),,VC1 VC2 AP7,,,80
1741,,BORON TRICHLORIDE,,三氯化硼,,2TC,2,2.3+8,,0,,E0,P200,MP9,,(M),,,,AT,1 (C/D),,,CV9 CV10 CV36,S14,268
1742,,"BORON TRIFLUORIDE ACETIC ACID COMPLEX, LIQUID",,"三氟化硼乙酸络合物,液体的",,C3,8,8,II,1L,,E2,P001 IBC02,MP15,,T8,L4BN,TP2,,AT,2 (E),,,,,80
1743,,"BORON TRIFLUORIDE PROPIONIC ACID COMPLEX, LIQUID",,"三氟化硼丙酸络合物,液体的",,C3,8,8,II,1L,,E2,P001 IBC02,MP15,,T8,L4BN,TP2,,AT,2 (E),,,,,80
1744,a,BROMINE,,溴,,CT1,8,8+6.1,I,0,,E0,P804,MP2,,T22,L21 DH(+),TP2 TP10,TU14 TU33 TC5 TE21 TT2 TM3 TM5,AT,1 (C/D),,,CV13 CV28,S14,886
1744,b,BROMINE SOLUTION,,溴溶液,,CT1,8,8+6.1,I,0,,E0,P804,MP2,,T22,L21 DH(+),TP2 TP10,TU14 TU33 TC5 TE21 TT2 TM3 TM5,AT,1 (C/D),,,CV13 CV28,S14,886
1745,,BROMINEPE NTAFLUORIDE,,五氟化溴,,OTC,5.1,5.1+6.1+8,I,0,,E0,P200,MP2,,T22,L10DH,TP2,TU3,AT,1 (B/E),,,CV24 CV28,S14,568
1746,,BROMINE TRIFLUORIDE,,三氟化溴,,OTC,5.1,5.1+6.1+8,I,0,,E0,P200,MP2,,T22,L10DH,TP2,TU3,AT,1 (B/E),,,CV24 CV28,S14,568
1747,,BUTYLTRICHLOROSILANE,,丁基三氯硅烷,,CF1,8,8+3,II,0,,E0,P010,MP15,,T10,L4BN,TP2 TP7,,FL,2 (D/E),,,,S2,X83
1748,a,"CALCIUM HYPOCHLORITE, DRY",with more than 39% avai-lable chlorine (8. 8% available oxygen),"次氯酸钙,干的",含有效氯大于39%(有效氧8.8%),O2,5.1,5.1,II,1kg,314,E2,P002 IBC08,MP10,B4B13,,SGAN,,TU3,AT,2 (E),V11,,CV24 CV35,,50
1748,b,"CALCIUM HYPOCHLORITE MIXTURE, DRY",with more than 39% avai-lable chlorine (8. 8% available oxygen),"次氯酸钙混合物,干的",含有效氯大于39%(有效氧8.8%),O2,5.1,5.1,II,1kg,314,E2,P002 IBC08,MP10,B4B13,,SGAN,,TU3,AT,2 (E),V11,,CV24 CV35,,50
1748,c,CALCIUM HYPOCHLORITE DRY,with more than 39% avai-lable chlorine (8. 8% available oxygen),"次氯酸钙,干的",含有效氯大于39%(有效氧8.8%),O2,5.1,5.1,III,5kg,316,E1,P002 IBC08 R001,MP10,B4B13,,SGAV,,TU3,AT,3 (E),,,CV24 CV35,,50
1748,d,"CALCIUM HYPOCHLORITE MIXTURE, DRY",with more than 39% avai-lable chlorine (8. 8% available oxygen),"次氯酸钙混合物,干的",含有效氯大于39%(有效氧8.8%),O2,5.1,5.1,III,5kg,316,E1,P002 IBC08 R001,MP10,B4B13,,SGAV,,TU3,AT,3 (E),,,CV24 CV35,,50
1749,,CHLORINE TRIFLUORIDE,,三氟化氯,,2TOC,2,2.3+5.1+8,,0,,E0,P200,MP9,,(M),PxBH(M),,TA4 TT9,AT,1 (C/D),,,CV9 CV10 CV36,S14,265
1750,,CHLOROACETIC ACID SOLUTION,,氯乙酸溶液,,TC1,6.1,6.1+8,II,100mL,,E4,P001 IBC02,MP15,,T7,L4BH,TP2,TU15 TE19,AT,2 (D/E),,,CV13 CV28,S9 S19,68
1751,,"CHLOROACETIC ACID,SOLID",,"氯乙酸,固体的",,TC2,6.1,6.1+8,II,500g,,E4,P002 IBC08,MP10,B4,T3,SGAH,TP33,TU15 TE19,AT,2 (D/E),V11,,CV13 CV28,S9 S19,68
1752,,CHLOROACETYL CHLORIDE,,氯乙酰氯,,TC1,6.1,6.1+8,I,0,354,E0,P602,MP8 MP17,,T20,L10CH,TP2 TP35,TU14 TU15 TE19 TE21,AT,1 (C/D),,,CV1 CV13 CV28,S9 S14,668
1753,,CHLOROPHENYL TRICHLO ROSILANE,,氯苯基三氯硅烷,,C3,8,8,II,0,,E0,P010,MP15,,T10,L4BN,TP2 TP7,,AT,2 (E),,,,,X80
1754,,CHLOROSULPHONIC ACID,(with or with out sulphur trioxide),氯磺酸(含或不含三氧化硫),,C1,8,8,I,0,,E0,P001,MP8 MP17,,T20,L10BH,TP2,,AT,1 (E),,,,S20,X88
1755,a,CHROMIC ACID SOLUTION,,铬酸溶液,,C1,8,8,II,1L,518,E2,P001 IBC02,MP15,,T8,L4BN,TP2,,AT,2 (E),,,,,80
1755,b,CHROMIC ACID SOLUTION,,铬酸溶液,,C1,8,8,III,5L,518,E1,P001 IBC02 LP01 R001,MP19,,T4,L4BN,TP1,,AT,3 (E),,,,,80
1756,,"CHROMIC FLUORIDE, SOLID",,"氟化铬,固体的",,C2,8,8,II,1kg,,E2,P002 IBC08,MP10,B4,T3,SGAN,TP33,,AT,2 (E),V11,,,,80
1757,a,CHROMIC FLUORIDE SOLUTION,,氟化铬溶液,,C1,8,8,II,1L,,E2,P001 IBC02,MP15,,T7,L4BN,TP2,,AT,2 (E),,,,,80
1757,b,CHROMIC FLUORIDE SOLUTION,,氟化铬溶液,,C1,8,8,III,5L,,E1,P001 IBC03 LP01 R001,MP19,,T4,L4BN,TP1,,AT,3 (E),V12,,,,80
1758,,CHROMIUM OXYCHLORIDE,,氯氧化铬,,C1,8,8,I,0,,E0,P001,MP8 MP17,,T10,L10BH,TP2,,AT,1 (E),,,,S20,X88
1759,a,"CORROSIVE SOLID, N.O.S.",,"腐蚀性固体,未另作规定的",,C10,8,8,I,0,274,E0,P002 IBC07,MP18,,T6,S10AN L10BH,TP33,,AT,1 (E),V10,,,S20,88
1759,b,"CORROSIVE SOLID, N.O.S.",,"腐蚀性固体,未另作规定的",,C10,8,8,II,1kg,274,E2,P002 IBC08,MP10,B4,T3,SGAN L4BN,TP33,,AT,2 (E),V11,,,,80
1759,c,"CORROSIVE SOLID, N.O.S.",,"腐蚀性固体,未另作规定的",,C10,8,8,III,5kg,274,E1,P002 IBC08 LP02 R001,MP10,B3,T1,SGAV L4BN,TP33,,AT,3 (E),,VC1 VC2 AP7,,,80
1760,a,"CORROSIVE LIQUID, N.O.S.",,"腐蚀性液体,未另作规定的",,C9,8,8,I,0,274,E0,P001,MP8 MP17,,T14,L10BH,TP2 TP27,,AT,1 (E),,,,S20,88
1760,b,"CORROSIVE LIQUID, N.O.S.",,"腐蚀性液体,未另作规定的",,C9,8,8,II,1L,274,E2,P001 IBC02,MP15,,T11,L4BN,TP2 TP27,,AT,2 (E),,,,,80
1760,c,"CORROSIVE LIQUID, N.O.S.",,"腐蚀性液体,未另作规定的",,C9,8,8,III,5L,274,E1,P001 IBC03 LP01 R001,MP19,,T7,L4BN,TP1 TP28,,AT,3 (E),V12,,,,80
1761,a,CUPRIETHYLEN EDIAMINE SOLUTION,,铜乙二胺溶液,,CT1,8,8+6.1,II,1L,,E2,P001 IBC02,MP15,,T7,L4BN,TP2,,AT,2 (E),,,CV13 CV28,,86
1761,b,CUPRIETHYLEN EDIAMINE SOLUTION,,铜乙二胺溶液,,CT1,8,8+6.1,III,5L,,E1,P001 IBC03 R001,MP19,,T7,L4BN,TP1 TP28,,AT,3 (E),V12,,CV13 CV28,,86
1762,,CYCLOHEXEN YLTRICHLOROSILANE,,环己烯基三氯硅烷,,C3,8,8,II,0,,E0,P010,MP15,,T10,L4BN,TP2 TP7,,AT,2 (E),,,,,X80
1763,,CYCLOHEXYLT RICHLOROSI LANE,,环己基三氯硅烷,,C3,8,8,II,0,,E0,P010,MP15,,T10,L4BN,TP2 TP7,,AT,2 (E),,,,,X80
1764,,DICHLOROACETIC ACID,,二氯乙酸,,C3,8,8,II,1L,,E2,P001 IBC02,MP15,,T8,L4BN,TP2,,AT,2 (E),,,,,80
1765,,DICHLOROACETYL CHLORIDE,,二氯乙酰氯,,C3,8,8,II,1L,,E2,P001 IBC02,MP15,,T7,L4BN,TP2,,AT,2 (E),,,,,X80
1766,,DICHLOROPHENYLTRI CHLOROSILANE,,二氯苯基三氯硅烷,,C3,8,8,II,0,,E0,P010,MP15,,T10,L4BN,TP2 TP7,,AT,2 (E),,,,,X80
1767,,DIETHYLDICHLOROSILANE,,二乙基二氯硅烷,,CF1,8,8+3,II,0,,E0,P010,MP15,,T10,L4BN,TP2 TP7,,FL,2 (D/E),,,,S2,X83
1768,,"DIFLUOROPHOSPHORIC ACID, ANHYDROUS",,"二氟磷酸,无水的",,C1,8,8,II,1L,,E2,P001 IBC02,MP15,,T8,L4BN,TP2,,AT,2 (E),,,,,80
1769,,DIPHENYLDICHLOROSILANE,,二苯基二氯硅烷,,C3,8,8,II,0,,E0,P010,MP15,,T10,L4BN,TP2 TP7,,AT,2 (E),,,,,X80
1770,,DIPHENYLMETHYL BROMIDE,,二苯甲基溴,,C10,8,8,II,1kg,,E2,P002 IBC08,MP10,B4,T3,SGAN L4BN,TP33,,AT,2 (E),V11,,,,80
1771,,DODECYLTRICHLOROSILANE,,十二烷基三氯硅烷,,C3,8,8,II,0,,E0,P010,MP15,,T10,L4BN,TP2 TP7,,AT,2 (E),,,,,X80
1773,,"FERRIC CHLORIDE, ANHYDROUS",,"氯化铁,无水的",,C2,8,8,III,5kg,590,E1,P002 IBC08 LP02 R001,MP10,B3,T1,SGAV,TP33,,AT,3 (E),,VC1 VC2 AP7,,,80
1774,,FIRE EXTINGUISHER CHARGES,corrosive liquid,"灭火器起动剂,腐蚀性液体",,C11,8,8,II,1L,,E0,P001,,PP4,,,,,,2 (E),,,,,
1775,,FLUOROBORIC ACID,,氟硼酸,,C1,8,8,II,1L,,E2,P001 IBC02,MP15,,T7,L4BN,TP2,,AT,2 (E),,,,,80
1776,,"FLUOROPHOSPHORIC ACID, ANHYDROUS",,"氟磷酸,无水的",,C1,8,8,II,1L,,E2,P001 IBC02,MP15,,T8,L4BN,TP2,,AT,2 (E),,,,,80
1777,,FLUOROSULPHONIC ACID,,氟磺酸,,C1,8,8,I,0,,E0,P001,MP8 MP17,,T10,L10BH,TP2,,AT,1 (E),,,,S20,88
1778,,FLUOROSILICIC ACID,,氟硅酸,,C1,8,8,II,1L,,E2,P001 IBC02,MP15,,T8,L4BN,TP2,,AT,2 (E),,,,,80
1779,,FORMIC ACID,with more than 85% acid by mass,甲酸,按质量含酸大于85%,CF1,8,8+3,II,1L,,E2,P001 IBC02,MP15,,T7,L4BN,TP2,,FL,2 (D/E),,,,S2,83
1780,,FUMARYL CHLORIDE,,富马酰氯(反丁烯二酰氯),,C3,8,8,II,1L,,E2,P001 IBC02,MP15,,T7,L4BN,TP2,,AT,2 (E),,,,,80
1781,,HEXADECYLTRICHLOROSILANE,,十六烷基三氯硅烷,,C3,8,8,II,0,,E0,P010,MP15,,T10,L4BN,TP2 TP7,,AT,2 (E),,,,,X80
1782,,HEXAFLUOROPHOSPHORIC ACID,,六氟磷酸,,C1,8,8,II,1L,,E2,P001 IBC02,MP15,,T8,L4BN,TP2,,AT,2 (E),,,,,80
1783,a,HEXAMETHYL ENEDIAMINE SOLUTION,,六亚甲基二胺溶液,,C7,8,8,II,1L,,E2,P001 IBC02,MP15,,T7,L4BN,TP2,,AT,2 (E),,,,,80
1783,b,HEXAMETHYLENEDIAMINE SOLUTION,,六亚甲基二胺溶液,,C7,8,8,III,5L,,E1,P001 IBC03 LP01 R001,MP19,,T4,L4BN,TP1,,AT,3 (E),V12,,,,80
1784,,HEXYLTRICHLOROSILANE,,己基三氯硅烷,,C3,8,8,II,0,,E0,P010,MP15,,T10,L4BN,TP2 TP7,,AT,2 (E),,,,,X80
1786,,HYDROFLUORIC ACID AND SULPHURIC ACID MIXTURE,,氢氟酸和硫酸混合物,,CT1,8,8+6.1,I,0,,E0,P001,MP8 MP17,,T10,L10 DH,TP2,TU14 TE21,AT,1 (C/D),,,CV13 CV28,S14,886
1787,a,HYDRIODIC ACID,,氢碘酸,,C1,8,8,II,1L,,E2,P001 IBC02,MP15,,T7,L4BN,TP2,,AT,2 (E),,,,,80
1787,b,HYDRIODIC ACID,,氢碘酸,,C1,8,8,III,5L,,E1,P001 IBC03 LP01 R001,MP19,,T4,L4BN,TP1,,AT,3 (E),V12,,,,80
1788,a,HYDROBROMIC ACID,,氢溴酸,,C1,8,8,II,1L,519,E2,P001 IBC02,MP15,,T7,L4BN,TP2,,AT,2 (E),,,,,80
1788,b,HYDROBROMIC ACID,,氢溴酸,,C1,8,8,III,5L,519,E1,P001 IBC03 LP01 R001,MP19,,T4,L4BN,TP1,,AT,3 (E),V12,,,,80
1789,a,HYDROCHLORIC ACID,,氢氯酸,,C1,8,8,II,1L,520,E2,P001 IBC02,MP15,,T8,L4BN,TP2,,AT,2 (E),,,,,80
1789,b,HYDROCHLORIC ACID,,氢氯酸,,C1,8,8,III,5L,520,E1,P001 IBC03 LP01 R001,MP19,,T4,L4BN,TP1,,AT,3 (E),V12,,,,80
1790,a,HYDROFLUORIC ACID,with more than 85% hydrogen fluoride,氢氟酸,含氟化氢高于85%,CT1,8,8+6.1,I,0,640I,E0,P802,MP2,,T10,L21 DH(+),TP2,TU14 TU34 TC1 TE21 TA4 TT9 TM3,AT,1 (C/D),,,CV13 CV28,S14,886
1790,b,HYDROFLUORIC ACID,with more than 60% but not more than 85% hydrogen fluoride,氢氟酸,"含氟化氢高于60%,但不超过85%",CT1,8,8+6.1,I,0,640J,E0,P001,MP8 MP17,PP81,T10,L10 DH,TP2,TU14 TE21,AT,1 (C/D),,,CV13 CV28,S14,886
1790,c,HYDROFLUORIC ACID,with not more than 60% hydrogen fluoride,氢氟酸,含氟化氢不高于60%,CT1,8,8+6.1,II,1L,,E2,P001 IBC02,MP15,,T8,L4 DH,TP2,TU14 TE21,AT,2 (E),,,CV13 CV28,,86
1791,a,HYPOCHLORITE SOLUTION,,次氯酸盐溶液,,C9,8,8,II,1L,521,E2,P001 IBC02,MP15,PP10 B5,T7,L4BV(+),TP2 TP24,TE11,AT,2 (E),,,,,80
1791,b,HYPOCHLORITE SOLUTION,,次氯酸盐溶液,,C9,8,8,III,5L,521,E1,P001 IBC02 LP01 R001,MP19,B5,T4,L4BV(+),TP2 TP24,TE11,AT,3 (E),,,,,80
1792,,"IODINE MONOCHLO RIDE,SOLID",,"一氯化碘,固体的",,C2,8,8,II,1kg,,E0,P002 IBC08,MP10,B4,T7,L4BN SGAN,TP2,,AT,2 (E),V11,,,,80
1793,,ISOPROPYL ACID PHOSPHATE,,酸式磷酸异丙酯,,C3,8,8,III,5L,,E1,P001 IBC02 LP01 R001,MP19,,T4,L4BN,TP1,,AT,3 (E),,,,,80
1794,,LEAD SULPHATE,with more than 3% free acid,硫酸铅,含游离酸大于3%,C2,8,8,II,1kg,591,E2,P002 IBC08,MP10,B4,T3,SGAN,TP33,,AT,2 (E),V11,VC1 VC2 AP7,,,80
1796,a,NITRATING ACID MIXTURE,with more than 50% nitric acid,硝化酸混合物,含硝酸超过50%,CO1,8,8+5.1,I,0,,E0,P001,MP8 MP17,,T10,L10 BH,TP2,TC6 TT1,AT,1 (E),,,CV24,S14,885
1796,b,NITRATING ACID MIXTURE,with not more than 50% nitric acid,硝化酸混合物,含硝酸不超过50%,C1,8,8,II,1L,,E0,P001 IBC02,MP15,,T8,L4BN,TP2,,AT,2 (E),,,,,80
1798,,NITROHYDROCHLORIC ACID,,王水,,COT,8,,,,,,,,,,,,,,,,,,,
1799,,NONYLTRICHLOROSILANE,,壬基三氯硅烷,,C3,8,8,II,0,,E0,P010,MP15,,T10,L4BN,TP2 TP7,,AT,2 (E),,,,,X80
1800,,OCTADECYLTRICHLOROSILANE,,十八烷基三氯硅烷,,C3,8,8,II,0,,E0,P010,MP15,,T10,L4BN,TP2 TP7,,AT,2 (E),,,,,X80
1801,,OCTYLTRICHLOROSILANE,,辛基三氯硅烷,,C3,8,8,II,0,,E0,P010,MP15,,T10,L4BN,TP2 TP7,,AT,2 (E),,,,,X80
1802,,PERCHLORIC ACID,"with not more than 50% acid,by mass",高氯酸,按质量含酸不超过50%,CO1,8,8+5.1,II,1L,522,E0,P001 IBC02,MP3,,T7,L4BN,TP2,,AT,2 (E),,,CV24,,85
1803,,"PHENOLSULPHONIC ACID, LIQUID",,"苯酚磺酸,液体的",,C3,8,8,II,1L,,E2,P001 IBC02,MP15,,T7,L4BN,TP2,,AT,2 (E),,,,,80
1804,,PHENYLTRICHLOROSILANE,,苯基三氯硅烷,,C3,8,8,II,0,,E0,P010,MP15,,T10,L4BN,TP2 TP7,,AT,2 (E),,,,,X80
1805,,"PHOSPHORIC ACID, SOLUTION",,磷酸溶液,,C1,8,8,III,5L,,E1,P001 IBC03 LP01 R001,MP19,,T4,L4BN,TP1,,AT,3 (E),V12,,,,80
1806,,PHOSPHORUS PENTACHLORIDE,,五氯化磷,,C2,8,8,II,1kg,,E0,P002 IBC08,MP10,B4,T3,SGAN,TP33,,AT,2 (E),V11,,,,80
1807,,PHOSPHORUS PENTOXIDE,,五氧化二磷,,C2,8,8,II,1kg,,E2,P002 IBC08,MP10,B4,T3,SGAN,TP33,,AT,2 (E),V11,,,,80
1808,,PHOSPHORUS TRIBROMIDE,,三溴化磷,,C1,8,8,II,1L,,E0,P001 IBC02,MP15,,T7,L4BN,TP2,,AT,2 (E),,,,,X80
1809,,PHOSPHORUS TRICHLORIDE,,三氯化磷,,TC3,6.1,6.1+8,I,0,354,E0,P602,MP8 MP17,,T20,L10CH,TP2 TP35,TU14 TU15 TE19 TE21,AT,1 (C/D),,,CV1 CV13 CV28,S9 S14,668
1810,,PHOSPHORUS OXYCHLORIDE,,三氯氧化磷 (磷酰氯),,TC3,6.1,6.1+8,I,0,354,E0,P602,MP8 MP17,,T20,L10CH,TP2 TP37,TU14 TU15 TE19 TE21,AT,1 (C/D),,,CV1 CV13 CV28,S9 S14,X668
1811,,"POTASSIUM HYDROGEN DIFLUORIDE, SOLID",,"二氟化氢钾,固体的",,CT2,8,8+6.1,II,1kg,,E2,P002 IBC08,MP10,B4,T3,SGAN,TP33,,AT,2 (E),V11,,CV13 CV28,,86
1812,,"POTASSIUM FLUORIDE, SOLID",,"氟化钾,固体的",,T5,6.1,6.1,III,5kg,,E1,P002 IBC08 LP02 R001,MP10,B3,T1,SGAH,TP33,TU15 TE19,AT,2 (E),,VC1 VC2 AP7,CV13 CV28,S9,60
1813,,"POTASSIUM HYDROXIDE, SOLID",,"氢氧化钾,固体的",,C6,8,8,II,1kg,,E2,P002 IBC08,MP10,B4,T3,SGAN,TP33,,AT,2 (E),V11,,,,80
1814,a,POTASSIUM HYDROXIDE SOLUTION,,氢氧化钾溶液,,C5,8,8,II,1L,,E2,P001 IBC02,MP15,,T7,L4BN,TP2,,AT,2 (E),,,,,80
1814,b,POTASSIUM HYDROXIDE SOLUTION,,氢氧化钾溶液,,C5,8,8,III,5L,,E1,P001 IBC03 LP01 R001,MP19,,T4,L4BN,TP1,,AT,3 (E),V12,,,,80
1815,,PROPIONYL CHLORIDE,,丙酰氯,,FC,3,3+8,II,1L,,E2,P001 IBC02,MP19,,T7,L4BH,TP1,,FL,2 (D/E),,,,S2 S20,338
1816,,PROPYLTRICHLOROSILANE,,丙基三氯硅烷,,CF1,8,8+3,II,0,,E0,P010,MP15,,T10,L4BN,TP2 TP7,,FL,2 (D/E),,,,S2,X83
1817,,PYROSULPHURYL CHLORIDE,,焦硫酰氯,,C1,8,8,II,1L,,E2,P001 IBC02,MP15,,T8,L4BN,TP2,,AT,2 (E),,,,,X80
1818,,SILICON TETRACHLORIDE,,四氯化硅,,C1,8,8,II,0,,E0,P010,MP15,,T10,L4BN,TP2 TP7,,AT,2 (E),,,,,X80
1819,a,SODIUM ALUMINATE SOLUTION,,铝酸钠溶液,,C5,8,8,II,1L,,E2,P001 IBC02,MP15,,T7,L4BN,TP2,,AT,2 (E),,,,,80
1819,b,SODIUM ALUMINATE SOLUTION,,铝酸钠溶液,,C5,8,8,III,5L,,E1,P001 IBC03 LP01 R001,MP19,,T4,L4BN,TP1,,AT,3 (E),V12,,,,80
1823,,"SODIUM HYDROXIDE, SOLID",,"氢氧化钠,固体的",,C6,8,8,II,1kg,,E2,P002 IBC08,MP10,B4,T3,SGAN,TP33,,AT,2 (E),V11,,,,80
1824,a,SODIUM HYDROXIDE SOLUTION,,氢氧化钠溶液,,C5,8,8,II,1L,,E2,P001 IBC02,MP15,,T7,L4BN,TP2,,AT,2 (E),,,,,80
1824,b,SODIUM HYDROXIDE SOLUTION,,氢氧化钠溶液,,C5,8,8,III,5L,,E1,P001 IBC03 LP01 R001,MP19,,T4,L4BN,TP1,,AT,3 (E),V12,,,,80
1825,,SODIUM MONOXIDE,,氧化钠,,C6,8,8,II,1kg,,E2,P002 IBC08,MP10,B4,T3,SGAN,TP33,,AT,2 (E),V11,,,,80
1826,a,"NITRATING ACID MIXTURE, SPENT",with more than 50% nitric acid,"硝化酸混合物,用过的",含硝酸超过50%,CO1,8,8+5.1,I,0,113,E0,P001,MP8 MP17,,T10,L10BH,TP2,,AT,1 (E),,,CV24,S14,885
1826,b,"NITRATING ACID MIXTURE, SPENT",with not more than 50% nitric acid,"硝化酸混合物,用过的",含硝酸不超过50%,C1,8,8,II,1L,113,E0,P001 IBC02,MP15,,T8,L4BN,TP2,,AT,2 (E),,,,,80
1827,,"STANNIC CHLORIDE, ANHYDROUS",,"四氯化锡,无水的",,C1,8,8,II,1L,,E2,P001 IBC02,MP15,,T7,L4BN,TP2,,AT,2 (E),,,,,X80
1828,,SULPHUR CHLORIDES,,氯化硫类,,C1,8,8,I,0,,E0,P602,MP8 MP17,,T20,L10BH,TP2,,AT,1 (E),,,,S20,X88
1829,,"SULPHUR TRIOXIDE, STABILIZED",,"三氧化硫,稳定的",,C1,8,8,I,0,623,E0,P001,MP8 MP17,,T20,L10 BH,TP4 TP25 TP26,TU32 TE13 TT5 TM3,AT,1 (E),,,,S20,X88
1830,,SULPHURIC ACID,with more than 51% acid,硫酸,含酸超过51%,C1,8,8,II,1L,,E2,P001 IBC02,MP15,,T8,L4BN,TP2,,AT,2 (E),,,,,80
1831,,"SULPHURIC ACID, FUMING",,"硫酸,发烟的",,CT1,8,8+6.1,I,0,,E0,P602,MP8 MP17,,T20,L10BH,TP2,,AT,1 (C/D),,,CV13 CV28,S14,X886
1832,,"SULPHURIC ACID,SPENT",,"硫酸,用过的",,C1,8,8,II,1L,113,E0,P001 IBC02,MP15,,T8,L4BN,TP2,,AT,2 (E),,,,,80
1833,,SULPHUROUS ACID,,亚硫酸,,C1,8,8,II,1L,,E2,P001 IBC02,MP15,,T7,L4BN,TP2,,AT,2 (E),,,,,80
1834,,SULPHURYL CHLORIDE,,硫酰氯,,TC3,6.1,6.1+8,I,0,354,E0,P602,MP8 MP17,,T20,L10CH,TP2,TU14 TU15 TE19 TE21,AT,1 (C/D),,,CV1 CV13 CV28,S9 S14,X668
1835,a,TETRAMETHY LAMMONIUM HYDROXIDE SOLUTION,,氢氧化四甲铵溶液,,C7,8,8,II,1L,,E2,P001 IBC02,MP15,,T7,L4BN,TP2,,AT,2 (E),,,,,80
1835,b,TETRAMETHY LAMMONIUM HYDROXIDE SOLUTION,,氢氧化四甲铵溶液,,C7,8,8,III,5L,,E1,P001 IBC03 LP01 R001,MP19,,T7,L4BN,TP2,,AT,3 (E),V12,,,,80
1836,,THIONYL CHLORIDE,,亚硫酰 (二)氯,,C1,8,8,I,0,,E0,P802,MP8 MP17,,T10,L10BH,TP2,,AT,1 (E),,,,S20,X88
1837,,THIOPHOS PHORYL CHLORIDE,,硫代磷酰氯,,C1,8,8,II,1L,,E0,P001 IBC02,MP15,,T7,L4BN,TP2,,AT,2 (E),,,,,X80
1838,,TITANIUM TETRACHLORIDE,,四氯化钛,,TC3,6.1,6.1+8,I,0,354,E0,P602,MP8 MP17,,T20,L10CH,TP2 TP37,TU14 TU15 TE19 TE21,AT,1 (C/D),,,CV1 CV13 CV28,S9 S14,X668
1839,,TRICHLOROACETIC ACID,,三氯乙酸,,C4,8,8,II,1kg,,E2,P002 IBC08,MP10,B4,T3,SGAN L4BN,TP33,,AT,2 (E),V11,,,,80
1840,,ZINC CHLORIDE SOLUTION,,氯化锌溶液,,C1,8,8,III,5L,,E1,P001 IBC03 LP01 R001,MP19,,T4,L4BN,TP1,,AT,3 (E),V12,,,,80
1841,,ACETALDEHYDE AMMONIA,,乙醛合氨,,M11,9,9,III,5kg,,E1,P002 IBC08 LP02 R001,MP10,B3B6,T1,SGAV,TP33,,AT,3 (E),,VC1 VC2,,,90
1843,,"AMMONIUM DINITRO-o-CRESOLATE, SOLID",,"二硝基邻甲酚铵,固体的",,T2,6.1,6.1,II,500g,,E4,P002 IBC08,MP10,B4,T3,SGAH,TP33,TU15 TE19,AT,2 (D/E),V11,,CV13 CV28,S9 S19,60
1845,,"CARBON DIOXIDE, SOLID(DRY ICE)",,"二氧化碳,固体的(干冰)",,M11,9,,,,,,,,,,(not listed in JTT),,,,,,,,,
1846,,CARBON TETRACHLORIDE,,四氯化碳,,T1,6.1,6.1,II,100mL,,E4,P001 IBC02,MP15,,T7,L4BH,TP2,TU15 TE19,AT,2 (D/E),,,CV13 CV28,S9 S19,60
1847,,"POTASSIUM SULPHIDE, HYDRATED",with not less than 30% water of crystallization,"硫化钾,水合的",含结晶水不低于30%,C6,8,8,II,1kg,523,E2,P002 IBC08,MP10,B4,T3,SGAN L4BN,TP33,,AT,2 (E),V11,,,,80
1848,,PROPIONIC ACID,with not less than 10% and less than 90% acid by mass,丙酸,按质量含酸不小于 10%和小于 90%,C3,8,8,III,5L,,E1,P001 IBC03 LP01 R001,MP19,,T4,L4BN,TP1,,AT,3 (E),V12,,,,80
1849,,"SODIUM SULPHIDE, HYDRATED",with not less than 30% water,"硫化钠,水合的",含至少 30%的水,C6,8,8,II,1kg,523,E2,P002 IBC08,MP10,B4,T3,SGAN L4BN,TP33,,AT,2 (E),V11,,,,80
1851,a,"MEDICINE, LIQUID, TOXIC, N.O.S.",,"医药,液体的,有毒的,未另作规定的",,T1,6.1,6.1,II,100mL,221 601,E4,P001,MP15,,,L4BH,,TU15 TE19,AT,2 (D/E),,,CV13 CV28,S9 S19,60
1851,b,"MEDICINE, LIQUID, TOXIC, N.O.S.",,"医药,液体的,有毒的,未另作规定的",,T1,6.1,6.1,III,5L,221 601,E1,P001 LP01 R001,MP19,,,L4BH,,TU15 TE19,AT,2 (E),,,CV13 CV28,S9,60
1854,,"BARIUM ALLOYS, PYROPHORIC",,"钡合金类,发火的",,S4,4.2,4.2,I,0,,E0,P404,MP13,,T21,,TP7 TP33,,AT,0 (B/E),V1,,,S20,43
1855,a,"CALCIUM, PYROPHORIC",,"钙,发火的",,S4,4.2,4.2,I,0,,E0,P404,MP13,,,,,,,0 (E),V1,,,S20,
1855,b,"CALCIUM ALLOYS, PYROPHORIC",,"钙合金,发火的",,S4,4.2,4.2,I,0,,E0,P404,MP13,,,,,,,0 (E),V1,,,S20,
1856,,"RAGS,OILY",,"破布,黏渍油的",,S2,4.2,,,,,,,,,,(not listed in JTT),,,,,,,,,
1857,,"TEXTILE WASTE,WET",,"废纺织品,湿的",,S2,4.2,,,,,,,,,,(not listed in JTT),,,,,,,,,
1858,a,HEXAFLUOROPROPYLENE,,六氟丙烯(制冷气体R1216),,2A,2,2.2,,120mL,662,E1,P200,MP9,,(M) T50,PxBN(M),,TA4 TT9,AT,3 (C/E),,,CV9 CV10 CV36,,20
1858,b,REFRIGERANT GAS R1216,,六氟丙烯(制冷气体R1216),,2A,2,2.2,,120mL,662,E1,P200,MP9,,(M) T50,PxBN(M),,TA4 TT9,AT,3 (C/E),,,CV9 CV10 CV36,,20
1859,,SILICON TETRAFLUORIDE,,四氟化硅,,2TC,2,2.3+8,,0,,E0,P200,MP9,,(M),PxBH(M),,TA4 TT9,AT,1 (C/D),,,CV9 CV10 CV36,S14,268
1860,,"VINYL FLUORIDE, STABILIZED",,"乙烯基氟,稳定的",,2F,2,2.1,,0,662,E0,P200,MP9,,(M),PxBN(M),,TA4 TT9,FL,2 (B/D),,,CV9 CV10 CV36,S2 S20,239
1862,,ETHYL CROTONATE,,丁烯酸乙酯,,F1,3,3,II,1L,,E2,P001 IBC02 R001,MP19,,T4,LGBF,TP2,,FL,2 (D/E),,,,S2 S20,33
1863,a,"FUEL, AVIATION, TURBINE ENGINE",,"航空燃料,涡轮发动机用",,F1,3,3,I,500mL,363 664,E3,P001,MP7 MP17,,T11,L4BN,TP1 TP8 TP28,,FL,1 (D/E),,,,S2 S20,33
1863,b,"FUEL, AVIATION, TURBINE ENGINE",(vapour pres sure at 50°C more than 110kPa),"航空燃料,涡轮发动机用",(50°C时蒸气压大于110kPa),F1,3,3,II,1L,363 640C 664,E2,P001,MP19,,T4,L1. 5BN,TP1 TP8,,FL,2 (D/E),,,,S2 S20,33
1863,c,"FUEL,AVIATION, TURBINE ENGINE",(vapour pres sure at 50°C not more than 110kPa),"航空燃料,涡轮发动机用",(50°C时蒸气压不大于110kPa),F1,3,3,II,1L,363 640D 664,E2,P001 IBC02 R001,MP19,,T4,LGBF,TP1 TP8,,FL,2 (D/E),,,,S2 S20,33
1863,d,"FUEL, AVIATION, TURBINE ENGINE",,"航空燃料,涡轮发动机用",,F1,3,3,III,5L,363 664,E1,P001 IBC03 LP01 R001,MP19,,T2,LGBF,TP1,,FL,3 (D/E),V12,,,S2,30
1865,,nPROPYL NITRATE,,硝酸正丙酯,,F1,3,3,II,1L,,E2,P001 IBC02 R001,MP19,B7,,,,,,2 (E),,,,S2 S20,
1866,a,RESIN SOLUTION,flammable,"树脂溶液,易燃的",,F1,3,3,I,500mL,,E3,P001,MP7 MP17,,T11,L4BN,TP1 TP8 TP28,,FL,1 (D/E),,,,S2 S20,33
1866,b,RESIN SOLUTION,flammable (vapour pressure at 50°C more than 110kPa),"树脂溶液,易燃的",(50°C时蒸气压大于110kPa),F1,3,3,II,5L,640C,E2,P001,MP19,PP1,T4,L1. 5BN,TP1 TP8,,FL,2 (D/E),,,,S2 S20,33
1866,c,RESIN SOLUTION,flammable (vapour pressure at 50°C not more than 110kPa),"树脂溶液,易燃的",(50°C时蒸气压不大于110kPa),F1,3,3,II,5L,640D,E2,P001 IBC02 R001,MP19,PP1,T4,LGBF,TP1 TP8,,FL,2 (D/E),,,,S2 S20,33
1866,d,RESIN SOLUTION,flammable,"树脂溶液,易燃的",,F1,3,3,III,5L,640E,E1,P001 IBC03 LP01 R001,MP19,PP1,T2,LGBF,TP1,,FL,3 (D/E),V12,,,S2,30
1866,e,RESIN SOLUTION,flammable (having a flashpoint below 23°C and viscous according to JT/T 617. 2— 2018 5. 3. 1. 4) (vapour pressure at 50°C more than 110kPa),"树脂溶液,易燃的","(闪点在 23°C以下,黏度参照JT/T617.2—2018 中5.3.1.4) (50°C时蒸气压大于110kPa)",F1,3,3,III,5L,,E1,P001 R001,MP19,PP1,,,,,,3 (E),,,,S2,
1866,f,RESIN SOLUTION,flammable (having a flashpoint below 23°C and viscous according to JT/T 617. 2—2018 5. 3. 1. 4) (vapour pres sure at 50°C not more than 110kPa),"树脂溶液,易燃的","(闪点在 23°C以下,黏度参照JT/T617.2—2018 中5.3.1.4) (50°C时蒸气压不大于110kPa)",F1,3,3,III,5L,,E1,P001 IBC02 R001,MP19,PP1 BB4,,,,,,3 (E),,,,S2,
1868,,DECABORANE,,癸硼烷,,FT2,4.1,4.1+6.1,II,1kg,,E0,P002 IBC06,MP10,,T3,SGAN,TP33,,AT,2 (E),V11,,CV28,,46
1869,a,MAGNESIUM,"with more than 50% magnesium in pellets,turning sorribbons",镁,"含镁50%以上的,丸状,车削片或条状的",F3,4.1,4.1,III,5kg,59,E1,P002 IBC08 LP02 R001,MP11,B3,T1,SGAV,TP33,,AT,3 (E),,VC1 VC2,,,40
1869,b,MAGNESIUM ALLOYS,"with more than 50% magnesium in pellets,turning sorribbons",镁合金,"含镁50%以上的,丸状,车削片或条状的",F3,4.1,4.1,III,5kg,59,E1,P002 IBC08 LP02 R001,MP11,B3,T1,SGAV,TP33,,AT,3 (E),,VC1 VC2,,,40
1870,,POTASSIUM BOROHYDRIDE,,硼氢化钾,,W2,4.3,4.3,I,0,,E0,P403,MP2,,,,,,,1 (E),V1,,CV23,S20,
1871,,TITANIUM HYDRIDE,,氢化钛,,F3,4.1,4.1,II,1kg,,E2,P410 IBC04,MP11,PP40,T3,SGAN,TP33,,AT,2 (E),,,,,40
1872,,LEADDIOXIDE,,二氧化铅,,OT2,5.1,5.1+6.1,III,5kg,,E1,P002 IBC08 LP02 R001,MP2,B3,T1,SGAN,TP33,TU3,AT,3 (E),,,CV24 CV28,,56
1873,,PERCHLORIC ACID,"with more than 50% but not more than 72% acid,by mass",高氯酸,按质量含酸大于 50%但不大于 72%,OC1,5.1,5.1+8,I,0,60,E0,P502,MP3,PP28,T10,L4DN(+),TP1,TU3 TU28,AT,1 (B/E),,,CV24,S20,558
1884,,BARIUM OXIDE,,氧化钡,,T5,6.1,6.1,III,5kg,,E1,P002 IBC08 LP02 R001,MP10,B3,T1,SGAH L4BH,TP33,TU15 TE19,AT,2 (E),,VC1 VC2 AP7,CV13 CV28,S9,60
1885,,BENZIDINE,,联苯胺,,T2,6.1,6.1,II,500g,,E4,P002 IBC08,MP10,B4,T3,SGAH L4BH,TP33,TU15 TE19,AT,2 (D/E),V11,,CV13 CV28,S9 S19,60
1886,,BENZYLIDENE CHLORIDE,,二氯甲基苯,,T1,6.1,6.1,II,100mL,,E4,P001 IBC02,MP15,,T7,L4BH,TP2,TU15 TE19,AT,2 (D/E),,,CV13 CV28,S9 S19,60
1887,,BROMOCHL OROMETHANE,,溴氯甲烷,,T1,6.1,6.1,III,5L,,E1,P001 IBC03 LP01 R001,MP19,,T4,L4BH,TP1,TU15 TE19,AT,2 (E),V12,,CV13 CV28,S9,60
1888,,CHLOROFORM,,氯仿(三氯甲烷),,T1,6.1,6.1,III,5L,,E1,P001 IBC03 LP01 R001,MP19,,T7,L4BH,TP2,TU15 TE19,AT,2 (E),V12,,CV13 CV28,S9,60
1889,,CYANOGEN BROMIDE,,溴化氰,,TC2,6.1,6.1+8,I,0,,E0,P002,MP18,,T6,S10AH L10CH,TP33,TU14 TU15 TE19 TE21,AT,1 (C/E),,,CV1 CV13 CV28,S9 S14,668
1891,,ETHYL BROMIDE,,乙基溴,,T1,6.1,6.1,II,100mL,,E4,P001 IBC02,MP15,B8,T7,L4BH,TP2,TU15 TE19,AT,2 (D/E),,,CV13 CV28,S9 S19,60
1892,,ETHYL DICHLOROARSINE,,乙基二氯胂,,T3,6.1,6.1,I,0,354,E0,P602,MP8 MP17,,T20,L10CH,TP2 TP37,TU14 TU15 TE19 TE21,AT,1 (C/D),,,CV1 CV13 CV28,S9 S14,66
1894,,PHENYLMERCURIC HYDROXIDE,,氢氧化苯汞,,T3,6.1,6.1,II,500g,,E4,P002 IBC08,MP10,B4,T3,SGAH,TP33,TU15 TE19,AT,2 (D/E),V11,,CV13 CV28,S9 S19,60
1895,,PHENYLMERCURIC NITRATE,,硝酸苯汞,,T3,6.1,6.1,II,500g,,E4,P002 IBC08,MP10,B4,T3,SGAH,TP33,TU15 TE19,AT,2 (D/E),V11,,CV13 CV28,S9 S19,60
1897,,TETRACHLOROETHYLENE,,四氯乙烯,,T1,6.1,6.1,III,5L,,E1,P001 IBC03 LP01 R001,MP19,,T4,L4BH,TP1,TU15 TE19,AT,2 (E),V12,,CV13 CV28,S9,60
1898,,ACETYL IODIDE,,乙酰碘,,C3,8,8,II,1L,,E2,P001 IBC02,MP15,,T7,L4BN,TP2,,AT,2 (E),,,,,80
1902,,DIISOOCTYL ACID PHOSPHATE,,酸式磷酸二异辛酯,,C3,8,8,III,5L,,E1,P001 IBC03 LP01 R001,MP19,,T4,L4BN,TP1,,AT,3 (E),V12,,,,80
1903,a,"DISINFECTANT, LIQUID, CORROSIVE, N.O.S.",,"消毒剂,液体的,腐蚀性的,未另作规定的",,C9,8,8,I,0,274,E0,P001,MP8 MP17,,,L10BH,,,AT,1 (E),,,,S20,88
1903,b,"DISINFECTANT, LIQUID, CORROSIVE, N.O.S.",,"消毒剂,液体的,腐蚀性的,未另作规定的",,C9,8,8,II,1L,274,E2,P001 IBC02,MP15,,,L4BN,,,AT,2 (E),,,,,80
1903,c,"DISINFECTANT, LIQUID, CORROSIVE, N.O.S.",,"消毒剂,液体的,腐蚀性的,未另作规定的",,C9,8,8,III,5L,274,E1,P001 IBC03 LP01 R001,MP19,,,L4BN,,,AT,3 (E),V12,,,,80
1905,,SELENIC ACID,,硒酸,,C2,8,8,I,0,,E0,P002 IBC07,MP18,,T6,S10AN,TP33,,AT,1 (E),V10,,,S20,88
1906,,SLUDGE ACID,,淤渣硫酸,,C1,8,8,II,1L,,E0,P001 IBC02,MP15,,T8,L4BN,TP2 TP28,,AT,2 (E),,,,,80
1907,,SODA LIME,with more than 4% sodium hydroxide,碱石灰,含氢氧化钠超过4%,C6,8,8,III,5kg,62,E1,P002 IBC08 LP02 R001,MP10,B3,T1,SGAV,TP33,,AT,3 (E),,VC1 VC2 AP7,,,80
1908,a,CHLORITE SOLUTION,,亚氯酸盐溶液,,C9,8,8,II,1L,521,E2,P001 IBC02,MP15,,T7,L4BV(+),TP2 TP24,TE11,AT,2 (E),,,,,80
1908,b,CHLORITE SOLUTION,,亚氯酸盐溶液,,C9,8,8,III,5L,521,E1,P001 IBC03 LP01 R001,MP19,,T4,L4BV(+),TP2 TP24,TE11,AT,3 (E),V12,,,,80
1910,,CALCIUM OXIDE,,氧化钙,,C6,8,,,,,,,,,,(not listed in JTT),,,,,,,,,
1911,,DIBORANE,,乙硼烷,,2TF,2,2.3+2.1,,0,,E0,P200,MP9,,,,,,,1 (D),,,CV9 CV10 CV36,S2 S14,
1912,,METHYL CHLORIDE AND METHYLENE CHLORIDE MIXTURE,,甲基氯和二氯甲烷混合物,,2F,2,2.1,,0,228 662,E0,P200,MP9,,(M) T50,PxBN(M),,TA4 TT9,FL,2 (B/D),,,CV9 CV10 CV36,S2 S20,23
1913,,"NEON, REFRIG ERATED LIQUID",,"氖,冷冻液体",,3A,2,2.2,,120mL,593,E1,P203,MP9,,T75,RxBN,TP5,TU19 TA4 TT9,AT,3 (C/E),V5,,CV9 CV11 CV36,S20,22
1914,,BUTYL PROPIONATES,,丙酸丁酯类,,F1,3,3,III,5L,,E1,P001 IBC03 LP01 R001,MP19,,T2,LGBF,TP1,,FL,3 (D/E),V12,,,S2,30
1915,,CYCLOHEXANONE,,环己酮,,F1,3,3,III,5L,,E1,P001 IBC03 LP01 R001,MP19,,T2,LGBF,TP1,,FL,3 (D/E),V12,,,S2,30
1916,,"2,2'-DICHL ORODIETHYL ETHER",,"2,2’二氯二乙醚",,TF1,6.1,6.1+3,II,100mL,,E4,P001 IBC02,MP15,,T7,L4BH,TP2,TU15 TE19,FL,2 (D/E),,,CV13 CV28,S2S9 S19,63
1917,,"ETHYL ACRYLATE, STABILIZED",,"丙烯酸乙酯,稳定的",,F1,3,3,II,1L,,E2,P001 IBC02 R001,MP19,,T4,LGBF,TP1,,FL,2 (D/E),,,,S2 S20,339
1918,,ISOPROPYLBENZENE,,异丙基苯,,F1,3,3,III,5L,,E1,P001 IBC03 LP01 R001,MP19,,T2,LGBF,TP1,,FL,3 (D/E),V12,,,S2,30
1919,,"METHYL ACRYLATE, STABILIZED",,"丙烯酸甲酯,稳定的",,F1,3,3,II,1L,,E2,P001 IBC02 R001,MP19,,T4,LGBF,TP1,,FL,2 (D/E),,,,S2 S20,339
1920,,NONANES,,壬烷类,,F1,3,3,III,5L,,E1,P001 IBC03 LP01 R001,MP19,,T2,LGBF,TP1,,FL,3 (D/E),V12,,,S2,30
1921,,"PROPYLENEIMINE, STABILIZED",,"丙烯亚胺,稳定的",,FT1,3,3+6.1,I,0,,E0,P001,MP2,,T14,L15CH,TP2,TU14 TU15 TE21,FL,1 (C/E),,,CV13 CV28,S2 S22,336
1922,,PYRROLIDINE,,吡咯烷,,FC,3,3+8,II,1L,,E2,P001 IBC02,MP19,,T7,L4BH,TP1,,FL,2 (D/E),,,,S2 S20,338
1923,a,CALCIUM DITHIONITE,,连二亚硫酸钙,,S4,4.2,4.2,II,0,,E2,P410 IBC06,MP14,,T3,SGAN,TP33,,AT,2 (D/E),V1,,,,40
1923,b,CALCIUM HYDROSULPHI TE,,连二亚硫酸钙,,S4,4.2,4.2,II,0,,E2,P410 IBC06,MP14,,T3,SGAN,TP33,,AT,2 (D/E),V1,,,,40
1928,,METHYL MAGNESIUM BROMIDE IN ETHYL ETHER,,溴化甲基镁的乙醚溶液,,WF1,4.3,4.3+3,I,0,,E0,P402,MP2,RR8,,L10DH,,TU4 TU14 TU22 TE21 TM2,FL,0 (B/E),V1,,CV23,S2 S20,X323
1929,a,POTASSIUM DITHIONITE,,连二亚硫酸钾,,S4,4.2,4.2,II,0,,E2,P410 IBC06,MP14,,T3,SGAN,TP33,,AT,2 (D/E),V1,,,,40
1929,b,POTASSIUM HYDROSULPHI TE,,亚硫酸氢钾,,S4,4.2,4.2,II,0,,E2,P410 IBC06,MP14,,T3,SGAN,TP33,,AT,2 (D/E),V1,,,,40
1931,a,ZINC DITHIONITE,,连二亚硫酸锌,,M11,9,9,III,5kg,,E1,P002 IBC08 LP02 R001,MP10,B3,T1,SGAV,TP33,,AT,3 (E),,VC1 VC2,,,90
1931,b,ZINC HYDROSULPHITE,,亚硫酸氢锌,,M11,9,9,III,5kg,,E1,P002 IBC08 LP02 R001,MP10,B3,T1,SGAV,TP33,,AT,3 (E),,VC1 VC2,,,90
1932,,ZIRCONIUM SCRAP,,"锆,碎屑",,S4,4.2,4.2,III,0,524 592,E0,P002 IBC08 LP02 R001,MP14,B3,T1,SGAN,TP33,,AT,3 (E),V1,VC1 VC2 AP1,,,40
1935,a,"CYANIDE SOLUTION, N.O.S.",,"氰化物溶液,未另作规定的",,T4,6.1,6.1,I,0,274 525,E5,P001,MP8 MP17,,T14,L10CH,TP2 TP27,TU14 TU15 TE19 TE21,AT,1 (C/E),,,CV1 CV13 CV28,S9 S14,66
1935,b,"CYANIDE SOLUTION, N.O.S.",,"氰化物溶液,未另作规定的",,T4,6.1,6.1,II,100mL,274 525,E4,P001 IBC02,MP15,,T11,L4BH,TP2 TP27,TU15 TE19,AT,2 (D/E),,,CV13 CV28,S9 S19,60
1935,c,"CYANIDE SOLUTION, N.O.S.",,"氰化物溶液,未另作规定的",,T4,6.1,6.1,III,5L,274 525,E1,P001 IBC03 LP01 R001,MP19,,T7,L4BH,TP2 TP28,TU15 TE19,AT,2 (E),V12,,CV13 CV28,S9,60
1938,a,BROMOACETIC ACID SOLUTION,,溴乙酸溶液,,C3,8,8,II,1L,,E2,P001 IBC02,MP15,,T7,L4BN,TP2,,AT,2 (E),,,,,80
1938,b,BROMOACETIC ACID SOLUTION,,溴乙酸溶液,,C3,8,8,III,5L,,E1,P001 IBC02 LP01 R001,MP19,,T7,L4BN,TP2,,AT,3 (E),,,,,80
1939,,PHOSPHORUS OXYBROMIDE,,"三溴氧化磷,固体的",,C2,8,8,II,1kg,,E0,P002 IBC08,MP10,B4,T3,SGAN,TP33,,AT,2 (E),V11,,,,80
1940,,THIOGLYCOLIC ACID,,巯基乙酸,,C3,8,8,II,1L,,E2,P001 IBC02,MP15,,T7,L4BN,TP2,,AT,2 (E),,,,,80
1941,,DIBROMODIFLUORO METHANE,,二溴二氟甲烷,,M11,9,9,III,5L,,E1,P001 LP01 R001,MP15,,T11,L4BN,TP2,,AT,3 (E),,,,,90
1942,,AMMONIUM NITRATE,"with not more than 0.2% combustible substances, including any organic substance calculated as carbon,to the exclusion of any other added substance",硝酸铵,"含有不大于0.2%的可燃物质,包括以碳计算的任何有机物,但不包括任何其他添加物",O2,5.1,5.1,III,5kg,306 611,E1,P002 IBC08 LP02 R001,MP10,B3,T1 BK1 BK2,SGAV,TP33,TU3,AT,3 (E),,VC1 VC2 AP6 AP7,CV24,S23,50
1944,,"MATCHES, SAFETY","(book, card or strike on box)","火柴,安全型的","(纸板式,卡式或盒式的)",F1,4.1,4.1,III,5kg,293,E1,P407 R001,MP11,,,,,,,4 (E),,,,,
1945,,"MATCHES, WAX 'VESTA'",,"火柴,涂蜡的",,F1,4.1,4.1,III,5kg,293,E1,P407 R001,MP11,,,,,,,4 (E),,,,,
1950,a,AEROSOLS,asphyxiant,气雾剂,窒息性的,5A,2,2.2,,1L,190 327 344 625,E0,P207 LP02,MP9,PP87 RR6 L2,,,,,,3 (E),V14,,CV9 CV12,,
1950,b,AEROSOLS,corrosive,气雾剂,腐蚀性的,5C,2,2.2+8,,1L,190 327 344 625,E0,P207 LP02,MP9,PP87 RR6 L2,,,,,,1 (E),V14,,CV9 CV12,,
1950,c,AEROSOLS,"corrosive, oxidizing",气雾剂,"腐蚀性的,氧化性的",5CO,2,2.2+5.1+8,,1L,190 327 344 625,E0,P207 LP02,MP9,PP87 RR6 L2,,,,,,1 (E),V14,,CV9 CV12,,
1950,d,AEROSOLS,flammable,气雾剂,易燃的,5F,2,2.1,,1L,190 327 344 625,E0,P207 LP02,MP9,PP87 RR6 L2,,,,,,2 (D),V14,,CV9 CV12,S2,
1950,e,AEROSOLS,"flammable, corrosive",气雾剂,"易燃的,腐蚀性的",5FC,2,2.1+8,,1L,190 327 344 625,E0,P207 LP02,MP9,PP87 RR6 L2,,,,,,1 (D),V14,,CV9 CV12,S2,
1950,f,AEROSOLS,oxidizing,气雾剂,氧化性的,5O,2,2.2+5.1,,1L,190 327 344 625,E0,P207 LP02,MP9,PP87 RR6 L2,,,,,,3 (E),V14,,CV9 CV12,,
1950,g,AEROSOLS,toxic,气雾剂,有毒的,5T,2,2.2+6.1,,120mL,190 327 344 625,E0,P207 LP02,MP9,PP87 RR6 L2,,,,,,1 (D),V14,,CV9 CV12 CV28,,
1950,h,AEROSOLS,"toxic,corrosive",气雾剂,"有毒的,腐蚀性的",5TC,2,2.2+6.1+8,,120mL,190 327 344 625,E0,P207 LP02,MP9,PP87 RR6 L2,,,,,,1 (D),V14,,CV9 CV12 CV28,,
1950,i,AEROSOLS,"toxic, flammable",气雾剂,"有毒的,易燃的",5TF,2,2.1+6.1,,120mL,190 327 344 625,E0,P207 LP02,MP9,PP87 RR6 L2,,,,,,1 (D),V14,,CV9 CV12 CV28,S2,
1950,j,AEROSOLS,"toxic, flammable, corrosive",气雾剂,"有毒的,易燃的,腐蚀性的",5TFC,2,2.1+6.1+8,,120mL,190 327 344 625,E0,P207 LP02,MP9,PP87 RR6 L2,,,,,,1 (D),V14,,CV9 CV12 CV28,S2,
1950,k,AEROSOLS,"toxic,oxidizing",气雾剂,"有毒的,氧化性的",5TO,2,2.2+5.1+6.1,,120mL,190 327 344 625,E0,P207 LP02,MP9,PP87 RR6 L2,,,,,,1 (D),V14,,CV9 CV12 CV28,,
1950,l,AEROSOLS,"toxic, oxidizing, corrosive",气雾剂,"有毒的,氧化性的,腐蚀性的",5TOC,2,2.2+5.1+6.1+8,,120mL,190 327 344 625,E0,P207 LP02,MP9,PP87 RR6 L2,,,,,,1 (D),V14,,CV9 CV12 CV28,,
1951,,"ARGON,REFRIGERATED LIQUID",,"氩,冷冻液体",,3A,2,2.2,,120mL,593,E1,P203,MP9,,T75,RxBN,TP5,TU19 TA4 TT9,AT,3 (C/E),V5,,CV9 CV11 CV36,S20,22
1952,,ETHYLENE OXIDE AND CARBON DIOXIDE MIXTURE,with not more than 9% ethylene oxide,二氧化碳和环氧乙烷的混合物,含环氧乙烷不超过9%,2A,2,2.2,,120mL,662,E1,P200,MP9,,(M),PxBN(M),,TA4 TT9,AT,3 (C/E),,,CV9 CV10 CV36,,20
1953,,"COMPRESSED GAS, TOXIC, FLAMMABLE, N.O.S.",,"压缩气体,有毒的,易燃的,未另作规定的",,1TF,2,2.3+2.1,,0,274,E0,P200,MP9,,(M),CxBH(M),,TU6 TA4 TT9,FL,1 (B/D),,,CV9 CV10 CV36,S2 S14,263
1954,,"COMPRESSED GAS, FLAMMABLE, N.O.S.",,"压缩气体,易燃的,未另作规定的",,1F,2,2.1,,0,274 660 662,E0,P200,MP9,,(M),CxBN(M),,TA4 TT9,FL,2 (B/D),,,CV9 CV10 CV36,S2 S20,23
1955,,"COMPRESSED GAS,TOXIC, N.O.S.",,"压缩气体,有毒的,未另作规定的",,1T,2,2.3,,0,274,E0,P200,MP9,,(M),CxBH(M),,TU6 TA4 TT9,AT,1 (C/D),,,CV9 CV10 CV36,S14,26
1956,,"COMPRESSED GAS,N.O.S.",,"压缩气体,未另作规定的",,1A,2,2.2,,120mL,274 655 662,E1,P200,MP9,,(M),CxBN(M),,TA4 TT9,AT,3 (E),,,CV9 CV10 CV36,,20
1957,,"DEUTERIUM, COMPRESSED",,"氘,压缩的",,1F,2,2.1,,0,662,E0,P200,MP9,,(M),CxBN(M),,TA4 TT9,FL,2 (B/D),,,CV9 CV10 CV36,S2 S20,23
1958,a,"1,2-DICHLORO-1,1,2,2-TETRAFLUOR OETHANE",,"1,2-二氯-1, 1,2,2-四氟乙烷",,2A,2,2.2,,120mL,662,E1,P200,MP9,,(M) T50,PxBN(M),,TA4 TT9,AT,3 (C/E),,,CV9 CV10 CV36,,20
1958,b,REFRIGERANT GAS R114,,制冷气体R114,,2A,2,2.2,,120mL,662,E1,P200,MP9,,(M) T50,PxBN(M),,TA4 TT9,AT,3 (C/E),,,CV9 CV10 CV36,,20
1959,a,"1,1-DIFLUOROETH YLENE",,"1,1-二氟乙烯",,2F,2,2.1,,0,662,E0,P200,MP9,,(M),PxBN(M),,TA4 TT9,FL,2 (B/D),,,CV9 CV10 CV36,S2 S20,239
1959,b,REFRIGERA NT GAS R1132a,,制冷气体 R1132a,,2F,2,2.1,,0,662,E0,P200,MP9,,(M),PxBN(M),,TA4 TT9,FL,2 (B/D),,,CV9 CV10 CV36,S2 S20,239
1961,,"ETHANE, REFRIGERATED LIQUID",,"乙烷,冷冻液体",,3F,2,2.1,,0,,E0,P203,MP9,,T75,RxBN,TP5,TU18 TA4 TT9,FL,2 (B/D),V5,,CV9 CV11 CV36,S2 S17,223
1962,,ETHYLENE,,乙烯,,2F,2,2.1,,0,662,E0,P200,MP9,,(M),PxBN(M),,TA4 TT9,FL,2 (B/D),,,CV9 CV10 CV36,S2 S20,23
1963,,"HELIUM, REFRIGER ATED LIQUID",,"氦,冷冻液体",,3A,2,2.2,,120mL,593,E1,P203,MP9,,T75,RxBN,TP5 TP34,TU19 TA4 TT9,AT,3 (C/E),V5,,CV9 CV11 CV36,S20,22
1964,,"HYDROCARBON GAS MIXTURE, COMPRESSED, N.O.S.",,"烃类气体混合物,压缩的,未另作规定的",,1F,2,2.1,,0,274 662,E0,P200,MP9,,(M),CxBN(M),,TA4 TT9,FL,2 (B/D),,,CV9 CV10 CV36,S2 S20,23
1965,,"HYDROCARBON GAS MIXTURE, LIQUEFIED, N.O.S.","such as mixtures A, A01, A02, A0, A1, B1, B2, B or C","烃类气体混合物,液化的,未另作规定的",,2F,2,2.1,,0,274 583 652 660 662,E0,P200,MP9,,(M) T50,PxBN(M),,TA4 TT9 TT11,FL,2 (B/D),,,CV9 CV10 CV36,S2 S20,23
1966,,"HYDROGEN, REFRIGERATED LIQUID",,"氢气,冷冻液体",,3F,2,2.1,,0,,E0,P203,MP9,,T75,RxBN,TP5 TP23 TP34,TU18 TA4 TT9,FL,2 (B/D),V5,,CV9 CV11 CV36,S2 S17,223
1967,,"INSECTICIDE GAS, TOXIC, N.O.S.",,"气体杀虫剂,有毒的,未另作规定的",,2T,2,2.3,,0,274,E0,P200,MP9,,(M),PxBH(M),,TU6 TA4 TT9,AT,1 (C/D),,,CV9 CV10 CV36,S14,26
1968,,"INSECTICIDE GAS,N.O.S.",,"气体杀虫剂,未另作规定的",,2A,2,2.2,,120mL,274 662,E1,P200,MP9,,(M),PxBN(M),,TA4 TT9,AT,3 (C/E),,,CV9 CV10 CV36,,20
1969,,ISOBUTANE,,异丁烷,,2F,2,2.1,,0,657 660 662,E0,P200,MP9,,(M) T50,PxBN(M),,TA4 TT9 TT11,FL,2 (B/D),,,CV9 CV10 CV36,S2 S20,23
1970,,"KRYPTON, REFRIGERATED LIQUID",,"氪,冷冻液体",,3A,2,2.2,,120mL,593,E1,P203,MP9,,T75,RxBN,TP5,TU19 TA4 TT9,AT,3 (C/E),V5,,CV9 CV11 CV36,S20,22
1971,a,"METHANE, COMPRESSED",with high methane content,"甲烷,压缩的",甲烷含量高的,1F,2,2.1,,0,660 662,E0,P200,MP9,,(M),CxBN(M),,TA4 TT9,FL,2 (B/D),,,CV9 CV10 CV36,S2 S20,23
1971,b,"NATURAL GAS, COMPRESSED",with high methane content,"天然气,压缩的",甲烷含量高的,1F,2,2.1,,0,660 662,E0,P200,MP9,,(M),CxBN(M),,TA4 TT9,FL,2 (B/D),,,CV9 CV10 CV36,S2 S20,23
1972,a,"METHANE, REFRIGERATED LIQUID",with high methane content,"甲烷,冷冻液体",甲烷含量高的,3F,2,2.1,,0,660,E0,P203,MP9,,T75,RxBN,TP5,TU18 TA4 TT9,FL,2 (B/D),V5,,CV9 CV11 CV36,S2 S17,223
1972,b,"NATURAL GAS, REFRIGERATEDLIQUID",with high methane content,"天然气,冷冻液体",甲烷含量高的,3F,2,2.1,,0,660,E0,P203,MP9,,T75,RxBN,TP5,TU18 TA4 TT9,FL,2 (B/D),V5,,CV9 CV11 CV36,S2 S17,223
1973,a,CHLORODIFLUOROMETHANE AND CHLOROPENTAFLUORETHANE MIXTURE,"with fixed boiling point,with approximately 49% chlorodifluoromethane",氯二氟甲烷和氯五氟乙烷的混合物,"具有固定沸点,含有约 49%氯二氟甲烷(制冷气体R502)",2A,2,2.2,,120mL,662,E1,P200,MP9,,(M) T50,PxBN(M),,TA4 TT9,AT,3 (C/E),,,CV9 CV10 CV36,,20
1973,b,REFRIGERANT GAS R502,,制冷气体R502,,2A,2,2.2,,120mL,662,E1,P200,MP9,,(M) T50,PxBN(M),,TA4 TT9,AT,3 (C/E),,,CV9 CV10 CV36,,20
1974,a,CHLORODIFLUOROBROMOMETHANE,,二氟氯溴甲烷,,2A,2,2.2,,120mL,662,E1,P200,MP9,,(M) T50,PxBN(M),,TA4 TT9,AT,3 (C/E),,,CV9 CV10 CV36,,20
1974,b,REFRIGERANT GAS R12B1,,制冷气体R12B1,,2A,2,2.2,,120mL,662,E1,P200,MP9,,(M) T50,PxBN(M),,TA4 TT9,AT,3 (C/E),,,CV9 CV10 CV36,,20
1975,a,NITRIC OXIDE AND DINITROGEN TETROXIDE MIXTURE,,一氧化氮和四氧化二氮混合物,,2TOC,2,2.3+5.1+8,,0,,E0,P200,MP9,,,,,,,1 (D),,,CV9 CV10 CV36,S14,
1975,b,NITRIC OXIDE AND NITROGEN DIOXIDE MIXTURE,,一氧化氮和二氧化氮混合物,,2TOC,2,2.3+5.1+8,,0,,E0,P200,MP9,,,,,,,1 (D),,,CV9 CV10 CV36,S14,
1976,a,OCTAFLUOROCY CLOBUTANE,,八氟环丁烷,,2A,2,2.2,,120mL,662,E1,P200,MP9,,(M) T50,PxBN(M),,TA4 TT9,AT,3 (C/E),,,CV9 CV10 CV36,,20
1976,b,REFRIGERANT GAS RC318,,制冷气体 RC318,,2A,2,2.2,,120mL,662,E1,P200,MP9,,(M) T50,PxBN(M),,TA4 TT9,AT,3 (C/E),,,CV9 CV10 CV36,,20
1977,,"NITROGEN, REFRIGERATED LIQUID",,"氮气,冷冻液体",,3A,2,2.2,,120mL,345 346 593,E1,P203,MP9,,T75,RxBN,TP5,TU19 TA4 TT9,AT,3 (C/E),V5,,CV9 CV11 CV36,S20,22
1978,,PROPANE,,丙烷,,2F,2,2.1,,0,652 657 660 662,E0,P200,MP9,,(M) T50,PxBN(M),,TA4 TT9 TT11,FL,2 (B/D),,,CV9 CV10 CV36,S2 S20,23
1982,a,TETRAFLUOROMETHANE,,制冷气体R14,,2A,2,2.2,,120mL,662,E1,P200,MP9,,(M),PxBN(M),,TA4 TT9,AT,3 (C/E),,,CV9 CV10 CV36,,20
1982,b,REFRIGERANT GAS R14,,制冷气体R14,,2A,2,2.2,,120mL,662,E1,P200,MP9,,(M),PxBN(M),,TA4 TT9,AT,3 (C/E),,,CV9 CV10 CV36,,20
1983,a,"1CHLORO2, 2,2TRIFLUOROETHANE",,"1-氯-2,2,2-三氟乙烷(制冷气体R133a)",,2A,2,2.2,,120mL,662,E1,P200,MP9,,(M) T50,PxBN(M),,TA4 TT9,AT,3 (C/E),,,CV9 CV10 CV36,,20
1983,b,REFRIGERANT GAS R133a,,制冷气体R133a,,2A,2,2.2,,120mL,662,E1,P200,MP9,,(M) T50,PxBN(M),,TA4 TT9,AT,3 (C/E),,,CV9 CV10 CV36,,20
1984,a,TRIFLUOROMETHANE,,三氟甲烷,,2A,2,2.2,,120mL,662,E1,P200,MP9,,(M),PxBN(M),,TA4 TT9,AT,3 (C/E),,,CV9 CV10 CV36,,20
1984,b,REFRIGER ANTGASR23,,制冷气体R23,,2A,2,2.2,,120mL,662,E1,P200,MP9,,(M),PxBN(M),,TA4 TT9,AT,3 (C/E),,,CV9 CV10 CV36,,20
1986,a,"ALCOHOLS, FLAMMABLE, TOXIC, N.O.S.",,"醇类,易燃的,有毒的,未另作规定的",,FT1,3,3+6.1,I,0,274,E0,P001,MP7 MP17,,T14,L10CH,TP2 TP27,TU14 TU15 TE21,FL,1 (C/E),,,CV13 CV28,S2 S22,336
1986,b,"ALCOHOLS, FLAMMABLE, TOXIC, N.O.S.",,"醇类,易燃的,有毒的,未另作规定的",,FT1,3,3+6.1,II,1L,274,E2,P001 IBC02,MP19,,T11,L4BH,TP2 TP27,TU15,FL,2 (D/E),,,CV13 CV28,S2 S22,336
1986,c,"ALCOHOLS, FLAMMABLE, TOXIC, N.O.S.",,"醇类,易燃的,有毒的,未另作规定的",,FT1,3,3+6.1,III,5L,274,E1,P001 IBC03 R001,MP19,,T7,L4BH,TP1 TP28,TU15,FL,3 (D/E),V12,,CV13 CV28,S2,36
1987,a,"ALCOHOLS, N.O.S.",(vapour pressure at 50°C more than 110kPa),"醇类,未另作规定的",(50°C时蒸气压大于110kPa),F1,3,3,II,1L,274 601 640C,E2,P001,MP19,,T7,L1. 5BN,TP1 TP8 TP28,,FL,2 (D/E),,,,S2 S20,33
1987,b,"ALCOHOLS, N.O.S.",(vapour pressure at 50°C not more than 110kPa),"醇类,未另作规定的",(50°C时蒸气压不大于110kPa),F1,3,3,II,1L,274 601 640D,E2,P001 IBC02 R001,MP19,,T7,LGBF,TP1 TP8 TP28,,FL,2 (D/E),,,,S2 S20,33
1987,c,"ALCOHOLS, N.O.S.",,"醇类,未另作规定的",,F1,3,3,III,5L,274 601,E1,P001 IBC03 LP01 R001,MP19,,T4,LGBF,TP1 TP29,,FL,3 (D/E),V12,,,S2,30
1988,a,"ALDEHYDES, FLAMMABLE, TOXIC, N.O.S.",,"醛类,易燃的,有毒的,未另作规定的",,FT1,3,3+6.1,I,0,274,E0,P001,MP7 MP17,,T14,L10CH,TP2 TP27,TU14 TU15 TE21,FL,1 (C/E),,,CV13 CV28,S2 S22,336
1988,b,"ALDEHYDES, FLAMMABLE, TOXIC, N.O.S.",,"醛类,易燃的,有毒的,未另作规定的",,FT1,3,3+6.1,II,1L,274,E2,P001 IBC02,MP19,,T11,L4BH,TP2 TP27,TU15,FL,2 (D/E),,,CV13 CV28,S2 S22,336
1988,c,"ALDEHYDES, FLAMMABLE, TOXIC, N.O.S.",,"醛类,易燃的,有毒的,未另作规定的",,FT1,3,3+6.1,III,5L,274,E1,P001 IBC03 R001,MP19,,T7,L4BH,TP1 TP28,TU15,FL,3 (D/E),V12,,CV13 CV28,S2,36
1989,a,"ALDEHYDES, N.O.S.",,"醛类,未另作规定的",,F1,3,3,I,0,274,E3,P001,MP7 MP17,,T11,L4BN,TP1 TP27,,FL,1 (D/E),,,,S2 S20,33
1989,b,"ALDEHYDES, N.O.S.",(vapour pressure at 50°C more than 110kPa),"醛类,未另作规定的",(50°C时蒸气压大于110kPa),F1,3,3,II,1L,274 640C,E2,P001,MP19,,T7,L1. 5BN,TP1 TP8 TP28,,FL,2 (D/E),,,,S2 S20,33
1989,c,"ALDEHYDES, N.O.S.",(vapour pressure at 50°C not more than 110kPa),"醛类,未另作规定的",(50°C时蒸气压不大于110kPa),F1,3,3,II,1L,274 640D,E2,P001 IBC02 R001,MP19,,T7,LGBF,TP1 TP8 TP28,,FL,2 (D/E),,,,S2 S20,33
1989,d,"ALDEHYDES, N.O.S.",,"醛类,未另作规定的",,F1,3,3,III,5L,274,E1,P001 IBC03 LP01 R001,MP19,,T4,LGBF,TP1 TP29,,FL,3 (D/E),V12,,,S2,30
1990,,BENZALDEHYDE,,苯甲醛,,M11,9,9,III,5L,,E1,P001 IBC03 LP01 R001,MP15,,T2,LGBV,TP1,,AT,3 (E),V12,,,,90
1991,,"CHLOROPRENE, STABILIZED",,"氯丁二烯,稳定的",,FT1,3,3+6.1,I,0,,E0,P001,MP7 MP17,,T14,L10CH,TP2 TP6,TU14 TU15 TE21,FL,1 (C/E),,,CV13 CV28,S2 S22,336
1992,a,"FLAMMABLE LIQUID, TOXIC, N.O.S.",,"易燃液体,有毒的,未另作规定的",,FT1,3,3+6.1,I,0,274,E0,P001,MP7 MP17,,T14,L10CH,TP2 TP27,TU14 TU15 TE21,FL,1 (C/E),,,CV13 CV28,S2 S22,336
1992,b,"FLAMMABLE LIQUID, TOXIC, N.O.S.",,"易燃液体,有毒的,未另作规定的",,FT1,3,3+6.1,II,1L,274,E2,P001 IBC02,MP19,,T7,L4BH,TP2,TU15,FL,2 (D/E),,,CV13 CV28,S2 S22,336
1992,c,"FLAMMABLE LIQUID, TOXIC, N.O.S.",,"易燃液体,有毒的,未另作规定的",,FT1,3,3+6.1,III,5L,274,E1,P001 IBC03 R001,MP19,,T7,L4BH,TP1 TP28,TU15,FL,3 (D/E),V12,,CV13 CV28,S2,36
1993,a,"FLAMMABLE LIQUID, N.O.S.",,"易燃液体,未另作规定的",,F1,3,3,I,0,274,E3,P001,MP7 MP17,,T11,L4BN,TP1 TP27,,FL,1 (D/E),,,,S2 S20,33
1993,b,"FLAMMABLE LIQUID,N.O.S.",(vapour pressure at 50°C more than 110kPa),"易燃液体,未另作规定的",(50°C时蒸气压大于110kPa),F1,3,3,II,1L,274 601 640C,E2,P001,MP19,,T7,L1. 5 BN,TP1 TP8 TP28,,FL,2 (D/E),,,,S2 S20,33
1993,c,"FLAMMABLE LIQUID,N.O.S.",(vapour pressure at 50°C not more than 110kPa),"易燃液体,未另作规定的",(50°C时蒸气压不大于110kPa),F1,3,3,II,1L,274 601 640D,E2,P001 IBC02 R001,MP19,,T7,LGBF,TP1 TP8 TP28,,FL,2 (D/E),,,,S2 S20,33
1993,d,"FLAMMABLE LIQUID,N.O.S.",,"易燃液体,未另作规定的",,F1,3,3,III,5L,274 601 640E,E1,P001 IBC03 LP01 R001,MP19,,T4,LGBF,TP1 TP29,,FL,3 (D/E),V12,,,S2,30
1993,e,"FLAMMABLE LIQUID, N.O.S.",(having a flashpoint below 23°C and viscous according to JT/T 617. 2— 2018 5. 3. 1. 4) (vapour pressure at 50°C more than 110kPa),"易燃液体,未另作规定的","(闪点在23°C以下,黏度参照JT/T617. 2—2018中 5.3.1.4)(50°C时蒸气压大于110kPa)",F1,3,3,III,5L,274 601,E1,P001 R001,MP19,,,,,,,3 (E),,,,S2,
1993,f,"FLAMMABLE LIQUID, N.O.S.",(having a flashpoint below 23°C and viscous according to JT/T 617. 2— 2018 5. 3. 1. 4) (vapour pressure at 50°C not more than 110kPa),"易燃液体,未另作规定的","(闪点在23°C以下,黏度参照JT/T617. 2—2018中 5.3.1.4)(50°C时蒸气压不大于110kPa)",F1,3,3,III,5L,274 601,E1,P001 IBC02 R001,MP19,BB4,,,,,,3 (E),,,,S2,
1994,,IRON PENTACARBONYL,,五羰基铁,,TF1,6.1,6.1+3,I,0,354,E0,P601,MP2,,T22,L15CH,TP2,TU14 TU15 TU31 TE19 TE21 TM3,FL,1 (C/D),,,CV1 CV13 CV28,S2 S9 S14,663
1999,a,"TARS, LIQUID","including road oils, and cut back bitumens (vapour pressure at 50°C more than 110kPa)","焦油类,液体的",包括筑路沥青、柏油、沥青和稀释沥青(50°C时蒸气压大于110kPa),F1,3,3,II,5L,640C,E2,P001,MP19,,T3,L1. 5BN,TP3 TP29,,FL,2 (D/E),,,,S2 S20,33
1999,b,"TARS,LIQUID","including road oils, and cut back bitumens (vapour pressure at 50°C not more than 110kPa)","焦油类,液体的",包括筑路沥青、柏油、沥青和稀释沥青(50°C时蒸气压不大于110kPa),F1,3,3,II,5L,640D,E2,P001 IBC02 R001,MP19,,T3,LGBF,TP3 TP29,,FL,2 (D/E),,,,S2 S20,33
1999,c,"TARS,LIQUID","including road oils, and cut back bitumens","焦油类,液体的",包括筑路沥青、柏油、沥青和稀释沥青,F1,3,3,III,5L,640E,E1,P001 IBC03 LP01 R001,MP19,,T1,LGBF,TP3,,FL,3 (D/E),V12,,,S2,30
1999,d,"TARS, LIQUID","including road oils, and cut back bitumens (having a flashpoint below 23°C and viscous according to JT/T 617. 2— 2018 5. 3. 1. 4) (vapour pressure at 50°C more than 110kPa)","焦油类,液体的","包括筑路沥青、柏油、沥青和稀释沥青(闪点在 23°C以下,黏度参照JT/T617.2—2018 中5.3.1.4) (50°C时蒸气压大于110kPa)",F1,3,3,III,5L,,E1,P001 R001,MP19,,,,,,,3 (E),,,,S2,
1999,e,"TARS, LIQUID","including road oils, and cut back bitumens (having a flashpoint below 23°C and viscous according to JT/T 617. 2— 2018 5. 3. 1. 4) (vapour pressure at 50°C not more than 110kPa)","焦油类,液体的","包括筑路沥青、柏油、沥青和稀释沥青(闪点在23°C以下,黏度参照JT/T617.2 —2018中 5.3.1.4) (50°C时蒸气压不大于10kPa)",F1,3,3,III,5L,,E1,P001 IBC02 R001,MP19,BB4,,,,,,3 (E),,,,S2,
2000,,CELLULOID,"in block, rods, rolls, sheets, tubes,etc. , except scrap",赛璐珞,"块、棒、卷、片、管等,碎屑除外",F1,4.1,4.1,III,5kg,502,E1,P002 LP02 R001,MP11,PP7,,,,,,3 (E),,,,,
2001,,"COBALT NAPHTHENATE S, POWDER",,"环烷酸钴,粉状",,F3,4.1,4.1,III,5kg,,E1,P002 IBC08 LP02 R001,MP11,B3,T1,SGAV,TP33,,AT,3 (E),,VC1 VC2,,,40
2002,,"CELLULOID, SCRAP",,"赛璐珞,碎屑",,S2,4.2,4.2,III,0,526 592,E0,P002 IBC08 LP02 R001,MP14,PP8 B3,,,,,,3 (E),V1,,,,
2004,,MAGNESIUM DIAMIDE,,二氨基镁,,S4,4.2,4.2,II,0,,E2,P410 IBC06,MP14,,T3,SGAN,TP33,,AT,2 (D/E),V1,,,,40
2006,,"PLASTICS,NITROCELLULOSEBASED, SELFHEATING, N.O.S.",,"塑料,以硝化纤维素为基质的,自热的,未另作规定的",,S2,4.2,4.2,III,0,274 528,E0,P002 R001,MP14,,,,,,,3 (E),V1,,,,
2008,a,"ZIRCONIUM POWDER, DRY",,"锆粉,干的",,S4,4.2,4.2,I,0,524 540,E0,P404,MP13,,T21,,TP7 TP33,,AT,0 (B/E),V1,,,S20,43
2008,b,"ZIRCONIUM POWDER, DRY",,"锆粉,干的",,S4,4.2,4.2,II,0,524 540,E2,P410 IBC06,MP14,,T3,SGAN,TP33,,AT,2 (D/E),V1,,,,40
2008,c,"ZIRCONIUM POWDER, DRY",,"锆粉,干的",,S4,4.2,4.2,III,0,524 540,E1,P002 IBC08 LP02 R001,MP14,B3,T1,SGAN,TP33,,AT,3 (E),V1,VC1 VC2 AP1,,,40
2009,,"ZIRCONIUM, DRY","finished sheets, strip or coiled wire","锆,干的",精制的薄片、条和盘丝,S4,4.2,4.2,III,0,524 592,E1,P002 LP02 R001,MP14,,,,,,,3 (E),V1,VC1 VC2 AP1,,,40
2010,,MAGNESIUM HYDRIDE,,氢化镁,,W2,4.3,4.3,I,0,,E0,P403,MP2,,,,,,,1 (E),V1,,CV23,S20,
2011,,MAGNESIUM PHOSPHIDE,,磷化镁,,WT2,4.3,4.3+6.1,I,0,,E0,P403,MP2,,,,,,,1 (E),V1,,CV23 CV28,S20,
2012,,POTASSIUM PHOSPHIDE,,磷化钾,,WT2,4.3,4.3+6.1,I,0,,E0,P403,MP2,,,,,,,1 (E),V1,,CV23 CV28,S20,
2013,,STRONTIUM PHOSPHIDE,,磷化锶,,WT2,4.3,4.3+6.1,I,0,,E0,P403,MP2,,,,,,,1 (E),V1,,CV23 CV28,S20,
2014,,"HYDROGEN PEROXIDE, AQUEOUS SOLUTION",with not less than 20% but not more than 60% hydrogen peroxide (stabilized as necessary),过氧化氢水溶液,"含不少于20%,但不大于60%的过氧化氢(必要时加稳定剂)",OC1,5.1,5.1+8,II,1L,,E2,P504 IBC02,MP15,PP10 B5,T7,L4BV(+),TP2 TP6 TP24,TU3 TC2 TE8 TE11 TT1,AT,2 (E),,,CV24,,58
2015,a,"HYDROGEN PEROXIDE, AQUEOUS SOLUTION, STABILIZED",with more than 70% hydrogen peroxide,"过氧化氢水溶液,稳定的",含大于 70%的过氧化氢,OC1,5.1,5.1+8,I,0,640N,E0,P501,MP2,,T9,L4DV(+),TP2 TP6 TP24,TU3 TU28 TC2 TE8 TE9 TT1,OX,1 (B/E),V5,,CV24,S20,559
2015,b,"HYDROGEN PEROXIDE, AQUEOUS SOLUTION, STABILIZED",with more than 60% hydrogen peroxide and not more than 70% hydrogen peroxide,"过氧化氢水溶液,稳定的",含大于 60%且不大于70%的过氧化氢,OC1,5.1,5.1+8,I,0,640O,E0,P501,MP2,,T9,L4BV(+),TP2 TP6 TP24,TU3 TU28 TC2 TE7 TE8 TE9 TT1,OX,1 (B/E),V5,,CV24,S20,559
2016,,"AMMUNITION, TOXIC, NONEXPLOSIVE","with out burster or expelling charge, nonfuzed","弹药,有毒的,非爆炸性的","不带起爆装置或发射剂,无引信的",T2,6.1,6.1,,0,,E0,P600,MP10,,,,,,,2 (D/E),,,CV13 CV28,S9 S19,
2017,,"AMMUNITION, TEARPRODU CING,NONEXPLOSIVE","with out burster or expelling charge, nonfuzed","弹药,催泪的,非爆炸性的","不带起爆装置或发射剂,无引信的",TC2,6.1,6.1+8,,0,,E0,P600,,,,,,,,2 (D/E),,,CV13 CV28,S9 S19,
2018,,"CHLOROANILINES,SOLID",,"氯苯胺类,固体的",,T2,6.1,6.1,II,500g,,E4,P002 IBC08,MP10,B4,T3,SGAH L4BH,TP33,TU15 TE19,AT,2 (D/E),V11,,CV13 CV28,S9 S19,60
2019,,"CHLOROANILINES,LIQUID",,"氯苯胺类,液体的",,T1,6.1,6.1,II,100mL,,E4,P001 IBC02,MP15,,T7,L4BH,TP2,TU15 TE19,AT,2 (D/E),,,CV13 CV28,S9 S19,60
2020,,"CHLOROPHENOLS,SOLID",,"氯苯酚类,固体的",,T2,6.1,6.1,III,5kg,205,E1,P002 IBC08 LP02 R001,MP10,B3,T1,SGAH,TP33,TU15 TE19,AT,2 (E),,VC1 VC2 AP7,CV13 CV28,S9,60
2021,,"CHLOROPHENOLS,LIQUID",,"氯苯酚类,液体的",,T1,6.1,6.1,III,5L,,E1,P001 IBC03 LP01 R001,MP19,,T4,L4BH,TP1,TU15 TE19,AT,2 (E),V12,,CV13 CV28,S9,60
2022,,CRESYLIC ACID,,甲苯基酸,,TC1,6.1,6.1+8,II,100mL,,E4,P001 IBC02,MP15,,T7,L4BH,TP2,TU15 TE19,AT,2 (D/E),,,CV13 CV28,S9 S19,68
2023,,EPICHLOROHYDRIN,,表氯醇,,TF1,6.1,6.1+3,II,100mL,279,E4,P001 IBC02,MP15,,T7,L4BH,TP2,TU15 TE19,FL,2 (D/E),,,CV13 CV28,S2 S9 S19,63
2024,a,"MERCURY COMPOUND, LIQUID, N.O.S.",,"汞化合物,液体的,未另作规定的",,T4,6.1,6.1,I,0,43 274,E5,P001,MP8 MP17,,,L10CH,,TU14 TU15 TE19 TE21,AT,1 (C/E),,,CV1 CV13 CV28,S9 S14,66
2024,b,"MERCURY COMPOUND, LIQUID, N.O.S.",,"汞化合物,液体的,未另作规定的",,T4,6.1,6.1,II,100mL,43 274,E4,P001 IBC02,MP15,,,L4BH,,TU15 TE19,AT,2 (D/E),,,CV13 CV28,S9 S19,60
2024,c,"MERCURY COMPOUND, LIQUID, N.O.S.",,"汞化合物,液体的,未另作规定的",,T4,6.1,6.1,III,5L,43 274,E1,P001 IBC03 LP01 R001,MP19,,,L4BH,,TU15 TE19,AT,2 (E),V12,,CV13 CV28,S9,60
2025,a,"MERCURY COMPOUND, SOLID, N.O.S.",,"汞化合物,固体的,未另作规定的",,T5,6.1,6.1,I,0,43 66 274 529,E5,P002 IBC07,MP18,,T6,S10AH,TP33,TU15 TE19,AT,1 (C/E),V10,,CV1 CV13 CV28,S9 S14,66
2025,b,"MERCURY COMPOUND, SOLID, N.O.S.",,"汞化合物,固体的,未另作规定的",,T5,6.1,6.1,II,500g,43 66 274 529,E4,P002 IBC08,MP10,B4,T3,SGAH,TP33,TU15 TE19,AT,2 (D/E),V11,,CV13 CV28,S9 S19,60
2025,c,"MERCURY COMPOUND, SOLID, N.O.S.",,"汞化合物,固体的,未另作规定的",,T5,6.1,6.1,III,5kg,43 66 274 529,E1,P002 IBC08 LP02 R001,MP10,B3,T1,SGAH,TP33,TU15 TE19,AT,2 (E),,VC1 VC2 AP7,CV13 CV28,S9,60
2026,a,"PHENYLMERC URIC COMPOUND, N.O.S.",,"苯汞化合物,未另作规定的",,T3,6.1,6.1,I,0,43 274,E5,P002 IBC07,MP18,,T6,S10AH L10CH,TP33,TU14 TU15 TE19 TE21,AT,1 (C/E),V10,,CV1 CV13 CV28,S9 S14,66
2026,b,"PHENYLMERCU RIC COMPOUND,N.O.S.",,"苯汞化合物,未另作规定的",,T3,6.1,6.1,II,500g,43 274,E4,P002 IBC08,MP10,B4,T3,SGAH L4BH,TP33,TU15 TE19,AT,2 (D/E),V11,,CV13 CV28,S9 S19,60
2026,c,"PHENYLMERCU RIC COMPOUND,N.O.S.",,"苯汞化合物,未另作规定的",,T3,6.1,6.1,III,5kg,43 274,E1,P002 IBC08 LP02 R001,MP10,B3,T1,SGAH L4BH,TP33,TU15 TE19,AT,2 (E),,VC1 VC2 AP7,CV13 CV28,S9,60
2027,,"SODIUM ARSENITE, SOLID",,"亚砷酸钠,固体的",,T5,6.1,6.1,II,500g,43,E4,P002 IBC08,MP10,B4,T3,SGAH,TP33,TU15 TE19,AT,2 (D/E),V11,,CV13 CV28,S9 S19,60
2028,,"BOMBS, SMOKE, NONEXPLOSIVE","with corrosive liquid, without initiating device",烟雾弹,"非爆炸性的,含腐蚀性液体,无引爆装置",C11,8,8,II,0,,E0,P803,,,,,,,,2 (E),,,,,
2029,,"HYDRAZINE, ANHYDROUS",,"肼,无水的",,CFT,8,8+3+6.1,I,0,,E0,P001,MP8 MP17,,,,,,,1 (E),,,CV13 CV28,S2 S14,
2030,a,HYDRAZINE AQUEOUS SOLUTION,with more than 37% hydrazine by mass,"肼,水溶液",按质量含肼量大于37%,CT1,8,8+6.1,I,0,530,E0,P001,MP8 MP17,,T10,L10BH,TP2,,AT,1 (C/D),,,CV13 CV28,S14,886
2030,b,HYDRAZINE AQUEOUS SOLUTION,with more than 37% hydrazine by mass,"肼,水溶液",按质量含肼量大于37%,CT1,8,8+6.1,II,1L,530,E0,P001 IBC02,MP15,,T7,L4BN,TP2,,AT,2 (E),,,CV13 CV28,,86
2030,c,HYDRAZINE AQUEOUS SOLUTION,with more than 37% hydrazine by mass,"肼,水溶液",按质量含肼量大于37%,CT1,8,8+6.1,III,5L,530,E1,P001 IBC03 LP01 R001,MP19,,T4,L4BN,TP1,,AT,3 (E),V12,,CV13 CV28,,86
2031,a,NITRIC ACID,"other than red fuming,with more than 70% nitric acid",硝酸,"发红烟的除外,含硝酸超过70%",CO1,8,8+5.1,I,0,,E0,P001,MP8 MP17,PP81,T10,L10BH,TP2,TC6 TT1,AT,1 (E),,,CV24,S14,885
2031,b,NITRIC ACID,"other than red fuming, with at least 65% , but not more than 70% nitric acid",硝酸,"发红烟的除外,含硝酸至少65%但不超过70%",CO1,8,8+5.1,II,1L,,E2,P001 IBC02,MP15,PP81 B15,T8,L4BN,TP2,,AT,2 (E),,,,,85
2031,c,NITRIC ACID,"other than red fuming,with less than 65% nitric acid",硝酸,"发红烟除外,含硝酸少于65%",C1,8,8,II,1L,,E2,P001 IBC02,MP15,PP81 B15,T8,L4BN,TP2,,AT,2 (E),,,,,80
2032,,"NITRIC ACID, RED FUMING",,"硝酸,发红烟的",,COT,8,8++5.1.16,I,0,,E0,P602,MP8 MP17,,T20,L10BH,TP2,TC6 TT1,AT,1 (C/D),,,CV13 CV24 CV28,S14,856
2033,,POTASSIUM MONOXIDE,,氧化钾,,C6,8,8,II,1kg,,E2,P002 IBC08,MP10,B4,T3,SGAN,TP33,,AT,2 (E),V11,,,,80
2034,,"HYDROGEN AND METHANE MIXTURE, COMPRESSED",,"氢气和甲烷混合物,压缩的",,1F,2,2.1,,0,662,E0,P200,MP9,,(M),CxBN(M),,TA4 TT9,FL,2 (B/D),,,CV9 CV10 CV36,S2 S20,23
2035,,"1,1,1TRIFLUOROETHANE (REFRIGERANT GAS R143a)",,"1,1,1-三氟乙烷(制冷气体R143a)",,2F,2,2.1,,0,662,E0,P200,MP9,,(M) T50,PxBN(M),,TA4 TT9,FL,2 (B/D),,,CV9 CV10 CV36,S2 S20,23
2036,,XENON,,氙,,2A,2,2.2,,120mL,662,E1,P200,MP9,,(M),PxBN(M),,TA4 TT9,AT,3 (C/E),,,CV9 CV10 CV36,,20
2037,a,"RECEPTACLES, SMALL, CONTAINING GAS (GAS CARTRIDGES)","without a release device, non refillable","容器,小型的,装有气体的(气筒)","没有释放装置,不能再充气的",5A,2,2.2,,1L,191 303 344,E0,P003,MP9,PP17 RR6,,,,,,3 (E),,,CV9 CV12,,
2037,b,"RECEPTACLES, SMALL, CONTAINING GAS(GAS CARTRIDGES)","without a release device, non refillable","容器,小型的,装有气体的(气筒)","没有释放装置,不能再充气的",5F,2,2.1,,1L,191 303 344,E0,P003,MP9,PP17 RR6,,,,,,2 (D),,,CV9 CV12,S2,
2037,c,"RECEPTACLES, SMALL, CONTAINING GAS (GAS CARTRI DGES)","without a release device, non refillable","容器,小型的,装有气体的(气筒)","没有释放装置,不能再充气的",5O,2,2.2+5.1,,1L,191 303 344,E0,P003,MP9,PP17 RR6,,,,,,3 (E),,,CV9 CV12,,
2037,d,"RECEPTACLES, SMALL, CONTAINING GAS(GAS CARTRIDGES)","without a release device, non refillable","容器,小型的,装有气体的(气筒)","没有释放装置,不能再充气的",5T,2,2.3,,120mL,303 344,E0,P003,MP9,PP17 RR6,,,,,,1 (D),,,CV9 CV12,,
2037,e,"RECEPTACLES, SMALL, CONTAINING GAS(GAS CARTRIDGES)","without a release device, non refillable","容器,小型的,装有气体的(气筒)","没有释放装置,不能再充气的",5TC,2,2.3+8,,120mL,303 344,E0,P003,MP9,PP17 RR6,,,,,,1 (D),,,CV9 CV12,,
2037,f,"RECEPTACLES, SMALL, CONTAINING GAS(GAS CARTRIDGES)","without a release device, non refillable","容器,小型的,装有气体的(气筒)","没有释放装置,不能再充气的",5TF,2,2.3+2.1,,120mL,303 344,E0,P003,MP9,PP17 RR6,,,,,,1 (D),,,CV9 CV12,S2,
2037,g,"RECEPTACLES, SMALL, CONTAINING GAS(GAS CARTRIDGES)","without a release device, non refillable","容器,小型的,装有气体的(气筒)","没有释放装置,不能再充气的",5TFC,2,2.3+2.1+8,,120mL,303 344,E0,P003,MP9,PP17 RR6,,,,,,1 (D),,,CV9 CV12,S2,
2037,h,"RECEPTACLES, SMALL, CONTAINING GAS(GAS CARTRIDGES)","without a release device, non refillable","容器,小型的,装有气体的(气筒)","没有释放装置,不能再充气的",5TO,2,2.3+5.1,,120mL,303 344,E0,P003,MP9,PP17 RR6,,,,,,1 (D),,,CV9 CV12,,
2037,i,"RECEPTACLES, SMALL, CONTAINING GAS(GAS CARTRIDGES)","without a release device, non refillable","容器,小型的,装有气体的(气筒)","没有释放装置,不能再充气的",5TOC,2,2.3+5.1+8,,120mL,303 344,E0,P003,MP9,PP17 RR6,,,,,,1 (D),,,CV9 CV12,,
2038,,"DINITROTOLUENES,LIQUID",,"二硝基甲苯类,液体的",,T1,6.1,6.1,II,100mL,,E4,P001 IBC02,MP15,,T7,L4BH,TP2,TU15 TE19,AT,2 (D/E),,,CV13 CV28,S9 S19,60
2044,,"2,2-DIMETHYLPROPANE",,"2,2-二甲基丙烷",,2F,2,2.1,,0,662,E0,P200,MP9,,(M),PxBN(M),,TA4 TT9,FL,2 (B/D),,,CV9 CV10 CV36,S2 S20,23
2045,a,ISOBUTYRALDEHYDE,,异丁醛,,F1,3,3,II,1L,,E2,P001 IBC02 R001,MP19,,T4,LGBF,TP1,,FL,2 (D/E),,,,S2 S20,33
2045,b,ISOBUTYLALDEHYDE,,异丁醛,,F1,3,3,II,1L,,E2,P001 IBC02 R001,MP19,,T4,LGBF,TP1,,FL,2 (D/E),,,,S2 S20,33
2046,,CYMENES,,伞花烃类,,F1,3,3,III,5L,,E1,P001 IBC03 LP01 R001,MP19,,T2,LGBF,TP1,,FL,3 (D/E),V12,,,S2,30
2047,a,DICHLOROPROPENES,,二氯丙烯类,,F1,3,3,II,1L,,E2,P001 IBC02 R001,MP19,,T4,LGBF,TP1,,FL,2 (D/E),,,,S2 S20,33
2047,b,DICHLOROPROPENES,,二氯丙烯类,,F1,3,3,III,5L,,E1,P001 IBC03 LP01 R001,MP19,,T2,LGBF,TP1,,FL,3 (D/E),V12,,,S2,30
2048,,DICYCLOPENTADIENE,,二聚环戊二烯(双茂),,F1,3,3,III,5L,,E1,P001 IBC03 LP01 R001,MP19,,T2,LGBF,TP1,,FL,3 (D/E),V12,,,S2,30
2049,,DIETHYLBENZENE,,二乙基苯类,,F1,3,3,III,5L,,E1,P001 IBC03 LP01 R001,MP19,,T2,LGBF,TP1,,FL,3 (D/E),V12,,,S2,30
2050,,"DIISOBUTYLENE,ISOMERIC COMPOUNDS",,"二异丁烯类,异构化合物",,F1,3,3,II,1L,,E2,P001 IBC02 R001,MP19,,T4,LGBF,TP1,,FL,2 (D/E),,,,S2 S20,33
2051,,2-DIMETHYLAMINOETHANOL,,2-二甲基氨基乙醇,,CF1,8,8+3,II,1L,,E2,P001 IBC02,MP15,,T7,L4BN,TP2,,FL,2 (D/E),,,,S2,83
2052,,DIPENTENE,,二聚戊烯,,F1,3,3,III,5L,,E1,P001 IBC03 LP01 R001,MP19,,T2,LGBF,TP1,,FL,3 (D/E),V12,,,S2,30
2053,,METHYL ISOBUTYL CARBINOL,,甲基异丁基甲醇,,F1,3,3,III,5L,,E1,P001 IBC03 LP01 R001,MP19,,T2,LGBF,TP1,,FL,3 (D/E),V12,,,S2,30
2054,,MORPHOLINE,,吗啉,,CF1,8,8+3,I,0,,E0,P001,MP8 MP17,,T10,L10BH,TP2,,FL,1 (D/E),,,,S2 S14,883
2055,,"STYRENE MONOMER, STABILIZED",,"苯乙烯单体,稳定的",,F1,3,3,III,5L,,E1,P001 IBC03 LP01 R001,MP19,,T2,LGBF,TP1,,FL,3 (D/E),V12,,,S2,39
2056,,TETRAHYDROFURAN,,四氢呋喃,,F1,3,3,II,1L,,E2,P001 IBC02 R001,MP19,,T4,LGBF,TP1,,FL,2 (D/E),,,,S2 S20,33
2057,a,TRIPROPYLENE,,三聚丙烯,,F1,3,3,II,1L,,E2,P001 IBC02 R001,MP19,,T4,LGBF,TP1,,FL,2 (D/E),,,,S2 S20,33
2057,b,TRIPROPYLENE,,三聚丙烯,,F1,3,3,III,5L,,E1,P001 IBC03 LP01 R001,MP19,,T2,LGBF,TP1,,FL,3 (D/E),V12,,,S2,30
2058,,VALERALDEHYDE,,戊醛,,F1,3,3,II,1L,,E2,P001 IBC02 R001,MP19,,T4,LGBF,TP1,,FL,2 (D/E),,,,S2 S20,33
2059,a,"NITROCELLULOSE SOLUTION, FLAMMABLE","with not more than 12. 6% nitrogen, by dry mass, and not more than 55% nitrocellulose","硝化纤维素溶液,易燃的,按干重含氮不超过12.6%",且含硝化纤维素不超过55%,D,3,3,I,0,198 531,E0,P001,MP7 MP17,,T11,L4BN,TP1 TP8 TP27,,FL,1 (B),,,,S2 S14,33
2059,b,"NITROCELLULOSE SOLUTION, FLAMMABLE","with not more than 12. 6% nitrogen, by dry mass, and not more than 55% nitrocellulose (vapour pressure at 50°C more than 110kPa)","硝化纤维素溶液,易燃的,按干重含氮不超过12.6%",且含硝化纤维素不超过55% (50°C时蒸气压大于110kPa),D,3,3,II,1L,198 531 640C,E0,P001 IBC02,MP19,,T4,L1. 5BN,TP1 TP8,,FL,2 (B),,,,S2 S14,33
2059,c,"NITROCELLULOSE SOLUTION, FLAMMABLE","with not more than 12. 6% nitrogen,by dry mass, and not more than 55% nitrocellulose (vapour pressure at 50°C not more than 110kPa)","硝化纤维素溶液,易燃的,按干重含氮不超过12.6%",且含硝化纤维素不超过55% (50°C时蒸气压不大于110kPa),D,3,3,II,1L,198 531 640D,E0,P001 IBC02 R001,MP19,,T4,LGBF,TP1 TP8,,FL,2 (B),,,,S2 S14,33
2059,d,"NITROCELLULOSE SOLUTION, FLAMMABLE","with not more than 12. 6% nitrogen,by dry mass,and not more than 55% nitrocellulose","硝化纤维素溶液,易燃的,按干重含氮不超过12.6%",且含硝化纤维素不超过55%,D,3,3,III,5L,198 531,E0,P001 IBC03 LP01 R001,MP19,,T2,LGBF,TP1,,FL,3 (B),V12,,,S2 S14,30
2067,,AMMONIUM NITRATE BASED FERTILIZER,,硝酸铵基化肥,,O2,5.1,5.1,III,5kg,186 306 307,E1,P002 IBC08 LP02 R001,MP10,B3,T1 BK1 BK2,SGAV,TP33,TU3,AT,3 (E),,VC1 VC2 AP6 AP7,CV24,S23,50
2071,,AMMONIUM NITRATE BASED FERTILIZER,"uniform mixtures of the nitrogen/phosphate, nitrogen/potash or nitrogen/phosphate/potash type, containing not more than 70% ammonium nitrate and not more than 0. 4% total combustible/organic material calcu-lated as carbon or with not more than 45% ammonium nitrate and unrestricted combustible material",硝酸铵基化肥,"氮/磷酸盐,氮/草碱或氮/草碱/磷酸等类型的均匀混合物,含有不超过70%的硝酸铵和不超过0.4%的完全可燃/有机物质,以碳计算或不超过 45%硝酸铵和不受限制的可燃材料",M11,9,,,,,,,,,,(not listed in JTT),,,,,,,,,
2073,,AMMONIA SOLUTION,"relative density less than 0. 880 at 15°C in water, with more than 35% but not more than 50% ammonia",氨溶液,"水溶液在15°C时相对密度低于0.880,含氨量超过 35%但不超过50%",4A,2,2.2,,120mL,532,E0,P200,MP9,,(M),PxBN(M),,TA4 TT9,AT,3 (E),,,CV9 CV10,,20
2074,,"ACRYLAMIDE, SOLID",,"丙烯酰胺,固体的",,T2,6.1,6.1,III,5kg,,E1,P002 IBC08 LP02 R001,MP10,B3,T1,SGAH L4BH,TP33,TU15 TE19,AT,2 (E),,VC1 VC2 AP7,CV13 CV28,S9,60
2075,,"CHLORAL, ANHYDROUS, STABILIZED",,"氯醛,无水的,稳定的",,T1,6.1,6.1,II,100mL,,E4,P001 IBC02,MP15,,T7,L4BH,TP2,TU15 TE19,AT,2 (D/E),,,CV13 CV28,S9 S19,69
2076,,"CRESOLS, LIQUID",,"甲酚类,液体的",,TC1,6.1,6.1+8,II,100mL,,E4,P001 IBC02,MP15,,T7,L4BH,TP2,TU15 TE19,AT,2 (D/E),,,CV13 CV28,S9 S19,68
2077,,alpha-NAPHTHYLAMINE,,a萘胺,,T2,6.1,6.1,III,5kg,,E1,P002 IBC08 LP02 R001,MP10,B3,T1,SGAH L4BH,TP33,TU15 TE19,AT,2 (E),,VC1 VC2 AP7,CV13 CV28,S9,60
2078,,TOLUENE DIISOCYANATE,,甲苯二异氰酸酯,,T1,6.1,6.1,II,100mL,279,E4,P001 IBC02,MP15,,T7,L4BH,TP2,TU15 TE19,AT,2 (D/E),,,CV13 CV28,S9 S19,60
2079,,DIETHYLENETRIAMINE,,二亚乙基三胺,,C7,8,8,II,1L,,E2,P001 IBC02,MP15,,T7,L4BN,TP2,,AT,2 (E),,,,,80
2186,,"HYDROGEN CHLORIDE, REFRIGERATED LIQUID",,"氯化氢,冷冻液体",,3TC,2,,,,,,,,,,,,,,,,,,,
2187,,"CARBON DIOXIDE, REFRIGERATED LIQUID",,"二氧化碳,冷冻液体",,3A,2,2.2,,120mL,,E1,P203,MP9,,T75,RxBN,TP5,TU19 TA4 TT9,AT,3 (C/E),V5,,CV9 CV11 CV36,S20,22
2188,,ARSINE,,胂,,2TF,2,2.3+2.1,,0,,E0,P200,MP9,,,,,,,1 (D),,,CV9 CV10 CV36,S2 S14,
2189,,DICHLOROSILANE,,二氯硅烷,,2TFC,2,2.3+2.1+8,,0,,E0,P200,MP9,,(M),PxBH(M),,TA4 TT9,FL,1 (B/D),,,CV9 CV10 CV36,S2 S14,263
2190,,"OXYGEN DIFLUORIDE, COMPRESSED",,"二氟化氧,压缩的",,1TOC,2,2.3+5.1+8,,0,,E0,P200,MP9,,,,,,,1 (D),,,CV9 CV10 CV36,S14,
2191,,SULPHURYL FLUORIDE,,硫酰氟,,2T,2,2.3,,0,,E0,P200,MP9,,(M),PxBH(M),,TA4 TT9,AT,1 (C/D),,,CV9 CV10 CV36,S14,26
2192,,GERMANE,,锗烷,,2TF,2,2.3+2.1,,0,632,E0,P200,MP9,,(M),,,,FL,1 (B/D),,,CV9 CV10 CV36,S2 S14,263
2193,a,HEXAFLUOROETHANE,,六氟乙烷,,2A,2,2.2,,120mL,662,E1,P200,MP9,,(M),PxBN(M),,TA4 TT9,AT,3 (C/E),,,CV9 CV10 CV36,,20
2193,b,REFRIGERANT GAS R116,,制冷气体R116,,2A,2,2.2,,120mL,662,E1,P200,MP9,,(M),PxBN(M),,TA4 TT9,AT,3 (C/E),,,CV9 CV10 CV36,,20
2194,,SELENIUM HEXAFLUORIDE,,六氟化硒,,2TC,2,2.3+8,,0,,E0,P200,MP9,,,,,,,1 (D),,,CV9 CV10 CV36,S14,
2195,,TELLURIUM HEXAFLUO RIDE,,六氟化碲,,2TC,2,2.3+8,,0,,E0,P200,MP9,,,,,,,1 (D),,,CV9 CV10 CV36,S14,
2196,,TUNGSTEN HEXAFLUORIDE,,六氟化钨,,2TC,2,2.3+8,,0,,E0,P200,MP9,,,,,,,1 (D),,,CV9 CV10 CV36,S14,
2197,,"HYDROGEN IODIDE, ANHYDROUS",,"碘化氢,无水的",,2TC,2,2.3+8,,0,,E0,P200,MP9,,(M),PxBH(M),,TA4 TT9,AT,1 (C/D),,,CV9 CV10 CV36,S14,268
2198,,PHOSPHORUS PENTAFLUORIDE,,五氟化磷,,2TC,2,2.3+8,,0,,E0,P200,MP9,,,,,,,1 (D),,,CV9 CV10 CV36,S14,
2199,,PHOSPHINE,,磷化氢,,2TF,2,2.3+2.1,,0,632,E0,P200,MP9,,,,,,,1 (D),,,CV9 CV10 CV36,S2 S14,
2200,,"PROPADIENE, STABILIZED",,"丙二烯,稳定的",,2F,2,2.1,,0,662,E0,P200,MP9,,(M),PxBN(M),,TA4 TT9,FL,2 (B/D),,,CV9 CV10 CV36,S2 S20,239
2201,,"NITROUS OXIDE, REFRIGERATED LIQUID",,"一氧化二氮,冷冻液体",,3O,2,2.2+5.1,,0,,E0,P203,MP9,,T75,RxBN,TP5 TP22,TU7 TU19 TA4 TT9,AT,3 (C/E),V5,,CV9 CV11 CV36,S20,225
2202,,"HYDROGEN SELENIDE, ANHYDROUS",,"硒化氢,无水的",,2TF,2,2.3+2.1,,0,,E0,P200,MP9,,,,,,,1 (D),,,CV9 CV10 CV36,S2 S14,
2203,,SILANE,,硅烷,,2F,2,2.1,,0,632 662,E0,P200,MP9,,(M),PxBN(M),,TA4 TT9,FL,2 (B/D),,,CV9 CV10 CV36,S2 S20,23
2204,,CARBONYL SULPHIDE,,硫化碳酰,,2TF,2,2.3+2.1,,0,,E0,P200,MP9,,(M),PxBH(M),,TA4 TT9,FL,1 (B/D),,,CV9 CV10 CV36,S2 S14,263
2205,,ADIPONITRILE,,己二腈,,T1,6.1,6.1,III,5L,,E1,P001 IBC03 LP01 R001,MP19,,T3,L4BH,TP1,TU15 TE19,AT,2 (E),V12,,CV13 CV28,S9,60
2206,a,"ISOCYANATES, TOXIC,N.O.S.",,"异氰酸酯类,有毒的,未另作规定的",,T1,6.1,6.1,II,100mL,274 551,E4,P001 IBC02,MP15,,T11,L4BH,TP2 TP27,TU15 TE19,AT,2 (D/E),,,CV13 CV28,S9 S19,60
2206,b,"ISOCYANATE SOLUTION, TOXIC, N.O.S.",,"异氰酸酯溶液,有毒的,未另作规定的",,T1,6.1,6.1,II,100mL,274 551,E4,P001 IBC02,MP15,,T11,L4BH,TP2 TP27,TU15 TE19,AT,2 (D/E),,,CV13 CV28,S9 S19,60
2206,c,"ISOCYANATES, TOXIC,N.O.S.",,"异氰酸酯类,有毒的,未另作规定的",,T1,6.1,6.1,III,5L,274 551,E1,P001 IBC03 LP01 R001,MP19,,T7,L4BH,TP1 TP28,TU15 TE19,AT,2 (E),V12,,CV13 CV28,S9,60
2206,d,"ISOCYANATE SOLUTION, TOXIC, N.O.S.",,"异氰酸酯溶液,有毒的,未另作规定的",,T1,6.1,6.1,III,5L,274 551,E1,P001 IBC03 LP01 R001,MP19,,T7,L4BH,TP1 TP28,TU15 TE19,AT,2 (E),V12,,CV13 CV28,S9,60
2208,,"CALCIUM HYPOCHLORITE MIXTURE, DRY",with more than 10% but not more than 39% available chlorine,"次氯酸钙混合物,干的",含有效氯大于10%但不超过39%,O2,5.1,5.1,III,5kg,314,E1,P002 IBC08 LP02 R001,MP10,B3B13 L3,,SGAN,,TU3,AT,3 (E),,,CV24 CV35,,50
2209,,FORMALDEHYD SOLUTION,with not less than 25% formaldehyde,甲醛溶液,含甲醛不少于25%,C9,E8,8,III,5L,533,E1,P001 IBC03 LP01 R001,MP19,,T4,L4BN,TP1,,AT,3 (E),V12,,,,80
2210,a,MANEB,with not less than 60% maneb,代森锰,代森锰含量不低于60%,SW,4.2,4.2+4.3,III,0,273,E1,P002 IBC06 R001,MP14,,T1,SGAN,TP33,,AT,3 (E),V1,VC1 VC2 AP1,,,40
2210,b,MANEB PREPARATION,with not less than 60% maneb,代森锰制品,代森锰含量不低于60%,SW,4.2,4.2+4.3,III,0,273,E1,P002 IBC06 R001,MP14,,T1,SGAN,TP33,,AT,3 (E),V1,VC1 VC2 AP1,,,40
2211,,"POLYMERIC BEADS, EXPANDABLE",evolving flammable vapour,聚苯乙烯珠体,"可膨胀的,会放出易燃蒸气",M3,9,None,III,5kg,207 633,E1,P002 IBC08 R001,MP10,PP14 B3B6,T1,SGAN,TP33,TE20,AT,3 (D/E),,VC1 VC2 AP2,,,90
2212,,"ASBESTOS, AMPHIBOLE","(amosite, tremolite, actinolite, anthophyllite, crocidolite)",蓝石棉(青石棉)或棕石棉 (铁石棉),,M1,9,9,II,1kg,168 274,E0,P002 IBC08,MP10,PP37 B4,T3,SGAH,TP33,TU15,AT,2 (E),V11,,CV1 CV13 CV28,S19,90
2213,,PARAFORMALDEHYDE,,仲甲醛,,F1,4.1,4.1,III,5kg,,E1,P002 IBC08 LP02 R001,MP10,PP12 B3,T1 BK1 BK2,SGAV,TP33,,AT,3 (E),V13,VC1 VC2,,,40
2214,,PHTHALIC ANHYDRIDE,with more than 0. 05% of maleic anhydride,邻苯二甲酸酐,含超过0.05%的马来酐,C4,8,8,III,5kg,169,E1,P002 IBC08 LP02 R001,MP10,B3,T1,SGAV L4BN,TP33,,AT,3 (E),,VC1 VC2 AP7,,,80
2215,a,"MALEIC ANHYDRIDE, MOLTEN",,"马来酐,熔融的",,C3,8,8,III,0,,E0,,,,T4,L4BN,TP3,,AT,0 (E),,,,,80
2215,b,MALEIC ANHYDRIDE,,马来酐,,C4,8,8,III,5kg,,E1,P002 IBC08 R001,MP10,B3,T1,SGAV,TP33,,AT,3 (E),,VC1 VC2 AP7,,,80
2216,a,"FISH MEAL, STABILIZED",,"鱼粉,稳定的",,M11,9,,,,,,,,,,(not listed in JTT),,,,,,,,,
2216,b,"FISH SCRAP, STABILIZED",,"鱼渣,稳定的",,M11,9,,,,,,,,,,(not listed in JTT),,,,,,,,,
2217,,SEED CAKE,with not more than 1. 5% oil and not more than 11% moisture,种子饼,"含油不超过1.5%,且水分含量不超过11%",S2,4.2,4.2,III,0,142,E0,P002 IBC08 LP02 R001,MP14,PP20 B3B6,,,,,,3 (E),V1,VC1 VC2 AP1,,,40
2218,,"ACRYLICACID, STABILIZED",,"丙烯酸,稳定的",,CF1,8,8+3,II,1L,,E2,P001 IBC02,MP15,,T7,L4BN,TP2,,FL,2 (D/E),,,,S2,839
2219,,ALLYL GLYCIDYL ETHER,,烯丙基缩水甘油醚,,F1,3,3,III,5L,,E1,P001 IBC03 LP01 R001,MP19,,T2,LGBF,TP1,,FL,3 (D/E),V12,,,S2,30
2222,,ANISOLE,,茴香醚,,F1,3,3,III,5L,,E1,P001 IBC03 LP01 R001,MP19,,T2,LGBF,TP1,,FL,3 (D/E),V12,,,S2,30
2224,,BENZONITRILE,,苄腈,,T1,6.1,6.1,II,100mL,,E4,P001 IBC02,MP15,,T7,L4BH,TP2,TU15 TE19,AT,2 (D/E),,,CV13 CV28,S9 S19,60
2225,,BENZENESULPHONYL CHLORIDE,,苯磺酰氯,,C3,8,8,III,5L,,E1,P001 IBC03 LP01 R001,MP19,,T4,L4BN,TP1,,AT,3 (E),V12,,,,80
2226,,BENZOTRICHLORIDE,,三氯甲苯,,C9,8,8,II,1L,,E2,P001 IBC02,MP15,,T7,L4BN,TP2,,AT,2 (E),,,,,80
2227,,"nBUTYL METHACRYLATE, STABILIZED",,"甲基丙烯酸正丁酯,稳定的",,F1,3,3,III,5L,,E1,P001 IBC03 LP01 R001,MP19,,T2,LGBF,TP1,,FL,3 (D/E),V12,,,S2,39
2232,,2-CHLOROETHANAL,,2-氯乙醛,,T1,6.1,6.1,I,0,354,E0,P602,MP8 MP17,,T20,L10CH,TP2 TP37,TU14 TU15 TE19 TE21,AT,1 (C/D),,,CV1 CV13 CV28,S9 S14,66
2233,,CHLOROANISIDINES,,氯代茴香胺类,,T2,6.1,6.1,III,5kg,,E1,P002 IBC08 LP02 R001,MP10,B3,T1,SGAH L4BH,TP33,TU15 TE19,AT,2 (E),,VC1 VC2 AP7,CV13 CV28,S9,60
2234,,CHLOROBENZOTRIFLUORIDES,,三氟甲基氯苯类,,F1,3,3,III,5L,,E1,P001 IBC03 LP01 R001,MP19,,T2,LGBF,TP1,,FL,3 (D/E),V12,,,S2,30
2235,,"CHLOROBENZYL CHLORIDES, LIQUID",,"氯苯甲基氯类,液体的",,T1,6.1,6.1,III,5L,,E1,P001 IBC03 LP01 R001,MP19,,T4,L4BH,TP1,TU15 TE19,AT,2 (E),V12,,CV13 CV28,S9,60
2236,,"3-CHLORO-4-METHYLPHENYL ISOCYANATE, LIQUID",,"异氰酸-3-氯-4-甲基苯酯,液体的",,T1,6.1,6.1,II,100mL,,E4,P001 IBC02,MP15,,,L4BH,,TU15 TE19,AT,2 (D/E),,,CV13 CV28,S9 S19,60
2237,,CHLORONITROANILINES,,氯硝基苯胺类,,T2,6.1,6.1,III,5kg,,E1,P002 IBC08 LP02 R001,MP10,B3,T1,SGAH L4BH,TP33,TU15 TE19,AT,2 (E),,VC1 VC2 AP7,CV13 CV28,S9,60
2238,,CHLOROTOLUENES,,氯甲苯类,,F1,3,3,III,5L,,E1,P001 IBC03 LP01 R001,MP19,,T2,LGBF,TP1,,FL,3 (D/E),V12,,,S2,30
2239,,"CHLOROTOLUIDINES,SOLID",,"氯甲苯胺类,固体的",,T2,6.1,6.1,III,5kg,,E1,P002 IBC08 LP02 R001,MP10,B3,T1,SGAH L4BH,TP33,TU15 TE19,AT,2 (E),,VC1 VC2 AP7,CV13 CV28,S9,60
2240,,CHROMOSULPHURIC ACID,,铬硫酸,,C1,8,8,I,0,,E0,P001,MP8 MP17,,T10,L10BH,TP2,,AT,1 (E),,,,S20,88
2241,,CYCLOHEPTANE,,环庚烷,,F1,3,3,II,1L,,E2,P001 IBC02 R001,MP19,,T4,LGBF,TP1,,FL,2 (D/E),,,,S2 S20,33
2242,,CYCLOHEPTENE,,环庚烯,,F1,3,3,II,1L,,E2,P001 IBC02 R001,MP19,,T4,LGBF,TP1,,FL,2 (D/E),,,,S2 S20,33
2243,,CYCLOHEXYL ACETATE,,乙酸环己酯,,F1,3,3,III,5L,,E1,P001 IBC03 LP01 R001,MP19,,T2,LGBF,TP1,,FL,3 (D/E),V12,,,S2,30
2244,,CYCLOPENTANOL,,环戊醇,,F1,3,3,III,5L,,E1,P001 IBC03 LP01 R001,MP19,,T2,LGBF,TP1,,FL,3 (D/E),V12,,,S2,30
2245,,CYCLOPENTANONE,,环戊酮,,F1,3,3,III,5L,,E1,P001 IBC03 LP01 R001,MP19,,T2,LGBF,TP1,,FL,3 (D/E),V12,,,S2,30
2246,,CYCLOPENTENE,,环戊烯,,F1,3,3,II,1L,,E2,P001 IBC02,MP19,B8,T7,L1. 5BN,TP2,,FL,2 (D/E),,,,S2 S20,33
2247,,n-DECANE,,正癸烷,,F1,3,3,III,5L,,E1,P001 IBC03 LP01 R001,MP19,,T2,LGBF,TP1,,FL,3 (D/E),V12,,,S2,30
2248,,DI-n-BUTYLA-MINE,,二正丁胺,,CF1,8,8+3,II,1L,,E2,P001 IBC02,MP15,,T7,L4BN,TP2,,FL,2 (D/E),,,,S2,83
2249,,"DICHLORODIM ETHYL ETHER, SYMMETRICAL",,"二氯二甲醚,对称的",,TF1,6.1,,,,,,,,,,,,,,,,,,,
2250,,DICHLOROPH-ENYL ISOCYANATES,,异氰酸二氯苯酯类,,T2,6.1,6.1,II,500g,,E4,P002 IBC08,MP10,B4,T3,SGAH L4BH,TP33,TU15 TE19,AT,2 (D/E),V11,,CV13 CV28,S9 S19,60
2251,a,"BICYCLO [2.2.1] HEPTA-2,5-DIENE, STABILIZED",,"2,5-降冰片二烯,稳定的",,F1,3,3,II,1L,,E2,P001 IBC02 R001,MP19,,T7,LGBF,TP2,,FL,2 (D/E),,,,S2 S20,339
2251,b,"2,5-NORBO RNADIENE, STABILIZED",,"2,5-降冰片二烯,稳定的",,F1,3,3,II,1L,,E2,P001 IBC02 R001,MP19,,T7,LGBF,TP2,,FL,2 (D/E),,,,S2 S20,339
2252,,"1,2-DIMETHOXYETHANE",,"1,2-二甲氧基乙烷",,F1,3,3,II,1L,,E2,P001 IBC02 R001,MP19,,T4,LGBF,TP1,,FL,2 (D/E),,,,S2 S20,33
2253,,"N,N-DIMETHYLANILINE",,"N,N-二甲基苯胺",,T1,6.1,6.1,II,100mL,,E4,P001 IBC02,MP15,,T7,L4BH,TP2,TU15 TE19,AT,2 (D/E),,,CV13 CV28,S9 S19,60
2254,,"MATCHES, FUSEE",,"火柴,耐风的",,F1,4.1,4.1,III,5kg,293,E0,P407 R001,MP11,,,,,,,4 (E),,,,,
2256,,CYCLOHEXENE,,环己烯,,F1,3,3,II,1L,,E2,P001 IBC02 R001,MP19,,T4,LGBF,TP1,,FL,2 (D/E),,,,S2 S20,33
2257,,POTASSIUM,,钾,,W2,4.3,4.3,I,0,,E0,P403 IBC04,MP2,,T9,L10BN(+),TP7 TP33,TU1 TE5 TT3 TM2,AT,1 (B/E),V1,,CV23,S20,X423
2258,,"1,2-PROPYLENE DIAMINE",,"1,2-二氨基丙烷",,CF1,8,8+3,II,1L,,E2,P001 IBC02,MP15,,T7,L4BN,TP2,,FL,2 (D/E),,,,S2,83
2259,,TRIETHYLENETETRAMINE,,三亚乙基四胺,,C7,8,8,II,1L,,E2,P001 IBC02,MP15,,T7,L4BN,TP2,,AT,2 (E),,,,,80
2260,,TRIPROPYLAMINE,,三丙胺,,FC,3,3+8,III,5L,,E1,P001 IBC03 R001,MP19,,T4,L4BN,TP1,,FL,3 (D/E),V12,,,S2,38
2261,,"XYLENOLS, SOLID",,"二甲基苯酚类,固体的",,T2,6.1,6.1,II,500g,,E4,P002 IBC08,MP10,B4,T3,SGAH L4BH,TP33,TU15 TE19,AT,2 (D/E),V11,,CV13 CV28,S9 S19,60
2262,,DIMETHYLCARBAMOYL CHLORIDE,,二甲基氨基甲酰氯,,C3,8,8,II,1L,,E2,P001 IBC02,MP15,,T7,L4BN,TP2,,AT,2 (E),,,,,80
2263,,DIMETHYLCYCLOHEXANES,,二甲基环己烷类,,F1,3,3,II,1L,,E2,P001 IBC02 R001,MP19,,T4,LGBF,TP1,,FL,2 (D/E),,,,S2 S20,33
2264,,"N,N-DIMETHYLCYCLOHEXYLAMINE",,"N,N-二甲基环己胺",,CF1,8,8+3,II,1L,,E2,P001 IBC02,MP15,,T7,L4BN,TP2,,FL,2 (D/E),,,,S2,83
2265,,"N,N-DIMETHYLFORMAMIDE",,"N,N-二甲基甲酰胺",,F1,3,3,III,5L,,E1,P001 IBC03 LP01 R001,MP19,,T2,LGBF,TP2,,FL,3 (D/E),V12,,,S2,30
2266,,DIMETHYL-N-PROPYLAMINE,,二甲基-N-丙胺,,FC,3,3+8,II,1L,,E2,P001 IBC02,MP19,,T7,L4BH,TP2,,FL,2 (D/E),,,,S2 S20,338
2267,,DIMETHYL THIOPHOSPHORYL CHLORIDE,,二甲基硫代磷酰氯,,TC1,6.1,6.1+8,II,100mL,,E4,P001 IBC02,MP15,,T7,L4BH,TP2,TU15 TE19,AT,2 (D/E),,,CV13 CV28,S9 S19,68
2269,,"3,3-IMINO-DIPROPYLAMINE",,"3,3-亚氨基二丙胺",,C7,8,8,III,5L,,E1,P001 IBC03 LP01 R001,MP19,,T4,L4BN,TP2,,AT,3 (E),V12,,,,80
2270,,"ETHYLAMINE, AQUEOUS SOLUTION",with not less than 50% but not more than 70% ethylamine,"乙胺,水溶液","含有不低于50%,但不超过70%乙胺",FC,3,3+8,II,1L,,E2,P001 IBC02,MP19,,T7,L4BH,TP1,,FL,2 (D/E),,,,S2 S20,338
2271,,ETHYL AMY LKETONE,,乙基戊基酮类(乙戊酮),,F1,3,3,III,5L,,E1,P001 IBC03 LP01 R001,MP19,,T2,LGBF,TP1,,FL,3 (D/E),V12,,,S2,30
2272,,N-ETHYLANILINE,,N-乙基苯胺,,T1,6.1,6.1,III,5L,,E1,P001 IBC03 LP01 R001,MP19,,T4,L4BH,TP1,TU15 TE19,AT,2 (E),V12,,CV13 CV28,S9,60
2273,,2-ETHYLANILINE,,乙基苯胺,,T1,6.1,6.1,III,5L,,E1,P001 IBC03 LP01 R001,MP19,,T4,L4BH,TP1,TU15 TE19,AT,2 (E),V12,,CV13 CV28,S9,60
2274,,N-ETHYL-N-BENZYL ANILINE,,N-乙基-N-苄基苯胺,,T1,6.1,6.1,III,5L,,E1,P001 IBC03 LP01 R001,MP19,,T4,L4BH,TP1,TU15 TE19,AT,2 (E),V12,,CV13 CV28,S9,60
2275,,2-ETHYLBUTANOL,,2-乙基丁醇,,F1,3,3,III,5L,,E1,P001 IBC03 LP01 R001,MP19,,T2,LGBF,TP1,,FL,3 (D/E),V12,,,S2,30
2276,,2-ETHYLHEXYLAMINE,,2-乙基己胺,,FC,3,3+8,III,5L,,E1,P001 IBC03 R001,MP19,,T4,L4BN,TP1,,FL,3 (D/E),V12,,,S2,38
2277,,"ETHYL METHACRYLATE, STABILIZED",,"甲基丙烯酸乙酯,稳定的",,F1,3,3,II,1L,,E2,P001 IBC02 R001,MP19,,T4,LGBF,TP1,,FL,2 (D/E),,,,S2 S20,339
2278,,n-HEPTENE,,正庚烯,,F1,3,3,II,1L,,E2,P001 IBC02 R001,MP19,,T4,LGBF,TP1,,FL,2 (D/E),,,,S2 S20,33
2279,,HEXACHLORO-BUTADIENE,,六氯丁二烯,,T1,6.1,6.1,III,5L,,E1,P001 IBC03 LP01 R001,MP19,,T4,L4BH,TP1,TU15 TE19,AT,2 (E),V12,,CV13 CV28,S9,60
2280,,"HEXAMETHYLENEDIAMINE, SOLID",,"六亚甲基二胺,固体的",,C8,8,8,III,5kg,,E1,P002 IBC08 LP02 R001,MP10,B3,T1,SGAV L4BN,TP33,,AT,3 (E),,VC1 VC2 AP7,,,80
2281,,HEXAMETHYLENE DIISOCYANATE,,"1,6-己二异氰酸酯",,T1,6.1,6.1,II,100mL,,E4,P001 IBC02,MP15,,T7,L4BH,TP2,TU15 TE19,AT,2 (D/E),,,CV13 CV28,S9 S19,60
2282,,HEXANOLS,,己醇类,,F1,3,3,III,5L,,E1,P001 IBC03 LP01 R001,MP19,,T2,LGBF,TP1,,FL,3 (D/E),V12,,,S2,30
2283,,"ISOBUTYL METHACRYLA-TE, STABILIZED",,"甲基丙烯酸异丁酯,稳定的",,F1,3,3,III,5L,,E1,P001 IBC03 LP01 R001,MP19,,T2,LGBF,TP1,,FL,3 (D/E),V12,,,S2,39
2284,,ISOBUTYRONITRILE,,异丁腈,,FT1,3,3+6.1,II,1L,,E2,P001 IBC02,MP19,,T7,L4BH,TP2,TU15,FL,2 (D/E),,,CV13 CV28,S2 S19,336
2285,,ISOCYANATO BENZOTRIFLUORIDES,,异氰酸三氟甲基苯酯类,,TF1,6.1,6.1+3,II,100mL,,E4,P001 IBC02,MP15,,T7,L4BH,TP2,TU15 TE19,FL,2 (D/E),,,CV13 CV28,S2 S9 S19,63
2286,,PENTAMETHYLHEPTANE,,五甲基庚烷,,F1,3,3,III,5L,,E1,P001 IBC03 LP01 R001,MP19,,T2,LGBF,TP1,,FL,3 (D/E),V12,,,S2,30
2287,,ISOHEPTENE,,异庚烯类,,F1,3,3,II,1L,,E2,P001 IBC02 R001,MP19,,T4,LGBF,TP1,,FL,2 (D/E),,,,S2 S20,33
2288,,ISOHEXENE,,异己烯类,,F1,3,3,II,1L,,E2,P001 IBC02 R001,MP19,B8,T11,LGBF,TP1,,FL,2 (D/E),,,,S2 S20,33
2289,,ISOPHORONE-DIAMINE,,异佛尔酮二胺,,C7,8,8,III,5L,,E1,P001 IBC03 LP01 R001,MP19,,T4,L4BN,TP1,,AT,3 (E),V12,,,,80
2290,,ISOPHORONE DIISOCYANATE,,二异氰酸异佛尔酮酯,,T1,6.1,6.1,III,5L,,E1,P001 IBC03 LP01 R001,MP19,,T4,L4BH,TP2,TU15 TE19,AT,2 (E),V12,,CV13 CV28,S9,60
2291,,"LEAD COMPOUND, SOLUBLE, N.O.S.",,"铅化合物,可溶的,未另作规定的",,T5,6.1,6.1,III,5kg,199 274 535,E1,P002 IBC08 LP02 R001,MP10,B3,T1,SGAH L4BH,TP33,TU15 TE19,AT,2 (E),,VC1 VC2 AP7,CV13 CV28,S9,60
2293,,4-METHOXY-4-METHYLPENTAN-2-ONE,,4-甲氧基-4-甲基-2-戊 酮,,F1,3,3,III,5L,,E1,P001 IBC03 LP01 R001,MP19,,T2,LGBF,TP1,,FL,3 (D/E),V12,,,S2,30
2294,,N-METHYLANILINE,,N-甲基苯胺,,T1,6.1,6.1,III,5L,,E1,P001 IBC03 LP01 R001,MP19,,T4,L4BH,TP1,TU15 TE19,AT,2 (E),V12,,CV13 CV28,S9,60
2295,,METHYL CHLOROACETATE,,氯乙酸甲酯,,TF1,6.1,6.1+3,I,0,,E0,P001,MP8 MP17,,T14,L10CH,TP2,TU14 TU15 TE19 TE21,FL,1 (C/D),,,CV1 CV13 CV28,S2 S9 S14,663
2296,,METHYL CYCLOHEXANE,,甲基环己烷,,F1,3,3,II,1L,,E2,P001 IBC02 R001,MP19,,T4,LGBF,TP1,,FL,2 (D/E),,,,S2 S20,33
2297,,METHYL CYCLOHEXANONE,,甲基环己酮,,F1,3,3,III,5L,,E1,P001 IBC03 LP01 R001,MP19,,T2,LGBF,TP1,,FL,3 (D/E),V12,,,S2,30
2298,,METHYL CYCLOPENTANE,,甲基环戊烷,,F1,3,3,II,1L,,E2,P001 IBC02 R001,MP19,,T4,LGBF,TP1,,FL,2 (D/E),,,,S2 S20,33
2299,,METHYL DICHLOROACETATE,,二氯乙酸甲酯,,T1,6.1,6.1,III,5L,,E1,P001 IBC03 LP01 R001,MP19,,T4,L4BH,TP1,TU15 TE19,AT,2 (E),V12,,CV13 CV28,S9,60
2300,,2-METHYL-5-ETHYLPYRI-DINE,,2-甲基-5-乙基吡啶,,T1,6.1,6.1,III,5L,,E1,P001 IBC03 LP01 R001,MP19,,T4,L4BH,TP1,TU15 TE19,AT,2 (E),V12,,CV13 CV28,S9,60
2301,,2-METHYLFURAN,,2-甲基呋喃,,F1,3,3,II,1L,,E2,P001 IBC02 R001,MP19,,T4,LGBF,TP1,,FL,2 (D/E),,,,S2 S20,33
2302,,5-METHYLHEXAN-2-ONE,,5-甲基2-己酮,,F1,3,3,III,5L,,E1,P001 IBC03 LP01 R001,MP19,,T2,LGBF,TP1,,FL,3 (D/E),V12,,,S2,30
2303,,ISOPROPENYLBENZENE,,异丙烯基苯,,F1,3,3,III,5L,,E1,P001 IBC03 LP01 R001,MP19,,T2,LGBF,TP1,,FL,3 (D/E),V12,,,S2,30
2304,,"NAPHTHALENE, MOLTEN",,"萘,熔融的",,F2,4.1,4.1,III,0,536,E0,,,,T1,LGBV,TP3,TU27 TE4 TE6,AT,3 (E),,,,,44
2305,,NITROBENZENESULPHONIC ACID,,硝基苯磺酸,,C4,8,8,II,1kg,,E2,P002 IBC08,MP10,B4,T3,SGAN L4BN,TP33,,AT,2 (E),V11,,,,80
2306,,"NITROBENZOTRIFLUORIDES, LIQUID",,"硝基三氟甲苯类,液体的",,T1,6.1,6.1,II,100mL,,E4,P001 IBC02,MP15,,T7,L4BH,TP2,TU15 TE19,AT,2 (D/E),,,CV13 CV28,S9 S19,60
2307,,3-NITRO-4-CHLOROBENZOTRIFLUORIDE,,3-硝基-4-氯三氟甲苯,,T1,6.1,6.1,II,100mL,,E4,P001 IBC02,MP10,,T7,L4BH,TP2,TU15 TE19,AT,2 (D/E),,,CV13 CV28,S9 S19,60
2308,,"NITROSYLSULPHURIC ACID, LIQUID",,"亚硝基硫酸,液体的",,C1,8,8,II,1L,,E2,P001 IBC02,MP15,,T8,L4BN,TP2,,AT,2 (E),,,,,X80
2309,,OCTADIENES,,辛二烯,,F1,3,3,II,1L,,E2,P001 IBC02 R001,MP19,,T4,LGBF,TP1,,FL,2 (D/E),,,,S2 S20,33
2310,,"PENTANE-2, 4-DIONE",,"2,4-戊二酮",,FT1,3,3+6.1,III,5L,,E1,P001 IBC03 R001,MP19,,T4,L4BH,TP1,TU15,FL,3 (D/E),V12,,CV13 CV28,S2,36
2311,,PHENETIDINES,,氨基苯乙醚类,,T1,6.1,6.1,III,5L,279,E1,P001 IBC03 LP01 R001,MP19,,T4,L4BH,TP1,TU15 TE19,AT,2 (E),V12,,CV13 CV28,S9,60
2312,,"PHENOL, MOLTEN",,"苯酚,熔融的",,T1,6.1,6.1,II,0,,E0,,,,T7,L4BH,TP3,TU15 TE19,AT,0 (D/E),,,CV13,S9 S19,60
2313,,PICOLINES,,皮考啉类,,F1,3,3,III,5L,,E1,P001 IBC03 LP01 R001,MP19,,T4,LGBF,TP1,,FL,3 (D/E),V12,,,S2,30
2315,,"POLYCHLORINATED BIPHENYLS, LIQUID",,"多氯联苯类,液体的",,M2,9,9,II,1L,305,E2,P906 IBC02,MP15,,T4,L4BH,TP1,TU15,AT,0 (D/E),,VC1 VC2 AP9,CV1 CV13 CV28,S19,90
2316,,"SODIUM CUPROCYANIDE, SOLID",,"氰亚铜酸钠,固体的",,T5,6.1,6.1,I,0,,E5,P002 IBC07,MP18,,T6,S10AH,TP33,TU15 TE19,AT,1 (C/E),V10,,CV1 CV13 CV28,S9 S14,66
2317,,SODIUM CUPROCYANIDE SOLUTION,,氰亚铜酸钠溶液,,T4,6.1,6.1,I,0,,E5,P001,MP8 MP17,,T14,L10CH,TP2,TU14 TU15 TE19 TE21,AT,1 (C/E),,,CV1 CV13 CV28,S9 S14,66
2318,,SODIUM HYDROSULPHIDE,with less than 25% water of cry-stallization,硫氢化钠,结晶水少于25%,S4,4.2,4.2,II,0,504,E2,P410 IBC06,MP14,,T3,SGAN,TP33,,AT,2 (D/E),V1,,,,40
2319,,"TERPENE HYDROCARBONS, N.O.S.",,"萜烯烃类,未另作规定的",,F1,3,3,III,5L,,E1,P001 IBC03 LP01 R001,MP19,,T4,LGBF,TP1 TP29,,FL,3 (D/E),V12,,,S2,30
2320,,TETRAETHYLENEPENTAMINE,,四亚乙基五胺,,C7,8,8,III,5L,,E1,P001 IBC03 LP01 R001,MP19,,T4,L4BN,TP1,,AT,3 (E),V12,,,,80
2321,,"TRICHLOROBENZENES, LIQUID",,"三氯苯类,液体的",,T1,6.1,6.1,III,5L,,E1,P001 IBC03 LP01 R001,MP19,,T4,L4BH,TP1,TU15 TE19,AT,2 (E),V12,,CV13 CV28,S9,60
2322,,TRICHLOROBUTENE,,三氯丁烯,,T1,6.1,6.1,II,100mL,,E4,P001 IBC02,MP15,,T7,L4BH,TP2,TU15 TE19,AT,2 (D/E),,,CV13 CV28,S9 S19,60
2323,,TRIETHYLPHOSPHITE,,亚磷酸三乙酯,,F1,3,3,III,5L,,E1,P001 IBC03 LP01 R001,MP19,,T2,LGBF,TP1,,FL,3 (D/E),V12,,,S2,30
2324,,TRIISOBUTYLENE,,三聚异丁烯,,F1,3,3,III,5L,,E1,P001 IBC03 LP01 R001,MP19,,T4,LGBF,TP1,,FL,3 (D/E),V12,,,S2,30
2325,,"1,3,5-TRIMETHYLBENZENE",,"1,3,5-三甲苯",,F1,3,3,III,5L,,E1,P001 IBC03 LP01 R001,MP19,,T2,LGBF,TP1,,FL,3 (D/E),V12,,,S2,30
2326,,TRIMETHYLCYCLOHEXYLA MINE,,三甲基环己胺,,C7,8,8,III,5L,,E1,P001 IBC03 LP01 R001,MP19,,T4,L4BN,TP1,,AT,3 (E),V12,,,,80
2327,,TRIMETHYLHEXAMETHYLENE-DIAMINES,,三甲基六亚甲基二胺,,C7,8,8,III,5L,,E1,P001 IBC03 LP01 R001,MP19,,T4,L4BN,TP1,,AT,3 (E),V12,,,,80
2328,,TRIMETHYLHEXAMETHYLEN-EDIISOCYANATE,,三甲基六亚甲基二异氰酸酯类,,T1,6.1,6.1,III,5L,,E1,P001 IBC03 LP01 R001,MP19,,T4,L4BH,TP2,TU15 TE19,AT,2 (E),V12,,CV13 CV28,S9,60
2329,,TRIMETHYL PHOSPHITE,,亚磷酸三甲酯,,F1,3,3,III,5L,,E1,P001 IBC03 LP01 R001,MP19,,T2,LGBF,TP1,,FL,3 (D/E),V12,,,S2,30
2330,,UNDECANE,,十一烷,,F1,3,3,III,5L,,E1,P001 IBC03 LP01 R001,MP19,,T2,LGBF,TP1,,FL,3 (D/E),V12,,,S2,30
2331,,"ZINC CHLORIDE, ANHYDROUS",,"氯化锌,无水的",,C2,8,8,III,5kg,,E1,P002 IBC08 LP02 R001,MP10,B3,T1,SGAV,TP33,,AT,3 (E),,VC1 VC2 AP7,,,80
2332,,ACETALDEHYDE OXIME,,乙醛肟,,F1,3,3,III,5L,,E1,P001 IBC03 LP01 R001,MP19,,T4,LGBF,TP1,,FL,3 (D/E),V12,,,S2,30
2333,,ALLYL ACETATE,,乙酸烯丙酯,,FT1,3,3+6.1,II,1L,,E2,P001 IBC02,MP19,,T7,L4BH,TP1,TU15,FL,2 (D/E),,,CV13 CV28,S2 S19,336
2334,,ALLYL AMINE,,烯丙胺,,TF1,6.1,6.1+3,I,0,354,E0,P602,MP8 MP17,,T20,L10CH,TP2 TP35,TU14 TU15 TE19 TE21,FL,1 (C/D),,,CV1 CV13 CV28,S2 S9 S14,663
2335,,ALLYL ETHYL ETHER,,乙基烯丙基醚,,FT1,3,3+6.1,II,1L,,E2,P001 IBC02,MP19,,T7,L4BH,TP1,TU15,FL,2 (D/E),,,CV13 CV28,S2 S19,336
2336,,ALLYL FORMATE,,甲酸烯丙酯,,FT1,3,3+6.1,I,0,,E0,P001,MP7 MP17,,T14,L10CH,TP2,TU14 TU15 TE21,FL,1 (C/E),,,CV13 CV28,S2 S22,336
2337,,PHENYL MERCAPTAN,,苯硫酚,,TF1,6.1,6.1+3,I,0,354,E0,P602,MP8 MP17,,T20,L10CH,TP2 TP35,TU14 TU15 TE19 TE21,FL,1 (C/D),,,CV1 CV13 CV28,S2 S9 S14,663
2338,,BENZOTRIFLUORIDE,,三氟甲苯,,F1,3,3,II,1L,,E2,P001 IBC02 R001,MP19,,T4,LGBF,TP1,,FL,2 (D/E),,,,S2 S20,33
2339,,2-BROMOBUTANE,,2-溴丁烷,,F1,3,3,II,1L,,E2,P001 IBC02 R001,MP19,,T4,LGBF,TP1,,FL,2 (D/E),,,,S2 S20,33
2340,,2-BROMOETHYL ETHYL ETHER,,2-溴乙基乙醚,,F1,3,3,II,1L,,E2,P001 IBC02 R001,MP19,,T4,LGBF,TP1,,FL,2 (D/E),,,,S2 S20,33
2341,,1-BROMO-3-METHYLBUTANE,,1-溴-3-甲基丁烷,,F1,3,3,III,5L,,E1,P001 IBC03 LP01 R001,MP19,,T2,LGBF,TP1,,FL,3 (D/E),V12,,,S2,30
2342,,BROMOMETHYLPROPANES,,溴甲基丙烷类,,F1,3,3,II,1L,,E2,P001 IBC02 R001,MP19,,T4,LGBF,TP1,,FL,2 (D/E),,,,S2 S20,33
2343,,2-BROMOPENTANE,,2-溴戊烷,,F1,3,3,II,1L,,E2,P001 IBC02 R001,MP19,,T4,LGBF,TP1,,FL,2 (D/E),,,,S2 S20,33
2344,a,BROMOPROPANES,,溴丙烷类,,F1,3,3,II,1L,,E2,P001 IBC02 R001,MP19,,T4,LGBF,TP1,,FL,2 (D/E),,,,S2 S20,33
2344,b,BROMOPROPANES,,溴丙烷类,,F1,3,3,III,5L,,E1,P001 IBC03 LP01 R001,MP19,,T2,LGBF,TP1,,FL,3 (D/E),V12,,,S2,30
2345,,3-BROMOPROPYNE,,3-溴丙炔,,F1,3,3,II,1L,,E2,P001 IBC02 R001,MP19,,T4,LGBF,TP1,,FL,2 (D/E),,,,S2 S20,33
2346,,BUTANEDIONE,,丁二酮,,F1,3,3,II,1L,,E2,P001 IBC02 R001,MP19,,T4,LGBF,TP1,,FL,2 (D/E),,,,S2 S20,33
2347,,BUTYL MERCAPTAN,,丁硫醇,,F1,3,3,II,1L,,E2,P001 IBC02 R001,MP19,,T4,LGBF,TP1,,FL,2 (D/E),,,,S2 S20,33
2348,,"BUTYL ACRYLATES, STABILIZED",,"丙烯酸丁酯类,稳定的",,F1,3,3,III,5L,,E1,P001 IBC03 LP01 R001,MP19,,T2,LGBF,TP1,,FL,3 (D/E),V12,,,S2,39
2350,,BUTYL METHYL ETHER,,甲基正丁基醚,,F1,3,3,II,1L,,E2,P001 IBC02 R001,MP19,,T4,LGBF,TP1,,FL,2 (D/E),,,,S2 S20,33
2351,a,BUTYL NITRITES,,亚硝酸丁酯类,,F1,3,3,II,1L,,E2,P001 IBC02 R001,MP19,,T4,LGBF,TP1,,FL,2 (D/E),,,,S2 S20,33
2351,b,BUTYL NITRITES,,亚硝酸丁酯类,,F1,3,3,III,5L,,E1,P001 IBC03 LP01 R001,MP19,,T2,LGBF,TP1,,FL,3 (D/E),V12,,,S2,30
2352,,"BUTYL VINYL ETHER, STABILIZED",,"丁基乙烯基醚,稳定的",,F1,3,3,II,1L,,E2,P001 IBC02 R001,MP19,,T4,LGBF,TP1,,FL,2 (D/E),,,,S2 S20,339
2353,,BUTYRYL CHLORIDE,,丁酰氯,,FC,3,3+8,II,1L,,E2,P001 IBC02,MP19,,T8,L4BH,TP2,,FL,2 (D/E),,,,S2 S20,338
2354,,CHLOROMETHYL ETHYL ETHER,,氯甲基乙基醚,,FT1,3,3+6.1,II,1L,,E2,P001 IBC02,MP19,,T7,L4BH,TP1,TU15,FL,2 (D/E),,,CV13 CV28,S2 S19,336
2356,,2-CHLOROPROPANE,,2-氯内烷,,F1,3,3,I,0,,E3,P001,MP7 MP17,,T11,L4BN,TP2,,FL,1 (D/E),,,,S2 S20,33
2357,,CYCLOHEXYLAMINE,,环己胺,,CF1,8,8+3,II,1L,,E2,P001 IBC02,MP15,,T7,L4BN,TP2,,FL,2 (D/E),,,,S2,83
2358,,CYCLOOCTATETRAENE,,环辛四烯,,F1,3,3,II,1L,,E2,P001 IBC02 R001,MP19,,T4,LGBF,TP1,,FL,2 (D/E),,,,S2 S20,33
2359,,DIALLYLAMINE,,二烯丙基胺,,FTC,3,3+6.1+8,II,1L,,E2,P001 IBC02,MP19,,T7,L4BH,TP1,TU15,FL,2 (D/E),,,CV13 CV28,S2 S19,338
2360,,DIALLYL ETHER,,二烯丙基醚,,FT1,3,3+6.1,II,1L,,E2,P001 IBC02,MP19,,T7,L4BH,TP1,TU15,FL,2 (D/E),,,CV13 CV28,S2 S19,336
2361,,DIISOBUTYLAMINE,,二异丁胺,,FC,3,3+8,III,5L,,E1,P001 IBC03 R001,MP19,,T4,L4BN,TP1,,FL,3 (D/E),V12,,,S2,38
2362,,"1,1-DICHLOROETHANE",,"1,1-二氯乙烷",,F1,3,3,II,1L,,E2,P001 IBC02 R001,MP19,,T4,LGBF,TP1,,FL,2 (D/E),,,,S2 S20,33
2363,,ETHYL MERCAPTAN,,乙硫醇,,F1,3,3,I,0,,E0,P001,MP7 MP17,,T11,L4BN,TP2,,FL,1 (D/E),,,,S2 S20,33
2364,,n-PROPYLBENZENE,,正丙基苯,,F1,3,3,III,5L,,E1,P001 IBC03 LP01 R001,MP19,,T2,LGBF,TP1,,FL,3 (D/E),V12,,,S2,30
2366,,DIETHYL CARBONATE,,碳酸二乙酯,,F1,3,3,III,5L,,E1,P001 IBC03 LP01 R001,MP19,,T2,LGBF,TP1,,FL,3 (D/E),V12,,,S2,30
2367,,alpha-METHYLVALERALDE-HYDE,,a-甲基戊醛,,F1,3,3,II,1L,,E2,P001 IBC02 R001,MP19,,T4,LGBF,TP1,,FL,2 (D/E),,,,S2 S20,33
2368,,alpha-PINENE,,a-蒎烯,,F1,3,3,III,5L,,E1,P001 IBC03 LP01 R001,MP19,,T2,LGBF,TP1,,FL,3 (D/E),V12,,,S2,30
2370,,1-HEXENE,,己烯,,F1,3,3,II,1L,,E2,P001 IBC02 R001,MP19,,T4,LGBF,TP1,,FL,2 (D/E),,,,S2 S20,33
2371,,ISOPENTENES,,异戊烯类,,F1,3,3,I,0,,E3,P001,MP7 MP17,,T11,L4BN,TP2,,FL,1 (D/E),,,,S2 S20,33
2372,,"1,2-DI-(DIMETHYLAMINO) ETHANE",,"1,2-二(二甲基氨基)乙烷",,F1,3,3,II,1L,,E2,P001 IBC02 R001,MP19,,T4,LGBF,TP1,,FL,2 (D/E),,,,S2 S20,33
2373,,DIETHOXYMETHANE,,二乙氧基甲烷,,F1,3,3,II,1L,,E2,P001 IBC02 R001,MP19,,T4,LGBF,TP1,,FL,2 (D/E),,,,S2 S20,33
2374,,"3,3-DIETHOXYPROPENE",,"3,3-二乙氧基丙烯",,F1,3,3,II,1L,,E2,P001 IBC02 R001,MP19,,T4,LGBF,TP1,,FL,2 (D/E),,,,S2 S20,33
2375,,DIETHYL SULPHIDE,,二乙硫,,F1,3,3,II,1L,,E2,P001 IBC02 R001,MP19,,T7,LGBF,TP1,,FL,2 (D/E),,,,S2 S20,33
2376,,"2,3-DIHYDROPYRAN",,"2,3-二氢吡喃",,F1,3,3,II,1L,,E2,P001 IBC02 R001,MP19,,T4,LGBF,TP1,,FL,2 (D/E),,,,S2 S20,33
2377,,"1,1-DIMETHOXYETHANE",,"1,1-二甲氧基乙烷",,F1,3,3,II,1L,,E2,P001 IBC02 R001,MP19,,T7,LGBF,TP1,,FL,2 (D/E),,,,S2 S20,33
2378,,2-DIMETHYLAMINOACETONI-TRILE,,2-二甲氨基乙氰,,FT1,3,3+6.1,II,1L,,E2,P001 IBC02,MP19,,T7,L4BH,TP1,TU15,FL,2 (D/E),,,CV13 CV28,S2 S19,336
2379,,"1,3-DIMETHYLBUTYLAMINE",,二甲基丁胺,,FC,3,3+8,II,1L,,E2,P001 IBC02,MP19,,T7,L4BH,TP1,,FL,2 (D/E),,,,S2 S20,338
2380,,DIMETHYLDIETHOXYSI-LANE,,"1,3-二甲基二乙氧基硅烷",,F1,3,3,II,1L,,E2,P001 IBC02 R001,MP19,,T4,LGBF,TP1,,FL,2 (D/E),,,,S2 S20,33
2381,,DIMETHYL DISULPHIDE,,二甲二硫,,FT1,3,3+6.1,II,1L,,E0,P001 IBC02,MP19,,T7,L4BH,TP2 TP39,TU15,FL,2 (D/E),,,CV13 CV28,S2 S22,336
2382,,"DIMETHYLHYDRAZINE, SYMMETRICAL",,"二甲基肼,对称的",,TF1,6.1,6.1+3,I,0,354,E0,P602,MP8 MP17,,T20,L10CH,TP2 TP37,TU14 TU15 TE19 TE21,FL,1 (C/D),,,CV1 CV13 CV28,S2 S9 S14,663
2383,,DIPROPYLAMINE,,二丙胺,,FC,3,3+8,II,1L,,E2,P001 IBC02,MP19,,T7,L4BH,TP1,,FL,2 (D/E),,,,S2 S20,338
2384,,DI-n-PROPYL ETHER,,二正丙醚,,F1,3,3,II,1L,,E2,P001 IBC02 R001,MP19,,T4,LGBF,TP1,,FL,2 (D/E),,,,S2 S20,33
2385,,ETHYL ISOBUTY RATE,,异丁酸乙酯,,F1,3,3,II,1L,,E2,P001 IBC02 R001,MP19,,T4,LGBF,TP1,,FL,2 (D/E),,,,S2 S20,33
2386,,1-ETHYLPIPERIDINE,,1-乙基哌啶,,FC,3,3+8,II,1L,,E2,P001 IBC02,MP19,,T7,L4BH,TP1,,FL,2 (D/E),,,,S2 S20,338
2387,,FLUOROBENZENE,,氟苯,,F1,3,3,II,1L,,E2,P001 IBC02 R001,MP19,,T4,LGBF,TP1,,FL,2 (D/E),,,,S2 S20,33
2388,,FLUOROTOLUENES,,氟代甲苯类,,F1,3,3,II,1L,,E2,P001 IBC02 R001,MP19,,T4,LGBF,TP1,,FL,2 (D/E),,,,S2 S20,33
2389,,FURAN,,呋喃,,F1,3,3,I,0,,E3,P001,MP7 MP17,,T12,L4BN,TP2,,FL,1 (D/E),,,,S2 S20,33
2390,,2-IODOBUTANE,,2-碘丁烷,,F1,3,3,II,1L,,E2,P001 IBC02 R001,MP19,,T4,LGBF,TP1,,FL,2 (D/E),,,,S2 S20,33
2391,,IODOMETHYLPROPANES,,碘甲基丙烷类,,F1,3,3,II,1L,,E2,P001 IBC02 R001,MP19,,T4,LGBF,TP1,,FL,2 (D/E),,,,S2 S20,33
2392,,IODOPROPANES,,碘丙烷类,,F1,3,3,III,5L,,E1,P001 IBC03 LP01 R001,MP19,,T2,LGBF,TP1,,FL,3 (D/E),V12,,,S2,30
2393,,ISOBUTYL FORMATE,,甲酸异丁酯,,F1,3,3,II,1L,,E2,P001 IBC02 R001,MP19,,T4,LGBF,TP1,,FL,2 (D/E),,,,S2 S20,33
2394,,ISOBUTYL PROPIONATE,,丙酸异丁酯,,F1,3,3,III,5L,,E1,P001 IBC03 LP01 R001,MP19,,T2,LGBF,TP1,,FL,3 (D/E),V12,,,S2,30
2395,,ISOBUTYRYL CHLORIDE,,异丁酰氯,,FC,3,3+8,II,1L,,E2,P001 IBC02,MP19,,T7,L4BH,TP2,,FL,2 (D/E),,,,S2 S20,338
2396,,"METHACRYLALDEHYDE, STABILIZED",,"甲基丙烯醛,稳定的",,FT1,3,3+6.1,II,1L,,E2,P001 IBC02,MP19,,T7,L4BH,TP1,TU15,FL,2 (D/E),,,CV13 CV28,S2 S19,336
2397,,3-METHYLBUTAN-2-ONE,,3-甲基2-丁酮,,F1,3,3,II,1L,,E2,P001 IBC02 R001,MP19,,T4,LGBF,TP1,,FL,2 (D/E),,,,S2 S20,33
2398,,METHYL tert-BUTYL ETHER,,甲基叔丁基醚,,F1,3,3,II,1L,,E2,P001 IBC02 R001,MP19,,T7,LGBF,TP1,,FL,2 (D/E),,,,S2 S20,33
2399,,1-METHYLPIPERIDINE,,1-甲基哌啶,,FC,3,3+8,II,1L,,E2,P001 IBC02,MP19,,T7,L4BH,TP1,,FL,2 (D/E),,,,S2 S20,338
2400,,METHYL ISOVALE RATE,,异戊酸甲酯,,F1,3,3,II,1L,,E2,P001 IBC02 R001,MP19,,T4,LGBF,TP1,,FL,2 (D/E),,,,S2 S20,33
2401,,PIPERIDINE,,哌啶,,CF1,8,8+3,I,0,,E0,P001,MP8 MP17,,T10,L10BH,TP2,,FL,1 (D/E),,,,S2 S14,883
2402,,PROPANETHIOLS,,丙硫醇类,,F1,3,3,II,1L,,E2,P001 IBC02 R001,MP19,,T4,LGBF,TP1,,FL,2 (D/E),,,,S2 S20,33
2403,,ISOPROPENYL ACETATE,,乙酸异丙烯酯,,F1,3,3,II,1L,,E2,P001 IBC02 R001,MP19,,T4,LGBF,TP1,,FL,2 (D/E),,,,S2 S20,33
2404,,PROPIONITRILE,,丙腈,,FT1,3,3+6.1,II,1L,,E0,P001 IBC02,MP19,,T7,L4BH,TP1,TU15,FL,2 (D/E),,,CV13 CV28,S2 S19,336
2405,,ISOPROPYL BUTYRATE,,丁酸异丙酯,,F1,3,3,III,5L,,E1,P001 IBC03 LP01 R001,MP19,,T2,LGBF,TP1,,FL,3 (D/E),V12,,,S2,30
2406,,ISOPROPYL ISOBUTYRATE,,异丁酸异丙酯,,F1,3,3,II,1L,,E2,P001 IBC02 R001,MP19,,T4,LGBF,TP1,,FL,2 (D/E),,,,S2 S20,33
2407,,ISOPROPYL CHLOROFOR MATE,,氯甲酸异丙酯,,TFC,6.1,6.1+3+8,I,0,354,E0,P602,MP8 MP17,,,,,,,1 (D),,,CV1 CV13 CV28,S2 S9 S14,
2409,,ISOPROPYL PROPIONATE,,丙酸异丙酯,,F1,3,3,II,1L,,E2,P001 IBC02 R001,MP19,,T4,LGBF,TP1,,FL,2 (D/E),,,,S2 S20,33
2410,,"1,2,3,6-TETR-AHYDROPYR IDINE",,"1,2,3,6-四氢吡啶",,F1,3,3,II,1L,,E2,P001 IBC02 R001,MP19,,T4,LGBF,TP1,,FL,2 (D/E),,,,S2 S20,33
2411,,BUTYRONITRILE,,丁腈,,FT1,3,3+6.1,II,1L,,E2,P001 IBC02,MP19,,T7,L4BH,TP1,TU15,FL,2 (D/E),,,CV13 CV28,S2 S19,336
2412,,TETRAHYDROTHIOPHENE,,四氢噻吩,,F1,3,3,II,1L,,E2,P001 IBC02 R001,MP19,,T4,LGBF,TP1,,FL,2 (D/E),,,,S2 S20,33
2413,,TETRAPROPYL ORTHOTIT-ANATE,,原钛酸四丙酯,,F1,3,3,III,5L,,E1,P001 IBC03 LP01 R001,MP19,,T4,LGBF,TP1,,FL,3 (D/E),V12,,,S2,30
2414,,THIOPHENE,,噻吩,,F1,3,3,II,1L,,E2,P001 IBC02 R001,MP19,,T4,LGBF,TP1,,FL,2 (D/E),,,,S2 S20,33
2416,,TRIMETHYL BORATE,,硼酸三甲酯,,F1,3,3,II,1L,,E2,P001 IBC02 R001,MP19,,T7,LGBF,TP1,,FL,2 (D/E),,,,S2 S20,33
2417,,CARBONYL FLUORIDE,,碳酰氟,,2TC,2,2.3+8,,0,,E0,P200,MP9,,(M),PxBH(M),,TA4 TT9,AT,1 (C/D),,,CV9 CV10 CV36,S14,268
2418,,SULPHUR TETRAFLUO-RIDE,,四氟化硫,,2TC,2,2.3+8,,0,,E0,P200,MP9,,,,,,,1 (D),,,CV9 CV10 CV36,S14,
2419,,BROMOTRIFLUOROETHY LENE,,溴三氟乙烯,,2F,2,2.1,,0,662,E0,P200,MP9,,(M),PxBN(M),,TA4 TT9,FL,2 (B/D),,,CV9 CV10 CV36,S2 S20,23
2420,,HEXAFLUOROACETONE,,六氟丙酮,,2TC,2,2.3+8,,0,,E0,P200,MP9,,(M),PxBH(M),,TA4 TT9,AT,1 (C/D),,,CV9 CV10 CV36,S14,268
2421,,NITROGEN TRIOXIDE,,三氧化二氮,,2TOC,2,,,,,,,,,,,,,,,,,,,
2422,a,OCTAFLUOROBUT-2-ENE,,八氟-2-丁烯,,2A,2,2.2,,120mL,662,E1,P200,MP9,,(M),PxBN(M),,TA4 TT9,AT,3 (C/E),,,CV9 CV10 CV36,,20
2422,b,REFRIGERANT GAS R1318,,制冷气体 R1318,,2A,2,2.2,,120mL,662,E1,P200,MP9,,(M),PxBN(M),,TA4 TT9,AT,3 (C/E),,,CV9 CV10 CV36,,20
2424,a,OCTAFLUOROPROPANE,,八氟丙烷,,2A,2,2.2,,120mL,662,E1,P200,MP9,,(M) T50,PxBN(M),,TA4 TT9,AT,3 (C/E),,,CV9 CV10 CV36,,20
2424,b,REFRIGERANT GAS R218),,制冷气体R218,,2A,2,2.2,,120mL,662,E1,P200,MP9,,(M) T50,PxBN(M),,TA4 TT9,AT,3 (C/E),,,CV9 CV10 CV36,,20
2426,,"AMMONIUM NITRATE, LIQUID","hot concentrated solution,in a concentration of more than 80% but not more than 93%","硝酸铵,液体的","热浓溶液,浓度在 80%以上,但不超过93%",O1,5.1,5.1,,0,252 644,E0,,,,T7,L4BV(+),TP1 TP16 TP17,TU3 TU12 TU29 TC3 TE9 TE10 TA1,AT,0 (E),,,,S23,59
2427,a,"POTASSIUM CHLORATE, AQUEOUS SOLUTION",,"氯酸钾,水溶液",,O1,5.1,5.1,II,1L,,E2,P504 IBC02,MP2,,T4,L4BN,TP1,TU3,AT,2 (E),,,CV24,,50
2427,b,"POTASSIUM CHLORATE, AQUEOUS SOLUTION",,"氯酸钾,水溶液",,O1,5.1,5.1,III,5L,,E1,P504 IBC02 R001,MP2,,T4,LGBV,TP1,TU3,AT,3 (E),,,CV24,,50
2428,a,"SODIUM CHLORATE, AQUEOUS SOLUTION",,"氯酸钠,水溶液",,O1,5.1,5.1,II,1L,,E2,P504 IBC02,MP2,,T4,L4BN,TP1,TU3,AT,2 (E),,,CV24,,50
2428,b,"SODIUM CHLORATE, AQUEOUS SOLUTION",,"氯酸钠,水溶液",,O1,5.1,5.1,III,5L,,E1,P504 IBC02 R001,MP2,,T4,LGBV,TP1,TU3,AT,3 (E),,,CV24,,50
2429,a,"CALCIUM CHLORATE, AQUEOUS SOLUTION",,"氯酸钙,水溶液",,O1,5.1,5.1,II,1L,,E2,P504 IBC02,MP2,,T4,L4BN,TP1,TU3,AT,2 (E),,,CV24,,50
2429,b,"CALCIUM CHLORATE, AQUEOUS SOLUTION",,"氯酸钙,水溶液",,O1,5.1,5.1,III,5L,,E1,P504 IBC02 R001,MP2,,T4,LGBV,TP1,TU3,AT,3 (E),,,CV24,,50
2430,a,"ALKYLPHENOLS,SOLID, N.O.S.",(including C2-C12 homologues),"烷基苯酚类,固体的,未另作规定的",(包括C2-C12的同系物),C4,8,8,I,0,,E0,P002 IBC07,MP18,,T6,S10AN L10BH,TP33,,AT,1 (E),V10,,,S20,88
2430,b,"ALKYLPHENOLS, SOLID, N.O.S.",(including C2-C12 homologues),"烷基苯酚类,固体的,未另作规定的",(包括C1-C12的同系物),C4,8,8,II,1kg,,E2,P002 IBC08,MP10,B4,T3,SGAN L4BN,TP33,,AT,2 (E),V11,,,,80
2430,c,"ALKYLPHENOLS,SOLID, N.O.S.",(including C2-C12 homologues),"烷基苯酚类,固体的,未另作规定的",(包括C2-C12的同系物),C4,8,8,III,5kg,,E1,P002 IBC08 LP02 R001,MP10,B3,T1,SGAV L4BN,TP33,,AT,3 (E),,VC1 VC2 AP7,,,80
2431,,ANISIDINES,,茴香胺,,T1,6.1,6.1,III,5L,,E1,P001 IBC03 LP01 R001,MP19,,T4,L4BH,TP1,TU15 TE19,AT,2 (E),V12,,CV13 CV28,S9,60
2432,,"N,N-DIETHYLANILINE",,"N,N-二乙基苯胺",,T1,6.1,6.1,III,5L,279,E1,P001 IBC03 LP01 R001,MP19,,T4,L4BH,TP1,TU15 TE19,AT,2 (E),V12,,CV13 CV28,S9,60
2433,,"CHLORONITROTOLUENES, LIQUID",,"氯硝基甲苯类,液体的",,T1,6.1,6.1,III,5L,,E1,P001 IBC03 LP01 R001,MP19,,T4,L4BH,TP1,TU15 TE19,AT,2 (E),V12,,CV13 CV28,S9,60
2434,,DIBENZYLDICHLORO SILANE,,二苄基二氯硅烷,,C3,8,8,II,0,,E0,P010,MP15,,T10,L4BN,TP2 TP7,,AT,2 (E),,,,,X80
2435,,ETHYLPHENYLDICHLOROSI LANE,,乙基苯基二氯硅烷,,C3,8,8,II,0,,E0,P010,MP15,,T10,L4BN,TP2 TP7,,AT,2 (E),,,,,X80
2436,,THIOACETIC ACID,,硫代乙酸,,F1,3,3,II,1L,,E2,P001 IBC02 R001,MP19,,T4,LGBF,TP1,,FL,2 (D/E),,,,S2 S20,33
2437,,METHYLPHENYL DICHLOR OSILANE,,甲基苯基二氯硅烷,,C3,8,8,II,0,,E0,P010,MP15,,T10,L4BN,TP2 TP7,,AT,2 (E),,,,,X80
2438,,TRIMETHYLACETYL CHLORIDE,,三甲基乙酰氯,,TFC,6.1,6.1+3+8,I,0,,E0,P001,MP8 MP17,,T14,L10CH,TP2,TU14 TU15 TE19 TE21,FL,1 (C/D),,,CV1 CV13 CV28,S2 S9 S14,663
2439,,SODIUM HYDROGENDIFLUORIDE,,二氟化氢钠,,C2,8,8,II,1kg,,E2,P002 IBC08,MP10,B4,T3,SGAN,TP33,,AT,2 (E),V11,,,,80
2440,,STANNIC CHLORIDE PENTAHYDRATE,,(四)氯化锡五水合物,,C2,8,8,III,5kg,,E1,P002 IBC08 LP02 R001,MP10,B3,T1,SGAV,TP33,,AT,3 (E),,VC1 VC2 AP7,,,80
2441,a,"TITANIUM TRICHLORIDE, PYROPHORIC",,"三氯化钛,发火的",,SC4,4.2,4.2+8,I,0,537,E0,P404,MP13,,,,,,,0 (E),V1,,,S20,
2441,b,"TITANIUM TRICHLORIDE MIXTURE, PYROPHORIC",,"三氯化钛混合物,发火的",,SC4,4.2,4.2+8,I,0,537,E0,P404,MP13,,,,,,,0 (E),V1,,,S20,
2442,,TRICHLOROACETYLCHLO RIDE,,三氯乙酰氯,,C3,8,8,II,0,,E0,P001,MP15,,T7,L4BN,TP2,,AT,2 (E),,,,,X80
2443,,VANADIUM OXYTRICH-ORIDE,,三氯氧化钒,,C1,8,8,II,1L,,E0,P001 IBC02,MP15,,T7,L4BN,TP2,,AT,2 (E),,,,,80
2444,,VANADIUMTE TRACHLORIDE,,四氯化钒,,C1,8,8,I,0,,E0,P802,MP8 MP17,,T10,L10BH,TP2,,AT,1 (E),,,,S20,X88
2446,,"NITROCRESOLS,SOLID",,"硝基甲酚类,固体的",,T2,6.1,6.1,III,5kg,,E1,P002 IBC08 LP02 R001,MP10,B3,T1,SGAH L4BH,TP33,TU15 TE19,AT,2 (E),,VC1 VC2 AP7,CV13 CV28,S9,60
2447,,"PHOSPHORUS, WHITE, MOLTEN",,"白磷,熔融的",,ST3,4.2,4.2+6.1,I,0,,E0,,,,T21,L10 DH(+),TP3 TP7 TP26,TU14 TU16 TU21 TE3 TE21,AT,0 (B/E),,,,S20,446
2448,,"SULPHUR, MOLTEN",,"硫,熔融的",,F3,4.1,4.1,III,0,538,E0,,,,T1,LGBV(+),TP3,TU27 TE4 TE6,AT,3 (E),,,,,44
2451,,NITROGEN TRIFLUORIDE,,三氟化氮,,2O,2,2.2+5.1,,0,662,E0,P200,MP9,,(M),PxBN(M),,TA4 TT9,AT,3 (C/E),,,CV9 CV10 CV36,,25
2452,,"ETHYLACETYLENE, STABILIZED",,"乙基乙炔,稳定的",,2F,2,2.1,,0,662,E0,P200,MP9,,(M),PxBN(M),,TA4 TT9,FL,2 (B/D),,,CV9 CV10 CV36,S2 S20,239
2453,a,ETHYL FLUORIDE,,乙基氟,,2F,2,2.1,,0,662,E0,P200,MP9,,(M),PxBN(M),,TA4 TT9,FL,2 (B/D),,,CV9 CV10 CV36,S2 S20,23
2453,b,REFRIGERANT GAS R161,,制冷气体R161,,2F,2,2.1,,0,662,E0,P200,MP9,,(M),PxBN(M),,TA4 TT9,FL,2 (B/D),,,CV9 CV10 CV36,S2 S20,23
2454,a,METHYL FLUORIDE,,甲基氟,,2F,2,2.1,,0,662,E0,P200,MP9,,(M),PxBN(M),,TA4 TT9,FL,2 (B/D),,,CV9 CV10 CV36,S2 S20,23
2454,b,REFRIGERANT GAS R41,,制冷气体R41,,2F,2,2.1,,0,662,E0,P200,MP9,,(M),PxBN(M),,TA4 TT9,FL,2 (B/D),,,CV9 CV10 CV36,S2 S20,23
2455,,METHYL NITRITE,,亚硝酸甲酯,,2A,2,,,,,,,,,,,,,,,,,,,
2456,,2-CHLOROPROPENE,,2-氯丙烯,,F1,3,3,I,0,,E3,P001,MP7 MP17,,T11,L4BN,TP2,,FL,1 (D/E),,,,S2 S20,33
2457,,"2,3-DIMETHYLBUTANE",,"2,3-二甲基丁烷",,F1,3,3,II,1L,,E2,P001 IBC02 R001,MP19,,T7,LGBF,TP1,,FL,2 (D/E),,,,S2 S20,33
2458,,HEXADIENES,,己二烯类,,F1,3,3,II,1L,,E2,P001 IBC02 R001,MP19,,T4,LGBF,TP1,,FL,2 (D/E),,,,S2 S20,33
2459,,2-METHYL-1-BUTENE,,2-甲基1-丁烯,,F1,3,3,I,0,,E3,P001,MP7 MP17,,T11,L4BN,TP2,,FL,1 (D/E),,,,S2 S20,33
2460,,2-METHYL-2-BUTENE,,2-甲基-2-丁烯,,F1,3,3,II,1L,,E2,P001 IBC02,MP19,B8,T7,L1. 5BN,TP1,,FL,2 (D/E),,,,S2 S20,33
2461,,METHYLPENTADIENE,,甲基戊二烯类,,F1,3,3,II,1L,,E2,P001 IBC02 R001,MP19,,T4,LGBF,TP1,,FL,2 (D/E),,,,S2 S20,33
2463,,ALUMINIUM HYDRIDE,,氢化铝,,W2,4.3,4.3,I,0,,E0,P403,MP2,,,,,,,1 (E),V1,,CV23,S20,
2464,,BERYLLIUM NITRATE,,硝酸铍,,OT2,5.1,5.1+6.1,II,1kg,,E2,P002 IBC08,MP2,B4,T3,SGAN,TP33,TU3,AT,2 (E),V11,,CV24 CV28,,56
2465,a,"DICHLOROISOCYANURIC ACID, DRY",,"二氯异氰脲酸,干的",,O2,5.1,5.1,II,1kg,135,E2,P002 IBC08,MP10,B4,T3,SGAN,TP33,TU3,AT,2 (E),V11,,CV24,,50
2465,b,DICHLOROISO CYANURIC ACID SALTS,,二异氰脲酸盐类,,O2,5.1,5.1,II,1kg,135,E2,P002 IBC08,MP10,B4,T3,SGAN,TP33,TU3,AT,2 (E),V11,,CV24,,50
2466,,POTASSIUM SUPEROXIDE,,过氧化钾,,O2,5.1,5.1,I,0,,E0,P503 IBC06,MP2,,,,,,,1 (E),V10,,CV24,S20,
2468,,"TRICHLOROIS-OCYANURIC ACID,DRY",,"三氯异氰脲酸,干的",,O2,5.1,5.1,II,1kg,,E2,P002 IBC08,MP10,B4,T3,SGAN,TP33,TU3,AT,2 (E),V11,,CV24,,50
2469,,ZINC BROMATE,,溴酸锌,,O2,5.1,5.1,III,5kg,,E1,P002 IBC08 LP02 R001,MP10,B3,T1,SGAV,TP33,TU3,AT,3 (E),,VC1 VC2 AP6 AP7,CV24,,50
2470,,"PHENYLACE-TONITRILE, LIQUID",,"苯基乙腈,液体的",,T1,6.1,6.1,III,5L,,E1,P001 IBC03 LP01 R001,MP19,,T4,L4BH,TP1,TU15 TE19,AT,2 (E),V12,,CV13 CV28,S9,60
2471,,OSMIUM TETROXIDE,,四氧化锇,,T5,6.1,6.1,I,0,,E5,P002 IBC07,MP18,PP30,T6,S10AH,TP33,TU15 TE19,AT,1 (C/E),V10,,CV1 CV13 CV28,S9 S14,66
2473,,SODIUM ARSANILATE,,对氨基苯胂酸钠,,T3,6.1,6.1,III,5kg,,E1,P002 IBC08 LP02 R001,MP10,B3,T1,SGAH L4BH,TP33,TU15 TE19,AT,2 (E),,VC1 VC2 AP7,CV13 CV28,S9,60
2474,,THIOPHOSGENE,,硫光气,,T1,6.1,6.1,I,0,279 354,E0,P602,MP8 MP17,,T20,L10CH,TP2 TP37,TU14 TU15 TE19 TE21,AT,1 (C/D),,,CV1 CV13 CV28,S9 S14,66
2475,,VANADIUM TRICHLORIDE,,三氯化钒,,C2,8,8,III,5kg,,E1,P002 IBC08 LP02 R001,MP10,B3,T1,SGAV,TP33,,AT,3 (E),,VC1 VC2 AP7,,,80
2477,,METHYL ISOTHIOCY-ANATE,,异硫氰酸甲酯,,TF1,6.1,6.1+3,I,0,354,E0,P602,MP8 MP17,,T20,L10CH,TP2 TP37,TU14 TU15 TE19 TE21,FL,1 (C/D),,,CV1 CV13 CV28,S2 S9 S14,663
2478,a,"ISOCYANATES, FLAMMABLE, TOXIC,N.O.S.",,"异氰酸酯类,易燃的,有毒的,未另作规定的",,FT1,3,3+6.1,II,1L,274 539,E2,P001 IBC02,MP19,,T11,L4BH,TP2 TP27,TU15,FL,2 (D/E),,,CV13 CV28,S2 S19,336
2478,b,"ISOCYANATE SOLUTI-ON,FLAMMAB-LE, TOXIC, N.O.S.",,"异氰酸酯溶液,易燃的,有毒的,未另作规定的",,FT1,3,3+6.1,II,1L,274 539,E2,P001 IBC02,MP19,,T11,L4BH,TP2 TP27,TU15,FL,2 (D/E),,,CV13 CV28,S2 S19,336
2478,c,"ISOCYANATES, FLAMMABLE, TOXIC, N.O.S.",,"异氰酸酯类,易燃的,有毒的,未另作规定的",,FT1,3,3+6.1,III,5L,274,E1,P001 IBC03 R001,MP19,,T7,L4BH,TP1 TP28,TU15,FL,3 (D/E),V12,,CV13 CV28,S2,36
2478,d,"ISOCYANATE SOLUTI-ON,FLAMMAB-LE, TOXIC, N.O.S.",,"异氰酸酯溶液,易燃的,有毒的,未另作规定的",,FT1,3,3+6.1,III,5L,274,E1,P001 IBC03 R001,MP19,,T7,L4BH,TP1 TP28,TU15,FL,3 (D/E),V12,,CV13 CV28,S2,36
2480,,METHYL ISOCYANATE,,异氰酸甲酯,,TF1,6.1,6.1+3,I,0,354,E0,P601,MP2,,T22,L15 CH,TP2,TU14 TU15 TE19 TE21,FL,1 (C/D),,,CV1 CV13 CV28,S2 S9 S14,663
2481,,ETHYL ISOCYANATE,,异氰酸乙酯,,TF1,6.1,6.1+3,I,0,354,E0,P602,MP8 MP17,,T20,L15 CH,TP2 TP37,TU14 TU15 TE19 TE21,FL,1 (C/D),,,CV1 CV13 CV28,S2 S9 S14,663
2482,,n-PROPYL ISOCYANATE,,异氰酸正丙酯,,TF1,6.1,6.1+3,I,0,354,E0,P602,MP8 MP17,,T20,L10CH,TP2 TP37,TU14 TU15 TE19 TE21,FL,1 (C/D),,,CV1 CV13 CV28,S2 S9 S14,663
2483,,ISOPROPYL ISOCYANATE,,异氰酸异丙酯,,TF1,6.1,6.1+3,I,0,354,E0,P602,MP8 MP17,,T20,L10CH,TP2 TP37,TU14 TU15 TE19 TE21,FL,1 (C/D),,,CV1 CV13 CV28,S2 S9 S14,663
2484,,tert-BUTYL ISOCYANATE,,异氰酸叔丁酯,,TF1,6.1,6.1+3,I,0,354,E0,P602,MP8 MP17,,T20,L10CH,TP2 TP37,TU14 TU15 TE19 TE21,FL,1 (C/D),,,CV1 CV13 CV28,S2 S9 S14,663
2485,,n-BUTYL ISOCYANATE,,异氰酸正丁酯,,TF1,6.1,6.1+3,I,0,354,E0,P602,MP8 MP17,,T20,L10CH,TP2 TP37,TU14 TU15 TE19 TE21,FL,1 (C/D),,,CV1 CV13 CV28,S2 S9 S14,663
2486,,ISOBUTYL ISOCYANATE,,异氰酸异丁酯,,TF1,6.1,6.1+3,I,0,354,E0,P602,MP8 MP17,,T20,L10CH,TP2 TP37,TU14 TU15 TE19 TE21,FL,1 (C/D),,,CV1 CV13 CV28,S2 S9 S14,663
2487,,PHENYL ISOCYANATE,,异氰酸苯酯,,TF1,6.1,6.1+3,I,0,354,E0,P602,MP8 MP17,,T20,L10CH,TP2 TP37,TU14 TU15 TE19 TE21,FL,1 (C/D),,,CV1 CV13 CV28,S2 S9 S14,663
2488,,CYCLOHEXYL ISOCYANATE,,异氰酸环己酯,,TF1,6.1,6.1+3,I,0,354,E0,P602,MP8 MP17,,T20,L10CH,TP2 TP37,TU14 TU15 TE19 TE21,FL,1 (C/D),,,CV1 CV13 CV28,S2 S9 S14,663
2490,,DICHLOROISOPROPYL ETHER,,二氯异丙醚,,T1,6.1,6.1,II,100mL,,E4,P001 IBC02,MP15,,T7,L4BH,TP2,TU15 TE19,AT,2 (D/E),,,CV13 CV28,S9 S19,60
2491,a,ETHANOLAMINE,,乙醇胺或乙醇胺溶液,,C7,8,8,III,5L,,E1,P001 IBC03 LP01 R001,MP19,,T4,L4BN,TP1,,AT,3 (E),V12,,,,80
2491,b,ETHANOLAMINE SOLUTION,,乙醇胺或乙醇胺溶液,,C7,8,8,III,5L,,E1,P001 IBC03 LP01 R001,MP19,,T4,L4BN,TP1,,AT,3 (E),V12,,,,80
2493,,HEXAMETHYLENEIMINE,,六亚甲基亚胺,,FC,3,3+8,II,1L,,E2,P001 IBC02,MP19,,T7,L4BH,TP1,,FL,2 (D/E),,,,S2 S20,338
2495,,IODINE PENTAFLUORIDE,,五氟化碘,,OTC,5.1,5.1+6.1+8,I,0,,E0,P200,MP2,,,L10DH,,TU3,AT,1 (B/E),,,CV24 CV28,S20,568
2496,,PROPIONIC ANHYDRIDE,,丙酸酐,,C3,8,8,III,5L,,E1,P001 IBC03 LP01 R001,MP19,,T4,L4BN,TP1,,AT,3 (E),V12,,,,80
2498,,"1,2,3,6-TETRAHYDROBENZALDEHYDE",,"1,2,3,6-四氢化苯甲醛",,F1,3,3,III,5L,,E1,P001 IBC03 LP01 R001,MP19,,T2,LGBF,TP1,,FL,3 (D/E),V12,,,S2,30
2501,a,TRIS-(1-AZIRIDINYL) PHOSPHINE OXIDE SOLUTION,,三-(1-吖丙啶基)氧化膦溶液,,T1,6.1,6.1,II,100mL,,E4,P001 IBC02,MP15,,T7,L4BH,TP2,TU15 TE19,AT,2 (D/E),,,CV13 CV28,S9 S19,60
2501,b,TRIS-(1-AZIRIDINYL) PHOSPHINE OXIDE SOLUTION,,三-(1-吖丙啶基)氧化膦溶液,,T1,6.1,6.1,III,5L,,E1,P001 IBC03 LP01 R001,MP19,,T4,L4BH,TP1,TU15 TE19,AT,2 (E),V12,,CV13 CV28,S9,60
2502,,VALERYL CHLORIDE,,正戊酰氯,,CF1,8,8+3,II,1L,,E2,P001 IBC02,MP15,,T7,L4BN,TP2,,FL,2 (D/E),,,,S2,83
2503,,ZIRCONIUMTETRACHLORIDE,,四氯化锆,,C2,8,8,III,5kg,,E1,P002 IBC08 LP02 R001,MP10,B3,T1,SGAV,TP33,,AT,3 (E),,VC1 VC2 AP7,,,80
2504,,TETRABROMOETHANE,,四溴乙烷,,T1,6.1,6.1,III,5L,,E1,P001 IBC03 LP01 R001,MP19,,T4,L4BH,TP1,TU15 TE19,AT,2 (E),V12,,CV13 CV28,S9,60
2505,,AMMONIUM FLUORIDE,,氟化铵,,T5,6.1,6.1,III,5kg,,E1,P002 IBC08 LP02 R001,MP10,B3,T1,SGAH,TP33,TU15 TE19,AT,2 (E),,VC1 VC2 AP7,CV13 CV28,S9,60
2506,,AMMONIUM HYDROGEN SULPHATE,,硫酸氢铵,,C2,8,8,II,1kg,,E2,P002 IBC08,MP10,B4,T3,SGAV,TP33,,AT,2 (E),V11,VC1 VC2 AP7,,,80
2507,,"CHLOROPLATINIC ACID, SOLID",,"氯铂酸,固体的",,C2,8,8,III,5kg,,E1,P002 IBC08 LP02 R001,MP10,B3,T1,SGAV,TP33,,AT,3 (E),,VC1 VC2 AP7,,,80
2508,,MOLYBDENUM PENTACHLORIDE,,五氯化钼,,C2,8,8,III,5kg,,E1,P002 IBC08 LP02 R001,MP10,B3,T1,SGAV,TP33,,AT,3 (E),,VC1 VC2 AP7,,,80
2509,,POTASSIUM HYDROGEN SULPHATE,,硫酸氢钾,,C2,8,8,II,1kg,,E2,P002 IBC08,MP10,B4,T3,SGAV,TP33,,AT,2 (E),V11,VC1 VC2 AP7,,,80
2511,,2-CHLOROPROPIONIC ACID,,2-氯丙酸,,C3,8,8,III,5L,,E1,P001 IBC03 LP01 R001,MP19,,T4,L4BN,TP2,,AT,3 (E),V12,,,,80
2512,,"AMINOPHENOLS (o-,m-,p-)",,"氨基苯酚类 (邻-,间-,对-)",,T2,6.1,6.1,III,5kg,279,E1,P002 IBC08 LP02 R001,MP10,B3,T1,SGAH L4BH,TP33,TU15 TE19,AT,2 (E),,VC1 VC2 AP7,CV13 CV28,S9,60
2513,,BROMOACETYL BROMIDE,,溴乙酰溴,,C3,8,8,II,1L,,E2,P001 IBC02,MP15,,T8,L4BN,TP2,,AT,2 (E),,,,,X80
2514,,BROMOBENZENE,,溴苯,,F1,3,3,III,5L,,E1,P001 IBC03 LP01 R001,MP19,,T2,LGBF,TP1,,FL,3 (D/E),V12,,,S2,30
2515,,BROMOFORM,,溴仿,,T1,6.1,6.1,III,5L,,E1,P001 IBC03 LP01 R001,MP19,,T4,L4BH,TP1,TU15 TE19,AT,2 (E),V12,,CV13 CV28,S9,60
2516,,CARBON TETRABRO-MIDE,,四溴化碳,,T2,6.1,6.1,III,5kg,,E1,P002 IBC08 LP02 R001,MP10,B3,T1,SGAH L4BH,TP33,TU15 TE19,AT,2 (E),,VC1 VC2 AP7,CV13 CV28,S9,60
2517,a,"1-CHLORO-1, 1-DIFLUOROETHANE",,"1-氯-1,1-二氟乙烷",,2F,2,2.1,,0,662,E0,P200,MP9,,(M) T50,PxBN(M),,TA4 TT9,FL,2 (B/D),,,CV9 CV10 CV36,S2 S20,23
2517,b,REFRIGERANT GAS R142b,,制冷气体R142b,,2F,2,2.1,,0,662,E0,P200,MP9,,(M) T50,PxBN(M),,TA4 TT9,FL,2 (B/D),,,CV9 CV10 CV36,S2 S20,23
2518,,"1,5,9-CYCLODODECATRIENE",,"1,5,9-环十二碳三烯",,T1,6.1,6.1,III,5L,,E1,P001 IBC03 LP01 R001,MP19,,T4,L4BH,TP1,TU15 TE19,AT,2 (E),V12,,CV13 CV28,S9,60
2520,,CYCLOOCTADIENES,,环辛二烯类,,F1,3,3,III,5L,,E1,P001 IBC03 LP01 R001,MP19,,T2,LGBF,TP1,,FL,3 (D/E),V12,,,S2,30
2521,,"DIKETENE, STABILIZED",,"双烯酮,稳定的",,TF1,6.1,6.1+3,I,0,354,E0,P602,MP8 MP17,,T20,L10CH,TP2 TP37,TU14 TU15 TE19 TE21,FL,1 (C/D),,,CV1 CV13 CV28,S2 S9 S14,663
2522,,2-DIMETHYLAMINOETHYL METHACRYLATE,,甲基丙烯酸 2-二甲氨基乙酯,,T1,6.1,6.1,II,100mL,,E4,P001 IBC02,MP15,,T7,L4BH,TP2,TU15 TE19,AT,2 (D/E),,,CV13 CV28,S9 S19,69
2524,,ETHYL ORTHOFORMATE,,原甲酸乙酯,,F1,3,3,III,5L,,E1,P001 IBC03 LP01 R001,MP19,,T2,LGBF,TP1,,FL,3 (D/E),V12,,,S2,30
2525,,ETHYL OXALATE,,草酸乙酯,,T1,6.1,6.1,III,5L,,E1,P001 IBC03 LP01 R001,MP19,,T4,L4BH,TP1,TU15 TE19,AT,2 (E),V12,,CV13 CV28,S9,60
2526,,FURFURYLAMINE,,糠胺,,FC,3,3+8,III,5L,,E1,P001 IBC03 R001,MP19,,T4,L4BN,TP1,,FL,3 (D/E),V12,,,S2,38
2527,,"ISOBUTYL ACRYLATE, STABILIZED",,"丙烯酸异丁酯,稳定的",,F1,3,3,III,5L,,E1,P001 IBC03 LP01 R001,MP19,,T2,LGBF,TP1,,FL,3 (D/E),V12,,,S2,39
2528,,ISOBUTYL ISOBUTYRATE,,异丁酸异丁酯,,F1,3,3,III,5L,,E1,P001 IBC03 LP01 R001,MP19,,T2,LGBF,TP1,,FL,3 (D/E),V12,,,S2,30
2529,,ISOBUTYRIC ACID,,异丁酸,,FC,3,3+8,III,5L,,E1,P001 IBC03 R001,MP19,,T4,L4BN,TP1,,FL,3 (D/E),V12,,,S2,38
2531,,"METHACRYLIC ACID, STABILIZED",,"甲基丙烯酸,稳定的",,C3,8,8,II,1L,,E2,P001 IBC02 LP01,MP15,,T7,L4BN,TP2 TP18 TP30,,AT,2 (E),,,,,89
2533,,METHYL TRICHLOROACETATE,,三氯乙酸甲酯,,T1,6.1,6.1,III,5L,,E1,P001 IBC03 LP01 R001,MP19,,T4,L4BH,TP1,TU15 TE19,AT,2 (E),V12,,CV13 CV28,S9,60
2534,,METHYLCHLOROSILANE,,甲基氯硅烷,,2TFC,2,2.3+2.1+8,,0,,E0,P200,MP9,,(M),,,,FL,1 (B/D),,,CV9 CV10 CV36,S2 S14,263
2535,a,4-METHYLMORPHOLINE,,4-甲基吗啉,,FC,3,3+8,II,1L,,E2,P001 IBC02,MP19,,T7,L4BH,TP1,,FL,2 (D/E),,,,S2 S20,338
2535,b,4-METHYLMORPHOLINE,,N-甲基吗啉,,FC,3,3+8,II,1L,,E2,P001 IBC02,MP19,,T7,L4BH,TP1,,FL,2 (D/E),,,,S2 S20,338
2536,,METHYLTETRAHYDROFURAN,,甲基四氢呋喃,,F1,3,3,II,1L,,E2,P001 IBC02 R001,MP19,,T4,LGBF,TP1,,FL,2 (D/E),,,,S2 S20,33
2538,,NITRONAPHTHALENE,,硝基萘,,F1,4.1,4.1,III,5kg,,E1,P002 IBC08 LP02 R001,MP10,B3,T1,SGAV,TP33,,AT,3 (E),,VC1 VC2,,,40
2541,,TERPINOLENE,,萜品油烯,,F1,3,3,III,5L,,E1,P001 IBC03 LP01 R001,MP19,,T2,LGBF,TP1,,FL,3 (D/E),V12,,,S2,30
2542,,TRIBUTYLAMINE,,三丁胺,,T1,6.1,6.1,II,100mL,,E4,P001 IBC02,MP15,,T7,L4BH,TP2,TU15 TE19,AT,2 (D/E),,,CV13 CV28,S9 S19,60
2545,a,"HAFNIUM POWDER, DRY",,"铪粉,干的",,S4,4.2,4.2,I,0,540,E0,P404,MP13,,,,,,,0 (E),V1,,,S20,
2545,b,"HAFNIUM POWDER, DRY",,"铪粉,干的",,S4,4.2,4.2,II,0,540,E2,P410 IBC06,MP14,,T3,SGAN,TP33,,AT,2 (D/E),V1,,,,40
2545,c,"HAFNIUM POWDER, DRY",,"铪粉,干的",,S4,4.2,4.2,III,0,540,E1,P002 IBC08 LP02 R001,MP14,B3,T1,SGAN,TP33,,AT,3 (E),V1,VC1 VC2 AP1,,,40
2546,a,"TITANIUM POWDER, DRY",,"钛粉,干的",,S4,4.2,4.2,I,0,540,E0,P404,MP13,,,,,,,0 (E),V1,,,S20,
2546,b,"TITANIUM POWDER, DRY",,"钛粉,干的",,S4,4.2,4.2,II,0,540,E2,P410 IBC06,MP14,,T3,SGAN,TP33,,AT,2 (D/E),V1,,,,40
2546,c,"TITANIUM POWDER, DRY",,"钛粉,干的",,S4,4.2,4.2,III,0,540,E1,P002 IBC08 LP02 R001,MP14,B3,T1,SGAN,TP33,,AT,3 (E),V1,VC1 VC2 AP1,,,40
2547,,SODIUM SUPEROXIDE,,过氧化钠,,O2,5.1,5.1,I,0,,E0,P503 IBC06,MP2,,,,,,,1 (E),V10,,CV24,S20,
2548,,CHLORINE PENTAFLUO-RIDE,,五氟化氯,,2TOC,2,2.3+5.1+8,,0,,E0,P200,MP9,,,,,,,1 (D),,,CV9 CV10 CV36,S14,
2552,,"HEXAFLUOROACETONE HYDRATE, LIQUID",,"水合六氟丙酮,液体的",,T1,6.1,6.1,II,100mL,,E4,P001 IBC02,MP15,,T7,L4BH,TP2,TU15 TE19,AT,2 (D/E),,,CV13 CV28,S9 S19,60
2554,,METHYLALLYL CHLORIDE,,甲基烯丙基氯,,F1,3,3,II,1L,,E2,P001 IBC02 R001,MP19,,T4,LGBF,TP1,,FL,2 (D/E),,,,S2 S20,33
2555,,NITROCELLULOSE WITH WATER,"(not less than 25% water, by mass)",含水的硝化纤维素,(按质量含水不少于25%),D,4.1,4.1,II,0,541,E0,P406,MP2,,,,,,,2 (B),,,,S14,
2556,,NITROCELLULOSE WITH ALCOHOL,"(not less than 25% alcohol, by mass, and not more than 12. 6% nitrogen, by dry mass)",含酒精的硝化纤维素,(按质量含酒精不少于25%且按干重含氮不超过12.6%),D,4.1,4.1,II,0,541,E0,P406,MP2,,,,,,,2 (B),,,,S14,
2557,,NITROCELLULOSE,"with not more than 12. 6% nitrogen,by dry mass, MIXTURE WITH or WITHOUT PLASTICIZER, WITH or WITHOUT PIGMENT",硝化纤维素,"(按干重含氮不超过12.6%),混合物含或不含增塑剂,含或不含颜料",D,4.1,4.1,II,0,241 541,E0,P406,MP2,,,,,,,2 (B),,,,S14,
2558,,EPIBROMOHYDRIN,,表溴醇,,TF1,6.1,6.1+3,I,0,,E0,P001,MP8 MP17,,T14,L10CH,TP2,TU14 TU15 TE19 TE21,FL,1 (C/D),,,CV1 CV13 CV28,S2 S9 S14,663
2560,,2-METHYLPENTAN-2-OL,,2-甲基2-戊醇,,F1,3,3,III,5L,,E1,P001 IBC03 LP01 R001,MP19,,T2,LGBF,TP1,,FL,3 (D/E),V12,,,S2,30
2561,,3-METHYL-1-BUTENE,,3-甲基-1-丁烯,,F1,3,3,I,0,,E3,P001,MP7 MP17,,T11,L4BN,TP2,,FL,1 (D/E),,,,S2 S20,33
2564,a,TRICHLOROACETIC ACID SOLUTION,,三氯乙酸溶液,,C3,8,8,II,1L,,E2,P001 IBC02,MP15,,T7,L4BN,TP2,,AT,2 (E),,,,,80
2564,b,TRICHLOROACETIC ACID SOLUTION,,三氯乙酸溶液,,C3,8,8,III,5L,,E1,P001 IBC03 LP01 R001,MP19,,T4,L4BN,TP1,,AT,3 (E),V12,,,,80
2565,,DICYCLOHEXYLAMINE,,二环己胺,,C7,8,8,III,5L,,E1,P001 IBC03 LP01 R001,MP19,,T4,L4BN,TP1,,AT,3 (E),V12,,,,80
2567,,SODIUM PENTACHLOROPHENATE,,五氯苯酚钠,,T2,6.1,6.1,II,500g,,E4,P002 IBC08,MP10,B4,T3,SGAH,TP33,TU15 TE19,AT,2 (D/E),V11,,CV13 CV28,S9 S19,60
2570,a,CADMIUM COMPOUND,,镉化合物,,T5,6.1,6.1,I,0,274 596,E5,P002 IBC07,MP18,,T6,S10AH L10CH,TP33,TU14 TU15 TE19 TE21,AT,1 (C/E),V10,,CV1 CV13 CV28,S9 S14,66
2570,b,CADMIUM COMPOUND,,镉化合物,,T5,6.1,6.1,II,500g,274 596,E4,P002 IBC08,MP10,B4,T3,SGAH L4BH,TP33,TU15 TE19,AT,2 (D/E),V11,,CV13 CV28,S9 S19,60
2570,c,CADMIUMCO MPOUND,,镉化合物,,T5,6.1,6.1,III,5kg,274 596,E1,P002 IBC08 LP02 R001,MP10,B3,T1,SGAH L4BH,TP33,TU15 TE19,AT,2 (E),,VC1 VC2 AP7,CV13 CV28,S9,60
2571,,ALKYLSULPHURIC ACIDS,,烷基硫酸,,C3,8,8,II,1L,,E2,P001 IBC02,MP15,,T8,L4BN,TP2 TP28,,AT,2 (E),,,,,80
2572,,PHENYLHYDRAZINE,,苯肼,,T1,6.1,6.1,II,100mL,,E4,P001 IBC02,MP15,,T7,L4BH,TP2,TU15 TE19,AT,2 (D/E),,,CV13 CV28,S9 S19,60
2573,,THALLIUM CHLORATE,,氯酸铊,,OT2,5.1,5.1+6.1,II,1kg,,E2,P002 IBC06,MP2,,T3,SGAN,TP33,TU3,AT,2 (E),V11,,CV24 CV28,,56
2574,,TRICRESYL PHOSPHATE,with more than 3% or thoisomer,磷酸三甲苯酯,含邻位异构物大于3%,T1,6.1,6.1,II,100mL,,E4,P001 IBC02,MP15,,T7,L4BH,TP2,TU15 TE19,AT,2 (D/E),,,CV13 CV28,S9 S19,60
2576,,"PHOSPHORUS OXYBROMIDE, MOLTEN",,"三溴氧化磷,熔融的",,C1,8,8,II,0,,E0,,,,T7,L4BN,TP3,,AT,2 (E),,,,,80
2577,,PHENYLACETYL CHLORIDE,,苯乙酰氯,,C3,8,8,II,1L,,E2,P001 IBC02,MP15,,T7,L4BN,TP2,,AT,2 (E),,,,,80
2578,,PHOSPHORUS TRIOXIDE,,三氧化二磷,,C2,8,8,III,5kg,,E1,P002 IBC08 LP02 R001,MP10,B3,T1,SGAV,TP33,,AT,3 (E),,VC1 VC2 AP7,,,80
2579,,PIPERAZINE,,哌嗪,,C8,8,8,III,5kg,,E1,P002 IBC08 LP02 R001,MP10,B3,T1,SGAV L4BN,TP33,,AT,3 (E),,VC1 VC2 AP7,,,80
2580,,ALUMINIUM BROMIDE SOLUTION,,溴化铝溶液,,C1,8,8,III,5L,,E1,P001 IBC03 LP01 R001,MP19,,T4,L4BN,TP1,,AT,3 (E),V12,,,,80
2581,,ALUMINIUM CHLORIDE SOLUTION,,氯化铝溶液,,C1,8,8,III,5L,,E1,P001 IBC03 LP01 R001,MP19,,T4,L4BN,TP1,,AT,3 (E),V12,,,,80
2582,,FERRIC CHLORIDE SOLUTION,,氯化铁溶液,,C1,8,8,III,5L,,E1,P001 IBC03 LP01 R001,MP19,,T4,L4BN,TP1,,AT,3 (E),V12,,,,80
2583,a,"ALKYLSULPHONIC ACIDS, SOLID",with more than 5% free sulphuric acid,"烷基磺酸,固体的",含游离硫酸大于5%,C2,8,8,II,1kg,,E2,P002 IBC08,MP10,B4,T3,SGAN L4BN,TP33,,AT,2 (E),V11,,,,80
2583,b,"ARYLSULPHONIC ACIDS,SOLID",with more than 5% free sulphuric acid,"芳基磺酸,固体的",含游离硫酸大于5%,C2,8,8,II,1kg,,E2,P002 IBC08,MP10,B4,T3,SGAN L4BN,TP33,,AT,2 (E),V11,,,,80
2584,a,"ALKYLSULPHONIC ACIDS, LIQUID",with more than 5% free sulphuric acid,"烷基磺酸,液体的","液体的,含游离硫酸大于5%",C1,8,8,II,1L,,E2,P001 IBC02,MP15,,T8,L4BN,TP2,,AT,2 (E),,,,,80
2584,b,"ARYLSULPHONIC ACIDS,LIQUID",with more than 5% free sulphuric acid,芳基磺酸,"液体的,含游离硫酸大于5%",C1,8,8,II,1L,,E2,P001 IBC02,MP15,,T8,L4BN,TP2,,AT,2 (E),,,,,80
2585,a,"ALKYLSULPHONIC ACIDS, SOLID",with not more than 5% free sulphuric acid,"烷基磺酸,固体的","固体的,含游离硫酸不大于5%",C4,8,8,III,5kg,,E1,P002 IBC08 LP02 R001,MP10,B3,T1,SGAV,TP33,,AT,3 (E),,VC1 VC2 AP7,,,80
2585,b,"ARYLSULPHONIC ACIDS, SOLID",with not more than 5% free sulphuric acid,芳基磺酸,"固体的,含游离硫酸不大于5%",C4,8,8,III,5kg,,E1,P002 IBC08 LP02 R001,MP10,B3,T1,SGAV,TP33,,AT,3 (E),,VC1 VC2 AP7,,,80
2586,a,"ALKYLSULPHONIC ACIDS, LIQUID",with not more than 5% free sulphuric acid,"烷基磺酸,液体的","液体的,含游离硫酸不大于5%",C3,8,8,III,5L,,E1,P001 IBC03 LP01 R001,MP19,,T4,L4BN,TP1,,AT,3 (E),V12,,,,80
2586,b,"ARYLSULPHONIC ACIDS, LIQUID",with not more than 5% free sulphuric acid,芳基磺酸,"液体的,含游离硫酸不大于5%",C3,8,8,III,5L,,E1,P001 IBC03 LP01 R001,MP19,,T4,L4BN,TP1,,AT,3 (E),V12,,,,80
2587,,BENZOQUINONE,,苯醌,,T2,6.1,6.1,II,500g,,E4,P002 IBC08,MP10,B4,T3,SGAH L4BH,TP33,TU15 TE19,AT,2 (D/E),V11,,CV13 CV28,S9 S19,60
2588,a,"PESTICIDE, SOLID, TOXIC, N.O.S.",,"农药类,固体的,有毒的,未另作规定的",,T7,6.1,6.1,I,0,61 274 648,E5,P002 IBC02,MP18,,T6,S10AH L10CH,TP33,TU14 TU15 TE19 TE21,AT,1 (C/E),,,CV1 CV13 CV28,S9 S14,66
2588,b,"PESTICIDE, SOLID, TOXIC, N.O.S.",,"农药类,固体的,有毒的,未另作规定的",,T7,6.1,6.1,II,500g,61 274 648,E4,P002 IBC08,MP10,B4,T3,SGAH L4BH,TP33,TU15 TE19,AT,2 (D/E),V11,,CV13 CV28,S9 S19,60
2588,c,"PESTICIDE, SOLID, TOXIC, N.O.S.",,"农药类,固体的,有毒的,未另作规定的",,T7,6.1,6.1,III,5kg,61 274 648,E1,P002 IBC08 LP02 R001,MP10,B3,T1,SGAH L4BH,TP33,TU15 TE19,AT,2 (E),,VC1 VC2 AP7,CV13 CV28,S9,60
2589,,VINYL CHLOROACE TATE,,氯乙酸乙烯酯,,TF1,6.1,6.1+3,II,100mL,,E4,P001 IBC02,MP15,,T7,L4BH,TP2,TU15 TE19,FL,2 (D/E),,,CV13 CV28,S2 S9 S19,63
2590,,"ASBESTOS, CHRYSOTILE",,"白石棉(温石棉,阳起石,直闪石,透闪石)",,M1,9,9,III,5kg,168 542,E1,P002 IBC08 R001,MP10,PP37 B4,T1,SGAH,TP33,TU15,AT,3 (E),V11,,CV13 CV28,,90
2591,,"XENON, REFRIGERAT ED LIQUID",,"氙,冷冻液体",,3A,2,2.2,,120mL,593,E1,P203,MP9,,T75,RxBN,TP5,TU19 TA4 TT9,AT,3 (C/E),V5,,CV9 CV11 CV36,S20,22
2599,a,CHLOROTRIFLUOROMETHANE AND TRIFLUOROMETHANE AZEOTROPIC MIXTURE,with approximately 60% chlorotri-fluoromethane,氯三氟甲烷和三氟甲烷共沸混合物,含氯三氟甲烷约60%(制冷气体R503),2A,2,2.2,,120mL,662,E1,P200,MP9,,(M),PxBN(M),,TA4 TT9,AT,3 (C/E),,,CV9 CV10 CV36,,20
2599,b,REFRIGERANT GAS R503,,制冷气体R503,,2A,2,2.2,,120mL,662,E1,P200,MP9,,(M),PxBN(M),,TA4 TT9,AT,3 (C/E),,,CV9 CV10 CV36,,20
2601,,CYCLOBUTANE,,环丁烷,,2F,2,2.1,,0,662,E0,P200,MP9,,(M),PxBN(M),,TA4 TT9,FL,2 (B/D),,,CV9 CV10 CV36,S2 S20,23
2602,,"DICHLORODIF-LUOROMETHA-NE AND 1, 1-DIFLUOROE-THANE AZEO-TROPIC MIXT-URE",with approximately 74% dichloro difluoro methane (REFRIGERANT GAS R500),二氯二氟甲烷和二氟乙烷共沸混合物,含二氯二氟甲烷约74%(制冷气体R500),2A,2,2.2,,120mL,662,E1,P200,MP9,,(M) T50,PxBN(M),,TA4 TT9,AT,3 (C/E),,,CV9 CV10 CV36,,20
2603,,CYCLOHEPTAT-RIENE,,环庚三烯,,FT1,3,3+6.1,II,1L,,E2,P001 IBC02,MP19,,T7,L4BH,TP1,TU15,FL,2 (D/E),,,CV13 CV28,S2 S19,336
2604,,BORON TRIFLUORIDE DIETHYL ETHERATE,,三氟化硼合二乙醚,,CF1,8,8+3,I,0,,E0,P001,MP8 MP17,,T10,L10BH,TP2,,FL,1 (D/E),,,,S2 S14,883
2605,,METHOXYM ETHYL ISOCYANATE,,异氰酸甲氧基甲酯,,TF1,6.1,6.1+3,I,0,354,E0,P602,MP8 MP17,,T20,L10CH,TP2 TP37,TU14 TU15 TE19 TE21,FL,1 (C/D),,,CV1 CV13 CV28,S2 S9 S14,663
2606,,METHYL ORTHOSILI-CATE,,原硅酸甲酯,,TF1,6.1,6.1+3,I,0,354,E0,P602,MP8 MP17,,T20,L10CH,TP2 TP37,TU14 TU15 TE19 TE21,FL,1 (C/D),,,CV1 CV13 CV28,S2 S9 S14,663
2607,,"ACROLEIN DIMER, STABILIZED",,"丙烯醛二聚物,稳定的",,F1,3,3,III,5L,,E1,P001 IBC03 LP01 R001,MP19,,T2,LGBF,TP1,,FL,3 (D/E),V12,,,S2,39
2608,,NITROPROP-ANES,,硝基丙烷类,,F1,3,3,III,5L,,E1,P001 IBC03 LP01 R001,MP19,,T2,LGBF,TP1,,FL,3 (D/E),V12,,,S2,30
2609,,TRIALLYL BORATE,,硼酸三烯丙酯,,T1,6.1,6.1,III,5L,,E1,P001 IBC03 LP01 R001,MP19,,,L4BH,,TU15 TE19,AT,2 (E),V12,,CV13 CV28,S9,60
2610,,TRIALLYL-AMINE,,三烯丙基胺,,FC,3,3+8,III,5L,,E1,P001 IBC03 R001,MP19,,T4,L4BN,TP1,,FL,3 (D/E),V12,,,S2,38
2611,,PROPYLENE CHLOROHY-DRIN,,丙氯醇,,TF1,6.1,6.1+3,II,100mL,,E4,P001 IBC02,MP15,,T7,L4BH,TP2,TU15 TE19,FL,2 (D/E),,,CV13 CV28,S2 S9 S19,63
2612,,METHYL PROPYL ETHER,,甲基丙基醚,,F1,3,3,II,1L,,E2,P001 IBC02,MP19,B8,T7,L1. 5 BN,TP2,,FL,2 (D/E),,,,S2 S20,33
2614,,METHALLYL ALCOHOL,,甲代烯丙基醇,,F1,3,3,III,5L,,E1,P001 IBC03 LP01 R001,MP19,,T2,LGBF,TP1,,FL,3 (D/E),V12,,,S2,30
2615,,ETHYL PROPYL ETHER,,乙基丙基醚类,,F1,3,3,II,1L,,E2,P001 IBC02 R001,MP19,,T4,LGBF,TP1,,FL,2 (D/E),,,,S2 S20,33
2616,a,TRIISOPROPYL BORATE,,硼酸三异丙酯,,F1,3,3,II,1L,,E2,P001 IBC02 R001,MP19,,T4,LGBF,TP1,,FL,2 (D/E),,,,S2 S20,33
2616,b,TRIISOPROPYL BORATE,,硼酸三异丙酯,,F1,3,3,III,5L,,E1,P001 IBC03 LP01 R001,MP19,,T2,LGBF,TP1,,FL,3 (D/E),V12,,,S2,30
2617,,METHYLCYCLOHEXANOLS,flammable,"甲基环己醇类,易燃的",,F1,3,3,III,5L,,E1,P001 IBC03 LP01 R001,MP19,,T2,LGBF,TP1,,FL,3 (D/E),V12,,,S2,30
2618,,"VINYLTOLUENES,STABILIZED",,"乙烯基甲苯类,稳定的",,F1,3,3,III,5L,,E1,P001 IBC03 LP01 R001,MP19,,T2,LGBF,TP1,,FL,3 (D/E),V12,,,S2,39
2619,,BENZYLDIMETHYLAMINE,,苄基二甲胺,,CF1,8,8+3,II,1L,,E2,P001 IBC02,MP15,,T7,L4BN,TP2,,FL,2 (D/E),,,,S2,83
2620,,AMYL BUTYRATES,,苄基二甲胺,,F1,3,3,III,5L,,E1,P001 IBC03 LP01 R001,MP19,,T2,LGBF,TP1,,FL,3 (D/E),V12,,,S2,30
2621,,ACETYL METHYL CARBINOL,,乙酰甲基甲醇,,F1,3,3,III,5L,,E1,P001 IBC03 LP01 R001,MP19,,T2,LGBF,TP1,,FL,3 (D/E),V12,,,S2,30
2622,,GLYCIDALDEHYDE,,缩水甘油醛,,FT1,3,3+6.1,II,1L,,E2,P001 IBC02,MP19,B8,T7,L4BH,TP1,TU15,FL,2 (D/E),,,CV13 CV28,S2 S19,336
2623,,"FIRELIGHTERS, SOLID",with flammable liquid,"点火剂,固体的",含有易燃液体的,F1,4.1,4.1,III,5kg,,E1,P002 LP02 R001,MP11,PP15,,,,,,4 (E),,,,,
2624,,MAGNESIUM SILICIDE,,硅化镁,,W2,4.3,4.3,II,500g,,E2,P410 IBC07,MP14,,T3,SGAN,TP33,,AT,2 (D/E),V1,,CV23,,423
2626,,"CHLORIC ACID, AQUEOUS SOLUTION",with not more than 10% chloric acid,氯酸水溶液,含氯酸不超过10%,O1,5.1,5.1,II,1L,613,E0,P504 IBC02,MP2,,T4,L4BN,TP1,TU3,AT,2 (E),,,CV24,,50
2627,,"NITRITES, INORGANIC, N.O.S.",,"亚硝酸盐类,无机的,未另作规定的",,O2,5.1,5.1,II,1kg,103 274,E2,P002 IBC08,MP10,B4,T3,SGAN,TP33,TU3,AT,2 (E),V11,,CV24,,50
2628,,POTASSIUM FLUOROACETATE,,氟乙酸钾,,T2,6.1,6.1,I,0,,E5,P002 IBC07,MP18,,T6,S10AH,TP33,TU15 TE19,AT,1 (C/E),V10,,CV1 CV13 CV28,S9 S14,66
2629,,SODIUMFLUORO-ACETATE,,氟乙酸钠,,T2,6.1,6.1,I,0,,E5,P002 IBC07,MP18,,T6,S10AH,TP33,TU15 TE19,AT,1 (C/E),V10,,CV1 CV13 CV28,S9 S14,66
2630,a,SELENATES,,硒酸盐类,,T5,6.1,6.1,I,0,274,E5,P002 IBC07,MP18,,T6,S10AH L10CH,TP33,TU14 TU15 TE19 TE21,AT,1 (C/E),V10,,CV1 CV13 CV28,S9 S14,66
2630,b,SELENITES,,亚硒酸盐类,,T5,6.1,6.1,I,0,274,E5,P002 IBC07,MP18,,T6,S10AH L10CH,TP33,TU14 TU15 TE19 TE21,AT,1 (C/E),V10,,CV1 CV13 CV28,S9 S14,66
2642,,FLUOROACETIC ACID,,氟乙酸,,T2,6.1,6.1,I,0,,E5,P002 IBC07,MP18,,T6,S10AH L10CH,TP33,TU14 TU15 TE19 TE21,AT,1 (C/E),V10,,CV1 CV13 CV28,S9 S14,66
2643,,METHYL BROMOACETATE,,溴乙酸甲酯,,T1,6.1,6.1,II,100mL,,E4,P001 IBC02,MP15,,T7,L4BH,TP2,TU15 TE19,AT,2 (D/E),,,CV13 CV28,S9 S19,60
2644,,METHYL IODIDE,,甲基碘,,T1,6.1,6.1,I,0,354,E0,P602,MP8 MP17,,T20,L10CH,TP2 TP37,TU14 TU15 TE19 TE21,AT,1 (C/D),,,CV1 CV13 CV28,S9 S14,66
2645,,PHENACYL BROMIDE,,苯甲酰甲基溴,,T2,6.1,6.1,II,500g,,E4,P002 IBC08,MP10,B4,T3,SGAH L4BH,TP33,TU15 TE19,AT,2 (D/E),V11,,CV13 CV28,S9 S19,60
2646,,HEXACHLOROCYCLOPENTADIENE,,六氯环戊二烯,,T1,6.1,6.1,I,0,354,E0,P602,MP8 MP17,,T20,L10CH,TP2 TP35,TU14 TU15 TE19 TE21,AT,1 (C/D),,,CV1 CV13 CV28,S9 S14,66
2647,,MALONONITRILE,,丙二腈,,T2,6.1,6.1,II,500g,,E4,P002 IBC08,MP10,B4,T3,SGAH L4BH,TP33,TU15 TE19,AT,2 (D/E),V11,,CV13 CV28,S9 S19,60
2648,,"1,2-DIBROMOBUTAN-3-ONE",,"1,2-二溴-3-丁酮",,T1,6.1,6.1,II,100mL,,E4,P001 IBC02,MP15,,,L4BH,,TU15 TE19,AT,2 (D/E),,,CV13 CV28,S9 S19,60
2649,,"1,3-DICHLOROACETONE",,"1,3-二氯丙酮",,T2,6.1,6.1,II,500g,,E4,P002 IBC08,MP10,B4,T3,SGAH L4BH,TP33,TU15 TE19,AT,2 (D/E),V11,,CV13 CV28,S9 S19,60
2650,,"1,1-DICHLORO-1-NITROETHANE",,"1,1-二氯-1-硝基乙烷",,T1,6.1,6.1,II,100mL,,E4,P001 IBC02,MP15,,T7,L4BH,TP2,TU15 TE19,AT,2 (D/E),,,CV13 CV28,S9 S19,60
2651,,"4,4′-DIAMINODIPHE-NYLMETHANE",,"4,4′-二氨基二苯基甲烷",,T2,6.1,6.1,III,5kg,,E1,P002 IBC08 LP02 R001,MP10,B3,T1,SGAH L4BH,TP33,TU15 TE19,AT,2 (E),,VC1 VC2 AP7,CV13 CV28,S9,60
2653,,BENZYLIODIDE,,苄基碘,,T1,6.1,6.1,II,100mL,,E4,P001 IBC02,MP15,,T7,L4BH,TP2,TU15 TE19,AT,2 (D/E),,,CV13 CV28,S9 S19,60
2655,,POTASSIUM FLUOROSILICATE,,氟硅酸钾,,T5,6.1,6.1,III,5kg,,E1,P002 IBC08 LP02 R001,MP10,B3,T1,SGAH L4BH,TP33,TU15 TE19,AT,2 (E),,VC1 VC2 AP7,CV13 CV28,S9,60
2656,,QUINOLINE,,喹啉,,T1,6.1,6.1,III,5L,,E1,P001 IBC03 LP01 R001,MP19,,T4,L4BH,TP1,TU15 TE19,AT,2 (E),V12,,CV13 CV28,S9,60
2657,,SELENIUM DISULPHIDE,,二硫化硒,,T5,6.1,6.1,II,500g,,E4,P002 IBC08,MP10,B4,T3,SGAH L4BH,TP33,TU15 TE19,AT,2 (D/E),V11,,CV13 CV28,S9 S19,60
2659,,SODIUM CHLOROACETATE,,氯乙酸钠,,T2,6.1,6.1,III,5kg,,E1,P002 IBC08 LP02 R001,MP10,B3,T1,SGAH,TP33,TU15 TE19,AT,2 (E),,VC1 VC2 AP7,CV13 CV28,S9,60
2660,,NITROTOLUIDINES (MONO),,硝基甲苯胺类(MONO),,T2,6.1,6.1,III,5kg,,E1,P002 IBC08 LP02 R001,MP10,B3,T1,SGAH L4BH,TP33,TU15 TE19,AT,2 (E),,VC1 VC2 AP7,CV13 CV28,S9,60
2661,,HEXACHLORO ACETONE,,六氯丙酮,,T1,6.1,6.1,III,5L,,E1,P001 IBC03 LP01 R001,MP19,,T4,L4BH,TP1,TU15 TE19,AT,2 (E),V12,,CV13 CV28,S9,60
2664,,DIBROMOMETHANE,,二溴甲烷,,T1,6.1,6.1,III,5L,,E1,P001 IBC03 LP01 R001,MP19,,T4,L4BH,TP1,TU15 TE19,AT,2 (E),V12,,CV13 CV28,S9,60
2667,,BUTYLTOLUENES,,丁基甲苯类,,T1,6.1,6.1,III,5L,,E1,P001 IBC03 LP01 R001,MP19,,T4,L4BH,TP1,TU15 TE19,AT,2 (E),V12,,CV13 CV28,S9,60
2668,,CHLOROACETONITRILE,,氯乙腈,,TF1,6.1,6.1+3,I,0,354,E0,P602,MP8 MP17,,T20,L10CH,TP2 TP37,TU14 TU15 TE19 TE21,FL,1 (C/D),,,CV1 CV13 CV28,S2 S9 S14,663
2669,a,CHLOROCRESOLS SOLUTION,,氯甲酚类溶液,,T1,6.1,6.1,II,100mL,,E4,P001 IBC02,MP15,,T7,L4BH,TP2,TU15 TE19,AT,2 (D/E),,,CV13 CV28,S9 S19,60
2669,b,CHLOROCRESOLS SOLUTION,,氯甲酚类溶液,,T1,6.1,6.1,III,5L,,E1,P001 IBC03 LP01 R001,MP19,,T7,L4BH,TP2,TU15 TE19,AT,2 (E),V12,,CV13 CV28,S9,60
2670,,CYANURIC CHLORIDE,,氰尿酰氯,,C4,8,8,II,1kg,,E2,P002 IBC08,MP10,B4,T3,SGAN L4BN,TP33,,AT,2 (E),V11,,,,80
2671,,"AMINOPYRIDINES (o-,m-,p-)",,"氨基吡啶类 (邻-,间-,对-)",,T2,6.1,6.1,II,500g,,E4,P002 IBC08,MP10,B4,T3,SGAH L4BH,TP33,TU15 TE19,AT,2 (D/E),V11,,CV13 CV28,S9 S19,60
2672,,AMMONIA SOLUTION,"relative density between 0. 880 and 0. 957 at 15°C in water, with more than 10% but not more than 35% ammonia",氨溶液,"水溶液在15°C时的相对密度为0.880至0.957,按质量含氨超过10%,但不超过35%",C5,8,8,III,5L,543,E1,P001 IBC03 LP01 R001,MP19,,T7,L4BN,TP1,,AT,3 (E),V12,,,,80
2673,,2-AMINO-4-CHLOROPHENOL,,2-氨基-4-氯苯酚,,T2,6.1,6.1,II,500g,,E4,P002 IBC08,MP10,B4,T3,SGAH L4BH,TP33,TU15 TE19,AT,2 (D/E),V11,,CV13 CV28,S9 S19,60
2674,,SODIUM FLUOROSILICATE,,氟硅酸钠,,T5,6.1,6.1,III,5kg,,E1,P002 IBC08 LP02 R001,MP10,B3,T1,SGAH L4BH,TP33,TU15 TE19,AT,2 (E),,VC1 VC2 AP7,CV13 CV28,S9,60
2676,,STIBINE,,锑化(三)氢,,2TF,2,2.3+2.1,,0,,E0,P200,MP9,,,,,,,1 (D),,,CV9 CV10 CV36,S2 S14,
2677,a,RUBIDIUM HYDROXIDE SOLUTION,,氢氧化铷溶液,,C5,8,8,II,1L,,E2,P001 IBC02,MP15,,T7,L4BN,TP2,,AT,2 (E),,,,,80
2677,b,RUBIDIUM HYDROXIDE SOLUTION,,氢氧化铷溶液,,C5,8,8,III,5L,,E1,P001 IBC03 LP01 R001,MP19,,T4,L4BN,TP1,,AT,3 (E),V12,,,,80
2678,,RUBIDIUM HYDROXIDE,,氢氧化铷,,C6,8,8,II,1kg,,E2,P002 IBC08,MP10,B4,T3,SGAN,TP33,,AT,2 (E),V11,,,,80
2679,a,LITHIUM HYDROXIDE SOLUTION,,氢氧化锂溶液,,C5,8,8,II,1L,,E2,P001 IBC02,MP15,,T7,L4BN,TP2,,AT,2 (E),,,,,80
2679,b,LITHIUM HYDROXIDE SOLUTION,,氢氧化锂溶液,,C5,8,8,III,5L,,E1,P001 IBC03 LP01 R001,MP19,,T4,L4BN,TP2,,AT,3 (E),V12,,,,80
2680,,LITHIUM HYDROXIDE,,氢氧化锂,,C6,8,8,II,1kg,,E2,P002 IBC08,MP10,B4,T3,SGAN,TP33,,AT,2 (E),V11,,,,80
2681,a,CAESIUM HYDROXIDE SOLUTION,,氢氧化铯溶液,,C5,8,8,II,1L,,E2,P001 IBC02,MP15,,T7,L4BN,TP2,,AT,2 (E),,,,,80
2681,b,CAESIUMHYDROXIDE SOLUTION,,氢氧化铯溶液,,C5,8,8,III,5L,,E1,P001 IBC03 LP01 R001,MP19,,T4,L4BN,TP1,,AT,3 (E),V12,,,,80
2682,,CAESIUMHYDROXIDE,,氢氧化铯,,C6,8,8,II,1kg,,E2,P002 IBC08,MP10,B4,T3,SGAN,TP33,,AT,2 (E),V11,,,,80
2683,,AMMONIUMSULPHIDE SOLUTION,,硫化铵溶液,,CFT,8,8+3+6.1,II,1L,,E2,P001 IBC01,MP15,,T7,L4BN,TP2,,FL,2 (D/E),,,CV13 CV28,S2,86
2684,,3-DIETHYLAMINO-PROPYLAMINE,,3-二乙氨基丙胺,,FC,3,3+8,III,5L,,E1,P001 IBC03 R001,MP19,,T4,L4BN,TP1,,FL,3 (D/E),V12,,,S2,38
2685,,"N,N-DIETHYLETHYLENE-DIAMINE",,"N,N-二乙基乙撑二胺",,CF1,8,8+3,II,1L,,E2,P001 IBC02,MP15,,T7,L4BN,TP2,,FL,2 (D/E),,,,S2,83
2686,,2-DIETHYLAMINOETHANOL,,2-二乙氨基乙醇,,CF1,8,8+3,II,1L,,E2,P001 IBC02,MP15,,T7,L4BN,TP2,,FL,2 (D/E),,,,S2,83
2687,,DICYCLOHEXYLAMMONIUMNITRITE,,亚硝酸二环己铵,,F3,4.1,4.1,III,5kg,,E1,P002 IBC08 LP02 R001,MP11,B3,T1,SGAV,TP33,,AT,3 (E),,VC1 VC2,,,40
2688,,1-BROMO-3-CHLOROPROPANE,,1-溴-3-氯丙烷,,T1,6.1,6.1,III,5L,,E1,P001 IBC03 LP01 R001,MP19,,T4,L4BH,TP1,TU15 TE19,AT,2 (E),V12,,CV13 CV28,S9,60
2689,,GLYCEROL alpha-MONOCHLORO⁃HYDRIN,,"a-氯代丙三醇 (3-氯-1,2-丙三醇)",,T1,6.1,6.1,III,5L,,E1,P001 IBC03 LP01 R001,MP19,,T4,L4BH,TP1,TU15 TE19,AT,2 (E),V12,,CV13 CV28,S9,60
2690,,"N,n-BUTYLIMIDAZOLE",,N-正丁基咪唑,,T1,6.1,6.1,II,100mL,,E4,P001 IBC02,MP15,,T7,L4BH,TP2,TU15 TE19,AT,2 (D/E),,,CV13 CV28,S9 S19,60
2691,,PHOSPHORUS PENTABROMIDE,,五溴化磷,,C2,8,8,II,1kg,,E0,P002 IBC08,MP10,B4,T3,SGAN,TP33,,AT,2 (E),V11,,,,80
2692,,BORON TRIBROMIDE,,三溴化硼,,C1,8,8,I,0,,E0,P602,MP8 MP17,,T20,L10BH,TP2,,AT,1 (E),,,,S20,X88
2693,,"BISULPHITES, AQUEOUS SOLUTION,N.O.S.",,"亚硫酸氢盐类,水溶液","(酸式亚硫酸盐类,水溶液),未另作规定的",C1,8,8,III,5L,274,E1,P001 IBC03 LP01 R001,MP19,,T7,L4BN,TP1 TP28,,AT,3 (E),V12,,,,80
2698,,TETRAHYDROPHTHALIC ANHYDRIDES,with more than 0. 05% of maleic anhydride,四氢化邻苯二甲酸酐,含马来酐大于0.05%,C4,8,8,III,5kg,169,E1,P002 IBC08 LP02 R001,MP10,PP14 B3,T1,SGAV L4BN,TP33,,AT,3 (E),,VC1 VC2 AP7,,,80
2699,,TRIFLUORO ACETIC ACID,,三氟乙酸,,C3,8,8,I,0,,E0,P001,MP8 MP17,,T10,L10BH,TP2,,AT,1 (E),,,,S20,88
2705,,1-PENTOL,,1-戊醇,,C9,8,8,II,1L,,E2,P001 IBC02,MP15,,T7,L4BN,TP2,,AT,2 (E),,,,,80
2707,a,DIMETHYLDIOXANES,,二甲基二恶烷类,,F1,3,3,II,1L,,E2,P001 IBC02 R001,MP19,,T4,LGBF,TP1,,FL,2 (D/E),,,,S2 S20,33
2707,b,DIMETHYLDIOXANES,,二甲基二恶烷类,,F1,3,3,III,5L,,E1,P001 IBC03 LP01 R001,MP19,,T2,LGBF,TP1,,FL,3 (D/E),V12,,,S2,30
2709,,BUTYLBENZENES,,丁基苯类,,F1,3,3,III,5L,,E1,P001 IBC03 LP01 R001,MP19,,T2,LGBF,TP1,,FL,3 (D/E),V12,,,S2,30
2710,,DIPROPYL KETONE,,二丙基(甲)酮,,F1,3,3,III,5L,,E1,P001 IBC03 LP01 R001,MP19,,T2,LGBF,TP1,,FL,3 (D/E),V12,,,S2,30
2713,,ACRIDINE,,吖啶,,T2,6.1,6.1,III,5kg,,E1,P002 IBC08 LP02 R001,MP10,B3,T1,SGAH L4BH,TP33,TU15 TE19,AT,2 (E),,VC1 VC2 AP7,CV13 CV28,S9,60
2714,,ZINC RESINATE,,树脂酸锌,,F3,4.1,4.1,III,5kg,,E1,P002 IBC06 R001,MP11,,T1,SGAV,TP33,,AT,3 (E),,VC1 VC2,,,40
2715,,ALUMINIUM RESINATE,,树脂酸铝,,F3,4.1,4.1,III,5kg,,E1,P002 IBC06 R001,MP11,,T1,SGAV,TP33,,AT,3 (E),,VC1 VC2,,,40
2716,,"1,4-BUTYNEDIOL",,"1,4-丁炔二醇",,T2,6.1,6.1,III,5kg,,E1,P002 IBC08 LP02 R001,MP10,B3,T1,SGAH L4BH,TP33,TU15 TE19,AT,2 (E),,VC1 VC2 AP7,CV13 CV28,S9,60
2717,,CAMPHOR,synthetic,樟脑,合成的,F1,4.1,4.1,III,5kg,,E1,P002 IBC08 LP02 R001,MP10,B3,T1,SGAV,TP33,,AT,3 (E),,VC1 VC2,,,40
2719,,BARIUMBROMATE,,溴酸钡,,OT2,5.1,5.1+6.1,II,1kg,,E2,P002 IBC08,MP2,B4,T3,SGAN,TP33,TU3,AT,2 (E),V11,,CV24 CV28,,56
2720,,CHROMIUM NITRATE,,硝酸铬,,O2,5.1,5.1,III,5kg,,E1,P002 IBC08 LP02 R001,MP10,B3,T1,SGAV,TP33,TU3,AT,3 (E),,VC1 VC2 AP6 AP7,CV24,,50
2721,,COPPER CHLORATE,,氯酸铜,,O2,5.1,5.1,II,1kg,,E2,P002 IBC08,MP2,B4,T3,SGAV,TP33,TU3,AT,2 (E),V11,VC1 VC2 AP6 AP7,CV24,,50
2722,,LITHIUM NITRATE,,硝酸锂,,O2,5.1,5.1,III,5kg,,E1,P002 IBC08 LP02 R001,MP10,B3,T1,SGAV,TP33,TU3,AT,3 (E),,VC1 VC2 AP6 AP7,CV24,,50
2723,,MAGNESIUM CHLORATE,,氯酸镁,,O2,5.1,5.1,II,1kg,,E2,P002 IBC08,MP2,B4,T3,SGAV,TP33,TU3,AT,2 (E),V11,VC1 VC2 AP6 AP7,CV24,,50
2724,,MANGANESE NITRATE,,硝酸锰,,O2,5.1,5.1,III,5kg,,E1,P002 IBC08 LP02 R001,MP10,B3,T1,SGAV,TP33,TU3,AT,3 (E),,VC1 VC2 AP6 AP7,CV24,,50
2725,,NICKEL NITRATE,,硝酸镍,,O2,5.1,5.1,III,5kg,,E1,P002 IBC08 LP02 R001,MP10,B3,T1,SGAV,TP33,TU3,AT,3 (E),,VC1 VC2 AP6 AP7,CV24,,50
2726,,NICKEL NITRITE,,亚硝酸镍,,O2,5.1,5.1,III,5kg,,E1,P002 IBC08 LP02 R001,MP10,B3,T1,SGAV,TP33,TU3,AT,3 (E),,VC1 VC2 AP6 AP7,CV24,,50
2727,,THALLIUM NITRATE,,硝酸铊,,TO2,6.1,6.1+5.1,II,500g,,E4,P002 IBC06,MP10,,T3,SGAH,TP33,TU15 TE19,AT,2 (D/E),V11,,CV13 CV28,S9 S19,65
2728,,ZIRCONIUM NITRATE,,硝酸锆,,O2,5.1,5.1,III,5kg,,E1,P002 IBC08 LP02 R001,MP10,B3,T1,SGAV,TP33,TU3,AT,3 (E),,VC1 VC2 AP6 AP7,CV24,,50
2729,,HEXACHLOROB-ENZENE,,六氯苯,,T2,6.1,6.1,III,5kg,,E1,P002 IBC08 LP02 R001,MP10,B3,T1,SGAH,TP33,TU15 TE19,AT,2 (E),,VC1 VC2 AP7,CV13 CV28,S9,60
2730,,"NITROANISOLES, LIQUID",,"硝基茴香醚类,液体的",,T1,6.1,6.1,III,5L,279,E1,P001 IBC03 LP01 R001,MP19,,T4,L4BH,TP1,TU15 TE19,AT,2 (E),V12,,CV13 CV28,S9,60
2732,,"NITROBROMOBENZENES, LIQUID",,"硝基溴苯类,液体的",,T1,6.1,6.1,III,5L,,E1,P001 IBC03 LP01 R001,MP19,,T4,L4BH,TP1,TU15 TE19,AT,2 (E),V12,,CV13 CV28,S9,60
2733,a,"AMINES, FLAMMABLE, CORROSIVE, N.O.S.",,"胺类,易燃的,腐蚀的,未另作规定的",,FC,3,3+8,I,0,274 544,E0,P001,MP7 MP17,,T14,L10CH,TP1 TP27,TU14 TE21,FL,1 (C/E),,,,S2 S20,338
2733,b,"POLYAMINES, FLAMMABLE, CORROSIVE, N.O.S.",,"聚胺类,易燃的,腐蚀的,未另作规定的",,FC,3,3+8,I,0,274 544,E0,P001,MP7 MP17,,T14,L10CH,TP1 TP27,TU14 TE21,FL,1 (C/E),,,,S2 S20,338
2733,c,"AMINES, FLAMMABLE, CORROSIVE, N.O.S.",,"胺类,易燃的,腐蚀的",,FC,3,3+8,II,1L,274 544,E2,P001 IBC02,MP19,,T11,L4BH,TP1 TP27,,FL,2 (D/E),,,,S2 S20,338
2733,d,"POLYAMINES, FLAMMABLE, CORROSIVE, N.O.S.",,"聚胺类,易燃的,腐蚀的,未另作规定的",,FC,3,3+8,II,1L,274 544,E2,P001 IBC02,MP19,,T11,L4BH,TP1 TP27,,FL,2 (D/E),,,,S2 S20,338
2733,e,"AMINES, FLAMMABLE, CORROSIVE, N.O.S.",,"胺类,易燃的,腐蚀的",,FC,3,3+8,III,5L,274 544,E1,P001 IBC03 R001,MP19,,T7,L4BN,TP1 TP28,,FL,3 (D/E),V12,,,S2,38
2733,f,"POLYAMINES, FLAMMABLE, CORROSIVE, N.O.S.",,"聚胺类,易燃的,腐蚀的,未另作规定的",,FC,3,3+8,III,5L,274 544,E1,P001 IBC03 R001,MP19,,T7,L4BN,TP1 TP28,,FL,3 (D/E),V12,,,S2,38
2734,a,"AMINES, LIQUID, CORROSIVE, FLAMMABLE, N.O.S.",,"胺类,液体的,腐蚀的,易燃的",,CF1,8,8+3,I,0,274,E0,P001,MP8 MP17,,T14,L10BH,TP2 TP27,,FL,1 (D/E),,,,S2 S14,883
2734,b,"POLYAMINES, LIQUID, CORROSIVE, FLAMMABLE, N.O.S.",,"聚胺类,液体的,腐蚀的,易燃的",,CF1,8,8+3,I,0,274,E0,P001,MP8 MP17,,T14,L10BH,TP2 TP27,,FL,1 (D/E),,,,S2 S14,883
2734,c,"AMINES, LIQUID, CORROSIVE, FLAMMABLE, N.O.S.",,"胺类,液体的,腐蚀的,易燃的",,CF1,8,8+3,II,1L,274,E2,P001 IBC02,MP15,,T11,L4BN,TP2 TP27,,FL,2 (D/E),,,,S2,83
2734,d,"POLYAMINES, LIQUID, CORROSIVE, FLAMMABLE, N.O.S.",,"聚胺类,液体的,腐蚀的,易燃的",,CF1,8,8+3,II,1L,274,E2,P001 IBC02,MP15,,T11,L4BN,TP2 TP27,,FL,2 (D/E),,,,S2,83
2735,a,"AMINES, LIQUID, CORROSIVE, N.O.S.",,"聚胺类,液体的,腐蚀的,未另作规定的",,C7,8,8,I,0,274,E0,P001,MP8 MP17,,T14,L10BH,TP2 TP27,,AT,1 (E),,,,S20,88
2735,b,"POLYAMINES, LIQUID, CORROSIVE, N.O.S.",,"聚胺类,液体的,腐蚀的,未另作规定的",,C7,8,8,I,0,274,E0,P001,MP8 MP17,,T14,L10BH,TP2 TP27,,AT,1 (E),,,,S20,88
2735,c,"AMINES, LIQUID, CORROSIVE, N.O.S.",,"胺类,液体的,腐蚀的,未另作规定的",,C7,8,8,II,1L,274,E2,P001 IBC02,MP15,,T11,L4BN,TP1 TP27,,AT,2 (E),,,,,80
2735,d,"POLYAMINES, LIQUID, CORROSIVE, N.O.S.",,"聚胺类,液体的,腐蚀的,未另作规定的",,C7,8,8,II,1L,274,E2,P001 IBC02,MP15,,T11,L4BN,TP1 TP27,,AT,2 (E),,,,,80
2735,e,"AMINES, LIQUID, CORROSIVE, N.O.S.",,"胺类,液体的,腐蚀的,未另作规定的",,C7,8,8,III,5L,274,E1,P001 IBC03 LP01 R001,MP19,,T7,L4BN,TP1 TP28,,AT,3 (E),V12,,,,80
2735,f,"POLYAMINES, LIQUID, CORROSIVE, N.O.S.",,"聚胺类,液体的,腐蚀的,未另作规定的",,C7,8,8,III,5L,274,E1,P001 IBC03 LP01 R001,MP19,,T7,L4BN,TP1 TP28,,AT,3 (E),V12,,,,80
2738,,N-BUTYLANILINE,,N-丁基苯胺,,T1,6.1,6.1,II,100mL,,E4,P001 IBC02,MP15,,T7,L4BH,TP2,TU15 TE19,AT,2 (D/E),,,CV13 CV28,S9 S19,60
2739,,BUTYRIC ANHYDRIDE,,丁酸酐,,C3,8,8,III,5L,,E1,P001 IBC03 LP01 R001,MP19,,T4,L4BN,TP1,,AT,3 (E),V12,,,,80
2740,,n-PROPYL CHLOROFORMATE,,氯甲酸正丙酯,,TFC,6.1,6.1+3+8,I,0,,E0,P602,MP8 MP17,,T20,L10CH,TP2,TU14 TU15 TE19 TE21,FL,1 (C/D),,,CV1 CV13 CV28,S2 S9 S14,668
2741,,BARIUM HYPOCHLORITE,with more than 22% available chlorine,次氯酸钡,含有效氯大于22%,OT2,5.1,5.1+6.1,II,1kg,,E2,P002 IBC08,MP2,B4,T3,SGAN,TP33,TU3,AT,2 (E),V11,,CV24 CV28,,56
2742,,"CHLOROFORMATES, TOXIC, CORROSIVE, FLAMMABLE, N.O.S.",,"氯甲酸酯类,有毒的,腐蚀的,易燃的,未另作规定的",,TFC,6.1,6.1+3+8,II,100mL,274 561,E4,P001 IBC01,MP15,,,L4BH,,TU15 TE19,FL,2 (D/E),,,CV13 CV28,S2 S9 S19,638
2743,,n-BUTYL CHLOROFORMATE,,氯甲酸丁酯,,TFC,6.1,6.1+3+8,II,100mL,,E0,P001,MP15,,T20,L4BH,TP2,TU15 TE19,FL,2 (D/E),,,CV13 CV28,S2 S9 S19,638
2744,,CYCLOBUTYL CHLOROFORMATE,,氯甲酸环丁酯,,TFC,6.1,6.1+3+8,II,100mL,,E4,P001 IBC01,MP15,,T7,L4BH,TP2,TU15 TE19,FL,2 (D/E),,,CV13 CV28,S2 S9 S19,638
2745,,CHLOROMETHYL CHLOROFORMATE,,氯甲酸氯甲酯,,TC1,6.1,6.1+8,II,100mL,,E4,P001 IBC02,MP15,,T7,L4BH,TP2,TU15 TE19,AT,2 (D/E),,,CV13 CV28,S9 S19,68
2746,,PHENYL CHLOROFORMATE,,氯甲酸苯酯,,TC1,6.1,6.1+8,II,100mL,,E4,P001 IBC02,MP15,,T7,L4BH,TP2,TU15 TE19,AT,2 (D/E),,,CV13 CV28,S9 S19,68
2747,,tert-BUTYLCYCLOHEXYL CHLOROFORMATE,,氯甲酸叔丁基环己酯,,T1,6.1,6.1,III,5L,,E1,P001 IBC03 LP01 R001,MP19,,T4,L4BH,TP1,TU15 TE19,AT,2 (E),V12,,CV13 CV28,S9,60
2748,,2-ETHYLHEXYL CHLOROFORMATE,,氯甲酸-2-乙基己酯,,TC1,6.1,6.1+8,II,100mL,,E4,P001 IBC02,MP15,,T7,L4BH,TP2,TU15 TE19,AT,2 (D/E),,,CV13 CV28,S9 S19,68
2749,,TETRAMETHYL-SILANE,,四甲基硅烷,,F1,3,3,I,0,,E0,P001,MP7 MP17,,T14,L4BN,TP2,,FL,1 (D/E),,,,S2 S20,33
2750,,"1,3-DICHLOROPR-OPANOL-2",,"1,3-二氯-2-丙醇",,T1,6.1,6.1,II,100mL,,E4,P001 IBC02,MP15,,T7,L4BH,TP2,TU15 TE19,AT,2 (D/E),,,CV13 CV28,S9 S19,60
2751,,DIETHYLTHIO-PHOSPHORYL CHLORIDE,,二乙基硫代磷酰氯,,C3,8,8,II,1L,,E2,P001 IBC02,MP15,,T7,L4BN,TP2,,AT,2 (E),,,,,80
2752,,"1,2-EPOXY-3-ETHOXYPROPANE",,"1,2-环氧-3-乙氧基丙烷",,F1,3,3,III,5L,,E1,P001 IBC03 LP01 R001,MP19,,T2,LGBF,TP1,,FL,3 (D/E),V12,,,S2,30
2753,,"N-ETHYLBENZYLTOLUIDINES, LIQUID",,"N-乙基苄基甲苯胺类,液体的",,T1,6.1,6.1,III,5L,,E1,P001 IBC03 LP01 R001,MP19,,T7,L4BH,TP1,TU15 TE19,AT,2 (E),V12,,CV13 CV28,S9,60
2754,,N-ETHYLTOLUIDINES,,N-乙基甲苯胺类,,T1,6.1,6.1,II,100mL,,E4,P001 IBC02,MP15,,T7,L4BH,TP2,TU15 TE19,AT,2 (D/E),,,CV13 CV28,S9 S19,60
2757,a,"CARBAMATE PESTICIDE, SOLID,TOXIC",,"氨基甲酸酯农药,固体的,有毒的",,T7,6.1,6.1,I,0,61 274 648,E5,P002 IBC07,MP18,,T6,S10AH L10CH,TP33,TU14 TU15 TE19 TE21,AT,1 (C/E),V10,,CV1 CV13 CV28,S9 S14,66
2757,b,"CARBAMATE PESTICIDE, SOLID,TOXIC",,"氨基甲酸酯农药,固体的,有毒的",,T7,6.1,6.1,II,500g,61 274 648,E4,P002 IBC08,MP10,B4,T3,SGAH L4BH,TP33,TU15 TE19,AT,2 (D/E),V11,,CV13 CV28,S9 S19,60
2757,c,"CARBAMATE PESTICIDE, SOLID,TOXIC",,"氨基甲酸酯农药,固体的,有毒的",,T7,6.1,6.1,III,5kg,61 274 648,E1,P002 IBC08 LP02 R001,MP10,B3,T1,SGAH L4BH,TP33,TU15 TE19,AT,2 (E),,VC1 VC2 AP7,CV13 CV28,S9,60
2758,a,"CARBAMATE PESTICIDE, LIQUID, FLAMMABLE, TOXIC",flash-point less than 23°C,"氨基甲酸酯农药,液体的,易燃的,有毒的",闪点低于23°C,FT2,3,3+6.1,I,0,61 274,E0,P001,MP7 MP17,,T14,L10CH,TP2 TP27,TU14 TU15 TE21,FL,1 (C/E),,,CV13 CV28,S2 S22,336
2758,b,"CARBAMATE PESTICIDE, LIQUID, FLAMMABLE, TOXIC",flash-point less than 23°C,"氨基甲酸酯农药,液体的,易燃的,有毒的",闪点低于23°C,FT2,3,3+6.1,II,1L,61 274,E2,P001 IBC02 R001,MP19,,T11,L4BH,TP2 TP27,TU15,FL,2 (D/E),,,CV13 CV28,S2 S22,336
2759,a,"ARSENICAL PESTICIDE, SOLID,TOXIC",,"含砷农药,固体的,有毒的",,T7,6.1,6.1,I,0,61 274 648,E5,P002 IBC07,MP18,,T6,S10AH L10CH,TP33,TU14 TU15 TE19 TE21,AT,1 (C/E),V10,,CV1 CV13 CV28,S9 S14,66
2759,b,"ARSENICAL PESTICIDE, SOLID,TOXIC",,"含砷农药,固体的,有毒的",,T7,6.1,6.1,II,500g,61 274 648,E4,P002 IBC08,MP10,B4,T3,SGAH L4BH,TP33,TU15 TE19,AT,2 (D/E),V11,,CV13 CV28,S9 S19,60
2759,c,"ARSENICAL PESTICIDE, SOLID,TOXIC",,"含砷农药,固体的,有毒的",,T7,6.1,6.1,III,5kg,61 274 648,E1,P002 IBC08 LP02 R001,MP10,B3,T1,SGAH L4BH,TP33,TU15 TE19,AT,2 (E),,VC1 VC2 AP7,CV13 CV28,S9,60
2760,a,"ARSENICAL PESTICIDE, LIQUID, FLAMMABLE, TOXIC",flash-point less than 23°C,"含砷农药,液体的,易燃的","有毒的,闪点低于23°C",FT2,3,3+6.1,I,0,61 274,E0,P001,MP7 MP17,,T14,L10CH,TP2 TP27,TU14 TU15 TE21,FL,1 (C/E),,,CV13 CV28,S2 S22,336
2760,b,"ARSENICAL PESTICIDE, LIQUID, FLAMMABLE, TOXIC",flash-point less than 23°C,"含砷农药,液体的,易燃的","有毒的,闪点低于23°C",FT2,3,3+6.1,II,1L,61 274,E2,P001 IBC02 R001,MP19,,T11,L4BH,TP2 TP27,TU15,FL,2 (D/E),,,CV13 CV28,S2 S22,336
2761,a,"ORGANOCHLORINEPESTICIDE, SOLID,TOXIC",,"有机氯农药,固体的,有毒的",,T7,6.1,6.1,I,0,61 274 648,E5,P002 IBC07,MP18,,T6,S10AH L10CH,TP33,TU14 TU15 TE19 TE21,AT,1 (C/E),V10,,CV1 CV13 CV28,S9 S14,66
2761,b,"ORGANOCHLORINEPESTICIDE, SOLID,TOXIC",,"有机氯农药,固体的,有毒的",,T7,6.1,6.1,II,500g,61 274 648,E4,P002 IBC08,MP10,B4,T3,SGAH L4BH,TP33,TU15 TE19,AT,2 (D/E),V11,,CV13 CV28,S9 S19,60
2761,c,"ORGANOCHLORINEPESTICIDE, SOLID,TOXIC",,"有机氯农药,固体的,有毒的",,T7,6.1,6.1,III,5kg,61 274 648,E1,P002 IBC08 LP02 R001,MP10,B3,T1,SGAH L4BH,TP33,TU15 TE19,AT,2 (E),,VC1 VC2 AP7,CV13 CV28,S9,60
2762,a,"ORGANOCHLORINEPESTICIDE, LIQUID, FLAMMABLE, TOXIC",flash-point less than 23°C,"有机氯农药,液体的,易燃的","有毒的,闪点低于23°C",FT2,3,3+6.1,I,0,61 274,E0,P001,MP7 MP17,,T14,L10CH,TP2 TP27,TU14 TU15 TE21,FL,1 (C/E),,,CV13 CV28,S2 S22,336
2762,b,"ORGANOCHLORINEPESTICIDE, LIQUID, FLAMMABLE, TOXIC",flash-point less than 23°C,"有机氯农药,液体的,易燃的","有毒的,闪点低于23°C",FT2,3,3+6.1,II,1L,61 274,E2,P001 IBC02 R001,MP19,,T11,L4BH,TP2 TP27,TU15,FL,2 (D/E),,,CV13 CV28,S2 S22,336
2763,a,"TRIAZINE PESTICIDE, SOLID,TOXIC",,"三嗪农药,固体的,有毒的",,T7,6.1,6.1,I,0,61 274 648,E5,P002 IBC07,MP18,,T6,S10AH L10CH,TP33,TU14 TU15 TE19 TE21,AT,1 (C/E),V10,,CV1 CV13 CV28,S9 S14,66
2763,b,"TRIAZINE PESTICIDE, SOLID,TOXIC",,"三嗪农药,固体的,有毒的",,T7,6.1,6.1,II,500g,61 274 648,E4,P002 IBC08,MP10,B4,T3,SGAH L4BH,TP33,TU15 TE19,AT,2 (D/E),V11,,CV13 CV28,S9 S19,60
2763,c,"TRIAZINE PESTICIDE, SOLID,TOXIC",,"三嗪农药,固体的,有毒的",,T7,6.1,6.1,III,5kg,61 274 648,E1,P002 IBC08 R001,MP10,B3,T1,SGAH L4BH,TP33,TU15 TE19,AT,2 (E),,VC1 VC2 AP7,CV13 CV28,S9,60
2764,a,"TRIAZINE PESTICIDE, LIQUID, FLAMMABLE, TOXIC",flash-point less than 23°C,"三嗪农药,液体的,易燃的","有毒的,闪点低于23°C",FT2,3,3+6.1,I,0,61 274,E0,P001,MP7 MP17,,T14,L10CH,TP2 TP27,TU14 TU15 TE21,FL,1 (C/E),,,CV13 CV28,S2 S22,336
2764,b,"TRIAZINE PESTICIDE, LIQUID, FLAMMABLE, TOXIC",flash-point less than 23°C,"三嗪农药,液体的,易燃的","有毒的,闪点低于23°C",FT2,3,3+6.1,II,1L,61 274,E2,P001 IBC02 R001,MP19,,T11,L4BH,TP2 TP27,TU15,FL,2 (D/E),,,CV13 CV28,S2 S22,336
2771,a,"THIOCARBAMATE PESTICIDE, SOLID,TOXIC",,"硫代氨基甲酸酯农药,固体的,有毒的",,T7,6.1,6.1,I,0,61 274 648,E5,P002 IBC07,MP18,,T6,S10AH L10CH,TP33,TU14 TU15 TE19 TE21,AT,1 (C/E),V10,,CV1 CV13 CV28,S9 S14,66
2771,b,"THIOCARBAMATE PESTICIDE, SOLID,TOXIC",,"硫代氨基甲酸酯农药,固体的,有毒的",,T7,6.1,6.1,II,500g,61 274 648,E4,P002 IBC08,MP10,B4,T3,SGAH L4BH,TP33,TU15 TE19,AT,2 (D/E),V11,,CV13 CV28,S9 S19,60
2771,c,"THIOCARBAMATE PESTICIDE, SOLID,TOXIC",,"硫代氨基甲酸酯农药,固体的,有毒的",,T7,6.1,6.1,III,5kg,61 274 648,E1,P002 IBC08 LP02 R001,MP10,B3,T1,SGAH L4BH,TP33,TU15 TE19,AT,2 (E),,VC1 VC2 AP7,CV13 CV28,S9,60
2772,a,"THIOCARBAMATE PESTICIDE, LIQUID, FLAMMABLE, TOXIC",flash-point less than 23°C,"硫代氨基甲酸酯农药,液体的,易燃的,有毒的",闪点低于23°C,FT2,3,3+6.1,I,0,61 274,E0,P001,MP7 MP17,,T14,L10CH,TP2 TP27,TU14 TU15 TE21,FL,1 (C/E),,,CV13 CV28,S2 S22,336
2772,b,"THIOCARBAMATE PESTICIDE, LIQUID, FLAMMABLE, TOXIC",flash-point less than 23°C,"硫代氨基甲酸酯农药,液体的,易燃的,有毒的",闪点低于23°C,FT2,3,3+6.1,II,1L,61 274,E2,P001 IBC02 R001,MP19,,T11,L4BH,TP2 TP27,TU15,FL,2 (D/E),,,CV13 CV28,S2 S22,336
2775,a,"COPPER BASED PESTICIDE, SOLID, TOXIC",,"铜基农药,固体的,有毒的",,T7,6.1,6.1,I,0,61 274 648,E5,P002 IBC07,MP18,,T6,S10AH L10CH,TP33,TU14 TU15 TE19 TE21,AT,1 (C/E),V10,,CV1 CV13 CV28,S9 S14,66
2775,b,"COPPER BASED PESTICIDE, SOLID, TOXIC",,"铜基农药,固体的,有毒的",,T7,6.1,6.1,II,500g,61 274 648,E4,P002 IBC08,MP10,B4,T3,SGAH L4BH,TP33,TU15 TE19,AT,2 (D/E),V11,,CV13 CV28,S9 S19,60
2775,c,"COPPER BASED PESTICIDE, SOLID, TOXIC",,"铜基农药,固体的,有毒的",,T7,6.1,6.1,III,5kg,61 274 648,E1,P002 IBC08 LP02 R001,MP10,B3,T1,SGAH L4BH,TP33,TU15 TE19,AT,2 (E),,VC1 VC2 AP7,CV13 CV28,S9,60
2776,a,"COPPERBASED PESTICIDE, LIQUID, FLAMMABLE, TOXIC",flash-point less than 23°C,"铜基农药,液体的,易燃的,有毒的",闪点低于23°C,FT2,3,3+6.1,I,0,61 274,E0,P001,MP7 MP17,,T14,L10CH,TP2 TP27,TU14 TU15 TE21,FL,1 (C/E),,,CV13 CV28,S2 S22,336
2776,b,"COPPER BASED PESTICIDE, LIQUID, FLAMMABLE, TOXIC",flash-point less than 23°C,"铜基农药,液体的,易燃的,有毒的",闪点低于23°C,FT2,3,3+6.1,II,1L,61 274,E2,P001 IBC02 R001,MP19,,T11,L4BH,TP2 TP27,TU15,FL,2 (D/E),,,CV13 CV28,S2 S22,336
2777,a,"MERCURY BASED PESTICIDE, SOLID,TOXIC",,"汞基农药,固体的,有毒的",,T7,6.1,6.1,I,0,61 274 648,E5,P002 IBC07,MP18,,T6,S10AH L10CH,TP33,TU14 TU15 TE19 TE21,AT,1 (C/E),V10,,CV1 CV13 CV28,S9 S14,66
2777,b,"MERCURY BASED PESTICIDE, SOLID,TOXIC",,"汞基农药,固体的,有毒的",,T7,6.1,6.1,II,500g,61 274 648,E4,P002 IBC08,MP10,B4,T3,SGAH L4BH,TP33,TU15 TE19,AT,2 (D/E),V11,,CV13 CV28,S9 S19,60
2777,c,"MERCURY BASED PESTICIDE, SOLID,TOXIC",,"汞基农药,固体的,有毒的",,T7,6.1,6.1,III,5kg,61 274 648,E1,P002 IBC08 LP02 R001,MP10,B3,T1,SGAH L4BH,TP33,TU15 TE19,AT,2 (E),,VC1 VC2 AP7,CV13 CV28,S9,60
2778,a,"MERCURY BASED PESTICIDE, LIQUID, FLAMMABLE, TOXIC",flash-point less than 23°C,"汞基农药,液体的,易燃的,有毒的",闪点低于23°C,FT2,3,3+6.1,I,0,61 274,E0,P001,MP7 MP17,,T14,L10CH,TP2 TP27,TU14 TU15 TE21,FL,1 (C/E),,,CV13 CV28,S2 S22,336
2778,b,"MERCURY BASED PESTICIDE, LIQUID, FLAMMABLE, TOXIC",flash-point less than 23°C,"汞基农药,液体的,易燃的,有毒的",闪点低于23°C,FT2,3,3+6.1,II,1L,61 274,E2,P001 IBC02 R001,MP19,,T11,L4BH,TP2 TP27,TU15,FL,2 (D/E),,,CV13 CV28,S2 S22,336
2779,a,"SUBSTITUTED NITROPHENOL PESTICIDE, SOLID,TOXIC",,"取代硝基苯酚农药,固体的,有毒的",,T7,6.1,6.1,I,0,61 274 648,E5,P002 IBC07,MP18,,T6,S10AH L10CH,TP33,TU14 TU15 TE19 TE21,AT,1 (C/E),V10,,CV1 CV13 CV28,S9 S14,66
2779,b,"SUBSTITUTED NITROPHENOL PESTICIDE, SOLID,TOXIC",,"取代硝基苯酚农药,固体的,有毒的",,T7,6.1,6.1,II,500g,61 274 648,E4,P002 IBC08,MP10,B4,T3,SGAH L4BH,TP33,TU15 TE19,AT,2 (D/E),V11,,CV13 CV28,S9 S19,60
2779,c,"SUBSTITUTED NITROPHENOL PESTICIDE, SOLID,TOXIC",,"取代硝基苯酚农药,固体的,有毒的",,T7,6.1,6.1,III,5kg,61 274 648,E1,P002 IBC08 LP02 R001,MP10,B3,T1,SGAH L4BH,TP33,TU15 TE19,AT,2 (E),,VC1 VC2 AP7,CV13 CV28,S9,60
2780,a,"SUBSTITUTED NITROPHEN OL PESTICIDE, LIQUID, FLAMMABLE, TOXIC",flash-point less than 23°C,"取代硝基苯酚农药,液体的,易燃的,有毒的",闪点低于23°C,FT2,3,3+6.1,I,0,61 274,E0,P001,MP7 MP17,,T14,L10CH,TP2 TP27,TU14 TU15 TE21,FL,1 (C/E),,,CV13 CV28,S2 S22,336
2780,b,"SUBSTITUTED NITROPHEN OL PESTICIDE, LIQUID, FLAMMABLE, TOXIC",flash-point less than 23°C,"取代硝基苯酚农药,液体的,易燃的,有毒的",闪点低于23°C,FT2,3,3+6.1,II,1L,61 274,E2,P001 IBC02 R001,MP19,,T11,L4BH,TP2 TP27,TU15,FL,2 (D/E),,,CV13 CV28,S2 S22,336
2781,a,"BIPYRIDILIUM PESTICIDE, SOLID,TOXIC",,"联吡啶农药,固体的,有毒的",,T7,6.1,6.1,I,0,61 274 648,E5,P002 IBC07,MP18,,T6,S10AH L10CH,TP33,TU14 TU15 TE19 TE21,AT,1 (C/E),V10,,CV1 CV13 CV28,S9 S14,66
2781,b,"BIPYRIDILIUM PESTICIDE, SOLID,TOXIC",,"联吡啶农药,固体的,有毒的",,T7,6.1,6.1,II,500g,61 274 648,E4,P002 IBC08,MP10,B4,T3,SGAH L4BH,TP33,TU15 TE19,AT,2 (D/E),V11,,CV13 CV28,S9 S19,60
2781,c,"BIPYRIDILIUM PESTICIDE, SOLID,TOXIC",,"联吡啶农药,固体的,有毒的",,T7,6.1,6.1,III,5kg,61 274 648,E1,P002 IBC08 LP02 R001,MP10,B3,T1,SGAH L4BH,TP33,TU15 TE19,AT,2 (E),,VC1 VC2 AP7,CV13 CV28,S9,60
2782,a,"BIPYRIDILIUM PESTICIDE, LIQUID, FLAMMABLE, TOXIC",flash-point less than 23°C,"联吡啶农药,液体的,易燃的,有毒的",闪点低于23°C,FT2,3,3+6.1,I,0,61 274,E0,P001,MP7 MP17,,T14,L10CH,TP2 TP27,TU14 TU15 TE21,FL,1 (C/E),,,CV13 CV28,S2 S22,336
2782,b,"BIPYRIDILIUM PESTICIDE, LIQUID, FLAMMABLE, TOXIC",flash-point less than 23°C,"联吡啶农药,液体的,易燃的,有毒的",闪点低于23°C,FT2,3,3+6.1,II,1L,61 274,E2,P001 IBC02 R001,MP19,,T11,L4BH,TP2 TP27,TU15,FL,2 (D/E),,,CV13 CV28,S2 S22,336
2783,a,"ORGANOPHOSPHORUS PESTICIDE, SOLID,TOXIC",,"有机磷农药,固体的,有毒的",,T7,6.1,6.1,I,0,61 274 648,E5,P002 IBC07,MP18,,T6,S10AH L10CH,TP33,TU14 TU15 TE19 TE21,AT,1 (C/E),V10,,CV1 CV13 CV28,S9 S14,66
2783,b,"ORGANOPHOSPHORUS PESTICIDE, SOLID,TOXIC",,"有机磷农药,固体的,有毒的",,T7,6.1,6.1,II,500g,61 274 648,E4,P002 IBC08,MP10,B4,T3,SGAH L4BH,TP33,TU15 TE19,AT,2 (D/E),V11,,CV13 CV28,S9 S19,60
2783,c,"ORGANOPHOSPHORUS PESTICIDE, SOLID,TOXIC",,"有机磷农药,固体的,有毒的",,T7,6.1,6.1,III,5kg,61 274 648,E1,P002 IBC08 LP02 R001,MP10,B3,T1,SGAH L4BH,TP33,TU15 TE19,AT,2 (E),,VC1 VC2 AP7,CV13 CV28,S9,60
2784,a,"ORGANOPHOSPHORUS PESTICIDE, LIQUID, FLAMMABLE, TOXIC",flash-point less than 23°C,"有机磷农药,液体的,易燃的,有毒的",闪点低于23°C,FT2,3,3+6.1,I,0,61 274,E0,P001,MP7 MP17,,T14,L10CH,TP2 TP27,TU14 TU15 TE21,FL,1 (C/E),,,CV13 CV28,S2 S22,336
2784,b,"ORGANOPHOSPHORUS PESTICIDE, LIQUID, FLAMMABLE, TOXIC",flash-point less than 23°C,"有机磷农药,液体的,易燃的,有毒的",闪点低于23°C,FT2,3,3+6.1,II,1L,61 274,E2,P001 IBC02 R001,MP19,,T11,L4BH,TP2 TP27,TU15,FL,2 (D/E),,,CV13 CV28,S2 S22,336
2785,,4-THIAPENTANAL,,4-硫杂戊醛,,T1,6.1,6.1,III,5L,,E1,P001 IBC03 LP01 R001,MP19,,T4,L4BH,TP1,TU15 TE19,AT,2 (E),V12,,CV13 CV28,S9,60
2786,a,"ORGANOTIN PESTICIDE, SOLID,TOXIC",,"有机锡农药,固体的,有毒的",,T7,6.1,6.1,I,0,61 274 648,E5,P002 IBC07,MP18,,T6,S10AH L10CH,TP33,TU14 TU15 TE19 TE21,AT,1 (C/E),V10,,CV1 CV13 CV28,S9 S14,66
2786,b,"ORGANOTIN PESTICIDE, SOLID,TOXIC",,"有机锡农药,固体的,有毒的",,T7,6.1,6.1,II,500g,61 274 648,E4,P002 IBC08,MP10,B4,T3,SGAH L4BH,TP33,TU15 TE19,AT,2 (D/E),V11,,CV13 CV28,S9 S19,60
2786,c,"ORGANOTIN PESTICIDE, SOLID,TOXIC",,"有机锡农药,固体的,有毒的",,T7,6.1,6.1,III,5kg,61 274 648,E1,P002 IBC08 LP02 R001,MP10,B3,T1,SGAH L4BH,TP33,TU15 TE19,AT,2 (E),,VC1 VC2 AP7,CV13 CV28,S9,60
2787,a,"ORGANOTIN PESTICIDE, LIQUID, FLAMMABLE, TOXIC",flash-point less than 23°C,"有机锡农药,液体的,易燃的,有毒的",闪点低于23°C,FT2,3,3+6.1,I,0,61 274,E0,P001,MP7 MP17,,T14,L10CH,TP2 TP27,TU14 TU15 TE21,FL,1 (C/E),,,CV13 CV28,S2 S22,336
2787,b,"ORGANOTIN PESTICIDE, LIQUID, FLAMMABLE, TOXIC",flash-point less than 23°C,"有机锡农药,液体的,易燃的,有毒的",闪点低于23°C,FT2,3,3+6.1,II,1L,61 274,E2,P001 IBC02 R001,MP19,,T11,L4BH,TP2 TP27,TU15,FL,2 (D/E),,,CV13 CV28,S2 S22,336
2788,a,"ORGANOTIN COMPOUND, LIQUID,N.O.S.",,"有机锡化合物,液体的,未另作规定的",,T3,6.1,6.1,I,0,43 274,E5,P001,MP8 MP17,,T14,L10CH,TP2 TP27,TU14 TU15 TE19 TE21,AT,1 (C/E),,,CV1 CV13 CV28,S9 S14,66
2788,b,"ORGANOTIN COMPOUND, LIQUID,N.O.S.",,"有机锡化合物,液体的,未另作规定的",,T3,6.1,6.1,II,100mL,43 274,E4,P001 IBC02,MP15,,T11,L4BH,TP2 TP27,TU15 TE19,AT,2 (D/E),,,CV13 CV28,S9 S19,60
2788,c,"ORGANOTIN COMPOUND, LIQUID,N.O.S.",,"有机锡化合物,液体的,未另作规定的",,T3,6.1,6.1,III,5L,43 274,E1,P001 IBC03 LP01 R001,MP19,,T7,L4BH,TP2 TP28,TU15 TE19,AT,2 (E),V12,,CV13 CV28,S9,60
2789,a,"ACETIC ACID, GLACIAL","more than 80% acid,by mass",冰醋酸,按质量含酸超过80%,CF1,8,8+3,II,1L,,E2,P001 IBC02,MP15,,T7,L4BN,TP2,,FL,2 (D/E),,,,S2,83
2789,b,ACETIC ACID SOLUTION,"more than 80% acid,by mass",乙酸溶液,按质量含酸超过80%,CF1,8,8+3,II,1L,,E2,P001 IBC02,MP15,,T7,L4BN,TP2,,FL,2 (D/E),,,,S2,83
2790,a,ACETIC ACID SOLUTION,"not less than 50% but not more than 80% acid,by mass",乙酸溶液,按质量含酸不低于50%但不超过80%,C3,8,8,II,1L,,E2,P001 IBC02,MP15,,T7,L4BN,TP2,,AT,2 (E),,,,,80
2790,b,ACETIC ACID SOLUTION,"more than 10% and less than 50% acid,by mass",乙酸溶液,按质量含酸大于10%但小于50%,C3,8,8,III,5L,597 647,E1,P001 IBC03 LP01 R001,MP19,,T4,L4BN,TP1,,AT,3 (E),V12,,,,80
2793,a,FERROUS METAL BORINGS,in a form liable to self-heating,黑色金属的镗屑,易自热的,S4,4.2,4.2,III,0,592,E1,P003 IBC08 LP02 R001,MP14,PP20 B3B6,,,,,,3 (E),V1,VC1 VC2 AP1,,,40
2793,b,SHAVINGS,in a form liable to self-heating,刨屑,易自热的,S4,4.2,4.2,III,0,592,E1,P003 IBC08 LP02 R001,MP14,PP20 B3B6,,,,,,3 (E),V1,VC1 VC2 AP1,,,40
2793,c,"SHAVINGS, TURNINGS",in a form liable to self-heating,旋屑,易自热的,S4,4.2,4.2,III,0,592,E1,P003 IBC08 LP02 R001,MP14,PP20 B3B6,,,,,,3 (E),V1,VC1 VC2 AP1,,,40
2793,d,CUTTINGS,in a form liable to self-heating,切屑,易自热的,S4,4.2,4.2,III,0,592,E1,P003 IBC08 LP02 R001,MP14,PP20 B3B6,,,,,,3 (E),V1,VC1 VC2 AP1,,,40
2794,a,"BATTERIES, WET,FILLED WITH ACID",electric storage,"蓄电池,湿的","装有酸液,蓄存电的",C11,8,8,,1L,295 598,E0,P801,,,,,,,,3 (E),,VC1 VC2 AP8,,,80
2794,b,"BATTERIES, WET,FILLED WITH ACID",electric storage,"蓄电池,湿的","装有酸液,蓄存电的",C11,8,8,,1L,295 598,E0,P801a,,,,,,,,3 (E),,VC1 VC2 AP8,,,80
2795,a,"BATTERIES, WET,FILLED WITH ALKALI",electric storage,"蓄电池,湿的","装有碱液,蓄存电的",C11,8,8,,1L,295 598,E0,P801,,,,,,,,3 (E),,VC1 VC2 AP8,,,80
2795,b,"BATTERIES, WET,FILLED WITH ALKALI",electric storage,"蓄电池,湿的","装有碱液,蓄存电的",C11,8,8,,1L,295 598,E0,P801a,,,,,,,,3 (E),,VC1 VC2 AP8,,,80
2796,a,SULPHURIC ACID,with not more than 51% acid,硫酸,"含酸不超过51%或电池液,酸性",C1,8,8,II,1L,,E2,P001 IBC02,MP15,,T8,L4BN,TP2,,AT,2 (E),,,,,80
2796,b,"BATTERY FLUID,ACID",,电池液,酸性,C1,8,8,II,1L,,E2,P001 IBC02,MP15,,T8,L4BN,TP2,,AT,2 (E),,,,,
2797,,"BATTERY FLUID,ALKALI",,"电池液,碱性的",,C5,8,8,II,1L,,E2,P001 IBC02,MP15,,T7,L4BN,TP2 TP28,,AT,2 (E),,,,,80
2798,,PHENYLPHOSPH-ORUS DICHLORIDE,,苯基二氯化磷,,C3,8,8,II,1L,,E0,P001 IBC02,MP15,,T7,L4BN,TP2,,AT,2 (E),,,,,80
2799,,PHENYLPHOSPH-ORUS THIODICHLORIDE,,苯基硫代磷酰二氯,,C3,8,8,II,1L,,E0,P001 IBC02,MP15,,T7,L4BN,TP2,,AT,2 (E),,,,,80
2800,a,"BATTERIES, WET,NON-SPILLABLE",electric storage,"蓄电池,湿的","不溢出的,蓄存电的",C11,8,8,,1L,238 295 598,E0,P003,,PP16,,,,,,3 (E),,VC1 VC2 AP8,,,80
2800,b,"BATTERIES, WET,NON-SPILLABLE",electric storage,"蓄电池,湿的","不溢出的,蓄存电的",C11,8,8,,1L,238 295 598,E0,P801a,,PP16,,,,,,3 (E),,VC1 VC2 AP8,,,80
2801,a,"DYE, LIQUID, CORROSIVE, N.O.S.",,"染料,液体的,腐蚀性的,未另作规定的",,C9,8,8,I,0,274,E0,P001,MP8 MP17,,T14,L10BH,TP2 TP27,,AT,1 (E),,,,S20,88
2801,b,"DYE INTERMEDIATE, LIQUID, CORROSIVE, N.O.S.",,"染料中间体,液体的,腐蚀性的,未另作规定的",,C9,8,8,I,0,274,E0,P001,MP8 MP17,,T14,L10BH,TP2 TP27,,AT,1 (E),,,,S20,88
2801,c,"DYE, LIQUID, CORROSIVE, N.O.S.",,"染料,液体的,腐蚀性的,未另作规定的",,C9,8,8,II,1L,274,E2,P001 IBC02,MP15,,T11,L4BN,TP2 TP27,,AT,2 (E),,,,,80
2801,d,"DYE INTERMEDIATE, LIQUID, CORROSIVE, N.O.S.",,"染料中间体,液体的,腐蚀性的,未另作规定的",,C9,8,8,II,1L,274,E2,P001 IBC02,MP15,,T11,L4BN,TP2 TP27,,AT,2 (E),,,,,80
2801,e,"DYE, LIQUID, CORROSIVE, N.O.S.",,"染料,液体的,腐蚀性的,未另作规定的",,C9,8,8,III,5L,274,E1,P001 IBC03 LP01 R001,MP19,,T7,L4BN,TP1 TP28,,AT,3 (E),V12,,,,80
2801,f,"DYE INTERMEDIATE, LIQUID, CORROSIVE, N.O.S.",,"染料中间体,液体的,腐蚀性的,未另作规定的",,C9,8,8,III,5L,274,E1,P001 IBC03 LP01 R001,MP19,,T7,L4BN,TP1 TP28,,AT,3 (E),V12,,,,80
2802,,COPPER CHLORIDE,,氯化铜,,C2,8,8,III,5kg,,E1,P002 IBC08 LP02 R001,MP10,B3,T1,SGAV,TP33,,AT,3 (E),,VC1 VC2 AP7,,,80
2803,,GALLIUM,,镓,,C10,8,8,III,5kg,,E0,P800,MP10,PP41,T1,SGAV L4BN,TP33,,AT,3 (E),,VC1 VC2 AP7,,,80
2805,,"LITHIUM HYDRIDE, FUSED SOLID",,"氢化锂,熔凝固态",,W2,4.3,4.3,II,500g,,E2,P410 IBC04,MP14,PP40,T3,SGAN,TP33,,AT,2 (D/E),V1,,CV23,,423
2806,,LITHIUM NITRIDE,,氮化锂,,W2,4.3,4.3,I,0,,E0,P403 IBC04,MP2,,,,,,,1 (E),V1,,CV23,S20,
2807,,MAGNETIZED MATERIAL,,磁化材料,,M11,9,,,,,,,,,,(not listed in JTT),,,,,,,,,
2809,,MERCURY,,汞,,CT1,8,8+6.1,III,5kg,365,E0,P800,MP15,,,L4BN,,,AT,3 (E),,,CV13 CV28,,86
2810,a,"TOXIC LIQUID, ORGANIC, N.O.S.",,"有毒液体,有机的,未另作规定的",,T1,6.1,6.1,I,0,274 315 614,E5,P001,MP8 MP17,,T14,L10CH,TP2 TP27,TU14 TU15 TE19 TE21,AT,1 (C/E),,,CV1 CV13 CV28,S9 S14,66
2810,b,"TOXIC LIQUID, ORGANIC, N.O.S.",,"有毒液体,有机的,未另作规定的",,T1,6.1,6.1,II,100mL,274 614,E4,P001 IBC02,MP15,,T11,L4BH,TP2 TP27,TU15 TE19,AT,2 (D/E),,,CV13 CV28,S9 S19,60
2810,c,"TOXIC LIQUID, ORGANIC,N.O.S.",,"有毒液体,有机的,未另作规定的",,T1,6.1,6.1,III,5L,274 614,E1,P001 IBC03 LP01 R001,MP19,,T7,L4BH,TP1 TP28,TU15 TE19,AT,2 (E),V12,,CV13 CV28,S9,60
2811,a,"TOXIC SOLID, ORGANIC, N.O.S.",,"有毒固体,有机的,未另作规定的",,T2,6.1,6.1,I,0,274 614,E5,P002 IBC07,MP18,,T6,S10AH L10CH,TP33,TU15 TE19,AT,1 (C/E),V10,,CV1 CV13 CV28,S9 S14,66
2811,b,"TOXIC SOLID, ORGANIC, N.O.S.",,"有毒固体,有机的,未另作规定的",,T2,6.1,6.1,II,500g,274 614,E4,P002 IBC08,MP10,B4,T3,SGAH L4BH,TP33,TU15 TE19,AT,2 (D/E),V11,,CV13 CV28,S9 S19,60
2811,c,"TOXIC SOLID, ORGANIC, N.O.S.",,"有毒固体,有机的,未另作规定的",,T2,6.1,6.1,III,5kg,274 614,E1,P002 IBC08 LP02 R001,MP10,B3,T1,SGAH L4BH,TP33,TU15 TE19,AT,2 (E),,VC1 VC2 AP7,CV13 CV28,S9,60
2812,,"SODIUM ALUMINATE, SOLID",,"铝酸钠,固体的",,C6,8,,,,,,,,,,(not listed in JTT),,,,,,,,,
2813,a,"WATER-REACTIVE SOLID,N.O.S.",,"遇水反应固体,未另作规定的",,W2,4.3,4.3,I,0,274,E0,P403 IBC99,MP2,PP83,T9,S10AN L10DH,TP7 TP33,TU4 TU14 TU22 TE21 TM2,AT,0 (B/E),V1,,CV23,S20,X423
2813,b,"WATER-REACTIVE SOLID,N.O.S.",,"遇水反应固体,未另作规定的",,W2,4.3,4.3,II,500g,274,E2,P410 IBC07,MP14,PP83,T3,SGAN,TP33,,AT,0 (D/E),V1,,CV23,,423
2813,c,"WATER-REACTIVE SOLID,N.O.S.",,"遇水反应固体,未另作规定的",,W2,4.3,4.3,III,1kg,274,E1,P410 IBC08 R001,MP14,PP83 B4,T1,SGAN,TP33,,AT,0 (E),V1,VC1 VC2 AP3 AP4 AP5,CV23,,423
2814,a,"INFECTIOUS SUBSTANCE, AFFECTING HUMANS",,"感染性物质,对人感染",,I1,6.2,6.2,,0,318,E0,P620,MP5,,,,,,,0 (E),,,CV13 CV25 CV26 CV28,S3 S9 S15,
2814,b,"INFECTIOUS SUBSTANCE, AFFECTING HUMANS",in refrigerated liquid nitrogen,"感染性物质,对人感染,液氮冷冻的",,I1,6.2,6.2+2.2,,0,318,E0,P620,MP5,,,,,,,0 (E),,,CV13 CV25 CV26 CV28,S3 S9 S15,
2814,c,"INFECTIOUS SUBSTANCE, AFFECTING HUMANS",(animal material only),"感染性物质,对人感染",(仅对动物材料),I1,6.2,6.2,,0,318,E0,P620,MP5,,BK1 BK2,,,,,0 (E),,,CV13 CV25 CV26 CV28,S3 S9 S15,606
2815,,N-AMINOETHYL-PIPERAZINE,,N-氨基乙基哌嗪,,C7,8,8,III,5L,,E1,P001 IBC03 LP01 R001,MP19,,T4,L4BN,TP1,,AT,3 (E),V12,,,,80
2817,a,AMMONIUM HYDROGENDIFLUORIDE SOLUTION,,二氟化氢铵溶液,,CT1,8,8+6.1,II,1L,,E2,P001 IBC02,MP15,,T8,L4DH,TP2,TU14 TE21,AT,2 (E),,,CV13 CV28,,86
2817,b,AMMONIUM HYDROGENDIFLUORIDE SOLUTION,,二氟化氢铵溶液,,CT1,8,8+6.1,III,5L,,E1,P001 IBC03 R001,MP19,,T4,L4DH,TP1,TU14 TE21,AT,3 (E),V12,,CV13 CV28,,86
2818,a,AMMONIUM POLYSULPHIDE SOLUTION,,多硫化铵溶液,,CT1,8,8+6.1,II,1L,,E2,P001 IBC02,MP15,,T7,L4BN,TP2,,AT,2 (E),,,CV13 CV28,,86
2818,b,AMMONIUM POLYSULPHIDE SOLUTION,,多硫化铵溶液,,CT1,8,8+6.1,III,5L,,E1,P001 IBC03 R001,MP19,,T4,L4BN,TP1,,AT,3 (E),V12,,CV13 CV28,,86
2819,,AMYL ACID PHOSPHATE,,酸式磷酸戊酯,,C3,8,8,III,5L,,E1,P001 IBC03 LP01 R001,MP19,,T4,L4BN,TP1,,AT,3 (E),V12,,,,80
2820,,BUTYRIC ACID,,丁酸,,C3,8,8,III,5L,,E1,P001 IBC03 LP01 R001,MP19,,T4,L4BN,TP1,,AT,3 (E),V12,,,,80
2821,a,PHENOL SOLUTION,,苯酚溶液,,T1,6.1,6.1,II,100mL,,E4,P001 IBC02,MP15,,T7,L4BH,TP2,TU15 TE19,AT,2 (D/E),,,CV13 CV28,S9 S19,60
2821,b,PHENOL SOLUTION,,苯酚溶液,,T1,6.1,6.1,III,5L,,E1,P001 IBC03 LP01 R001,MP19,,T4,L4BH,TP1,TU15 TE19,AT,2 (E),V12,,CV13 CV28,S9,60
2822,,2-CHLOROPYRIDINE,,2-氯吡啶,,T1,6.1,6.1,II,100mL,,E4,P001 IBC02,MP15,,T7,L4BH,TP2,TU15 TE19,AT,2 (D/E),,,CV13 CV28,S9 S19,60
2823,,"CROTONIC ACID,SOLID",,"丁烯酸,固体的",,C4,8,8,III,5kg,,E1,P002 IBC08 LP02 R001,MP10,B3,T1,SGAV L4BN,TP33,,AT,3 (E),,VC1 VC2 AP7,,,80
2826,,ETHYL CHLOROTHIOFORMATE,,氯硫代甲酸乙酯,,CF1,8,8+3,II,0,,E0,P001,MP15,,T7,L4BN,TP2,,FL,2 (D/E),,,,S2,83
2829,,CAPROIC ACID,,己酸,,C3,8,8,III,5L,,E1,P001 IBC03 LP01 R001,MP19,,T4,L4BN,TP1,,AT,3 (E),V12,,,,80
2830,,LITHIUM FERROSILICON,,锂硅铁,,W2,4.3,4.3,II,500g,,E2,P410 IBC07,MP14,,T3,SGAN,TP33,,AT,2 (D/E),V1,,CV23,,423
2831,,"1,1,1-TRICHLOROETHANE",,"1,1,1-三氯乙烷",,T1,6.1,6.1,III,5L,,E1,P001 IBC03 LP01 R001,MP19,,T4,L4BH,TP1,TU15 TE19,AT,2 (E),V12,,CV13 CV28,S9,60
2834,,PHOSPHOROUS ACID,,亚磷酸,,C2,8,8,III,5kg,,E1,P002 IBC08 LP02 R001,MP10,B3,T1,SGAV,TP33,,AT,3 (E),,VC1 VC2 AP7,,,80
2835,,SODIUM ALUMINIUM HYDRIDE,,氢化铝钠,,W2,4.3,4.3,II,500g,,E0,P410 IBC04,MP14,,T3,SGAN,TP33,,AT,2 (D/E),V1,,CV23,,423
2837,a,"BISULPHATES, AQUEOUS SOLUTION",,硫酸氢盐水溶液,,C1,8,8,II,1L,,E2,P001 IBC02,MP15,,T7,L4BN,TP2,,AT,2 (E),,,,,80
2837,b,"BISULPHATES, AQUEOUS SOLUTION",,硫酸氢盐水溶液,,C1,8,8,III,5L,,E1,P001 IBC03 LP01 R001,MP19,,T4,L4BN,TP1,,AT,3 (E),V12,,,,80
2838,,"VINYL BUTYRATE, STABILIZED",,"丁酸乙烯酯,稳定的",,F1,3,3,II,1L,,E2,P001 IBC02 R001,MP19,,T4,LGBF,TP1,,FL,2 (D/E),,,,S2 S20,339
2839,,ALDOL,,丁间醇醛(2-羟基丁醛),,T1,6.1,6.1,II,100mL,,E4,P001 IBC02,MP15,,T7,L4BH,TP2,TU15 TE19,AT,2 (D/E),,,CV13 CV28,S9 S19,60
2840,,BUTYRALDOXIME,,丁醛肟,,F1,3,3,III,5L,,E1,P001 IBC03 LP01 R001,MP19,,T2,LGBF,TP1,,FL,3 (D/E),V12,,,S2,30
2841,,DI-n-AMYLAMINE,,二正戊胺,,FT1,3,3+6.1,III,5L,,E1,P001 IBC03 R001,MP19,,T4,L4BH,TP1,TU15,FL,3 (D/E),V12,,CV13 CV28,S2,36
2842,,NITROETHANE,,硝基乙烷,,F1,3,3,III,5L,,E1,P001 IBC03 LP01 R001,MP19,,T2,LGBF,TP1,,FL,3 (D/E),V12,,,S2,30
2844,,CALCIUM MANGANESE SILICON,,钙锰硅合金,,W2,4.3,4.3,III,1kg,,E1,P410 IBC08 R001,MP14,B4,T1,SGAN,TP33,,AT,3 (E),V1,VC1 VC2 AP3 AP4 AP5,CV23,,423
2845,,"PYROPHORIC LIQUID, ORGANIC, N.O.S.",,"发火液体,有机的,未另作规定的",,S1,4.2,4.2,I,0,274,E0,P400,MP2,,T22,L21DH,TP2 TP7,TU14 TC1 TE21 TM1,AT,0 (B/E),V1,,,S20,333
2846,,"PYROPHORIC SOLID, ORGANIC, N.O.S.",,"发火固体,有机的,未另作规定的",,S2,4.2,4.2,I,0,274,E0,P404,MP13,,,,,,,0 (E),V1,,,S20,
2849,,3-CHLOROPROPANOL-1,,3-氯-1-丙醇,,T1,6.1,6.1,III,5L,,E1,P001 IBC03 LP01 R001,MP19,,T4,L4BH,TP1,TU15 TE19,AT,2 (E),V12,,CV13 CV28,S9,60
2850,,PROPYLENE TETRAMER,,四聚丙烯,,F1,3,3,III,5L,,E1,P001 IBC03 LP01 R001,MP19,,T2,LGBF,TP1,,FL,3 (D/E),V12,,,S2,30
2851,,BORON TRIFLUORIDE DIHYDRATE,,三氟化硼合二水,,C1,8,8,II,1L,,E2,P001 IBC02,MP15,,T7,L4BN,TP2,,AT,2 (E),,,,,80
2852,,"DIPICRYL SULPHIDE, WETTED","with not less than 10% water,by mass","二苦硫,湿的",按质量含水不少于10%,D,4.1,4.1,I,0,545,E0,P406,MP2,PP24,,,,,,1 (B),,,,S14,
2853,,MAGNESIUM FLUOROSILICATE,,氟硅酸镁,,T5,6.1,6.1,III,5kg,,E1,P002 IBC08 LP02 R001,MP10,B3,T1,SGAH L4BH,TP33,TU15 TE19,AT,2 (E),,VC1 VC2 AP7,CV13 CV28,S9,60
2854,,AMMONIUM FLUOROSILICATE,,氟硅酸铵,,T5,6.1,6.1,III,5kg,,E1,P002 IBC08 LP02 R001,MP10,B3,T1,SGAH L4BH,TP33,TU15 TE19,AT,2 (E),,VC1 VC2 AP7,CV13 CV28,S9,60
2855,,ZINC FLUOROSILICATE,,氟硅酸锌,,T5,6.1,6.1,III,5kg,,E1,P002 IBC08 LP02 R001,MP10,B3,T1,SGAH L4BH,TP33,TU15 TE19,AT,2 (E),,VC1 VC2 AP7,CV13 CV28,S9,60
2856,,"FLUOROSILICATES,N.O.S.",,"氟硅酸盐 (酯)类,未另作规定的",,T5,6.1,6.1,III,5kg,274,E1,P002 IBC08 LP02 R001,MP10,B3,T1,SGAH L4BH,TP33,TU15 TE19,AT,2 (E),,VC1 VC2 AP7,CV13 CV28,S9,60
2857,,REFRIGERATING MACHINES,"containing non-flammable,non-toxic gases or ammonia solutions (UN2672)",制冷机,装有非易燃、无毒气体或氨溶液(UN2672),6A,2,2.2,,0,119,E0,P003,MP9,PP32,,,,,,3 (E),,,CV9,,
2858,,"ZIRCONIUM, DRY","coiled wire, finished metal sheets,strip (thinner than 254 microns but not thinner than 18 microns)","金属锆,干的",精制的薄片、条或盘丝(厚度为18μm~254μm),F3,4.1,4.1,III,5kg,546,E1,P002 LP02 R001,MP11,,,,,,,3 (E),,VC1 VC2,,,40
2859,,AMMONIUM METAVANADATE,,偏钒酸铵,,T5,6.1,6.1,II,500g,,E4,P002 IBC08,MP10,B4,T3,SGAH,TP33,TU15 TE19,AT,2 (D/E),V11,,CV13 CV28,S9 S19,60
2861,,AMMONIUM POLYVANADATE,,多钒酸铵,,T5,6.1,6.1,II,500g,,E4,P002 IBC08,MP10,B4,T3,SGAH,TP33,TU15 TE19,AT,2 (D/E),V11,,CV13 CV28,S9 S19,60
2862,,VANADIUM PENTOXIDE,non-fused form,五氧化二钒,非熔凝状态的,T5,6.1,6.1,III,5kg,600,E1,P002 IBC08 LP02 R001,MP10,B3,T1,SGAH,TP33,TU15 TE19,AT,2 (E),,VC1 VC2 AP7,CV13 CV28,S9,60
2863,,SODIUMAM MONIUM VANADATE,,矾酸铵钠,,T5,6.1,6.1,II,500g,,E4,P002 IBC08,MP10,B4,T3,SGAH,TP33,TU15 TE19,AT,2 (D/E),V11,,CV13 CV28,S9 S19,60
2864,,POTASSIUM METAVANADATE,,偏钒酸钾,,T5,6.1,6.1,II,500g,,E4,P002 IBC08,MP10,B4,T3,SGAH,TP33,TU15 TE19,AT,2 (D/E),V11,,CV13 CV28,S9 S19,60
2865,,HYDROXYLAMINE SULPHATE,,硫酸胲,,C2,8,8,III,5kg,,E1,P002 IBC08 LP02 R001,MP10,B3,T1,SGAV,TP33,,AT,3 (E),,VC1 VC2 AP7,,,80
2869,a,TITANIUM TRICHLORIDE MIXTURE,,三氯化钛混合物,,C2,8,8,II,1kg,,E2,P002 IBC08,MP10,B4,T3,SGAN,TP33,,AT,2 (E),V11,,,,80
2869,b,TITANIUM TRICHLORIDE MIXTURE,,三氯化钛混合物,,C2,8,8,III,5kg,,E1,P002 IBC08 LP02 R001,MP10,B3,T1,SGAV,TP33,,AT,3 (E),,VC1 VC2 AP7,,,80
2870,a,ALUMINIUM BOROHYDRIDE IN DEVICES,,硼氢化铝,,SW,4.2,4.2+4.3,I,0,,E0,P400,MP2,,T21,L21DH,TP7 TP33,TU14 TC1 TE21 TM1,AT,0 (B/E),V1,,,S20,X333
2870,b,ALUMINIUM BOROHYDRIDE IN DEVICES,,在装置中的硼氢化铝,,SW,4.2,4.2+4.3,I,0,,E0,P002,MP2,PP13,,,,,,0 (E),V1,,,S20,
2871,,ANTIMONY POWDER,,锑粉,,T5,6.1,6.1,III,5kg,,E1,P002 IBC08 LP02 R001,MP10,B3,T1,SGAH L4BH,TP33,TU15 TE19,AT,2 (E),,VC1 VC2 AP7,CV13 CV28,S9,60
2872,a,DIBROMOCHLOROPROPANES,,二溴氯丙烷类,,T1,6.1,6.1,II,100mL,,E4,P001 IBC02,MP15,,T7,L4BH,TP2,TU15 TE19,AT,2 (D/E),,,CV13 CV28,S9 S19,60
2872,b,DIBROMOCHLOROPROPANES,,二溴氯丙烷类,,T1,6.1,6.1,III,5L,,E1,P001 IBC03 LP01 R001,MP19,,T4,L4BH,TP1,TU15 TE19,AT,2 (E),V12,,CV13 CV28,S9,60
2873,,DIBUTYLAMINOETHANOL,,二正丁氨基乙醇,,T1,6.1,6.1,III,5L,,E1,P001 IBC03 LP01 R001,MP19,,T4,L4BH,TP1,TU15 TE19,AT,2 (E),V12,,CV13 CV28,S9,60
2874,,FURFURYL ALCOHOL,,糠醇,,T1,6.1,6.1,III,5L,,E1,P001 IBC03 LP01 R001,MP19,,T4,L4BH,TP1,TU15 TE19,AT,2 (E),V12,,CV13 CV28,S9,60
2875,,HEXACHLOROPHENE,,六氯苯,,T2,6.1,6.1,III,5kg,,E1,P002 IBC08 LP02 R001,MP10,B3,T1,SGAH L4BH,TP33,TU15 TE19,AT,2 (E),,VC1 VC2 AP7,CV13 CV28,S9,60
2876,,RESORCINOL,,间苯二酚,,T2,6.1,6.1,III,5kg,,E1,P002 IBC08 LP02 R001,MP10,B3,T1,SGAH L4BH,TP33,TU15 TE19,AT,2 (E),,VC1 VC2 AP7,CV13 CV28,S9,60
2878,a,TITANIUM SPONGE GRANULES,,"钛,海绵颗粒状",,F3,4.1,4.1,III,5kg,,E1,P002 IBC08 LP02 R001,MP11,B3,T1,SGAV,TP33,,AT,3 (E),,VC1 VC2,,,40
2878,b,TITANIUM SPONGE POWDERS,,"钛,海绵粉末状",,F3,4.1,4.1,III,5kg,,E1,P002 IBC08 LP02 R001,MP11,B3,T1,SGAV,TP33,,AT,3 (E),,VC1 VC2,,,40
2879,,SELENIUM OXYCHLORIDE,,二氯氧化硒,,CT1,8,8+6.1,I,0,,E0,P001,MP8 MP17,,T10,L10BH,TP2,,AT,1 (C/D),,,CV13 CV28,S14,X886
2880,a,"CALCIUM HYPOCHLORITE, HYDRATED",with not less than 5. 5% but not more than 16% water,"次氯酸钙,水合的","含水不少于5.5%,但不超过16%",O2,5.1,5.1,II,1kg,314 322,E2,P002 IBC08,MP10,B4B13,,SGAN,,TU3,AT,2 (E),V11,,CV24 CV35,,50
2880,b,"CALCIUM HYPOCHLORITE, HYDRATED MIXTURE",with not less than 5. 5% but not more than 16% water,"次氯酸钙,水合混合物","含水不少于5.5%,但不超过16%",O2,5.1,5.1,II,1kg,314 322,E2,P002 IBC08,MP10,B4B13,,SGAN,,TU3,AT,2 (E),V11,,CV24 CV35,,50
2880,c,"CALCIUM HYPOCHLORITE, HYDRATED",with not less than 5. 5% but not more than 16% water,"次氯酸钙,水合的","含水不少于5.5%,但不超过16%",O2,5.1,5.1,III,5kg,314,E1,P002 IBC08 R001,MP10,B4B13,,SGAV,,TU3,AT,3 (E),,VC1 VC2 AP6 AP7,CV24 CV35,,50
2880,d,"CALCIUM HYPOCHLORITE, HYDRATED MIXTURE",with not less than 5. 5% but not more than 16% water,"次氯酸钙,水合混合物","含水不少于5.5%,但不超过16%",O2,5.1,5.1,III,5kg,314,E1,P002 IBC08 R001,MP10,B4B13,,SGAV,,TU3,AT,3 (E),,VC1 VC2 AP6 AP7,CV24 CV35,,50
2881,a,"METAL CATALYST,DRY",,"金属催化剂,干的",,S4,4.2,4.2,I,0,274,E0,P404,MP13,,T21,,TP7 TP33,,AT,0 (B/E),V1,,,S20,43
2881,b,"METAL CATALYST,DRY",,"金属催化剂,干的",,S4,4.2,4.2,II,0,274,E0,P410 IBC06,MP14,,T3,SGAN,TP33,,AT,2 (D/E),V1,,,,40
2881,c,"METAL CATALYST,DRY",,"金属催化剂,干的",,S4,4.2,4.2,III,0,274,E1,P002 IBC08 LP02 R001,MP14,B3,T1,SGAN,TP33,,AT,3 (E),V1,VC1 VC2 AP1,,,40
2900,a,"INFECTIOUS SUBSTANCE, AFFECTING ANIMALS",only,"感染性物质,只对动物感染",,I2,6.2,6.2,,0,318,E0,P620,MP5,,,,,,,0 (E),,,CV13 CV25 CV26 CV28,S3 S9 S15,
2900,b,"INFECTIOUS SUBSTANCE, AFFECTING ANIMALS","only, in refrigerated liquid nitrogen","感染性物质,只对动物感染,液氮冷藏的",,I2,6.2,6.2+2.2,,0,318,E0,P620,MP5,,,,,,,0 (E),,,CV13 CV25 CV26 CV28,S3 S9 S15,
2900,c,"INFECTIOUS SUBSTANCE, AFFECTING ANIMALS",only (animal material only),"感染性物质,只对动物感染(仅对动物材料)",,I2,6.2,6.2,,0,318,E0,P620,MP5,,BK1 BK2,,,,,0 (E),,,CV13 CV25 CV26 CV28,S3 S9 S15,606
2901,,BROMINE CHLORIDE,,氯化溴,,2TOC,2,2.3+5.1+8,,0,,E0,P200,MP9,,(M),PxBH(M),,TA4 TT9,AT,1 (C/D),,,CV9 CV10 CV36,S14,265
2902,a,"PESTICIDE, LIQUID,TOXIC, N.O.S.",,"农药,液体的,毒性,未另作规定的",,T6,6.1,6.1,I,0,61 274 648,E5,P001,MP8 MP17,,T14,L10CH,TP2 TP27,TU14 TU15 TE19 TE21,AT,1 (C/E),,,CV1 CV13 CV28,S9 S14,66
2902,b,"PESTICIDE, LIQUID,TOXIC, N.O.S.",,"农药,液体的,毒性,未另作规定的",,T6,6.1,6.1,II,100mL,61 274 648,E4,P001 IBC02,MP15,,T11,L4BH,TP2 TP27,TU15 TE19,AT,2 (D/E),,,CV13 CV28,S9 S19,60
2902,c,"PESTICIDE, LIQUID, TOXIC, N.O.S.",,"农药,液体的,毒性,未另作规定的",,T6,6.1,6.1,III,5L,61 274 648,E1,P001 IBC03 LP01 R001,MP19,,T7,L4BH,TP2 TP28,TU15 TE19,AT,2 (E),V12,,CV13 CV28,S9,60
2903,a,"PESTICIDE, LIQUID, TOXIC, FLAMMABLE, N.O.S.",flash-point not less than 23°C,"农药,液体的,有毒的,易燃的","未另作规定的,闪点不低于23°C",TF2,6.1,6.1+3,I,0,61 274,E5,P001,MP8 MP17,,T14,L10CH,TP2 TP27,TU14 TU15 TE19 TE21,FL,1 (C/E),,,CV1 CV13 CV28,S2 S9 S14,663
2903,b,"PESTICIDE, LIQUID, TOXIC, FLAMMABLE, N.O.S.",flash-point not less than 23°C,"农药,液体的,有毒的,易燃的","未另作规定的,闪点不低于23°C",TF2,6.1,6.1+3,II,100mL,61 274,E4,P001 IBC02,MP15,,T11,L4BH,TP2 TP27,TU15 TE19,FL,2 (D/E),,,CV13 CV28,S2 S9 S19,63
2903,c,"PESTICIDE, LIQUID, TOXIC, FLAMMABLE, N.O.S.",flash-point not less than 23°C,"农药,液体的,有毒的,易燃的","未另作规定的,闪点不低于23°C",TF2,6.1,6.1+3,III,5L,61 274,E1,P001 IBC03 R001,MP19,,T7,L4BH,TP2,TU15 TE19,FL,2 (D/E),V12,,CV13 CV28,S2 S9,63
2904,a,"CHLOROPHENOLATES, LIQUID",,"氯苯酚盐类,液体的",,C9,8,8,III,5L,,E1,P001 IBC03 LP01 R001,MP19,,,L4BN,,,AT,3 (E),V12,,,,80
2904,b,"PHENOLATES, LIQUID",,"苯酚盐类,液体的",,C9,8,8,III,5L,,E1,P001 IBC03 LP01 R001,MP19,,,L4BN,,,AT,3 (E),V12,,,,80
2905,a,"CHLOROPHENOLATES, LIQUID",,"氯苯酚盐类,固体的",,C10,8,8,III,5kg,,E1,P002 IBC08 LP02 R001,MP10,B3,T1,SGAV L4BN,TP33,,AT,3 (E),,VC1 VC2 AP7,,,80
2905,b,"PHENOLATES, LIQUID",,"苯酚盐类,固体的",,C10,8,8,III,5kg,,E1,P002 IBC08 LP02 R001,MP10,B3,T1,SGAV L4BN,TP33,,AT,3 (E),,VC1 VC2 AP7,,,80
2907,,ISOSORBIDE DINITRATE MIXTURE,"with not less than 60% lactose, mannose,starch or calcium hydrogen phosphate",异山梨醇二硝酸酯混合物,含有不少于60%的乳糖、甘露糖、淀粉或磷酸氢钙,D,4.1,4.1,II,0,127,E0,P406 IBC06,MP2,PP26 PP80 B12,,,,,,2 (B),V11,,,S14,
2908,,"RADIOACTIVE MATERIAL, EXCEPTED PACKAGE-EMPTY PACKAGING",,"放射性物质,例外包件—空包件",,,7,,,0,290,E0,,,,,,,,,4 (E),,,CV33,S5 S21,
2909,a,"RADIOACTIVE MATERIAL, EXCEPTED PACKAGEARTICLES MANU FACTURED FROM NATURAL URANIUM",,"放射性物质,例外包件—由天然铀、贫化铀或天然钍制成的物品",,,7,,,0,290,E0,,,,,,,,,4 (E),,,CV33,S5 S21,
2909,b,"RADIOACTIVE MATERIAL, EXCEPTED PACKAGEARTICLES MANU FACTURED FROM DEPLETED URANIUM",,"放射性物质,例外包件—由天然铀、贫化铀或天然钍制成的物品",,,7,,,0,290,E0,,,,,,,,,4 (E),,,CV33,S5 S21,
2909,c,"RADIOACTIVE MATERIAL, EXCEPTED PACKAGEARTICLES MANU FACTURED FROM NATURALTHORIUM",,"放射性物质,例外包件—由天然铀、贫化铀或天然钍制成的物品",,,7,,,0,290,E0,,,,,,,,,4 (E),,,CV33,S5 S21,
2910,,"RADIOACTIVE MATERIAL, EXCEPTED PACKAGELIMITED QUANTITY OF MATERIAL",,"放射性物质,例外的包件—限量物质",,,7,,,0,290 368,E0,,,,,,,,,4 (E),,,CV33,S5 S21,
2911,a,"RADIOACTIVE MATERIAL, EXCEPTED PACKAGEINSTRUMENTS",,"放射性物质,例外包件—仪器或物品",,,7,,,0,290,E0,,,,,,,,,4 (E),,,CV33,S5 S21,
2911,b,"RADIOACTIVE MATERIAL, EXCEPTED ARTICLES",,"放射性物质,例外包件—仪器或物品",,,7,,,0,290,E0,,,,,,,,,4 (E),,,CV33,S5 S21,
2912,,"RADIOACTIVE MATERIAL, LOW SPECIFIC ACTIVITY (LSA-I)",non-fissile or fissile-excepted,放射性物质,"低比活度 (LSA-I),非裂变的,或例外的可裂变",,7,7X,,0,172 317 325,E0,,,,T5,S2. 65 AN(+) L2. 65 CN(+),TP4,TU36 TT7 TM7,AT,0 (E),,,CV33,S6 S11 S21,70
2913,a,"RADIOACTIVE MATERIAL, SURFACE CONTAMINATED OBJECTS (SCO-I) ,non-fissile or fissile-excepted",,"放射性物质,表面被污染物体(SCO-I或SCO-H)","非裂变,或例外的可裂变",,7,7X,,0,172 317 336,E0,,,,,,,,,0 (E),,,CV33,S6 S11 S21,70
2913,b,"RADIOACTIVE MATERIAL, SURFACE CONTAMINATED OBJECTS (SCO-II) ,non-fissile or fissile-excepted",,"放射性物质,表面被污染物体(SCO-I或SCO-H)","非裂变,或例外的可裂变",,7,7X,,0,172 317 336,E0,,,,,,,,,0 (E),,,CV33,S6 S11 S21,70
2915,,"RADIOACTIVE MATERIAL, TYPE A PACKAGE","non-special form,non-fissile or fissile-excepted","放射性物质, A型包件","非特殊形式,非裂变,或例外的可裂变",,7,7X,,0,172 317 325,E0,,,,,,,,,0 (E),,,CV33,S6 S11 S12 S21,70
2916,,"RADIOACTIVE MATERIAL, TYPE B (U) PACKAGE",non-fissile or fissile-excepted,"放射性物质,B(U)型包件","非裂变,或例外的可裂变",,7,7X,,0,172 317 325 337,E0,,,,,,,,,0 (E),,,CV33,S6 S11 S21,70
2917,,"RADIOACTIVE MATERIAL, TYPE B (M) PACKAGE",non fissile or fissile-excepted,"放射性物质,B(M)型包件","非裂变,或例外的可裂变",,7,7X,,0,172 317 325 337,E0,,,,,,,,,0 (E),,,CV33,S6 S11 S21,70
2919,,"RADIOACTIVE MATERIAL, TRANSPORTED UNDER SPECIAL ARRANGEM ENT",non fissile or fissile-excepted,"放射性物质,按特殊安排运输","非裂变,或例外的可裂变",,7,7X,,0,172 317 325,E0,,,,,,,,,0 (-),,,CV33,S6 S11 S21,70
2920,a,"CORROSIVE LIQUID, FLAMMABLE, N.O.S.",,"腐蚀性液体,易燃的,未另作规定的",,CF1,8,8+3,I,0,274,E0,P001,MP8 MP17,,T14,L10BH,TP2 TP27,,FL,1 (D/E),,,,S2 S14,883
2920,b,"CORROSIVE LIQUID, FLAMMABLE, N.O.S.",,"腐蚀性液体,易燃的,未另作规定的",,CF1,8,8+3,II,1L,274,E2,P001 IBC02,MP15,,T11,L4BN,TP2 TP27,,FL,2 (D/E),,,,S2,83
2921,a,"CORROSIVE SOLID, FLAMMABLE, N.O.S.",,"腐蚀性固体,易燃的,未另作规定的",,CF2,8,8+4.1,I,0,274,E0,P002 IBC05,MP18,,T6,S10AN L10BH,TP33,,AT,1 (E),V10,,,S14,884
2921,b,"CORROSIVE SOLID, FLAMMABLE, N.O.S.",,"腐蚀性固体,易燃的,未另作规定的",,CF2,8,8+4.1,II,1kg,274,E2,P002 IBC08,MP10,B4,T3,SGAN L4BN,TP33,,AT,2 (E),V11,,,,84
2922,a,"CORROSIVE LIQUID,TOXIC, N.O.S.",,"腐蚀性液体,有毒的,未另作规定的",,CT1,8,8+6.1,I,0,274,E0,P001,MP8 MP17,,T14,L10BH,TP2 TP27,,AT,1 (C/D),,,CV13 CV28,S14,886
2922,b,"CORROSIVE LIQUID,TOXIC, N.O.S.",,"腐蚀性液体,有毒的,未另作规定的",,CT1,8,8+6.1,II,1L,274,E2,P001 IBC02,MP15,,T7,L4BN,TP2,,AT,2 (E),,,CV13 CV28,,86
2922,c,"CORROSIVE LIQUID,TOXIC, N.O.S.",,"腐蚀性液体,有毒的,未另作规定的",,CT1,8,8+6.1,III,5L,274,E1,P001 IBC03 R001,MP19,,T7,L4BN,TP1 TP28,,AT,3 (E),V12,,CV13 CV28,,86
2923,a,"CORROSIVE SOLID,TOXIC, N.O.S.",,"腐蚀性固体,有毒的,未另作规定的",,CT2,8,8+6.1,I,0,274,E0,P002 IBC05,MP18,,T6,S10AN L10BH,TP33,,AT,1 (E),V10,,CV13 CV28,S14,886
2923,b,"CORROSIVE SOLID,TOXIC, N.O.S.",,"腐蚀性固体,有毒的,未另作规定的",,CT2,8,8+6.1,II,1kg,274,E2,P002 IBC08,MP10,B4,T3,SGAN L4BN,TP33,,AT,2 (E),V11,,CV13 CV28,,86
2923,c,"CORROSIVE SOLID,TOXIC, N.O.S.",,"腐蚀性固体,有毒的,未另作规定的",,CT2,8,8+6.1,III,5kg,274,E1,P002 IBC08 R001,MP10,B3,T1,SGAV L4BN,TP33,,AT,3 (E),,VC1 VC2 AP7,CV13 CV28,,86
2924,a,"FLAMMABLE LIQUID, CORROSIVE, N.O.S.",,"易燃液体,腐蚀性的,未另作规定的",,FC,3,3+8,I,0,274,E0,P001,MP7 MP17,,T14,L10CH,TP2,TU14 TE21,FL,1 (C/E),,,,S2 S20,338
2924,b,"FLAMMABLE LIQUID, CORROSIVE, N.O.S.",,"易燃液体,腐蚀性的,未另作规定的",,FC,3,3+8,II,1L,274,E2,P001 IBC02,MP19,,T11,L4BH,TP2 TP27,,FL,2 (D/E),,,,S2 S20,338
2924,c,"FLAMMABLE LIQUID, CORROSIVE, N.O.S.",,"易燃液体,腐蚀性的,未另作规定的",,FC,3,3+8,III,5L,274,E1,P001 IBC03 R001,MP19,,T7,L4BN,TP1 TP28,,FL,3 (D/E),V12,,,S2,38
2925,a,"FLAMMABLE SOLID, CORROSIVE, ORGANIC, N.O.S.",,"易燃固体,腐蚀性的,有机的,未另作规定的",,FC1,4.1,4.1+8,II,1kg,274,E2,P002 IBC06,MP10,,T3,SGAN,TP33,,AT,2 (E),V11,,,,48
2925,b,"FLAMMABLE SOLID, CORROSIVE, ORGANIC, N.O.S.",,"易燃固体,腐蚀性的,有机的,未另作规定的",,FC1,4.1,4.1+8,III,5kg,274,E1,P002 IBC06 R001,MP10,,T1,SGAN,TP33,,AT,3 (E),,,,,48
2926,a,"FLAMMABLE SOLID, TOXIC, ORGANIC, N.O.S.",,"易燃固体,有毒的,有机的,未另作规定的",,FT1,4.1,4.1+6.1,II,1kg,274,E2,P002 IBC06,MP10,,T3,SGAN,TP33,,AT,2 (E),V11,,CV28,,46
2926,b,"FLAMMABLE SOLID, TOXIC, ORGANIC, N.O.S.",,"易燃固体,有毒的,有机的,未另作规定的",,FT1,4.1,4.1+6.1,III,5kg,274,E1,P002 IBC06 R001,MP10,,T1,SGAN,TP33,,AT,3 (E),,,CV28,,46
2927,a,"TOXIC LIQUID, CORROSIVE, ORGANIC, N.O.S.",,"有毒液体,腐蚀性的,有机的,未另作规定的",,TC1,6.1,6.1+8,I,0,274 315,E5,P001,MP8 MP17,,T14,L10CH,TP2 TP27,TU14 TU15 TE19 TE21,AT,1 (C/E),,,CV1 CV13 CV28,S9 S14,668
2927,b,"TOXIC LIQUID, CORROSIVE, ORGANIC, N.O.S.",,"有毒液体,腐蚀性的,有机的,未另作规定的",,TC1,6.1,6.1+8,II,100mL,274,E4,P001 IBC02,MP15,,T11,L4BH,TP2 TP27,TU15 TE19,AT,2 (D/E),,,CV13 CV28,S9 S19,68
2928,a,"TOXIC SOLID, CORROSIVE, ORGANIC, N.O.S.",,"有毒固体,腐蚀性的,有机的,未另作规定的",,TC2,6.1,6.1+8,I,0,274,E5,P002 IBC05,MP18,,T6,S10AH,TP33,TU14 TU15 TE19 TE21,AT,1 (C/E),V10,,CV1 CV13 CV28,S9 S14,668
2928,b,"TOXIC SOLID, CORROSIVE, ORGANIC, N.O.S.",,"有毒固体,腐蚀性的,有机的,未另作规定的",,TC2,6.1,6.1+8,II,500g,274,E4,P002 IBC06,MP10,,T3,SGAH L4BH,TP33,TU15 TE19,AT,2 (D/E),V11,,CV13 CV28,S9 S19,68
2929,a,"TOXIC LIQUID, FLAMMABLE, ORGANIC, N.O.S.",,"有毒液体,易燃的,有机的,未另作规定的",,TF1,6.1,6.1+3,I,0,274 315,E5,P001,MP8 MP17,,T14,L10CH,TP2 TP27,TU14 TU15 TE19 TE21,FL,1 (C/D),,,CV1 CV13 CV28,S2 S9 S14,663
2929,b,"TOXIC LIQUID, FLAMMABLE, ORGANIC, N.O.S.",,"有毒液体,易燃的,有机的,未另作规定的",,TF1,6.1,6.1+3,II,100mL,274,E4,P001 IBC02,MP15,,T11,L4BH,TP2 TP27,TU15 TE19,FL,2 (D/E),,,CV13 CV28,S2 S9 S19,63
2930,a,"TOXIC SOLID, FLAMMABLE, ORGANIC, N.O.S.",,"有毒固体,易燃的,有机的,未另作规定的",,TF3,6.1,6.1+4.1,I,0,274,E5,P002 IBC05,MP18,,T6,,TP33,,AT,1 (C/E),V10,,CV1 CV13 CV28,S9 S14,664
2930,b,"TOXIC SOLID, FLAMMABLE, ORGANIC, N.O.S.",,"有毒固体,易燃的,有机的,未另作规定的",,TF3,6.1,6.1+4.1,II,500g,274,E4,P002 IBC08,MP10,B4,T3,SGAH L4BH,TP33,TU15 TE19,AT,2 (D/E),V11,,CV13 CV28,S9 S19,64
2931,,VANADYL SULPHATE,,硫酸氧钒,,T5,6.1,6.1,II,500g,,E4,P002 IBC08,MP10,B4,T3,SGAH,TP33,TU15 TE19,AT,2 (D/E),V11,,CV13 CV28,S9 S19,60
2933,,METHYL 2-CHLORO-PROPIONATE,,2-氯丙酸甲酯,,F1,3,3,III,5L,,E1,P001 IBC03 LP01 R001,MP19,,T2,LGBF,TP1,,FL,3 (D/E),V12,,,S2,30
2934,,ISOPROPYL 2-CHLORO-PROPIONATE,,2-氯丙酸异丙酯,,F1,3,3,III,5L,,E1,P001 IBC03 LP01 R001,MP19,,T2,LGBF,TP1,,FL,3 (D/E),V12,,,S2,30
2935,,ETHYL 2-CHLOROPROPIONATE,,2-氯丙酸乙酯,,F1,3,3,III,5L,,E1,P001 IBC03 LP01 R001,MP19,,T2,LGBF,TP1,,FL,3 (D/E),V12,,,S2,30
2936,,THIOLACTIC ACID,,硫羟乳酸,,T1,6.1,6.1,II,100mL,,E4,P001 IBC02,MP15,,T7,L4BH,TP2,TU15 TE19,AT,2 (D/E),,,CV13 CV28,S9 S19,60
2937,,"alpha-METHYLBENZYL ALCOHOL, LIQUID",,"a-甲基苄基醇,液体的",,T1,6.1,6.1,III,5L,,E1,P001 IBC03 LP01 R001,MP19,,T4,L4BH,TP1,TU15 TE19,AT,2 (E),V12,,CV13 CV28,S9,60
2940,a,9-PHOSPHABICYCLONONANES,,9-磷杂二环壬烷类(环辛二烯膦类),,S2,4.2,4.2,II,0,,E2,P410 IBC06,MP14,,T3,SGAN,TP33,,AT,2 (D/E),V1,,,,40
2940,b,CYCLOOCTADIENE PHOSPHINES,,9-磷杂二环壬烷类(环辛二烯膦类),,S2,4.2,4.2,II,0,,E2,P410 IBC06,MP14,,T3,SGAN,TP33,,AT,2 (D/E),V1,,,,40
2941,,FLUOROANILINES,,氟苯胺类,,T1,6.1,6.1,III,5L,,E1,P001 IBC03 LP01 R001,MP19,,T4,L4BH,TP1,TU15 TE19,AT,2 (E),V12,,CV13 CV28,S9,60
2942,,2-TRIFLUOROMETHYLANILINE,,2-三氟甲基苯胺,,T1,6.1,6.1,III,5L,,E1,P001 IBC03 LP01 R001,MP19,,,L4BH,,TU15 TE19,AT,2 (E),V12,,CV13 CV28,S9,60
2943,,TETRAHYDROFURFURYLAMINE,,四氢化糠胺,,F1,3,3,III,5L,,E1,P001 IBC03 LP01 R001,MP19,,T2,LGBF,TP1,,FL,3 (D/E),V12,,,S2,30
2945,,N-METHYLBUTYLAMINE,,N-甲基丁胺,,FC,3,3+8,II,1L,,E2,P001 IBC02,MP19,,T7,L4BH,TP1,,FL,2 (D/E),,,,S2 S20,338
2946,,2-AMINO-5-DIETHYLAMINO-PENTANE,,2-氨基-5-二乙基氨基戊烷,,T1,6.1,6.1,III,5L,,E1,P001 IBC03 LP01 R001,MP19,,T4,L4BH,TP1,TU15 TE19,AT,2 (E),V12,,CV13 CV28,S9,60
2947,,ISOPROPYL CHLOROACETATE,,氯乙酸异丙酯,,F1,3,3,III,5L,,E1,P001 IBC03 LP01 R001,MP19,,T2,LGBF,TP1,,FL,3 (D/E),V12,,,S2,30
2948,,3-TRIFLUOROMETHYLANILINE,,3-三氟甲基苯胺,,T1,6.1,6.1,II,100mL,,E4,P001 IBC02,MP15,,T7,L4BH,TP2,TU15 TE19,AT,2 (D/E),,,CV13 CV28,S9 S19,60
2949,,"SODIUM HYDROSULPHIDE, HYDRATED",with not less than 25% water of crystallization,"硫氢化钠,水合物",含结晶水不低于25%,C6,8,8,II,1kg,523,E2,P002 IBC08,MP10,B4,T7,SGAN L4BN,TP2,,AT,2 (E),V11,,,,80
2950,,"MAGNESIUM GRANULES, COATED",particle size not less than 149,"镁粒,经涂层的",粒径不小于149pm,W2,4.3,4.3,III,1kg,,E1,P410 IBC08 R001,MP14,B4,T1 BK2,SGAN,TP33,,AT,3 (E),V1,VC2 AP4 AP5,CV23,,423
2956,a,"5-tert-BUTYL-2, 4, 6-TRINITRO-m-XYLENE",,"5-叔丁基-2, 4,6-三硝基间二甲苯(二甲苯麝香)",,SR1,4.1,4.1,III,5kg,638,E0,P409,MP2,,,,,,,3 (D),,,CV14,S24,
2956,b,MUSKXYLENE,,二甲苯麝香,,SR1,4.1,4.1,III,5kg,638,E0,P409,MP2,,,,,,,3 (D),,,CV14,S24,
2965,,BORON TRIFLUORIDE DIMETHYL ETHERATE,,三氟化硼合二甲醚,,WFC,4.3,4.3+3+8,I,0,,E0,P401,MP2,,T10,L10DH,TP2 TP7,TU4 TU14 TU22 TE21 TM2,FL,0 (B/E),V1,,CV23,S2 S20,382
2966,,THIOGLYCOL,,硫甘醇,,T1,6.1,6.1,II,100mL,,E4,P001 IBC02,MP15,,T7,L4BH,TP2,TU15 TE19,AT,2 (D/E),,,CV13 CV28,S9 S19,60
2967,,SULPHAMIC ACID,,氨基磺酸,,C2,8,8,III,5kg,,E1,P002 IBC08 LP02 R001,MP10,B3,T1,SGAV,TP33,,AT,3 (E),,VC1 VC2 AP7,,,80
2968,a,"MANEB, STABILIZED",against self-heating,"代森锰,稳定的",防自热的,W2,4.3,4.3,III,1kg,547,E1,P002 IBC08 R001,MP14,B4,T1,SGAN,TP33,,AT,0 (E),V1,VC1 VC2 AP3 AP4 AP5,CV23,,423
2968,b,"MANEB PREPARATION, STABILIZED",against self-heating,"代森锰制品,稳定的",防自热的,W2,4.3,4.3,III,1kg,547,E1,P002 IBC08 R001,MP14,B4,T1,SGAN,TP33,,AT,0 (E),V1,VC1 VC2 AP3 AP4 AP5,CV23,,423
2969,a,CASTOR BEANS,,蓖麻籽,,M11,9,9,II,5kg,141,E2,P002 IBC08,MP10,PP34 B4,T3 BK1 BK2,SGAV,TP33,,AT,2 (E),V11,VC1 VC2,,,90
2969,b,CASTOR MEAL,,蓖麻片,,M11,9,9,II,5kg,141,E2,P002 IBC08,MP10,PP34 B4,T3 BK1 BK2,SGAV,TP33,,AT,2 (E),V11,VC1 VC2,,,90
2969,c,CASTOR POMACE,,蓖麻粉,,M11,9,9,II,5kg,141,E2,P002 IBC08,MP10,PP34 B4,T3 BK1 BK2,SGAV,TP33,,AT,2 (E),V11,VC1 VC2,,,90
2969,d,CASTOR FLAKE,,蓖麻油渣,,M11,9,9,II,5kg,141,E2,P002 IBC08,MP10,PP34 B4,T3 BK1 BK2,SGAV,TP33,,AT,2 (E),V11,VC1 VC2,,,90
2977,,"RADIOACTIVE MATERIAL, URANIUM HEX-AFLUORIDE, FISSILE",,"放射性物质,六氟化铀,可裂变的",,,7,7X+7E+8,,0,,E0,,,,,,,,,0 (C),,,CV33,S6 S11 S21,78
2978,,"RADIOACTIVE MATERIAL, URANIUMHEXA-FLUORIDE",non-fissile or fissile-excepted,"放射性物质,六氟化铀",非裂变或例外的可裂变,,7,7X+8,,0,317,E0,,,,,,,,,0 (C),,,CV33,S6 S11 S21,78
2983,,ETHYLENE OXIDE AND PROPYLENE-OXIDE MIXTURE,not more than 30% ethylene oxide,环氧乙烷(氧化乙烯)和氧化丙烯混合物,环氧乙烷 (氧化乙烯) 不超过30%,FT1,3,3+6.1,I,0,,E0,P001,MP7 MP17,,T14,L10CH,TP2 TP7,TU14 TU15 TE21,FL,1 (C/E),,,CV13 CV28,S2 S22,336
2984,,"HYDROGEN PEROXIDE, AQUEOUS SOLUTION",with not less than 8% but less than 20% hydrogen peroxide (stabilized as necessary),过氧化氢水溶液,"含过氧化氢不少于8%,但少于 20%(必要时加稳定剂)",O1,5.1,5.1,III,5L,65,E1,P504 IBC02 R001,MP15,PP10 B5,T4,LGBV,TP1 TP6 TP24,TU3 TC2 TE8 TE11 TT1,AT,3 (E),,,CV24,,50
2985,,"CHLOROSILANES, FLAMMABLE, CORROSIVE, N.O.S.",,"氯硅烷类,易燃的,腐蚀的,未另作规定的",,FC,3,3+8,II,0,548,E0,P010,MP19,,T14,L4BH,TP2 TP7 TP27,,FL,2 (D/E),,,,S2 S20,X338
2986,,"CHLOROSILANES, CORROSIVE, FLAMMABLE, N.O.S.",,"氯硅烷类,腐蚀的,易燃的,未另作规定的",,CF1,8,8+3,II,0,548,E0,P010,MP15,,T14,L4BN,TP2 TP7 TP27,,FL,2 (D/E),,,,S2,X83
2987,,"CHLOROSILANES, CORROSIVE, N.O.S.",,"氯硅烷类,腐蚀的,未另作规定的",,C3,8,8,II,0,548,E0,P010,MP15,,T14,L4BN,TP2TP7 TP27,,AT,2 (E),,,,,X80
2988,,"CHLOROSILANES, WATER-REACTIVE, FLAMMABLE, CORROSIVE, N.O.S.",,"氯硅烷类,遇水反应,易燃的,腐蚀的,未另作规定的",,WFC,4.3,4.3+3+8,I,0,549,E0,P401,MP2,RR7,T14,L10DH,TP2 TP7,TU14 TU26 TE21 TM2 TM3,FL,0 (B/E),V1,,CV23,S2 S20,X338
2989,a,"LEAD PHOSPHITE, DIBASIC",,亚磷酸二氢铅(二盐基亚磷酸铅),,F3,4.1,4.1,II,1kg,,E2,P002 IBC08,MP11,B4,T3,SGAN,TP33,,AT,2 (E),V11,,,,40
2989,b,"LEAD PHOSPHITE, DIBASIC",,亚磷酸二氢铅(二盐基亚磷酸铅),,F3,4.1,4.1,III,5kg,,E1,P002 IBC08 LP02 R001,MP11,B3,T1,SGAV,TP33,,AT,3 (E),,VC1 VC2,,,40
2990,,"LIFE-SAVING APPLIANCES, SELF-INFLATING",,"救生设备,自动膨胀式",,M5,9,9,,0,296 635,E0,P905,,,,,,,,3 (E),,,,,
2991,a,"CARBAMATE PESTICIDE, LIQUID, TOXIC, FLAMMABLE",flash-point not less than 23°C,"氨基甲酸酯农药,液体的,有毒的,易燃的",闪点不低于23°C,TF2,6.1,6.1+3,I,0,61 274,E5,P001,MP8 MP17,,T14,L10CH,TP2 TP27,TU14 TU15 TE19 TE21,FL,1 (C/E),,,CV1 CV13 CV28,S2 S9 S14,663
2991,b,"CARBAMATEPE STICIDE, LIQUID, TOXIC, FLAMMABLE",flash-point not less than 23°C,"氨基甲酸酯农药,液体的,有毒的,易燃的",闪点不低于23°C,TF2,6.1,6.1+3,II,100mL,61 274,E4,P001 IBC02,MP15,,T11,L4BH,TP2 TP27,TU15 TE19,FL,2 (D/E),,,CV13 CV28,S2 S9 S19,63
2991,c,"CARBAMATE PESTICIDE, LIQUID, TOXIC, FLAMMABLE",flash-point not less than 23°C,"氨基甲酸酯农药,液体的,有毒的,易燃的",闪点不低于23°C,TF2,6.1,6.1+3,III,5L,61 274,E1,P001 IBC03 R001,MP19,,T7,L4BH,TP2 TP28,TU15 TE19,FL,2 (D/E),V12,,CV13 CV28,S2 S9,63
2992,a,"CARBAMATE PESTICIDE, LIQUID,TOXIC",,"氨基甲酸酯农药,液体的,有毒的",,T6,6.1,6.1,I,0,61 274 648,E5,P001,MP8 MP17,,T14,L10CH,TP2 TP27,TU14 TU15 TE19 TE21,AT,1 (C/E),,,CV1 CV13 CV28,S9 S14,66
2992,b,"CARBAMATE PESTICIDE, LIQUID,TOXIC",,"氨基甲酸酯农药,液体的,有毒的",,T6,6.1,6.1,II,100mL,61 274 648,E4,P001 IBC02,MP15,,T11,L4BH,TP2 TP27,TU15 TE19,AT,2 (D/E),,,CV13 CV28,S9 S19,60
2992,c,"CARBAMATE PESTICIDE, LIQUID,TOXIC",,"氨基甲酸酯农药,液体的,有毒的",,T6,6.1,6.1,III,5L,61 274 648,E1,P001 IBC03 LP01 R001,MP19,,T7,L4BH,TP2 TP28,TU15 TE19,AT,2 (E),V12,,CV13 CV28,S9,60
2993,a,"ARSENICAL PESTICIDE, LIQUID, TOXIC, FLAMMABLE",flash-point not less than 23°C,"含砷农药,液体的,有毒的","易燃的,闪点不低于23°C",TF2,6.1,6.1+3,I,0,61 274,E5,P001,MP8 MP17,,T14,L10CH,TP2 TP27,TU14 TU15 TE19 TE21,FL,1 (C/E),,,CV1 CV13 CV28,S2 S9 S14,663
2993,b,"ARSENICAL PESTICIDE, LIQUID, TOXIC, FLAMMABLE",flash-point not less than 23°C,"含砷农药,液体的,有毒的","易燃的,闪点不低于23°C",TF2,6.1,6.1+3,II,100mL,61 274,E4,P001 IBC02,MP15,,T11,L4BH,TP2 TP27,TU15 TE19,FL,2 (D/E),,,CV13 CV28,S2 S9 S19,63
2993,c,"ARSENICAL PESTICIDE, LIQUID, TOXIC, FLAMMABLE",flash-point not less than 23°C,"含砷农药,液体的,有毒的","易燃的,闪点不低于23°C",TF2,6.1,6.1+3,III,5L,61 274,E1,P001 IBC03 R001,MP19,,T7,L4BH,TP2 TP28,TU15 TE19,FL,2 (D/E),V12,,CV13 CV28,S2 S9,63
2994,a,"ARSENICAL PESTICIDE, LIQUID,TOXIC",,"含砷农药,液体的,有毒的",,T6,6.1,6.1,I,0,61 274 648,E5,P001,MP8 MP17,,T14,L10CH,TP2 TP27,TU14 TU15 TE19 TE21,AT,1 (C/E),,,CV1 CV13 CV28,S9 S14,66
2994,b,"ARSENICAL PESTICIDE, LIQUID,TOXIC",,"含砷农药,液体的,有毒的",,T6,6.1,6.1,II,100mL,61 274 648,E4,P001 IBC02,MP15,,T11,L4BH,TP2 TP27,TU15 TE19,AT,2 (D/E),,,CV13 CV28,S9 S19,60
2994,c,"ARSENICAL PESTICIDE, LIQUID,TOXIC",,"含砷农药,液体的,有毒的",,T6,6.1,6.1,III,5L,61 274 648,E1,P001 IBC03 LP01 R001,MP19,,T7,L4BH,TP2 TP28,TU15 TE19,AT,2 (E),V12,,CV13 CV28,S9,60
2995,a,"ORGANOCHLORINE PESTICIDE, LIQUID, TOXIC, FLAMMABLE",flash-point not less than 23°C,"有机氯农药,液体的,有毒的,易燃的",闪点不低于23°C,TF2,6.1,6.1+3,I,0,61 274,E5,P001,MP8 MP17,,T14,L10CH,TP2 TP27,TU14 TU15 TE19 TE21,FL,1 (C/E),,,CV1 CV13 CV28,S2 S9 S14,663
2995,b,"ORGANOCHLORINE PESTICIDE, LIQUID, TOXIC, FLAMMABLE",flash-point not less than 23°C,"有机氯农药,液体的,有毒的,易燃的",闪点不低于23°C,TF2,6.1,6.1+3,II,100mL,61 274,E4,P001 IBC02,MP15,,T11,L4BH,TP2 TP27,TU15 TE19,FL,2 (D/E),,,CV13 CV28,S2 S9 S19,63
2995,c,"ORGANOCHLORINE PESTICIDE, LIQUID, TOXIC, FLAMMABLE",flash-point not less than 23°C,"有机氯农药,液体的,有毒的,易燃的",闪点不低于23°C,TF2,6.1,6.1+3,III,5L,61 274,E1,P001 IBC03 R001,MP19,,T7,L4BH,TP2 TP28,TU15 TE19,FL,2 (D/E),V12,,CV13 CV28,S2 S9,63
2996,a,"ORGANOCHLORINE PESTICIDE, LIQUID,TOXIC",,"有机氯农药,液体的,有毒的",,T6,6.1,6.1,I,0,61 274 648,E5,P001,MP8 MP17,,T14,L10CH,TP2 TP27,TU14 TU15 TE19 TE21,AT,1 (C/E),,,CV1 CV13 CV28,S9 S14,66
2996,b,"ORGANOCHLORINE PESTICIDE, LIQUID,TOXIC",,"有机氯农药,液体的,有毒的",,T6,6.1,6.1,II,100mL,61 274 648,E4,P001 IBC02,MP15,,T11,L4BH,TP2 TP27,TU15 TE19,AT,2 (D/E),,,CV13 CV28,S9 S19,60
2996,c,"ORGANOCHLORINE PESTICIDE, LIQUID,TOXIC",,"有机氯农药,液体的,有毒的",,T6,6.1,6.1,III,5L,61 274 648,E1,P001 IBC03 LP01 R001,MP19,,T7,L4BH,TP2 TP28,TU15 TE19,AT,2 (E),V12,,CV13 CV28,S9,60
2997,a,"TRIAZINE PESTICIDE, LIQUID, TOXIC, FLAMMABLE",flash-point not less than 23°C,"三嗪农药,液体的,有毒的,易燃的",闪点不低于23°C,TF2,6.1,6.1+3,I,0,61 274,E5,P001,MP8 MP17,,T14,L10CH,TP2 TP27,TU14 TU15 TE19 TE21,FL,1 (C/E),,,CV1 CV13 CV28,S2 S9 S14,663
2997,b,"TRIAZINE PESTICIDE, LIQUID, TOXIC, FLAMMABLE",flash-point not less than 23°C,"三嗪农药,液体的,有毒的,易燃的",闪点不低于23°C,TF2,6.1,6.1+3,II,100mL,61 274,E4,P001 IBC02,MP15,,T11,L4BH,TP2 TP27,TU15 TE19,FL,2 (D/E),,,CV13 CV28,S2 S9 S19,63
2997,c,"TRIAZINE PESTICIDE, LIQUID, TOXIC, FLAMMABLE",flash-point not less than 23°C,"三嗪农药,液体的,有毒的,易燃的",闪点不低于23°C,TF2,6.1,6.1+3,III,5L,61 274,E1,P001 IBC03 R001,MP19,,T7,L4BH,TP2 TP28,TU15 TE19,FL,2 (D/E),V12,,CV13 CV28,S2 S9,63
2998,a,"TRIAZINE PESTICIDE, LIQUID,TOXIC",,"三嗪农药,液体的,有毒的",,T6,6.1,6.1,I,0,61 274 648,E5,P001,MP8 MP17,,T14,L10CH,TP2 TP27,TU14 TU15 TE19 TE21,AT,1 (C/E),,,CV1 CV13 CV28,S9 S14,66
2998,b,"TRIAZINE PESTICIDE, LIQUID,TOXIC",,"三嗪农药,液体的,有毒的",,T6,6.1,6.1,II,100mL,61 274 648,E4,P001 IBC02,MP15,,T11,L4BH,TP2 TP27,TU15 TE19,AT,2 (D/E),,,CV13 CV28,S9 S19,60
2998,c,"TRIAZINE PESTICIDE, LIQUID,TOXIC",,"三嗪农药,液体的,有毒的",,T6,6.1,6.1,III,5L,61 274 648,E1,P001 IBC03 LP01 R001,MP19,,T7,L4BH,TP2 TP28,TU15 TE19,AT,2 (E),V12,,CV13 CV28,S9,60
3005,a,"THIOCARBAMATE PESTICIDE, LIQUID, TOXIC, FLAMMABLE",flash-point not less than 23°C,"硫代氨基甲酸酯农药,液体的,有毒的,易燃的",闪点不低于23°C,TF2,6.1,6.1+3,I,0,61 274,E5,P001,MP8 MP17,,T14,L10CH,TP2,TU14 TU15 TE19 TE21,FL,1 (C/E),,,CV1 CV13 CV28,S2 S9 S14,663
3005,b,"THIOCARBAMATE PESTICIDE, LIQUID, TOXIC, FLAMMABLE",flash-point not less than 23°C,"硫代氨基甲酸酯农药,液体的,有毒的,易燃的",闪点不低于23°C,TF2,6.1,6.1+3,II,100mL,61 274,E4,P001 IBC02,MP15,,T11,L4BH,TP2 TP27,TU15 TE19,FL,2 (D/E),,,CV13 CV28,S2 S9 S19,63
3005,c,"THIOCARBAMATE PESTICIDE, LIQUID, TOXIC, FLAMMABLE",flash-point not less than 23°C,"硫代氨基甲酸酯农药,液体的,有毒的,易燃的",闪点不低于23°C,TF2,6.1,6.1+3,III,5L,61 274,E1,P001 IBC03 R001,MP19,,T7,L4BH,TP2 TP28,TU15 TE19,FL,2 (D/E),V12,,CV13 CV28,S2 S9,63
3006,a,"THIOCARBAMATE PESTICIDE, LIQUID,TOXIC",,"硫代氨基甲酸酯农药,液体的,有毒的",,T6,6.1,6.1,I,0,61 274 648,E5,P001,MP8 MP17,,T14,L10CH,TP2,TU14 TU15 TE19 TE21,AT,1 (C/E),,,CV1 CV13 CV28,S9 S14,66
3006,b,"THIOCARBAMATE PESTICIDE, LIQUID,TOXIC",,"硫代氨基甲酸酯农药,液体的,有毒的",,T6,6.1,6.1,II,100mL,61 274 648,E4,P001 IBC02,MP15,,T11,L4BH,TP2 TP27,TU15 TE19,AT,2 (D/E),,,CV13 CV28,S9 S19,60
3006,c,"THIOCARBAMATE PESTICIDE, LIQUID,TOXIC",,"硫代氨基甲酸酯农药,液体的,有毒的",,T6,6.1,6.1,III,5L,61 274 648,E1,P001 IBC03 LP01 R001,MP19,,T7,L4BH,TP2 TP28,TU15 TE19,AT,2 (E),V12,,CV13 CV28,S9,60
3009,a,"COPPER BASED PESTICIDE, LIQUID, TOXIC, FLAMMABLE",flash-point not less than 23°C,"铜基农药,液体的,有毒的,易燃的",闪点不低于23°C,TF2,6.1,6.1+3,I,0,61 274,E5,P001,MP8 MP17,,T14,L10CH,TP2 TP27,TU14 TU15 TE19 TE21,FL,1 (C/E),,,CV1 CV13 CV28,S2 S9 S14,663
3009,b,"COPPER BASED PESTICIDE, LIQUID, TOXIC, FLAMMABLE",flash-point not less than 23°C,"铜基农药,液体的,有毒的,易燃的",闪点不低于23°C,TF2,6.1,6.1+3,II,100mL,61 274,E4,P001 IBC02,MP15,,T11,L4BH,TP2 TP27,TU15 TE19,FL,2 (D/E),,,CV13 CV28,S2 S9 S19,63
3009,c,"COPPER BASED PESTICIDE, LIQUID, TOXIC, FLAMMABLE",flash-point not less than 23°C,"铜基农药,液体的,有毒的,易燃的",闪点不低于23°C,TF2,6.1,6.1+3,III,5L,61 274,E1,P001 IBC03 R001,MP19,,T7,L4BH,TP2 TP28,TU15 TE19,FL,2 (D/E),V12,,CV13 CV28,S2 S9,63
3010,a,"COPPER BASED PESTICIDE, LIQUID,TOXIC",,"铜基农药,液体的,有毒的",,T6,6.1,6.1,I,0,61 274 648,E5,P001,MP8 MP17,,T14,L10CH,TP2 TP27,TU14 TU15 TE19 TE21,AT,1 (C/E),,,CV1 CV13 CV28,S9 S14,66
3010,b,"COPPER BASED PESTICIDE, LIQUID,TOXIC",,"铜基农药,液体的,有毒的",,T6,6.1,6.1,II,100mL,61 274 648,E4,P001 IBC02,MP15,,T11,L4BH,TP2 TP27,TU15 TE19,AT,2 (D/E),,,CV13 CV28,S9 S19,60
3010,c,"COPPER BASED PESTICIDE, LIQUID,TOXIC",,"铜基农药,液体的,有毒的",,T6,6.1,6.1,III,5L,61 274 648,E1,P001 IBC03 LP01 R001,MP19,,T7,L4BH,TP2 TP28,TU15 TE19,AT,2 (E),V12,,CV13 CV28,S9,60
3011,a,"MERCURY BASED PESTICIDE, LIQUID, TOXIC, FLAMMABLE",flash-point not less than 23°C,"汞基农药,液体的,有毒的,易燃的",闪点不低于23°C,TF2,6.1,6.1+3,I,0,61 274,E5,P001,MP8 MP17,,T14,L10CH,TP2 TP27,TU14 TU15 TE19 TE21,FL,1 (C/E),,,CV1 CV13 CV28,S2 S9 S14,663
3011,b,"MERCURY BASED PESTICIDE, LIQUID, TOXIC, FLAMMABLE",flash-point not less than 23°C,"汞基农药,液体的,有毒的,易燃的",闪点不低于23°C,TF2,6.1,6.1+3,II,100mL,61 274,E4,P001 IBC02,MP15,,T11,L4BH,TP2 TP27,TU15 TE19,FL,2 (D/E),,,CV13 CV28,S2 S9 S19,63
3011,c,"MERCURY BASED PESTICIDE, LIQUID, TOXIC, FLAMMABLE",flash-point not less than 23°C,"汞基农药,液体的,有毒的,易燃的",闪点不低于23°C,TF2,6.1,6.1+3,III,5L,61 274,E1,P001 IBC03 R001,MP19,,T7,L4BH,TP2 TP28,TU15 TE19,FL,2 (D/E),V12,,CV13 CV28,S2 S9,63
3012,a,"MERCURY BASED PESTICIDE, LIQUID,TOXIC",,"汞基农药,液体的,有毒的",,T6,6.1,6.1,I,0,61 274 648,E5,P001,MP8 MP17,,T14,L10CH,TP2 TP27,TU14 TU15 TE19 TE21,AT,1 (C/E),,,CV1 CV13 CV28,S9 S14,66
3012,b,"MERCURY BASED PESTICIDE, LIQUID,TOXIC",,"汞基农药,液体的,有毒的",,T6,6.1,6.1,II,100mL,61 274 648,E4,P001 IBC02,MP15,,T11,L4BH,TP2 TP27,TU15 TE19,AT,2 (D/E),,,CV13 CV28,S9 S19,60
3012,c,"MERCURY BASED PESTICIDE, LIQUID,TOXIC",,"汞基农药,液体的,有毒的",,T6,6.1,6.1,III,5L,61 274 648,E1,P001 IBC03 LP01 R001,MP19,,T7,L4BH,TP2 TP28,TU15 TE19,AT,2 (E),V12,,CV13 CV28,S9,60
3013,a,"SUBSTITUTED NITROPHENOL PESTICIDE, LIQUID, TOXIC, FLAMMABLE",flash-point not less than 23°C,"取代硝基苯酚农药,液体的,有毒的,易燃的",闪点不低于23°C,TF2,6.1,6.1+3,I,0,61 274,E5,P001,MP8 MP17,,T14,L10CH,TP2 TP27,TU14 TU15 TE19 TE21,FL,1 (C/E),,,CV1 CV13 CV28,S2 S9 S14,663
3013,b,"SUBSTITUTED NITROPHENOL PESTICIDE, LIQUID, TOXIC, FLAMMABLE",flash-point not less than 23°C,"取代硝基苯酚农药,液体的,有毒的,易燃的",闪点不低于23°C,TF2,6.1,6.1+3,II,100mL,61 274,E4,P001 IBC02,MP15,,T11,L4BH,TP2 TP27,TU15 TE19,FL,2 (D/E),,,CV13 CV28,S2 S9 S19,63
3013,c,"SUBSTITUTED NITROPHENOL PESTICIDE, LIQUID, TOXIC, FLAMMABLE",flash-point not less than 23°C,"取代硝基苯酚农药,液体的,有毒的,易燃的",闪点不低于23°C,TF2,6.1,6.1+3,III,5L,61 274,E1,P001 IBC03 R001,MP19,,T7,L4BH,TP2 TP28,TU15 TE19,FL,2 (D/E),V12,,CV13 CV28,S2 S9,63
3014,a,"SUBSTITUTED NITROPHENOL PESTICIDE, LIQUID,TOXIC",,"取代硝基苯酚农药,液体的,有毒的",,T6,6.1,6.1,I,0,61 274 648,E5,P001,MP8 MP17,,T14,L10CH,TP2 TP27,TU14 TU15 TE19 TE21,AT,1 (C/E),,,CV1 CV13 CV28,S9 S14,66
3014,b,"SUBSTITUTED NITROPHENOL PESTICIDE, LIQUID,TOXIC",,"取代硝基苯酚农药,液体的,有毒的",,T6,6.1,6.1,II,100mL,61 274 648,E4,P001 IBC02,MP15,,T11,L4BH,TP2 TP27,TU15 TE19,AT,2 (D/E),,,CV13 CV28,S9 S19,60
3014,c,"SUBSTITUTED NITROPHENOL PESTICIDE, LIQUID,TOXIC",,"取代硝基苯酚农药,液体的,有毒的",,T6,6.1,6.1,III,5L,61 274 648,E1,P001 IBC03 LP01 R001,MP19,,T7,L4BH,TP2 TP28,TU15 TE19,AT,2 (E),V12,,CV13 CV28,S9,60
3015,a,"BIPYRIDILIUM PESTICIDE, LIQUID, TOXIC, FLAMMABLE",flash-point not less than 23°C,"联吡啶农药,液体的,有毒的,易燃的",闪点不低于23°C,TF2,6.1,6.1+3,I,0,61 274,E5,P001,MP8 MP17,,T14,L10CH,TP2 TP27,TU14 TU15 TE19 TE21,FL,1 (C/E),,,CV1 CV13 CV28,S2 S9 S14,663
3015,b,"BIPYRIDILIUM PESTICIDE, LIQUID, TOXIC, FLAMMABLE",flash-point not less than 23°C,"联吡啶农药,液体的,有毒的,易燃的",闪点不低于23°C,TF2,6.1,6.1+3,II,100mL,61 274,E4,P001 IBC02,MP15,,T11,L4BH,TP2 TP27,TU15 TE19,FL,2 (D/E),,,CV13 CV28,S2 S9 S19,63
3015,c,"BIPYRIDILIUM PESTICIDE, LIQUID, TOXIC, FLAMMABLE",flash-point not less than 23°C,"联吡啶农药,液体的,有毒的,易燃的",闪点不低于23°C,TF2,6.1,6.1+3,III,5L,61 274,E1,P001 IBC03 R001,MP19,,T7,L4BH,TP2 TP28,TU15 TE19,FL,2 (D/E),V12,,CV13 CV28,S2 S9,63
3016,a,"BIPYRIDILIUM PESTICIDE, LIQUID,TOXIC",,"联吡啶农药,液体的,有毒的",,T6,6.1,6.1,I,0,61 274 648,E5,P001,MP8 MP17,,T14,L10CH,TP2 TP27,TU14 TU15 TE19 TE21,AT,1 (C/E),,,CV1 CV13 CV28,S9 S14,66
3016,b,"BIPYRIDILIUM PESTICIDE, LIQUID,TOXIC",,"联吡啶农药,液体的,有毒的",,T6,6.1,6.1,II,100mL,61 274 648,E4,P001 IBC02,MP15,,T11,L4BH,TP2 TP27,TU15 TE19,AT,2 (D/E),,,CV13 CV28,S9 S19,60
3016,c,"BIPYRIDILIUM PESTICIDE, LIQUID,TOXIC",,"联吡啶农药,液体的,有毒的",,T6,6.1,6.1,III,5L,61 274 648,E1,P001 IBC03 LP01 R001,MP19,,T7,L4BH,TP2 TP28,TU15 TE19,AT,2 (E),V12,,CV13 CV28,S9,60
3017,a,"ORGANOPHOSPHORUS PESTICIDE, LIQUID, TOXIC, FLAMMABLE",flash-point not less than 23°C,"有机磷农药,液体的,有毒的,易燃的",闪点不低于23°C,TF2,6.1,6.1+3,I,0,61 274,E5,P001,MP8 MP17,,T14,L10CH,TP2 TP27,TU14 TU15 TE19 TE21,FL,1 (C/E),,,CV1 CV13 CV28,S2 S9 S14,663
3017,b,"ORGANOPHOSPHORUS PESTICIDE, LIQUID, TOXIC, FLAMMABLE",flash-point not less than 23°C,"有机磷农药,液体的,有毒的,易燃的",闪点不低于23°C,TF2,6.1,6.1+3,II,100mL,61 274,E4,P001 IBC02,MP15,,T11,L4BH,TP2 TP27,TU15 TE19,FL,2 (D/E),,,CV13 CV28,S2 S9 S19,63
3017,c,"ORGANOPHOSPHORUS PESTICIDE, LIQUID, TOXIC, FLAMMABLE",flash-point not less than 23°C,"有机磷农药,液体的,有毒的,易燃的",闪点不低于23°C,TF2,6.1,6.1+3,III,5L,61 274,E1,P001 IBC03 R001,MP19,,T7,L4BH,TP2 TP28,TU15 TE19,FL,2 (D/E),V12,,CV13 CV28,S2 S9,63
3018,a,"ORGANOPHOSPHORUS PESTICIDE, LIQUID,TOXIC",,"有机磷农药,液体的,有毒的",,T6,6.1,6.1,I,0,61 274 648,E5,P001,MP8 MP17,,T14,L10CH,TP2 TP27,TU14 TU15 TE19 TE21,AT,1 (C/E),,,CV1 CV13 CV28,S9 S14,66
3018,b,"ORGANOPHOSPHORUS PESTICIDE, LIQUID,TOXIC",,"有机磷农药,液体的,有毒的",,T6,6.1,6.1,II,100mL,61 274 648,E4,P001 IBC02,MP15,,T11,L4BH,TP2 TP27,TU15 TE19,AT,2 (D/E),,,CV13 CV28,S9 S19,60
3018,c,"ORGANOPHOSPHORUS PESTICIDE, LIQUID,TOXIC",,"有机磷农药,液体的,有毒的",,T6,6.1,6.1,III,5L,61 274 648,E1,P001 IBC03 LP01 R001,MP19,,T7,L4BH,TP2 TP28,TU15 TE19,AT,2 (E),V12,,CV13 CV28,S9,60
3019,a,"ORGANOTIN PESTICIDE, LIQUID, TOXIC, FLAMMABLE",flash-point not less than 23°C,"有机锡农药,液体的,有毒的,易燃的",闪点不低于23°C,TF2,6.1,6.1+3,I,0,61 274,E5,P001,MP8 MP17,,T14,L10CH,TP2 TP27,TU14 TU15 TE19 TE21,FL,1 (C/E),,,CV1 CV13 CV28,S2 S9 S14,663
3019,b,"ORGANOTIN PESTICIDE, LIQUID, TOXIC, FLAMMABLE",flash-point not less than 23°C,"有机锡农药,液体的,有毒的,易燃的",闪点不低于23°C,TF2,6.1,6.1+3,II,100mL,61 274,E4,P001 IBC02,MP15,,T11,L4BH,TP2 TP27,TU15 TE19,FL,2 (D/E),,,CV13 CV28,S2 S9 S19,63
3019,c,"ORGANOTIN PESTICIDE, LIQUID, TOXIC, FLAMMABLE",flash-point not less than 23°C,"有机锡农药,液体的,有毒的,易燃的",闪点不低于23°C,TF2,6.1,6.1+3,III,5L,61 274,E1,P001 IBC03 R001,MP19,,T7,L4BH,TP2 TP28,TU15 TE19,FL,2 (D/E),V12,,CV13 CV28,S2 S9,63
3020,a,"ORGANOTIN PESTICIDE, LIQUID,TOXIC",,"有机锡农药,液体的,有毒的",,T6,6.1,6.1,I,0,61 274 648,E5,P001,MP8 MP17,,T14,L10CH,TP2 TP27,TU14 TU15 TE19 TE21,AT,1 (C/E),,,CV1 CV13 CV28,S9 S14,66
3020,b,"ORGANOTIN PESTICIDE, LIQUID,TOXIC",,"有机锡农药,液体的,有毒的",,T6,6.1,6.1,II,100mL,61 274 648,E4,P001 IBC02,MP15,,T11,L4BH,TP2 TP27,TU15 TE19,AT,2 (D/E),,,CV13 CV28,S9 S19,60
3020,c,"ORGANOTIN PESTICIDE, LIQUID,TOXIC",,"有机锡农药,液体的,有毒的",,T6,6.1,6.1,III,5L,61 274 648,E1,P001 IBC03 LP01 R001,MP19,,T7,L4BH,TP2 TP28,TU15 TE19,AT,2 (E),V12,,CV13 CV28,S9,60
3021,a,"PESTICIDE, LIQUID, FLAMMABLE, TOXIC,N.O.S.",flash-point less than 23°C,"农药,液体的,易燃的,有毒的","未另作规定的,闪点低于23°C",FT2,3,3+6.1,I,0,61 274,E0,P001,MP7 MP17,,T14,L10CH,TP2 TP27,TU14 TU15 TE21,FL,1 (C/E),,,CV13 CV28,S2 S22,336
3021,b,"PESTICIDE, LIQUID, FLAMMABLE, TOXIC,N.O.S.",flash-point less than 23°C,"农药,液体的,易燃的,有毒的","未另作规定的,闪点低于23°C",FT2,3,3+6.1,II,1L,61 274,E2,P001 IBC02 R001,MP19,,T11,L4BH,TP2 TP27,TU15,FL,2 (D/E),,,CV13 CV28,S2 S22,336
3022,,"1,2-BUTYLENE OXIDE, STABILIZED",,"1,2-环氧丁烷,稳定的",,F1,3,3,II,1L,,E2,P001 IBC02 R001,MP19,,T4,LGBF,TP1,,FL,2 (D/E),,,,S2 S20,339
3023,,2-METHYL-2-HEPTANETHIOL,,甲基-2-庚硫醇,,TF1,6.1,6.1+3,I,0,354,E0,P602,MP8 MP17,,T20,L10CH,TP2 TP35,TU14 TU15 TE19 TE21,FL,1 (C/D),,,CV1 CV13 CV28,S2 S9 S14,663
3024,a,"COUMARIN DERIVATIVE PESTICIDE, LIQUID, FLAMMABLE, TOXIC",flash-point less than 23°C,"香豆素衍生物农药,液体的,易燃的,有毒的",闪点低于23°C,FT2,3,3+6.1,I,0,61 274,E0,P001,MP7 MP17,,T14,L10CH,TP2 TP27,TU14 TU15 TE21,FL,1 (C/E),,,CV13 CV28,S2 S22,336
3024,b,"COUMARIN DERIVATIVE PESTICIDE, LIQUID, FLAMMABLE, TOXIC",flash-point less than 23°C,"香豆素衍生物农药,液体的,易燃的,有毒的",闪点低于23°C,FT2,3,3+6.1,II,1L,61 274,E2,P001 IBC02 R001,MP19,,T11,L4BH,TP2 TP27,TU15,FL,2 (D/E),,,CV13 CV28,S2 S22,336
3025,a,"COUMARIN DERIVATIVE PESTICIDE, LIQUID, TOXIC, FLAMMABLE",flash-point not less than 23°C,香豆素衍生物农药,"液体的,有毒的,易燃的,闪点不低于23°C",TF2,6.1,6.1+3,I,0,61 274,E5,P001,MP8 MP17,,T14,L10CH,TP2 TP27,TU14 TU15 TE19 TE21,FL,1 (C/E),,,CV1 CV13 CV28,S2 S9 S14,663
3025,b,"COUMARIN DERIVATIVE PESTICIDE, LIQUID, TOXIC, FLAMMABLE",flash-point not less than 23°C,香豆素衍生物农药,"液体的,有毒的,易燃的,闪点不低于23°C",TF2,6.1,6.1+3,II,100mL,61 274,E4,P001 IBC02,MP15,,T11,L4BH,TP2 TP27,TU15 TE19,FL,2 (D/E),,,CV13 CV28,S2 S9 S19,63
3025,c,"COUMARIN DERIVATIVE PESTICIDE, LIQUID, TOXIC, FLAMMABLE",flash-point not less than 23°C,香豆素衍生物农药,"液体的,有毒的,易燃的,闪点不低于23°C",TF2,6.1,6.1+3,III,5L,61 274,E1,P001 IBC03 R001,MP19,,T7,L4BH,TP1 TP28,TU15 TE19,FL,2 (D/E),V12,,CV13 CV28,S2 S9,63
3026,a,"COUMARIN DERIVATIVE PESTICIDE, LIQUID,TOXIC",,"香豆素衍生物农药,液体的,有毒的",,T6,6.1,6.1,I,0,61 274 648,E5,P001,MP8 MP17,,T14,L10CH,TP2 TP27,TU14 TU15 TE19 TE21,AT,1 (C/E),,,CV1 CV13 CV28,S9 S14,66
3026,b,"COUMARIN DERIVATIVE PESTICIDE, LIQUID,TOXIC",,"香豆素衍生物农药,液体的,有毒的",,T6,6.1,6.1,II,100mL,61 274 648,E4,P001 IBC02,MP15,,T11,L4BH,TP2 TP27,TU15 TE19,AT,2 (D/E),,,CV13 CV28,S9 S19,60
3026,c,"COUMARIN DERIVATIVE PESTICIDE, LIQUID,TOXIC",,"香豆素衍生物农药,液体的,有毒的",,T6,6.1,6.1,III,5L,61 274 648,E1,P001 IBC03 LP01 R001,MP19,,T7,L4BH,TP1 TP28,TU15 TE19,AT,2 (E),V12,,CV13 CV28,S9,60
3027,a,"COUMARIN DERIVATIVE PESTICIDE, SOLID,TOXIC",,"香豆素衍生物农药,固体的,有毒的",,T7,6.1,6.1,I,0,61 274 648,E5,P002 IBC07,MP18,,T6,S10AH L10CH,TP33,TU14 TU15 TE19 TE21,AT,1 (C/E),V10,,CV1 CV13 CV28,S9 S14,66
3027,b,"COUMARIN DERIVATIVE PESTICIDE, SOLID,TOXIC",,"香豆素衍生物农药,固体的,有毒的",,T7,6.1,6.1,II,500g,61 274 648,E4,P002 IBC08,MP10,B4,T3,SGAH L4BH,TP33,TU15 TE19,AT,2 (D/E),V11,,CV13 CV28,S9 S19,60
3027,c,"COUMARIN DERIVATIVE PESTICIDE, SOLID,TOXIC",,"香豆素衍生物农药,固体的,有毒的",,T7,6.1,6.1,III,5kg,61 274 648,E1,P002 IBC08 LP02 R001,MP10,B3,T1,SGAH L4BH,TP33,TU15 TE19,AT,2 (E),,VC1 VC2 AP7,CV13 CV28,S9,60
3028,a,"BATTERIES, DRY, CONTAINING POTASSIUM HYDROXIDE SOLID",electric storage,"蓄电池,干的,含固体氢氧化钾",蓄存电的,C11,8,8,,2kg,295 304 598,E0,P801,,,,,,,,3 (E),,VC1 VC2 AP8,,,80
3028,b,"BATTERIES, DRY, CONTAINING POTASSIUM HYDROXIDE SOLID",electric storage,"蓄电池,干的,含固体氢氧化钾",蓄存电的,C11,8,8,,2kg,295 304 598,E0,P801a,,,,,,,,3 (E),,VC1 VC2 AP8,,,80
3048,,ALUMINIUM PHOSPHIDE PESTICIDE,,磷化铝农药,,T7,6.1,6.1,I,0,153 648,E0,P002 IBC07,MP18,,T6,S10AH,TP33,TU15 TE19,AT,1 (C/E),V10,,CV1 CV13 CV28,S9 S14,642
3054,,CYCLOHEXYL MERCAPTAN,,环己硫醇,,F1,3,3,III,5L,,E1,P001 IBC03 LP01 R001,MP19,,T2,LGBF,TP1,,FL,3 (D/E),V12,,,S2,30
3055,,2-(2-AMINOETHOXY) ETHANOL,,2-(2-氨基乙氧基)乙醇,,C7,8,8,III,5L,,E1,P001 IBC03 LP01 R001,MP19,,T4,L4BN,TP1,,AT,3 (E),V12,,,,80
3056,,n-HEPTALDEHYDE,,庚醛,,F1,3,3,III,5L,,E1,P001 IBC03 LP01 R001,MP19,,T2,LGBF,TP1,,FL,3 (D/E),V12,,,S2,30
3057,,TRIFLUOROACETYL CHLORIDE,,三氟乙酰氯,,2TC,2,2.3+8,,0,,E0,P200,MP9,,T50,PxBH(M),TP21,TA4 TT9,AT,1 (C/D),,,CV9 CV10 CV36,S14,268
3064,,"NITROGLYCERIN, SOLUTION IN ALCOHOL",with more than 1% but not more than 5% nitroglycerin,硝化甘油酒精溶液,"含硝化甘油大于1%,但不大于5%",D,3,3,II,0,359,E0,P300,MP2,,,,,,,2 (B),,,,S2 S14,
3065,a,ALCOHOLIC BEVERAGES,with more than 70% alcohol by volume,酒精饮料,按体积含酒精在70%以上,F1,3,3,II,5L,,E2,P001 IBC02 R001,MP19,PP2,T4,LGBF,TP1,,FL,2 (D/E),,,,S2 S20,33
3065,b,ALCOHOLIC BEVERAGES,with more than 24% but not more than 70% alcohol by volume,酒精饮料,按体积含酒精超过24%但不超过70%,F1,3,3,III,5L,144 145 247,E1,P001 IBC03 R001,MP19,PP2,T2,LGBF,TP1,,FL,3 (D/E),V12,,,S2,30
3066,a,PAINT,"(including paint,lacquer, enamel,stain, shellac, varnish, polish,liquid filler and liquid lacquer base) or PAINT RELATED MATERIAL (including paint thinning and reducing compound)",涂料,(包括油漆、真漆、瓷漆、着色剂、紫胶、清漆、虫胶清漆、液体填料和液体真漆基料)或涂料相关材料(包括涂料稀释剂或调稀剂),C9,8,8,II,1L,163 367,E2,P001 IBC02,MP15,,T7,L4BN,TP2 TP28,,AT,2 (E),,,,,80
3066,b,PAINT,"(including paint,lacquer, enamel,stain, shellac, varnish, polish,liquid filler and liquid lacquer base) or PAINT RELATED MATERIAL (including paint thinning and reducing compound)",涂料,(包括油漆、真漆、瓷漆、着色剂、紫胶、清漆、虫胶清漆、液体填料和液体真漆基料)或涂料相关材料(包括涂料稀释剂或调稀剂),C9,8,8,III,5L,163 367,E1,P001 IBC03 R001,MP19,,T4,L4BN,TP1 TP29,,AT,3 (E),V12,,,,80
3070,,ETHYLENE OXIDE AND DICHLORODIFL-UOROMETHANE MIXTURE,with not more than 12. 5% ethylene oxide,环氧乙烷(氧化乙烯)和二氯二氟甲烷混合物,含环氧乙烷(氧化乙烯)不超过12.5%,2A,2,2.2,,120mL,662,E1,P200,MP9,,(M) T50,PxBN(M),,TA4 TT9,AT,3 (C/E),,,CV9 CV10 CV36,,20
3071,,"MERCAPTANS, LIQUID, TOXIC, FLAMMABLE, N.O.S. or MERCAPTAN MIXTURE, LIQUID, TOXIC, FLAMMABLE, N.O.S.",,"硫醇类,液体的,有毒的,易燃的,未另作规定的或硫醇混合物,液体的,有毒的,易燃的,未另作规定的",,TF1,6.1,6.1+3,II,100mL,274,E4,P001 IBC02,MP15,,T11,L4BH,TP2 TP27,TU15 TE19,FL,2 (D/E),,,CV13 CV28,S2 S9 S19,63
3072,,LIFE-SAVING APPLIANCES NOT SELF-INFLATING,containing dangerous goods as equipment,"救生设备,非自动膨胀式",装备中含有危险物品,M5,9,9,,0,296 635,E0,P905,,,,,,,,3 (E),,,,,
3073,,"VINYLPYRIDINES, STABILIZED",,"乙烯基吡啶类,稳定的",,TFC,6.1,6.1+3+8,II,100mL,,E4,P001 IBC01,MP15,,T7,L4BH,TP2,TU15 TE19,FL,2 (D/E),,,CV13 CV28,S2 S9 S19,638
3077,,"ENVIRONMENTALLY HAZARDOUS SUBSTANCE, SOLID,N.O.S.",,"对环境有害的物质,固体的,未另作规定的",,M7,9,9,III,5kg,274 335 375 601,E1,P002 IBC08 LP02 R001,MP10,PP12 B3,T1 BK1 BK2,SGAV LGBV,TP33,,AT,3 (E),V13,VC1 VC2,CV13,,90
3078,,CERIUM,turnings or gritty powder,铈,切屑或粗粉状,W2,4.3,4.3,II,500g,550,E2,P410 IBC07,MP14,,T3,SGAN,TP33,,AT,2 (D/E),V1,,CV23,,423
3079,,"METHACRYLONITRILE, STABILIZED",,"甲基丙烯腈,稳定的",,TF1,6.1,6.1+3,I,0,354,E0,P602,MP8 MP17,,T20,L10CH,TP2 TP37,TU14 TU15 TE19 TE21,FL,1 (C/D),,,CV1 CV13 CV28,S2 S9 S14,663
3080,,"ISOCYANATES, TOXIC, FLAMMABLE, N.O.S. or ISOCYANATE SOLUTION, TOXIC, FLAMMABLE, N.O.S.",,"异氰酸酯类,有毒的,易燃的,未另作规定的或异氰酸酯溶液,有毒的,易燃的,未另作规定的",,TF1,6.1,6.1+3,II,100mL,274 551,E4,P001 IBC02,MP15,,T11,L4BH,TP2 TP27,TU15 TE19,FL,2 (D/E),,,CV13 CV28,S2 S9 S19,63
3082,,"ENVIRONMEN-TALLY HAZARDOUS SUBSTANCE, LIQUID, N.O.S.",,"对环境有害的物质,液体的,未另作规定的",,M6,9,9,III,5L,274 335 375 601,E1,P001 IBC03 LP01 R001,MP19,PP1,T4,LGBV,TP1 TP29,,AT,3 (E),V12,,CV13,,90
3083,,PERCHLORYL FLUORIDE,,氟化高氯酰 (高氯酰氟),,2TO,2,2.3+5.1,,0,,E0,P200,MP9,,(M),PxBH(M),,TA4 TT9,AT,1 (C/D),,,CV9 CV10 CV36,S14,265
3084,a,"CORROSIVE SOLID, OXIDIZING, N.O.S.",,"腐蚀性固体,氧化性,未另作规定的",,CO2,8,8+5.1,I,0,274,E0,P002,MP18,,T6,S10AN L10BH,TP33,,AT,1 (E),,,CV24,S14,885
3084,b,"CORROSIVE SOLID, OXIDIZING, N.O.S.",,"腐蚀性固体,氧化性,未另作规定的",,CO2,8,8+5.1,II,1kg,274,E2,P002 IBC06,MP10,,T3,SGAN L4BN,TP33,,AT,2 (E),V11,,CV24,,85
3085,a,"OXIDIZING SOLID, CORROSIVE, N.O.S.",,"氧化性固体,腐蚀性,未另作规定的",,OC2,5.1,5.1+8,I,0,274,E0,P503,MP2,,,,,,,1 (E),,,CV24,S20,
3085,b,"OXIDIZING SOLID, CORROSIVE, N.O.S.",,"氧化性固体,腐蚀性,未另作规定的",,OC2,5.1,5.1+8,II,1kg,274,E2,P002 IBC06,MP2,,T3,SGAN,TP33,TU3,AT,2 (E),V11,,CV24,,58
3085,c,"OXIDIZING SOLID, CORROSIVE, N.O.S.",,"氧化性固体,腐蚀性,未另作规定的",,OC2,5.1,5.1+8,III,5kg,274,E1,P002 IBC08 R001,MP2,B3,T1,SGAN,TP33,TU3,AT,3 (E),,,CV24,,58
3086,a,"TOXIC SOLID, OXIDIZING, N.O.S.",,"有毒固体,氧化性,未另作规定的",,TO2,6.1,6.1+5.1,I,0,274,E5,P002,MP18,,T6,S10AH L10CH,TP33,TU14 TU15 TE19 TE21,AT,1 (C/E),,,CV1 CV13 CV28,S9 S14,665
3086,b,"TOXIC SOLID, OXIDIZING, N.O.S.",,"有毒固体,氧化性,未另作规定的",,TO2,6.1,6.1+5.1,II,500g,274,E4,P002 IBC06,MP10,,T3,SGAH L4BH,TP33,TU15 TE19,AT,2 (D/E),V11,,CV13 CV28,S9 S19,65
3087,a,"OXIDIZING SOLID,TOXIC, N.O.S.",,"氧化性固体,有毒的,未另作规定的",,OT2,5.1,5.1+6.1,I,0,274,E0,P503,MP2,,,,,,,1 (E),,,CV24 CV28,S20,
3087,b,"OXIDIZING SOLID,TOXIC, N.O.S.",,"氧化性固体,有毒的,未另作规定的",,OT2,5.1,5.1+6.1,II,1kg,274,E2,P002 IBC06,MP2,,T3,SGAN,TP33,TU3,AT,2 (E),V11,,CV24 CV28,,56
3087,c,"OXIDIZING SOLID,TOXIC, N.O.S.",,"氧化性固体,有毒的,未另作规定的",,OT2,5.1,5.1+6.1,III,5kg,274,E1,P002 IBC08 R001,MP2,B3,T1,SGAN,TP33,TU3,AT,3 (E),,,CV24 CV28,,56
3088,a,"SELF-HEATING SOLID, ORGANIC, N.O.S.",,"自热固体,有机的,未另作规定的",,S2,4.2,4.2,II,0,274,E2,P410 IBC06,MP14,,T3,SGAV,TP33,,AT,2 (D/E),V1,,,,40
3088,b,"SELF-HEATING SOLID, ORGANIC, N.O.S.",,"自热固体,有机的,未另作规定的",,S2,4.2,4.2,III,0,274,E1,P002 IBC08 LP02 R001,MP14,B3,T1,SGAV,TP33,,AT,3 (E),V1,,,,40
3089,a,"METAL POWDER, FLAMMABLE, N.O.S.",,"金属粉,易燃的,未另作规定的",,F3,4.1,4.1,II,1kg,552,E2,P002 IBC08,MP11,B4,T3,SGAN,TP33,,AT,2 (E),V11,,,,40
3089,b,"METAL POWDER, FLAMMABLE, N.O.S.",,"金属粉,易燃的,未另作规定的",,F3,4.1,4.1,III,5kg,552,E1,P002 IBC08 R001,MP11,B4,T1,SGAV,TP33,,AT,3 (E),V11,VC1 VC2,,,40
3090,,LITHIUM METAL BATTERIES,(including lithium alloy batteries),锂金属电池组,(包括锂合金电池组),M4,9,9,,0,188 230 376 377 636,E0,P903 P908 P909 LP903 LP904,,,,,,,,2 (E),,,,,
3091,a,LITHIUM METAL BATTERIES CONTAINED IN EQUIPMENT,(including lithium alloy batteries),装在设备中的锂金属电池组,(包括锂合金电池组),M4,9,9,,0,188 230 360 376 377 636,E0,P903 P908 P909 LP903 LP904,,,,,,,,2 (E),,,,,
3091,b,LITHIUM METAL BATTERIES PACKED WITH EQUIPMENT,(including lithium alloy batteries),同设备包装在一起的锂金属电池组,(包括锂合金电池组),M4,9,9,,0,188 230 360 376 377 636,E0,P903 P908 P909 LP903 LP904,,,,,,,,2 (E),,,,,
3092,,1-METHOXY-2-PROPANOL,,甲氧基-2-丙醇,,F1,3,3,III,5L,,E1,P001 IBC03 LP01 R001,MP19,,T2,LGBF,TP1,,FL,3 (D/E),V12,,,S2,30
3093,a,"CORROSIVE LIQUID, OXIDIZING, N.O.S.",,"腐蚀性液体,氧化性,未另作规定的",,CO1,8,8+5.1,I,0,274,E0,P001,MP8 MP17,,,L10BH,,,AT,1 (E),,,CV24,S14,885
3093,b,"CORROSIVE LIQUID, OXIDIZING, N.O.S.",,"腐蚀性液体,氧化性,未另作规定的",,CO1,8,8+5.1,II,1L,274,E2,P001 IBC02,MP15,,,L4BN,,,AT,2 (E),,,CV24,,85
3094,a,"CORROSIVE LIQUID, WATER-REACTIVE, N.O.S.",,"腐蚀性液体,遇水反应,未另作规定的",,CW1,8,8+4.3,I,0,274,E0,P001,MP8 MP17,,,L10BH,,,AT,1 (D/E),,,,S14,823
3094,b,"CORROSIVE LIQUID, WATER-REACTIVE, N.O.S.",,"腐蚀性液体,遇水反应,未另作规定的",,CW1,8,8+4.3,II,1L,274,E2,P001,MP15,,,L4BN,,,AT,2 (E),,,,,823
3095,a,"CORROSIVE SOLID,SELF-HEATING, N.O.S.",,"腐蚀性固体,自热的,未另作规定的",,CS2,8,8+4.2,I,0,274,E0,P002,MP18,,T6,S10AN,TP33,,AT,1 (E),,,,S14,884
3095,b,"CORROSIVE SOLID,SELF-HEATING, N.O.S.",,"腐蚀性固体,自热的,未另作规定的",,CS2,8,8+4.2,II,1kg,274,E2,P002 IBC06,MP10,,T3,SGAN,TP33,,AT,2 (E),V11,,,,84
3096,a,"CORROSIVE SOLID, WATER-REACTIVE, N.O.S.",,"腐蚀性固体,遇水反应,未另作规定的",,CW2,8,8+4.3,I,0,274,E0,P002,MP18,,T6,S10AN L10BH,TP33,,AT,1 (E),,,,S14,842
3096,b,"CORROSIVE SOLID, WATER-REACTIVE, N.O.S.",,"腐蚀性固体,遇水反应,未另作规定的",,CW2,8,8+4.3,II,1kg,274,E2,P002 IBC06,MP10,,T3,SGAN L4BN,TP33,,AT,2 (E),V11,,,,842
3097,,"FLAMMABLE SOLID, OXIDIZING, N.O.S.",,"易燃固体,氧化性,未另作规定的",,FO,4.1,,,,,,,,,,,,,,,,,,,
3098,a,"OXIDIZING LIQUID, CORROSIVE, N.O.S.",,"氧化性液体,腐蚀性,未另作规定的",,OC1,5.1,5.1+8,I,0,274,E0,P502,MP2,,,,,,,1 (E),,,CV24,S20,
3098,b,"OXIDIZING LIQUID, CORROSIVE, N.O.S.",,"氧化性液体,腐蚀性,未另作规定的",,OC1,5.1,5.1+8,II,1L,274,E2,P504 IBC01,MP2,,,,,,,2 (E),,,CV24,,
3098,c,"OXIDIZING LIQUID, CORROSIVE, N.O.S.",,"氧化性液体,腐蚀性,未另作规定的",,OC1,5.1,5.1+8,III,5L,274,E1,P504 IBC02 R001,MP2,,,,,,,3 (E),,,CV24,,
3099,a,"OXIDIZING LIQUID, TOXIC, N.O.S.",,"氧化性液体,腐蚀性,未另作规定的",,OT1,5.1,5.1+6.1,I,0,274,E0,P502,MP2,,,,,,,1 (E),,,CV24 CV28,S20,
3099,b,"OXIDIZING LIQUID, TOXIC, N.O.S.",,"氧化性液体,有毒的,未另作规定的",,OT1,5.1,5.1+6.1,II,1L,274,E2,P504 IBC01,MP2,,,,,,,2 (E),,,CV24 CV28,,
3099,c,"OXIDIZING LIQUID, TOXIC, N.O.S.",,"氧化性液体,有毒的,未另作规定的",,OT1,5.1,5.1+6.1,III,5L,274,E1,P504 IBC02 R001,MP2,,,,,,,3 (E),,,CV24 CV28,,
3100,,"OXIDIZING SOLID, SELF-HEATING,N.O.S.",,"氧化性固体,自热的,未另作规定的",,OS,5.1,,,,,,,,,,,,,,,,,,,
3101,,"ORGANIC PEROXIDE TYPE B,LIQUID",,"B型有机过氧化物,液体的",,P1,5.2,5.2+1,,25mL,122 181 274,E0,P520,MP4,,,,,,,1 (B),V1 V5,,CV15 CV20 CV22 CV24,S9 S17,
3102,,"ORGANIC PEROXIDE TYPE B,SOLID",,"B型有机过氧化物,固体的",,P1,5.2,5.2+1,,100g,122 181 274,E0,P520,MP4,,,,,,,1 (B),V1 V5,,CV15 CV20 CV22 CV24,S9 S17,
3103,,"ORGANIC PEROXIDE TYPE C,LIQUID",,"C型有机过氧化物,液体的",,P1,5.2,5.2,,25mL,122 274,E0,P520,MP4,,,,,,,1 (D),V1,,CV15 CV20 CV22 CV24,S8 S18,
3104,,"ORGANIC PEROXIDE TYPE C,SOLID",,"C型有机过氧化物,固体的",,P1,5.2,5.2,,100g,122 274,E0,P520,MP4,,,,,,,1 (D),V1,,CV15 CV20 CV22 CV24,S8 S18,
3105,,"ORGANIC PEROXIDE TYPE D,LIQUID",,"D型有机过氧化物,液体的",,P1,5.2,5.2,,125mL,122 274,E0,P520,MP4,,,,,,,2 (D),V1,,CV15 CV22 CV24,S19,
3106,,"ORGANIC PEROXIDE TYPE D,SOLID",,"D型有机过氧化物,固体的",,P1,5.2,5.2,,500g,122 274,E0,P520,MP4,,,,,,,2 (D),V1,,CV15 CV22 CV24,S19,
3107,,"ORGANIC PEROXIDE TYPE E,LIQUID",,"E型有机过氧化物,液体的",,P1,5.2,5.2,,125mL,122 274,E0,P520,MP4,,,,,,,2 (D),V1,,CV15 CV22 CV24,,
3108,,"ORGANIC PEROXIDE TYPE E,SOLID",,"E型有机过氧化物,固体的",,P1,5.2,5.2,,500g,122 274,E0,P520,MP4,,,,,,,2 (D),V1,,CV15 CV22 CV24,,
3109,,"ORGANIC PEROXIDE TYPE F,LIQUID",,"F型有机过氧化物,液体的",,P1,5.2,5.2,,125mL,122 274,E0,I P5200 BC52,MP4,,T23,L4BN(+),,TU3 TU13 TU30 TE12 TA2 TM4,AT,2 (D),V1,,CV15 CV22 CV24,,539
3110,,"ORGANIC PEROXIDE TYPE F,SOLID",,"F型有机过氧化物,固体的",,P1,5.2,5.2,,500g,122 274,E0,I P5200 BC52,MP4,,T23,S4AN(+),TP33,TU3 TU13 TU30 TE12 TA2 TM4,AT,2 (D),V1,,CV15 CV22 CV24,,539
3111,,"ORGANIC PEROXIDE TYPE B,LIQUID, TEMPERATURE CONTROLLED",,"B型有机过氧化物,液体的,控温的",,P2,5.2,5.2+1,,0,122 181 274,E0,P520,MP4,,,,,,,1 (B),V8,,CV15 CV20 CV21 CV22 CV24,S4 S9 S16,
3112,,"ORGANIC PEROXIDE TYPE B, SOLID, TEMPERATURE CONTROLLED",,"B型有机过氧化物,固体的,控温的",,P2,5.2,5.2+1,,0,122 181 274,E0,P520,MP4,,,,,,,1 (B),V8,,CV15 CV20 CV21 CV22 CV24,S4 S9 S16,
3113,,"ORGANIC PEROXIDE TYPE C, LIQUID, TEMPERATURE CONTROLLED",,"C型有机过氧化物,液体的,控温的",,P2,5.2,5.2,,0,122 274,E0,P520,MP4,,,,,,,1 (D),V8,,CV15 CV20 CV21 CV22 CV24,S4 S8 S17,
3114,,"ORGANIC PEROXIDE TYPE C, SOLID, TEMPERATURE CONTROLLED",,"C型有机过氧化物,固体的,控温的",,P2,5.2,5.2,,0,122 274,E0,P520,MP4,,,,,,,1 (D),V8,,CV15 CV20 CV21 CV22 CV24,S4 S8 S17,
3115,,"ORGANIC PEROXIDE TYPE D, LIQUID, TEMPERATURE CONTROLLED",,"D型有机过氧化物,液体的,控温的",,P2,5.2,5.2,,0,122 274,E0,P520,MP4,,,,,,,1 (D),V8,,CV15 CV21 CV22 CV24,S4 S18,
3116,,"ORGANIC PEROXIDE TYPE D, SOLID, TEMPERATURE CONTROLLED",,"D型有机过氧化物,固体的,控温的",,P2,5.2,5.2,,0,122 274,E0,P520,MP4,,,,,,,1 (D),V8,,CV15 CV21 CV22 CV24,S4 S18,
3117,,"ORGANIC PEROXIDE TYPE E, LIQUID, TEMPERATURE CONTROLLED",,"E型有机过氧化物,液体的,控温的",,P2,5.2,5.2,,0,122 274,E0,P520,MP4,,,,,,,1 (D),V8,,CV15 CV21 CV22 CV24,S4 S19,
3118,,"ORGANIC PEROXIDE TYPE E, SOLID, TEMPERATURE CONTROLLED",,"E型有机过氧化物,固体的,控温的",,P2,5.2,5.2,,0,122 274,E0,P520,MP4,,,,,,,1 (D),V8,,CV15 CV21 CV22 CV24,S4 S19,
3119,,"ORGANIC PEROXIDE TYPE F, LIQUID, TEMPERATURE CONTROLLED",,"F型有机过氧化物,液体的,控温的",,P2,5.2,5.2,,0,122 274,E0,I P5200 BC52,MP4,,T23,L4BN(+),,TU3 TU13 TU30 TE12 TA2 TM4,AT,1 (D),V8,,CV15 CV21 CV22 CV24,S4,539
3120,,"ORGANIC PEROXIDE TYPE F, SOLID, TEMPERATURE CONTROLLED",,"F型有机过氧化物,固体的,控温的",,P2,5.2,5.2,,0,122 274,E0,I P5200 BC52,MP4,,T23,S4AN(+),TP33,TU3 TU13 TU30 TE12 TA2 TM4,AT,1 (D),V8,,CV15 CV21 CV22 CV24,S4,539
3121,,"OXIDIZING SOLID, WATER-REACTIVE, N.O.S.",,"氧化性固体,遇水反应,未另作规定的",,OW,5.1,,,,,,,,,,,,,,,,,,,
3122,a,"TOXIC LIQUID, OXIDIZING, N.O.S.",,"有毒液体,氧化性,未另作规定的",,TO1,6.1,6.1+5.1,I,0,274 315,E0,P001,MP8 MP17,,,L10CH,,TU14 TU15 TE19 TE21,AT,1 (C/E),,,CV1 CV13 CV28,S9 S14,665
3122,b,"TOXIC LIQUID, OXIDIZING, N.O.S.",,"有毒液体,氧化性,未另作规定的",,TO1,6.1,6.1+5.1,II,100mL,274,E4,P001 IBC02,MP15,,,L4BH,,TU15 TE19,AT,2 (D/E),,,CV13 CV28,S9 S19,65
3123,a,"TOXIC LIQUID, WATER-REACTIVE, N.O.S.",,"有毒液体,遇水反应,未另作规定的",,TW1,6.1,6.1+4.3,I,0,274 315,E0,P099,MP8 MP17,,,L10CH,,TU14 TU15 TE19 TE21,AT,1 (C/E),,,CV1 CV13 CV28,S9 S14,623
3123,b,"TOXIC LIQUID, WATER-REACTIVE, N.O.S.",,"有毒液体,遇水反应,未另作规定的",,TW1,6.1,6.1+4.3,II,100mL,274,E4,P001 IBC02,MP15,,,L4BH,,TU15 TE19,AT,2 (D/E),,,CV13 CV28,S9 S19,623
3124,a,"TOXIC SOLID, SELF-HEATING, N.O.S.",,"有毒固体,自热的,未另作规定的",,TS,6.1,6.1+4.2,I,0,274,E5,P002,MP18,,T6,S10AH L10CH,TP33,TU14 TU15 TE19 TE21,AT,1 (C/E),,,CV1 CV13 CV28,S9 S14,664
3124,b,"TOXIC SOLID, SELF-HEATING, N.O.S.",,"有毒固体,自热的,未另作规定的",,TS,6.1,6.1+4.2,II,0,274,E4,P002 IBC06,MP10,,T3,SGAH L4BH,TP33,TU15 TE19,AT,2 (D/E),V11,,CV13 CV28,S9 S19,64
3125,a,"TOXIC SOLID, WATER-REACTIVE, N.O.S.",,"有毒固体,遇水反应,未另作规定的",,TW2,6.1,6.1+4.3,I,0,274,E5,P099,MP18,,T6,S10AH L10CH,TP33,TU14 TU15 TE19 TE21,AT,1 (C/E),,,CV1 CV13 CV28,S9 S14,642
3125,b,"TOXIC SOLID, WATER-REACTIVE, N.O.S.",,"有毒固体,遇水反应,未另作规定的",,TW2,6.1,6.1+4.3,II,500g,274,E4,P002 IBC06,MP10,,T3,SGAH L4BH,TP33,TU15 TE19,AT,2 (D/E),V11,,CV13 CV28,S9 S19,642
3126,a,"SELF-HEATING SOLID, CORROSIVE, ORGANIC, N.O.S.",,"自热固体,腐蚀性,有机的,未另作规定的",,SC2,4.2,4.2+8,II,0,274,E2,P410 IBC05,MP14,,T3,SGAN,TP33,,AT,2 (D/E),V1,,,,48
3126,b,"SELF-HEATING SOLID, CORROSIVE, ORGANIC, N.O.S.",,"自热固体,腐蚀性,有机的,未另作规定的",,SC2,4.2,4.2+8,III,0,274,E1,P002 IBC08 R001,MP14,B3,T1,SGAN,TP33,,AT,3 (E),V1,,,,48
3127,,"SELF-HEATING SOLID, OXIDIZING, N. O. S",,"自热固体,氧化性,未另作规定的",,SO,4.2,,,,,,,,,,,,,,,,,,,
3128,a,"SELF-HEATING SOLID, TOXIC, ORGANIC, N.O.S.",,"自热固体,有毒的,有机的,未另作规定的",,ST2,4.2,4.2+6.1,II,0,274,E2,P410 IBC05,MP14,,T3,SGAN,TP33,,AT,2 (D/E),V1,,CV28,,46
3128,b,"SELF-HEATING SOLID, TOXIC, ORGANIC, N.O.S.",,"自热固体,有毒的,有机的,未另作规定的",,ST2,4.2,4.2+6.1,III,0,274,E1,P002 IBC08 R001,MP14,B3,T1,SGAN,TP33,,AT,3 (E),V1,,CV28,,46
3129,a,"WATER-REACTIVE LIQUID, CORROSIVE, N.O.S.",,"遇水反应液体,腐蚀性未另作规定的",,WC1,4.3,4.3+8,I,0,274,E0,P402,MP2,RR7 RR8,T14,L10DH,TP2TP7,TU14 TE21 TM2,AT,0 (B/E),V1,,CV23,S20,X382
3129,b,"WATER-REACTIVE LIQUID, CORROSIVE, N.O.S.",,"遇水反应液体,腐蚀性,未另作规定的",,WC1,4.3,4.3+8,II,500mL,274,E0,P402 IBC01,MP15,RR7 RR8,T11,L4DH,TP2 TP7,TU14 TE21 TM2,AT,0 (D/E),V1,,CV23,,382
3129,c,"WATER-REACTIVE LIQUID, CORROSIVE, N.O.S.",,"遇水反应液体,腐蚀性,未另作规定的",,WC1,4.3,4.3+8,III,1L,274,E1,P001 IBC02 R001,MP15,,T7,L4DH,TP2 TP7,TU14 TE21 TM2,AT,0 (E),V1,,CV23,,382
3130,a,"WATER-REACTIVE LIQUID,TOXIC, N.O.S.",,"遇水反应液体,有毒的,未另作规定的",,WT1,4.3,4.3+6.1,I,0,274,E0,P402,MP2,RR4 RR8,,L10DH,,TU14 TE21 TM2,AT,0 (B/E),V1,,CV23 CV28,S20,X362
3130,b,"WATER-REACTIVE LIQUID,TOXIC, N.O.S.",,"遇水反应液体,有毒的,未另作规定的",,WT1,4.3,4.3+6.1,II,500mL,274,E0,P402 IBC01,MP15,RR4 RR8 BB1,,L4DH,,TU14 TE21 TM2,AT,0 (D/E),V1,,CV23 CV28,,362
3130,c,"WATER-REACTIVE LIQUID,TOXIC, N.O.S.",,"遇水反应液体,有毒的,未另作规定的",,WT1,4.3,4.3+6.1,III,1L,274,E1,P001 IBC02 R001,MP15,,,L4DH,,TU14 TE21 TM2,AT,0 (E),V1,,CV23 CV28,,362
3131,a,"WATER-REACTIVE SOLID, CORROSIVE, N.O.S.",,"遇水反应固体,腐蚀性,未另作规定的",,WC2,4.3,4.3+8,I,0,274,E0,P403,MP2,,T9,S10AN L10DH,TP7 TP33,TU4 TU14 TU22 TE21 TM2,AT,0 (B/E),V1,,CV23,S20,X482
3131,b,"WATER-REACTIVE SOLID, CORROSIVE, N.O.S.",,"遇水反应固体,腐蚀性,未另作规定的",,WC2,4.3,4.3+8,II,500g,274,E2,P410 IBC06,MP14,,T3,SGAN,TP33,,AT,0 (D/E),V1,,CV23,,482
3131,c,"WATER-REACTIVE SOLID, CORROSIVE, N.O.S.",,"遇水反应固体,腐蚀性,未另作规定的",,WC2,4.3,4.3+8,III,1kg,274,E1,P410 IBC08 R001,MP14,B4,T1,SGAN,TP33,,AT,0 (E),V1,,CV23,,482
3132,a,"WATER-REACTIVE SOLID, FLAMMABLE, N.O.S.",,"遇水反应固体,易燃的,未另作规定的",,WF2,4.3,4.3+4.1,I,0,274,E0,P403 IBC99,MP2,,,,,,,0 (B/E),V1,,CV23,S20,
3132,b,"WATER-REACTIVE SOLID, FLAMMABLE, N.O.S.",,"遇水反应固体,易燃的,未另作规定的",,WF2,4.3,4.3+4.1,II,500g,274,E2,P410 IBC04,MP14,,T3,SGAN L4DH,TP33,TU14 TE21 TM2,AT,0 (D/E),V1,,CV23,,423
3132,c,"WATER-REAC TIVESOLID, FLAMMABLE, N.O.S.",,"遇水反应固体,易燃的,未另作规定的",,WF2,4.3,4.3+4.1,III,1kg,274,E1,P410 IBC06,MP14,,T1,SGAN L4DH,TP33,TU14 TE21 TM2,AT,0 (E),V1,,CV23,,423
3133,,"WATER-REACTIVE SOLID, OXIDIZING, N.O.S.",,"遇水反应固体,氧化的,未另作规定的",,WO,4.3,,,,,,,,,,,,,,,,,,,
3134,a,"WATER-REACTIVE SOLID,TOXIC, N.O.S.",,"遇水反应固体,有毒的,未另作规定的",,WT2,4.3,4.3+6.1,I,0,274,E0,P403,MP2,,,,,,,0 (E),V1,,CV23 CV28,S20,
3134,b,"WATER-REACTIVE SOLID,TOXIC, N.O.S.",,"遇水反应固体,有毒的,未另作规定的",,WT2,4.3,4.3+6.1,II,500g,274,E2,P410 IBC05,MP14,,T3,SGAN,TP33,,AT,0 (D/E),V1,,CV23 CV28,,462
3134,c,"WATER-REACTIVE SOLID,TOXIC, N.O.S.",,"遇水反应固体,有毒的,未另作规定的",,WT2,4.3,4.3+6.1,III,1kg,274,E1,P410 IBC08 R001,MP14,B4,T1,SGAN,TP33,,AT,0 (E),V1,,CV23 CV28,,462
3135,a,"WATER-REACTIVE SOLID,SELF-HEATING, N.O.S.",,"遇水反应固体,自热的,未另作规定的",,WS,4.3,4.3+4.2,I,0,274,E0,P403,MP2,,,,,,,1 (B/E),V1,,CV23,S20,
3135,b,"WATER-REACTIVE SOLID,SELF-HEATING, N.O.S.",,"遇水反应固体,自热的,未另作规定的",,WS,4.3,4.3+4.2,II,0,274,E2,P410 IBC05,MP14,,T3,SGAN L4DH,TP33,TU14 TE21 TM2,AT,2 (D/E),V1,,CV23,,423
3135,c,"WATER-REACTIVE SOLID,SELF-HEATING, N.O.S.",,"遇水反应固体,自热的,未另作规定的",,WS,4.3,4.3+4.2,III,0,274,E1,P410 IBC08,MP14,B4,T1,SGAN L4DH,TP33,TU14 TE21 TM2,AT,3 (E),V1,,CV23,,423
3136,,"TRIFLUORO-METHANE, REFRIGERATED LIQUID",,"三氟甲烷,冷冻液体",,3A,2,2.2,,120mL,593,E1,P203,MP9,,T75,RxBN,TP5,TU19 TA4TT9,AT,3 (C/E),V5,,CV9 CV11 CV36,S20,22
3137,,"OXIDIZING SOLID, FLAMMABLE, N.O.S.",,"氧化性固体,易燃的,未另作规定的",,OF,5.1,,,,,,,,,,,,,,,,,,,
3138,,"ETHYLENE, ACETYLENE AND PROPYLENE MIXTURE, REFRIGERATED LIQUID",containing at least 71. 5% ethylene with not more than 22. 5% acetylene and not more than 6% propylene,"乙烯、乙炔和丙烯混合物,冷冻液体","含乙烯至少71.5%,含乙炔不超过22.5%,含丙烯不超过6%",3F,2,2.1,,0,,E0,P203,MP9,,T75,RxBN,TP5,TU18 TA4 TT9,FL,2 (B/D),V5,,CV9 CV11 CV36,S2S17,223
3139,a,"OXIDIZING LIQUID, N.O.S.",,"氧化性液体,未另作规定的",,O1,5.1,5.1,I,0,274,E0,P502,MP2,,,,,,,1 (E),,,CV24,S20,
3139,b,"OXIDIZING LIQUID, N.O.S.",,"氧化性液体,未另作规定的",,O1,5.1,5.1,II,1L,274,E2,P504 IBC02,MP2,,,,,,,2 (E),,,CV24,,
3139,c,"OXIDIZING LIQUID, N.O.S.",,"氧化性液体,未另作规定的",,O1,5.1,5.1,III,5L,274,E1,P504 IBC02 R001,MP2,,,,,,,3 (E),,,CV24,,
3140,a,"ALKALOIDS, LIQUID, N.O.S.",,"生物碱类,液体的,未另作规定的",,T1,6.1,6.1,I,0,43 274,E5,P001,MP8 MP17,,,L10CH,,TU14 TU15 TE19 TE21,AT,1 (C/E),,,CV1 CV13 CV28,S9 S14,66
3140,b,"ALKALOID SALTS,LIQUID, N.O.S.",,"生物碱盐类,液体的,未另作规定的",,T1,6.1,6.1,I,0,43 274,E5,P001,MP8 MP17,,,L10CH,,TU14 TU15 TE19 TE21,AT,1 (C/E),,,CV1 CV13 CV28,S9 S14,66
3140,c,"ALKALOIDS, LIQUID, N.O.S.",,"生物碱类,液体的,未另作规定的",,T1,6.1,6.1,II,100mL,43 274,E4,P001 IBC02,MP15,,,L4BH,,TU15 TE19,AT,2 (D/E),,,CV13 CV28,S9 S19,60
3140,d,"ALKALOID SALTS,LIQUID, N.O.S.",,"生物碱盐类,液体的,未另作规定的",,T1,6.1,6.1,II,100mL,43 274,E4,P001 IBC02,MP15,,,L4BH,,TU15 TE19,AT,2 (D/E),,,CV13 CV28,S9 S19,60
3140,e,"ALKALOIDS, LIQUID, N.O.S.",,"生物碱类,液体的,未另作规定的",,T1,6.1,6.1,III,5L,43 274,E1,P001 IBC03 LP01 R001,MP19,,,L4BH,,TU15 TE19,AT,2 (E),V12,,CV13 CV28,S9,60
3140,f,"ALKALOID SALTS,LIQUID, N.O.S.",,"生物碱盐类,液体的,未另作规定的",,T1,6.1,6.1,III,5L,43 274,E1,P001 IBC03 LP01 R001,MP19,,,L4BH,,TU15 TE19,AT,2 (E),V12,,CV13 CV28,S9,60
3141,,"ANTIMONY COMPOUND, INORGANIC, LIQUID, N.O.S.",,"锑化合物,无机的,液体的,未另作规定的",,T4,6.1,6.1,III,5L,45 274 512,E1,P001 IBC03 LP01 R001,MP19,,,L4BH,,TU15 TE19,AT,2 (E),V12,,CV13 CV28,S9,60
3142,a,"DISINFECTANT, LIQUID,TOXIC, N.O.S.",,"消毒剂,液体的,有毒的,未另作规定的",,T1,6.1,6.1,I,0,274,E5,P001,MP8 MP17,,,L10CH,,TU14 TU15 TE19 TE21,AT,1 (C/E),,,CV1 CV13 CV28,S9 S14,66
3142,b,"DISINFECTANT, LIQUID, TOXIC, N.O.S.",,"消毒剂,液体的,有毒的,未另作规定的",,T1,6.1,6.1,II,100mL,274,E4,P001 IBC02,MP15,,,L4BH,,TU15 TE19,AT,2 (D/E),,,CV13 CV28,S9 S19,60
3142,c,"DISINFECTANT, LIQUID,TOXIC, N.O.S.",,"消毒剂,液体的,有毒的,未另作规定的",,T1,6.1,6.1,III,5L,274,E1,P001 IBC03 LP01 R001,MP19,,,L4BH,,TU15 TE19,AT,2 (E),V12,,CV13 CV28,S9,60
3143,a,"DYE,SOLID, TOXIC, N.O.S.",,"染料,固体的,有毒的,未另作规定的",,T2,6.1,6.1,I,0,274,E5,P002 IBC07,MP18,,T6,S10AH L10CH,TP33,TU15 TE19,AT,1 (C/E),V10,,CV1 CV13 CV28,S9 S14,66
3143,b,"DYE INTERMEDIATE, SOLID,TOXIC, N.O.S.",,"染料中间体,固体的,有毒的,未另作规定的",,T2,6.1,6.1,I,0,274,E5,P002 IBC07,MP18,,T6,S10AH L10CH,TP33,TU15 TE19,AT,1 (C/E),V10,,CV1 CV13 CV28,S9 S14,66
3143,c,"DYE,SOLID, TOXIC, N.O.S.",,"染料,固体的,有毒的,未另作规定的",,T2,6.1,6.1,II,500g,274,E4,P002 IBC08,MP10,B4,T3,SGAH L4BH,TP33,TU15 TE19,AT,2 (D/E),V11,,CV13 CV28,S9 S19,60
3143,d,"DYE INTERMEDIATE, SOLID,TOXIC, N.O.S.",,"染料中间体,固体的,有毒的,未另作规定的",,T2,6.1,6.1,II,500g,274,E4,P002 IBC08,MP10,B4,T3,SGAH L4BH,TP33,TU15 TE19,AT,2 (D/E),V11,,CV13 CV28,S9 S19,60
3143,e,"DYE,SOLID, TOXIC, N.O.S.",,"染料,固体的,有毒的,未另作规定的",,T2,6.1,6.1,III,5kg,274,E1,P002 IBC08 LP02 R001,MP10,B3,T1,SGAH L4BH,TP33,TU15 TE19,AT,2 (E),,VC1 VC2 AP7,CV13 CV28,S9,60
3143,f,"DYE INTERMEDIATE, SOLID, TOXIC, N.O.S.",,"染料中间体,固体的,有毒的,未另作规定的",,T2,6.1,6.1,III,5kg,274,E1,P002 IBC08 LP02 R001,MP10,B3,T1,SGAH L4BH,TP33,TU15 TE19,AT,2 (E),,VC1 VC2 AP7,CV13 CV28,S9,60
3144,a,"NICOTINE COMPOUND, LIQUID, N.O.S.,N.O.S.",,"烟碱化合物,液体的,未另作规定的",,T1,6.1,6.1,I,0,43 274,E5,P001,MP8 MP17,,,L10CH,,TU14 TU15 TE19 TE21,AT,1 (C/E),,,CV1 CV13 CV28,S9 S14,66
3144,b,"NICOTINE PREPARATION, LIQUID,N.O.S.",,"烟碱制剂,液体的,未另作规定的",,T1,6.1,6.1,I,0,43 274,E5,P001,MP8 MP17,,,L10CH,,TU14 TU15 TE19 TE21,AT,1 (C/E),,,CV1 CV13 CV28,S9 S14,66
3144,c,"NICOTINE COMPOUND, LIQUID, N.O.S.",,"烟碱化合物,液体的,未另作规定的",,T1,6.1,6.1,II,100mL,43 274,E4,P001 IBC02,MP15,,,L4BH,,TU15 TE19,AT,2 (D/E),,,CV13 CV28,S9 S19,60
3144,d,"NICOTINE PREPARATION, LIQUID,N.O.S.",,"烟碱制剂,液体的,未另作规定的",,T1,6.1,6.1,II,100mL,43 274,E4,P001 IBC02,MP15,,,L4BH,,TU15 TE19,AT,2 (D/E),,,CV13 CV28,S9 S19,60
3144,e,"NICOTINE COMPOUND, LIQUID, N.O.S.",,"烟碱化合物,液体的,未另作规定的",,T1,6.1,6.1,III,5L,43 274,E1,P001 IBC03 LP01 R001,MP19,,,L4BH,,TU15 TE19,AT,2 (E),V12,,CV13 CV28,S9,60
3144,f,"NICOTINE PREPARATION, LIQUID, N.O.S.",,"烟碱制剂,液体的,未另作规定的",,T1,6.1,6.1,III,5L,43 274,E1,P001 IBC03 LP01 R001,MP19,,,L4BH,,TU15 TE19,AT,2 (E),V12,,CV13 CV28,S9,60
3145,a,"ALKYLPHENOLS, LIQUID,N.O.S.",(including C2-C12 homologues),"烷基苯酚类,液体的,未另作规定的",(包括C2-C12同系物),C3,8,8,I,0,,E0,P001,MP8 MP17,,T14,L10BH,TP2,,AT,1 (E),,,,S20,88
3145,b,"ALKYLPHENOLS, LIQUID,N.O.S.",(including C2-C12 homologues),"烷基苯酚类,液体的,未另作规定的",(包括C2-C12同系物),C3,8,8,II,1L,,E2,P001 IBC02,MP15,,T11,L4BN,TP2 TP27,,AT,2 (E),,,,,80
3145,c,"ALKYLPHENOLS, LIQUID,N.O.S.",(including C2-C12 homologues),"烷基苯酚类,液体的,未另作规定的",(包括C2-C12同系物),C3,8,8,III,5L,,E1,P001 IBC03 LP01 R001,MP19,,T7,L4BN,TP1 TP28,,AT,3 (E),V12,,,,80
3146,a,"ORGANOTIN COMPOUND, SOLID, N.O.S.",,"有机锡化合物,固体的,未另作规定的",,T3,6.1,6.1,I,0,43 274,E5,P002 IBC07,MP18,,T6,S10AH L10CH,TP33,TU14 TU15 TE19 TE21,AT,1 (C/E),V10,,CV1 CV13 CV28,S9 S14,66
3146,b,"ORGANOTIN COMPOUND, SOLID, N.O.S.",,"有机锡化合物,固体的,未另作规定的",,T3,6.1,6.1,II,500g,43 274,E4,P002 IBC08,MP10,B4,T3,SGAH L4BH,TP33,TU15 TE19,AT,2 (D/E),V11,,CV13 CV28,S9 S19,60
3146,c,"ORGANOTIN COMPOUND, SOLID, N.O.S.",,"有机锡化合物,固体的,未另作规定的",,T3,6.1,6.1,III,5kg,43 274,E1,P002 IBC08 LP02 R001,MP10,B3,T1,SGAH L4BH,TP33,TU15 TE19,AT,2 (E),,VC1 VC2 AP7,CV13 CV28,S9,60
3147,a,"DYE,SOLID, CORROSIVE, N.O.S.",,"染料,固体的,腐蚀的,未另作规定的或染料中间体,固体的,腐蚀的,未另作规定的",,C10,8,8,I,0,274,E0,P002 IBC07,MP18,,T6,S10AN L10BH,TP33,,AT,1 (E),V10,,,S20,88
3147,b,"DYE INTERMEDIATE, SOLID, CORROSIVE, N.O.S.",,"染料,固体的,腐蚀的,未另作规定的或染料中间体,固体的,腐蚀的,未另作规定的",,C10,8,8,I,0,274,E0,P002 IBC07,MP18,,T6,S10AN L10BH,TP33,,AT,1 (E),V10,,,S20,88
3147,c,"DYE,SOLID, CORROSIVE, N.O.S.",,"染料,固体的,腐蚀的,未另作规定的或染料中间体,固体的,腐蚀的,未另作规定的",,C10,8,8,II,1kg,274,E2,P002 IBC08,MP10,B4,T3,SGAN L4BN,TP33,,AT,2 (E),V11,,,,80
3147,d,"DYE INTERMEDIATE, SOLID, CORROSIVE, N.O.S.",,"染料,固体的,腐蚀的,未另作规定的或染料中间体,固体的,腐蚀的,未另作规定的",,C10,8,8,II,1kg,274,E2,P002 IBC08,MP10,B4,T3,SGAN L4BN,TP33,,AT,2 (E),V11,,,,80
3147,e,"DYE,SOLID, CORROSIVE, N.O.S.",,"染料,固体的,腐蚀的,未另作规定的或染料中间体,固体的,腐蚀的,未另作规定的",,C10,8,8,III,5kg,274,E1,P002 IBC08 LP02 R001,MP10,B3,T1,SGAV L4BN,TP33,,AT,3 (E),,VC1 VC2 AP7,,,80
3147,f,"DYE INTERMEDIATE, SOLID, CORROSIVE, N.O.S.",,"染料,固体的,腐蚀的,未另作规定的或染料中间体,固体的,腐蚀的,未另作规定的",,C10,8,8,III,5kg,274,E1,P002 IBC08 LP02 R001,MP10,B3,T1,SGAV L4BN,TP33,,AT,3 (E),,VC1 VC2 AP7,,,80
3148,a,"WATER-REACTIVE LIQUID,N.O.S.",,"遇水反应液体,未另作规定的",,W1,4.3,4.3,I,0,274,E0,P402,MP2,RR8,T13,L10DH,TP2 TP7 TP38,TU14 TE21 TM2,AT,0 (B/E),V1,,CV23,S20,X323
3148,b,"WATER-REACTIVE LIQUID,N.O.S.",,"遇水反应液体,未另作规定的",,W1,4.3,4.3,II,500mL,274,E2,P402 IBC01,MP15,RR8,T7,L4DH,TP2 TP7,TU14 TE21 TM2,AT,0 (D/E),V1,,CV23,,323
3148,c,"WATER-REACTIVE LIQUID,N.O.S.",,"遇水反应液体,未另作规定的",,W1,4.3,4.3,III,1L,274,E1,P001 IBC02 R001,MP15,,T7,L4DH,TP2 TP7,TU14 TE21 TM2,AT,0 (E),V1,,CV23,,323
3149,,HYDROGEN PEROXIDE AND PEROXYACETIC ACID MIXTURE,"with acid(s) , water and not more than 5% peroxyacetic acid, STABILIZED",过氧化氢和过氧乙酸混合物,"含酸类、水及不超过5%的过氧乙酸,稳定的",OC1,5.1,5.1+8,II,1L,196 553,E2,P504 IBC02,MP15,PP10 B5,T7,L4BV(+),TP2 TP6 TP24,TU3 TC2 TE8 TE11 TT1,AT,2 (E),,,CV24,,58
3150,a,"DEVICES, SMALL, HYDROCARBON GAS POWERED",with release device,"装置,小型的","以烃类气体为动力的充气罐,带有释放装置",6F,2,2.1,,0,,E0,P209,MP9,,,,,,,2 (D),,,CV9,S2,
3150,b,HYDROCARBON GAS REFILLS FOR SMALL DEVICES,with release device,"装置,小型的","给小型装置补充烃类气体的充气罐,带有释放装置",6F,2,2.1,,0,,E0,P209,MP9,,,,,,,2 (D),,,CV9,S2,
3151,a,"POLYHALOGENATED BIPHENYLS, LIQUID",,"多卤联苯类,液体的",,M2,9,9,II,1L,203 305,E2,P906 IBC02,MP15,,,L4BH,,TU15,AT,0 (D/E),,VC1 VC2 AP9,CV1 CV13 CV28,S19,90
3151,b,"POLYHALOGENATED TERPHENYLS, LIQUID",,"多卤三联苯类,液体的",,M2,9,9,II,1L,203 305,E2,P906 IBC02,MP15,,,L4BH,,TU15,AT,0 (D/E),,VC1 VC2 AP9,CV1 CV13 CV28,S19,90
3152,a,"POLYHALOGENATED BIPHENYLS, SOLID",,"多卤联苯类,固体的",,M2,9,9,II,1kg,203 305,E2,P906 IBC08,MP10,B4,T3,S4AH L4BH,TP33,TU15,AT,0 (D/E),V11,VC1 VC2 AP9,CV1 CV13 CV28,S19,90
3152,b,"POLYHALOGENATED TERPHENYLS, SOLID",,"多卤三联苯类,固体的",,M2,9,9,II,1kg,203 305,E2,P906 IBC08,MP10,B4,T3,S4AH L4BH,TP33,TU15,AT,0 (D/E),V11,VC1 VC2 AP9,CV1 CV13 CV28,S19,90
3153,,PERFLUORO (METHYL VINYL ETHER),,全氟(甲基乙烯基醚),,2F,2,2.1,,0,662,E0,P200,MP9,,(M) T50,PxBN(M),,TA4 TT9,FL,2 (B/D),,,CV9 CV10 CV36,S2 S20,23
3154,,PERFLUORO (ETHYL VINYL ETHER),,全氟(乙基乙烯基醚),,2F,2,2.1,,0,662,E0,P200,MP9,,(M),PxBN(M),,TA4 TT9,FL,2 (B/D),,,CV9 CV10 CV36,S2 S20,23
3155,,PENTACHLOROPHENOL,,五氯酚,,T2,6.1,6.1,II,500g,43,E4,P002 IBC08,MP10,B4,T3,SGAH,TP33,TU15 TE19,AT,2 (D/E),V11,,CV13 CV28,S9 S19,60
3156,,"COMPRESSED GAS, OXIDIZING, N.O.S.",,"压缩气体,氧化性,未另作规定的",,1O,2,2.2+5.1,,0,274 655 662,E0,P200,MP9,,(M),CxBN(M),,TA4 TT9,AT,3 (E),,,CV9 CV10 CV36,,25
3157,,"LIQUEFIED GAS, OXIDIZING, N.O.S.",,"液化气体,氧化性,未另作规定的",,2O,2,2.2+5.1,,0,274 662,E0,P200,MP9,,(M),PxBN(M),,TA4 TT9,AT,3 (C/E),,,CV9 CV10 CV36,,25
3158,,"GAS, REFRIGERATED LIQUID, N.O.S.",,"气体,冷冻液体,未另作规定的",,3A,2,2.2,,120mL,274 593,E1,P203,MP9,,T75,RxBN,TP5,TU19 TA4 TT9,AT,3 (C/E),V5,,CV9 CV11 CV36,S20,22
3159,a,"1,1,1,2-TETRAFLUOROETHANE",,"1,1,1,2-四氟乙烷",,2A,2,2.2,,120mL,662,E1,P200,MP9,,(M) T50,PxBN(M),,TA4 TT9,AT,3 (C/E),,,CV9 CV10 CV36,,20
3159,b,REFRIGERANT GAS R134a,,制冷气体R134a,,2A,2,2.2,,120mL,662,E1,P200,MP9,,(M) T50,PxBN(M),,TA4 TT9,AT,3 (C/E),,,CV9 CV10 CV36,,20
3160,,"LIQUEFIED GAS,TOXIC, FLAMMABLE, N.O.S.",,"液化气体,有毒的,易燃的,未另作规定的",,2TF,2,2.3+2.1,,0,274,E0,P200,MP9,,(M),PxBH(M),,TU6 TA4 TT9,FL,1 (B/D),,,CV9 CV10 CV36,S2 S14,263
3161,,"LIQUEFIED GAS, FLAMMABLE, N.O.S.",,"液化气体,易燃的,未另作规定的",,2F,2,2.1,,0,274 662,E0,P200,MP9,,(M) T50,PxBN(M),,TA4 TT9,FL,2 (B/D),,,CV9 CV10 CV36,S2 S20,23
3162,,"LIQUEFIED GAS, TOXIC,N.O.S.",,"液化气体,有毒的,未另作规定的",,2T,2,2.3,,0,274,E0,P200,MP9,,(M),PxBH(M),,TU6 TA4 TT9,AT,1 (C/D),,,CV9 CV10 CV36,S14,26
3163,,"LIQUEFIED GAS, N.O.S.",,"液化气体,未另作规定的",,2A,2,2.2,,120mL,274 662,E1,P200,MP9,,(M) T50,PxBN(M),,TA4 TT9,AT,3 (C/E),,,CV9 CV10 CV36,,20
3164,a,"ARTICLES, PRESSURIZED, PNEUMATIC",(containing non-flammable gas),气压或液压物品,(含非易燃气体),6A,2,2.2,,120mL,283 371 594,E0,P003,MP9,,,,,,,3 (E),,,CV9,,
3164,b,"ARTICLES, PRESSURIZED, HYDRAULIC",(containing non-flammable gas),气压或液压物品,(含非易燃气体),6A,2,2.2,,120mL,283 371 594,E0,P003,MP9,,,,,,,3 (E),,,CV9,,
3165,,AIRCRAFT HYDRAULIC POWER UNIT FUEL TANK,(containing a-mixture of anhydrous hydrazine and methylhydrazine) (M86 fuel),飞行器液压动力装置燃料箱,(装有无水肼和甲基肼的混合液) (M86燃料),FTC,3,3+6.1+8,I,0,,E0,P301,MP7,,,,,,,1 (E),,,CV13 CV28,S2 S19,
3166,,"ENGINE OR VEHICLE, FLAMMABLE GAS OR LIQUID POWERED, INCLUDING FUEL CELL",,"发动机、内燃机或易燃气体动力车辆,或易燃液体动力车辆,或燃料电池、易燃气体动力发动机,或燃料电池、易燃液体动力发动机,或燃料电池、易燃气体动力车辆,或燃料电池、易燃液体动力车辆",,M11,9,,,,,,,,,,(not listed in JTT),,,,,,,,,
3167,,"GAS SAMPLE, NON-PRESSURIZED, FLAMMABLE, N.O.S.",not refrigerated liquid,"气体样品,不加压的,易燃的,未另作规定的",非冷冻液体,7F,2,2.1,,0,,E0,P201,MP9,,,,,,,2 (D),,,CV9,S2,
3168,,"GAS SAMPLE, NON-PRESSURIZED, TOXIC, FLAMMABLE, N.O.S.",not refrigerated liquid,"气体样品,不加压的,有毒的,易燃的","未另作规定的,非冷冻液体",7TF,2,2.3+2.1,,0,,E0,P201,MP9,,,,,,,1 (D),,,CV9,S2,
3169,,"GAS SAMPLE, NON-PRESSURIZED, TOXIC, N.O.S.",not refrigerated liquid,"气体样品,不加压的,有毒的,未另作规定的",非冷冻液体,7T,2,2.3,,0,,E0,P201,MP9,,,,,,,1 (D),,,CV9,,
3170,a,ALUMINIUM SMELTING BY-PRODUCTS,,铝熔炼副产品,,W2,4.3,4.3,II,500g,244,E2,P410 IBC07,MP14,,T3 BK1 BK2,SGAN,TP33,,AT,2 (D/E),V1,VC1 VC2 AP2,CV23 CV37,,423
3170,b,ALUMINIUM REMELTING BY-PRODUCTS,,铝再熔副产品,,W2,4.3,4.3,II,500g,244,E2,P410 IBC07,MP14,,T3 BK1 BK2,SGAN,TP33,,AT,2 (D/E),V1,VC1 VC2 AP2,CV23 CV37,,423
3170,c,ALUMINIUM SMELTING BY-PRODUCTS,,铝再熔副产品,,W2,4.3,4.3,III,1kg,244,E1,P002 IBC08 R001,MP14,B4,T1 BK1 BK2,SGAN,TP33,,AT,3 (E),V1,VC1 VC2 AP2,CV23 CV37,,423
3170,d,ALUMINIUM REMELTING BY-PRODUCTS,,铝再熔副产品,,W2,4.3,4.3,III,1kg,244,E1,P002 IBC08 R001,MP14,B4,T1 BK1 BK2,SGAN,TP33,,AT,3 (E),V1,VC1 VC2 AP2,CV23 CV37,,423
3171,a,BATTERY-POWERED EQUIPMMENT,,电池驱动的车辆,,M11,9,,,,,,,,,,(not listed in JTT),,,,,,,,,
3171,b,BATTERY-POWERED EQUIPMMENT,,电池驱动的设备,,M11,9,,,,,,,,,,(not listed in JTT),,,,,,,,,
3172,a,"TOXINS, EXTRACTED FROM LIVING SOURCES, LIQUID, N.O.S.",,"毒素,从生物源中提取的,液体的,未另作规定的",,T1,6.1,6.1,I,0,210 274,E5,P001,MP8 MP17,,,L10CH,,TU14 TU15 TE19 TE21,AT,1 (C/E),,,CV1 CV13 CV28,S9 S14,66
3172,b,"TOXINS, EXTRACTED FROM LIVING SOURCES, LIQUID, N.O.S.",,"毒素,从生物源中提取的,液体的,未另作规定的",,T1,6.1,6.1,II,100mL,210 274,E4,P001 IBC02,MP15,,,L4BH,,TU15 TE19,AT,2 (D/E),,,CV13 CV28,S9 S19,60
3172,c,"TOXINS, EXTRACTED FROM LIVING SOURCES, LIQUID, N.O.S.",,"毒素,从生物源中提取的,液体的,未另作规定的",,T1,6.1,6.1,III,5L,210 274,E1,P001 IBC03 LP01 R001,MP19,,,L4BH,,TU15 TE19,AT,2 (E),V12,,CV13 CV28,S9,60
3174,,TITANIUM DISULPHIDE,,二硫化钛,,S4,4.2,4.2,III,0,,E1,P002 IBC08 LP02 R001,MP14,B3,T1,SGAN,TP33,,AT,3 (E),V1,,,,40
3175,,SOLIDS or mixtures of solids,"(such as preparations and wastes) CONTAINING FLAMMABLE LIQUID, N. O. S. having a flash-point up to 60°C","含易燃液体的固体,未另作规定的",,F1,4.1,4.1,II,1kg,216 274 601,E2,P002 IBC06 R001,MP11,PP9,T3 BK1 BK2,,TP33,,AT,2 (E),V11,VC1 VC2 AP2,,,40
3176,a,"FLAMMABLE SOLID, ORGANIC, MOLTEN, N.O.S.",,"易燃固体,有机的,熔融的,未另作规定的",,F2,4.1,4.1,II,0,274,E0,,,,T3,LGBV,TP3 TP26,TU27 TE4 TE6,AT,2 (E),,,,,44
3176,b,"FLAMMABLE SOLID, ORGANIC, MOLTEN, N.O.S.",,"易燃固体,有机的,熔融的,未另作规定的",,F2,4.1,4.1,III,0,274,E0,,,,T1,LGBV,TP3 TP26,TU27 TE4 TE6,AT,3 (E),,,,,44
3178,a,"FLAMMABLE SOLID, INORGANIC, N.O.S.",,"易燃固体,无机的,未另作规定的",,F3,4.1,4.1,II,1kg,274,E2,P002 IBC08,MP11,B4,T3,SGAN,TP33,,AT,2 (E),V11,,,,40
3178,b,"FLAMMABLE SOLID, INORGANIC, N.O.S.",,"易燃固体,无机的,未另作规定的",,F3,4.1,4.1,III,5kg,274,E1,P002 IBC08 LP02 R001,MP11,B3,T1,SGAV,TP33,,AT,3 (E),,VC1 VC2,,,40
3179,a,"FLAMMABLE SOLID, TOXIC, INORGANIC, N.O.S.",,"易燃固体,有毒的,无机的,未另作规定的",,FT2,4.1,4.1+6.1,II,1kg,274,E2,P002 IBC06,MP10,,T3,SGAN,TP33,,AT,2 (E),V11,,CV28,,46
3179,b,"FLAMMABLE SOLID, TOXIC, INORGANIC, N.O.S.",,"易燃固体,有毒的,无机的,未另作规定的",,FT2,4.1,4.1+6.1,III,5kg,274,E1,P002 IBC06 R001,MP10,,T1,SGAN,TP33,,AT,3 (E),,,CV28,,46
3180,a,"FLAMMABLE SOLID, CORROSIVE, INORGANIC, N.O.S.",,"易燃固体,腐蚀性的,无机的,未另作规定的",,FC2,4.1,4.1+8,II,1kg,274,E2,P002 IBC06,MP10,,T3,SGAN,TP33,,AT,2 (E),V11,,,,48
3180,b,"FLAMMABLE SOLID, CORROSIVE, INORGANIC, N.O.S.",,"易燃固体,腐蚀性的,无机的,未另作规定的",,FC2,4.1,4.1+8,III,5kg,274,E1,P002 IBC06 R001,MP10,,T1,SGAN,TP33,,AT,3 (E),,,,,48
3181,a,"METAL SALTS OF ORGANIC COMPOUNDS, FLAMMABLE, N.O.S.",,"有机化合物的金属盐,易燃的,未另作规定的",,F3,4.1,4.1,II,1kg,274,E2,P002 IBC08,MP11,B4,T3,SGAN,TP33,,AT,2 (E),V11,,,,40
3181,b,"METAL SALTS OF ORGANIC COMPOUNDS, FLAMMABLE, N.O.S.",,"有机化合物的金属盐,易燃的,未另作规定的",,F3,4.1,4.1,III,5kg,274,E1,P002 IBC08 LP02 R001,MP11,B3,T1,SGAV,TP33,,AT,3 (E),,VC1 VC2,,,40
3182,a,"METAL HYDRIDES, FLAMMABLE, N.O.S.",,"金属氢化物,易燃的,未另作规定的",,F3,4.1,4.1,II,1kg,274 554,E2,P410 IBC04,MP11,PP40,T3,SGAN,TP33,,AT,2 (E),,,,,40
3182,b,"METAL HYDRIDES, FLAMMABLE, N.O.S.",,"金属氢化物,易燃的,未另作规定的",,F3,4.1,4.1,III,5kg,274 554,E1,P002 IBC04 R001,MP11,,T1,SGAV,TP33,,AT,3 (E),,VC1 VC2,,,40
3183,a,"SELF-HEATING LIQUID, ORGANIC,N.O.S.",,"自热液体,有机的,未另作规定的",,S1,4.2,4.2,II,0,274,E2,P001 IBC02,MP15,,,L4DH,,TU14 TE21,AT,2 (D/E),V1,,,,30
3183,b,"SELF-HEATING LIQUID, ORGANIC, N.O.S.",,"自热液体,有机的,未另作规定的",,S1,4.2,4.2,III,0,274,E1,P001 IBC02 R001,MP15,,,L4DH,,TU14 TE21,AT,3 (E),V1,,,,30
3184,a,"SELF-HEATING LIQUID, TOXIC, ORGANIC, N.O.S.",,"自热液体,有毒的,有机的,未另作规定的",,ST1,4.2,4.2+6.1,II,0,274,E2,P402 IBC02,MP15,,,L4DH,,TU14 TE21,AT,2 (D/E),V1,,CV28,,36
3184,b,"SELF-HEATING LIQUID, TOXIC, ORGANIC, N.O.S.",,"自热液体,有毒的,有机的,未另作规定的",,ST1,4.2,4.2+6.1,III,0,274,E1,P001 IBC02 R001,MP15,,,L4DH,,TU14 TE21,AT,3 (E),V1,,CV28,,36
3185,a,"SELF-HEATING LIQUID, CORROSIVE, ORGANIC,N.O.S.",,"自热液体,腐蚀性的,有机的,未另作规定的",,SC1,4.2,4.2+8,II,0,274,E2,P402 IBC02,MP15,,,L4DH,,TU14 TE21,AT,2 (D/E),V1,,,,38
3185,b,"SELF-HEATING LIQUID, CORROSIVE, ORGANIC,N.O.S.",,"自热液体,腐蚀性的,有机的,未另作规定的",,SC1,4.2,4.2+8,III,0,274,E1,P001 IBC02 R001,MP15,,,L4DH,,TU14 TE21,AT,3 (E),V1,,,,38
3186,a,"SELF-HEATING LIQUID, INORGANIC, N.O.S.",,"自热液体,无机的,未另作规定的",,S3,4.2,4.2,II,0,274,E2,P001 IBC02,MP15,,,L4DH,,TU14 TE21,AT,2 (D/E),V1,,,,30
3186,b,"SELF-HEATING LIQUID, INORGANIC, N.O.S.",,"自热液体,无机的,未另作规定的",,S3,4.2,4.2,III,0,274,E1,P001 IBC02 R001,MP15,,,L4DH,,TU14 TE21,AT,3 (E),V1,,,,30
3187,a,"SELF-HEATING LIQUID, TOXIC, INORGANIC, N.O.S.",,"自热液体,有毒的,无机的,未另作规定的",,ST3,4.2,4.2+6.1,II,0,274,E2,P402 IBC02,MP15,,,L4DH,,TU14 TE21,AT,2 (D/E),V1,,CV28,,36
3187,b,"SELF-HEATING LIQUID, TOXIC, INORGANIC, N.O.S.",,"自热液体,有毒的,无机的,未另作规定的",,ST3,4.2,4.2+6.1,III,0,274,E1,P001 IBC02 R001,MP15,,,L4DH,,TU14 TE21,AT,3 (E),V1,,CV28,,36
3188,a,"SELF-HEATING LIQUID, CORROSIVE, INORGANIC, N.O.S.",,"自热液体,腐蚀性的,无机的,未另作规定的",,SC3,4.2,4.2+8,II,0,274,E2,P402 IBC02,MP15,,,L4DH,,TU14 TE21,AT,2 (D/E),V1,,,,38
3188,b,"SELF-HEATING LIQUID, CORROSIVE, INORGANIC, N.O.S.",,"自热液体,腐蚀性的,无机的,未另作规定的",,SC3,4.2,4.2+8,III,0,274,E1,P001 IBC02 R001,MP15,,,L4DH,,TU14 TE21,AT,3 (E),V1,,,,38
3189,a,"METAL POWDER, SELF-HEATING, N.O.S.",,"金属粉,自热的,未另作规定的",,S4,4.2,4.2,II,0,274 555,E2,P410 IBC06,MP14,,T3,SGAN,TP33,,AT,2 (D/E),V1,,,,40
3189,b,"METAL POWDER, SELF-HEATING, N.O.S.",,"金属粉,自热的,未另作规定的",,S4,4.2,4.2,III,0,274 555,E1,P002 IBC08 LP02 R001,MP14,B3,T1,SGAN,TP33,,AT,3 (E),V1,VC1 VC2 AP1,,,40
3190,a,"SELF-HEATING SOLID, INORGANIC, N.O.S.",,"自热固体,无机的,未另作规定的",,S4,4.2,4.2,II,0,274,E2,P410 IBC06,MP14,,T3,SGAN,TP33,,AT,2 (D/E),V1,,,,40
3190,b,"SELF-HEATING SOLID, INORGANIC, N.O.S.",,"自热固体,无机的,未另作规定的",,S4,4.2,4.2,III,0,274,E1,P002 IBC08 LP02 R001,MP14,B3,T1,SGAN,TP33,,AT,3 (E),V1,VC1 VC2 AP1,,,40
3191,a,"SELF-HEATING SOLID, TOXIC, INORGANIC, N.O.S.",,"自热固体,有毒的,无机的,未另作规定的",,ST4,4.2,4.2+6.1,II,0,274,E2,P410 IBC05,MP14,,T3,SGAN,TP33,,AT,2 (D/E),V1,,CV28,,46
3191,b,"SELF-HEATING SOLID, TOXIC, INORGANIC, N.O.S.",,"自热固体,有毒的,无机的,未另作规定的",,ST4,4.2,4.2+6.1,III,0,274,E1,P002 IBC08 R001,MP14,B3,T1,SGAN,TP33,,AT,3 (E),V1,,CV28,,46
3192,a,"SELF-HEATING SOLID, CORROSIVE, INORGANIC, N.O.S.",,"自热固体,腐蚀的,无机的,未另作规定的",,SC4,4.2,4.2+8,II,0,274,E2,P410 IBC05,MP14,,T3,SGAN,TP33,,AT,2 (D/E),V1,,,,48
3192,b,"SELF-HEATING SOLID, CORROSIVE, INORGANIC, N.O.S.",,"自热固体,腐蚀的,无机的,未另作规定的",,SC4,4.2,4.2+8,III,0,274,E1,P002 IBC08 R001,MP14,B3,T1,SGAN,TP33,,AT,3 (E),V1,,,,48
3194,,"PYROPHORIC LIQUID, INORGANIC, N.O.S.",,"发火液体,无机的,未另作规定的",,S3,4.2,4.2,I,0,274,E0,P400,MP2,,,L21DH,,TU14 TC1 TE21 TM1,AT,0 (B/E),V1,,,S20,333
3200,,"PYROPHORIC SOLID, INORGANIC, N.O.S.",,"发火固体,无机的,未另作规定的",,S4,4.2,4.2,I,0,274,E0,P404,MP13,,T21,,TP7 TP33,,AT,0 (B/E),V1,,,S20,43
3205,a,"ALKALINE EARTH METAL ALCOHOLATES, N.O.S.",,"碱土金属醇化物,未另作规定的",,S4,4.2,4.2,II,0,183 274,E2,P410 IBC06,MP14,,T3,SGAN,TP33,,AT,2 (D/E),V1,,,,40
3205,b,"ALKALINE EARTH METAL ALCOHOLATES, N.O.S.",,"碱土金属醇化物,未另作规定的",,S4,4.2,4.2,III,0,183 274,E1,P002 IBC08 LP02 R001,MP14,B3,T1,SGAN,TP33,,AT,3 (E),V1,,,,40
3206,a,"ALKALI METAL ALCOHOLATES, SELF-HEATING, CORROSIVE, N.O.S.",,"碱金属醇化物,自热的,腐蚀性的,未另作规定的",,SC4,4.2,4.2+8,II,0,182 274,E2,P410 IBC05,MP14,,T3,SGAN,TP33,,AT,2 (D/E),V1,,,,48
3206,b,"ALKALIMETALA LCOHOLATES, SELF-HEATING, CORROSIVE, N.O.S.",,"碱金属醇化物,自热的,腐蚀性的,未另作规定的",,SC4,4.2,4.2+8,III,0,182 274,E1,P002 IBC08 R001,MP14,B3,T1,SGAN,TP33,,AT,3 (E),V1,,,,48
3208,a,"METALLIC SUBSTANCE, WATER-REACTIVE, N.O.S.",,"金属物质,遇水反应的,未另作规定的",,W2,4.3,4.3,I,0,274 557,E0,P403 IBC99,MP2,,,,,,,1 (E),V1,,CV23,S20,
3208,b,"METALLIC SUBSTANCE, WATER-REACTIVE, N.O.S.",,"金属物质,遇水反应的,未另作规定的",,W2,4.3,4.3,II,500g,274 557,E0,P410 IBC07,MP14,,T3,SGAN,TP33,,AT,2 (D/E),V1,,CV23,,423
3208,c,"METALLIC SUBSTANCE, WATER-REACTIVE, N.O.S.",,"金属物质,遇水反应的,未另作规定的",,W2,4.3,4.3,III,1kg,274 557,E1,P410 IBC08 R001,MP14,B4,T1,SGAN,TP33,,AT,3 (E),V1,VC1 VC2 AP3 AP4 AP5,CV23,,423
3209,a,"METALLIC SUBSTANCE, WATER-REACTIVE, SELF-HEATING, N.O.S.",,"金属物质,遇水反应的,自热的,未另作规定的",,WS,4.3,4.3+4.2,I,0,274 558,E0,P403,MP2,,,,,,,1 (E),V1,,CV23,S20,
3209,b,"METALLIC SUBSTANCE, WATER-REACTIVE, SELF-HEATING, N.O.S.",,"金属物质,遇水反应的,自热的,未另作规定的",,WS,4.3,4.3+4.2,II,0,274 558,E2,P410 IBC05,MP14,,T3,SGAN,TP33,,AT,2 (D/E),V1,,CV23,,423
3209,c,"METALLIC SUBSTANCE, WATER-REACTIVE, SELF-HEATING, N.O.S.",,"金属物质,遇水反应的,自热的,未另作规定的",,WS,4.3,4.3+4.2,III,0,274 558,E1,P410 IBC08 R001,MP14,B4,T1,SGAN,TP33,,AT,3 (E),V1,VC1 VC2 AP3 AP4 AP5,CV23,,423
3210,a,"CHLORATES, INORGANIC, AQUEOUS SOLUTION, N.O.S.",,"氯酸盐类,无机的,水溶液,未另作规定的",,O1,5.1,5.1,II,1L,274 351,E2,P504 IBC02,MP2,,T4,L4BN,TP1,TU3,AT,2 (E),,,CV24,,50
3210,b,"CHLORATES, INORGANIC, AQUEOUS SOLUTION, N.O.S.",,"氯酸盐类,无机的,水溶液,未另作规定的",,O1,5.1,5.1,III,5L,274 351,E1,P504 IBC02 R001,MP2,,T4,LGBV,TP1,TU3,AT,3 (E),,,CV24,,50
3211,a,"PERCHLORATES, INORGANIC, AQUEOUS SOLUTION, N.O.S.",,"高氯酸盐类,无机的,水溶液,未另作规定的",,O1,5.1,5.1,II,1L,,E2,P504 IBC02,MP2,,T4,L4BN,TP1,TU3,AT,2 (E),,,CV24,,50
3211,b,"PERCHLORATES, INORGANIC, AQUEOUS SOLUTION, N.O.S.",,"高氯酸盐类,无机的,水溶液,未另作规定的",,O1,5.1,5.1,III,5L,,E1,P504 IBC02 R001,MP2,,T4,LGBV,TP1,TU3,AT,3 (E),,,CV24,,50
3212,,"HYPOCHLORITES, INORGANIC, N.O.S.",,"次氯酸盐类,无机的,未另作规定的",,O2,5.1,5.1,II,1kg,274 349,E2,P002 IBC08,MP10,B4,T3,SGAN,TP33,TU3,AT,2 (E),V11,,CV24,,50
3213,a,"BROMATES, INORGANIC, AQUEOUS SOLUTION, N.O.S.",,"溴酸盐类,无机的,水溶液,未另作规定的",,O1,5.1,5.1,II,1L,274 350,E2,P504 IBC02,MP2,,T4,L4BN,TP1,TU3,AT,2 (E),,,CV24,,50
3213,b,"BROMATES, INORGANIC, AQUEOUS SOLUTION, N.O.S.",,"溴酸盐类,无机的,水溶液,未另作规定的",,O1,5.1,5.1,III,5L,274 350,E1,P504 IBC02 R001,MP15,,T4,LGBV,TP1,TU3,AT,3 (E),,,CV24,,50
3214,,"PERMANGANATES, INORGANIC, AQUEOUS SOLU TION,N.O.S.",,"高锰酸盐类,无机的,水溶液,未另作规定的",,O1,5.1,5.1,II,1L,274 353,E2,P504 IBC02,MP2,,T4,L4BN,TP1,TU3,AT,2 (E),,,CV24,,50
3215,,"PERSULPHATES, INORGANIC, N.O.S.",,"过硫酸盐类,无机的,未另作规定的",,O2,5.1,5.1,III,5kg,,E1,P002 IBC08 LP02 R001,MP10,B3,T1,SGAV,TP33,TU3,AT,3 (E),,VC1 VC2 AP6 AP7,CV24,,50
3216,,"PERSULPHATES, INORGANIC, AQUEOUS SOLUTION, N.O.S.",,"过硫酸盐类,无机的,水溶液,未另作规定的",,O1,5.1,5.1,III,5L,,E1,P504 IBC02 R001,MP15,,T4,LGBV,TP1 TP29,TU3,AT,3 (E),,,CV24,,50
3218,a,"NITRATES, INORGANIC, AQUEOUS SOLUTION, N.O.S.",,"硝酸盐类,无机的,水溶液,未另作规定的",,O1,5.1,5.1,II,1L,270 511,E2,P504 IBC02,MP15,,T4,L4BN,TP1,TU3,AT,2 (E),,,CV24,,50
3218,b,"NITRATES, INORGANIC, AQUEOUS SOLUTION, N.O.S.",,"硝酸盐类,无机的,水溶液,未另作规定的",,O1,5.1,5.1,III,5L,270 511,E1,P504 IBC02 R001,MP15,,T4,LGBV,TP1,TU3,AT,3 (E),,,CV24,,50
3219,a,"NITRITES, INORGANIC, AQUEOUS SOLUTION, N.O.S.",,"亚硝酸盐类,无机的,水溶液,未另作规定的",,O1,5.1,5.1,II,1L,103 274,E2,P504 IBC01,MP15,,T4,L4BN,TP1,TU3,AT,2 (E),,,CV24,,50
3219,b,"NITRITES, INORGANIC, AQUEOUS SOLUTION, N.O.S.",,"亚硝酸盐类,无机的,水溶液,未另作规定的",,O1,5.1,5.1,III,5L,103 274,E1,P504 IBC02 R001,MP15,,T4,LGBV,TP1,TU3,AT,3 (E),,,CV24,,50
3220,a,PENTAFLUORO-ETHANE,,五氟乙烷,,2A,2,2.2,,120mL,662,E1,P200,MP9,,(M) T50,PxBN(M),,TA4 TT9,AT,3 (C/E),,,CV9 CV10 CV36,,20
3220,b,REFRIGERANT GAS R125,,制冷气体R125,,2A,2,2.2,,120mL,662,E1,P200,MP9,,(M) T50,PxBN(M),,TA4 TT9,AT,3 (C/E),,,CV9 CV10 CV36,,20
3221,,SELF-REACTIVE LIQUID TYPE B,,B型自反应液体,,SR1,4.1,4.1+1,,25mL,181 194 274,E0,P520,MP2,PP21,,,,,,1 (B),V1,,CV15 CV20 CV22,S9 S17,
3222,,SELF-REACTIVE SOLID TYPE B,,B型自反应固体,,SR1,4.1,4.1+1,,100g,181 194 274,E0,P520,MP2,PP21,,,,,,1 (B),V1,,CV15 CV20 CV22,S9 S17,
3223,,SELF-REACTIVE LIQUID TYPE C,,C型自反应液体,,SR1,4.1,4.1,,25mL,194 274,E0,P520,MP2,PP21,,,,,,1 (D),V1,,CV15 CV20 CV22,S8 S18,
3224,,SELF-REACTIVE SOLID TYPE C,,C型自反应固体,,SR1,4.1,4.1,,100g,194 274,E0,P520,MP2,PP21,,,,,,1 (D),V1,,CV15 CV20 CV22,S8 S18,
3225,,SELF-REACTIVE LIQUID TYPE D,,D型自反应液体,,SR1,4.1,4.1,,125mL,194 274,E0,P520,MP2,,,,,,,2 (D),V1,,CV15 CV22,S19,
3226,,SELF-REACTIVE SOLID TYPE D,,D型自反应固体,,SR1,4.1,4.1,,500g,194 274,E0,P520,MP2,,,,,,,2 (D),V1,,CV15 CV22,S19,
3227,,SELF-REACTIVE LIQUID TYPE E,,E型自反应液体,,SR1,4.1,4.1,,125mL,194 274,E0,P520,MP2,,,,,,,2 (D),V1,,CV15 CV22,,
3228,,SELF-REACTIVE SOLID TYPE E,,E型自反应固体,,SR1,4.1,4.1,,500g,194 274,E0,P520,MP2,,,,,,,2 (D),V1,,CV15 CV22,,
3229,,SELF-REACTIVE LIQUID TYPE F,,F型自反应液体,,SR1,4.1,4.1,,125mL,194 274,E0,P520 IBC99,MP2,,T23,,,,AT,2 (D),V1,,CV15 CV22,,40
3230,,SELF-REACTIVE SOLID TYPE F,,F型自反应固体,,SR1,4.1,4.1,,500g,194 274,E0,P520 IBC99,MP2,,T23,,,,AT,2 (D),V1,,CV15 CV22,,40
3231,,"SELF-REACTIVE LIQUID TYPE B, TEMPERATURE CONTROLLED",,"B型自反应液体,控温的",,SR2,4.1,4.1+1,,0,181 194 274,E0,P520,MP2,PP21,,,,,,1 (B),V8,,CV15 CV20 CV21 CV22,S4 S9 S16,
3232,,"SELF-REACTIVE SOLID TYPE B, TEMPERATURE CONTROLLED",,"B型自反应固体,控温的",,SR2,4.1,4.1+1,,0,181 194 274,E0,P520,MP2,PP21,,,,,,1 (B),V8,,CV15 CV20 CV21 CV22,S4 S9 S16,
3233,,"SELF-REACTIVE LIQUID TYPE C, TEMPERATURE CONTROLLED",,"C型自反应液体,控温的",,SR2,4.1,4.1,,0,194 274,E0,P520,MP2,PP21,,,,,,1 (D),V8,,CV15 CV20 CV21 CV22,S4 S8 S17,
3234,,"SELF-REACTIVE SOLID TYPE C, TEMPERATURE CONTROLLED",,"C型自反应固体,控温的",,SR2,4.1,4.1,,0,194 274,E0,P520,MP2,PP21,,,,,,1 (D),V8,,CV15 CV20 CV21 CV22,S4 S8 S17,
3235,,"SELF-REACTIVE LIQUID TYPE D, TEMPERATURE CONTROLLED",,"D型自反应液体,控温的",,SR2,4.1,4.1,,0,194 274,E0,P520,MP2,,,,,,,1 (D),V8,,CV15 CV21 CV22,S4 S18,
3236,,"SELF-REACTIVE SOLID TYPE D, TEMPERATURE CONTROLLED",,"D型自反应固体,控温的",,SR2,4.1,4.1,,0,194 274,E0,P520,MP2,,,,,,,1 (D),V8,,CV15 CV21 CV22,S4 S18,
3237,,"SELF-REACTIVE LIQUID TYPE E, TEMPERATURE CONTROLLED",,"E型自反应液体,控温的",,SR2,4.1,4.1,,0,194 274,E0,P520,MP2,,,,,,,1 (D),V8,,CV15 CV21 CV22,S4 S19,
3238,,"SELF-REACTIVE SOLID TYPE E, TEMPERATURE CONTROLLED",,"E型自反应固体,控温的",,SR2,4.1,4.1,,0,194 274,E0,P520,MP2,,,,,,,1 (D),V8,,CV15 CV21 CV22,S4 S19,
3239,,"SELF-REACTIVE LIQUID TYPE F, TEMPERATURE CONTROLLED",,"F型自反应液体,控温的",,SR2,4.1,4.1,,0,194 274,E0,P520,MP2,,T23,,,,AT,1 (D),V8,,CV15 CV21 CV22,S4,40
3240,,"SELF-REACTIVE SOLID TYPE F, TEMPERATURE CONTROLLED",,"F型自反应固体,控温的",,SR2,4.1,4.1,,0,194 274,E0,P520,MP2,,T23,,,,AT,1 (D),V8,,CV15 CV21 CV22,S4,40
3241,,"2-BROMO-2-NITROPROPANE-1, 3-DIOL",,"2-溴-2-硝基丙烷-1,3-二醇",,SR1,4.1,4.1,III,5kg,638,E1,P520 IBC08,MP2,PP22 B3,,,,,,3 (D),,,CV14,S24,
3242,,AZODICARBONAMIDE,,偶氮(二)甲酰胺,,SR1,4.1,4.1,II,1kg,215 638,E0,P409,MP2,,T3,,TP33,,AT,2 (D),,,CV14,S24,40
3243,,"SOLIDS CONTAINING TOXIC LIQUID, N.O.S.",,"含有毒液体的固体,未另作规定的",,T9,6.1,6.1,II,500g,217 274 601,E4,P002 IBC02,MP10,PP9,T3 BK1 BK2,SGAH,TP33,TU15 TE19,AT,2 (D/E),,VC1 VC2 AP7,CV13 CV28,S9 S19,60
3244,,"SOLIDS CONTAINING CORROSIVE LIQUID,N.O.S.",,"含腐蚀性液体的固体,未另作规定的",,C10,8,8,II,1kg,218 274,E2,P002 IBC05,MP10,PP9,T3 BK1 BK2,SGAV,TP33,,AT,2 (E),,VC1 VC2 AP7,,,80
3245,a,GENETICALLY MODIFIED MICROORGANISMS,,基因改变的微生物,,M8,9,9,,0,219 637,E0,P904 IBC08,MP6,,,,,,,2 (E),,,CV1 CV13 CV26 CV27 CV28,S17,
3245,b,GENETICALLY MODIFIED ORGANISMS,,基因改变的微生物,,M8,9,9,,0,219 637,E0,P904 IBC08,MP6,,,,,,,2 (E),,,CV1 CV13 CV26 CV27 CV28,S17,
3245,c,GENETICALLY MODIFIED MICROORGANISMS,refrigerated liquid nitrogen,基因改变的微生物,液氮冷藏的,M8,9,9+2.2,,0,219 637,E0,P904 IBC08,MP6,,,,,,,2 (E),,,CV1 CV13 CV26 CV27 CV28,S17,
3245,d,GENETICALLY MODIFIED ORGANISMS,refrigerated liquid nitrogen,基因改变的生物,液氮冷藏的,M8,9,9+2.2,,0,219 637,E0,P904 IBC08,MP6,,,,,,,2 (E),,,CV1 CV13 CV26 CV27 CV28,S17,
3246,,METHANESULPHONYL CHLORIDE,,甲磺酰氯,,TC1,6.1,6.1+8,I,0,354,E0,P602,MP8 MP17,,T20,L10CH,TP2 TP37,TU14 TU15 TE19 TE21,AT,1 (C/D),,,CV1 CV13 CV28,S9 S14,668
3247,,SODIUM PEROXOBORATE ANHYDROUS,,"过氧硼酸钠,无水的",,O2,5.1,5.1,II,1kg,,E2,P002 IBC08,MP2,B4,T3,SGAN,TP33,TU3,AT,2 (E),V11,,CV24,,50
3248,a,"MEDICINE, LIQUID, FLAMMABLE, TOXIC,N.O.S.",,"医药,液体的,易燃的,有毒的,未另作规定的",,FT1,3,3+6.1,II,1L,220 221 601,E2,P001,MP19,,,L4BH,,TU15,FL,2 (D/E),,,CV13 CV28,S2 S19,336
3248,b,"MEDICINE, LIQUID, FLAMMABLE, TOXIC,N.O.S.",,"医药,液体的,易燃的,有毒的,未另作规定的",,FT1,3,3+6.1,III,5L,220 221 601,E1,P001 R001,MP19,,,L4BH,,TU15,FL,3 (D/E),,,CV13 CV28,S2,36
3249,a,"MEDICINE, SOLID,TOXIC, N.O.S.",,"医药,固体的,有毒的,未另作规定的",,T2,6.1,6.1,II,500g,221 601,E4,P002,MP10,,T3,SGAH L4BH,TP33,TU15 TE19,AT,2 (D/E),,,CV13 CV28,S9 S19,60
3249,b,"MEDICINE, SOLID,TOXIC, N.O.S.",,"医药,固体的,有毒的,未另作规定的",,T2,6.1,6.1,III,5kg,221 601,E1,P002 LP02 R001,MP10,,T1,SGAH L4BH,TP33,TU15 TE19,AT,2 (E),,VC1 VC2 AP7,CV13 CV28,S9,60
3250,,"CHLOROACETIC ACID,MOLTEN",,"氯乙酸,熔融的",,TC1,6.1,6.1+8,II,0,,E0,,,,T7,L4BH,TP3 TP28,TU15 TC4 TE19,AT,0 (D/E),,,CV13,S9 S19,68
3251,,ISOSORBIDE-5-MONONITRATE,,异山梨醇-5-单硝酸酯,,SR1,4.1,4.1,III,5kg,226 638,E0,P409,MP2,,,,,,,3 (D),,,CV14,S24,
3252,a,DIFLUORO-METHANE,,二氟甲烷(制冷气体R32),,2F,2,2.1,,0,662,E0,P200,MP9,,(M) T50,PxBN(M),,TA4 TT9,FL,2 (B/D),,,CV9 CV10 CV36,S2 S20,23
3252,b,REFRIGERANT GAS R32,,二氟甲烷(制冷气体R32),,2F,2,2.1,,0,662,E0,P200,MP9,,(M) T50,PxBN(M),,TA4 TT9,FL,2 (B/D),,,CV9 CV10 CV36,S2 S20,23
3253,,DISODIUM TRIOXOSILICATE,,三氧硅酸二钠,,C6,8,8,III,5kg,,E1,P002 IBC08 LP02 R001,MP10,B3,T1,SGAV,TP33,,AT,3 (E),,VC1 VC2 AP7,,,80
3254,,TRIBUTYLPHOSPHANE,,三丁基磷烷,,S1,4.2,4.2,I,0,,E0,P400,MP2,,T21,,TP2 TP7,,AT,0 (B/E),V1,,,S20,333
3255,,tert-BUTYL HYPOCHLORITE,,次氯酸叔丁酯,,SC1,4.2,,,,,,,,,,,,,,,,,,,
3256,a,"ELEVATED TEMPERATURE LIQUID, FLAMMABLE, N.O.S.","with flash point above 60°C , at or above its flash-point and below 100°C","加热液体,易燃的,未另作规定的","闪点高于60°C,温度等于或高于其闪点,且低于100°C",F2,3,3,III,0,274 560,E0,P099 IBC99,MP2,,T3,LGAV,TP3 TP29,TU35 TE24,FL,3 (D/E),,,,S2,30
3256,b,"ELEVATED TEMPERATURE LIQUID, FLAMMABLE, N.O.S.","with flash point above 60°C , at or above its flash-point and below 100°C","加热液体,易燃的,未另作规定的","闪点高于60°C,温度等于或高于其闪点且等于或高于100°C",F2,3,3,III,0,274 560,E0,P099 IBC99,MP2,,T3,LGAV,TP3 TP29,TU35 TE24,FL,3 (D/E),,,,S2,30
3257,a,"ELEVATED TEMPERATURE LIQUID,N.O.S.","at or above 100°C and below its flash-point (including molten metals,molten salts, etc.) , filled at a temperature higher than 190°C","加热液体,未另作规定的","温度等于或高于100°C并低于其闪点 (包括熔融金属、熔融盐类等),在温度高于190°C时充装",M9,9,9,III,0,274 643,E0,P099 IBC99,,,T3,LGAV,TP3 TP29,TU35 TC7 TE6 TE14 TE18 TE24,AT,3 (D),,VC3,,,99
3257,b,"ELEVATED TEMPERATURE LIQUID,N.O.S.","at or above 100°C and below its flash-point (including molten metals,molten salts, etc.) , filled at a temperature higher than 190°C","加热液体,未另作规定的","温度等于或高于100°C并低于其闪点 (包括熔融金属、熔融盐类等),在温度等于或低于 190°C时充装",M9,9,9,III,0,274 643,E0,P099 IBC99,,,T3,LGAV,TP3 TP29,TU35 TC7 TE6 TE14 TE24,AT,3 (D),,VC3,,,99
3258,,"ELEVATED TEMPERATURE SOLID, N.O.S.",at or above 240°C,"加热固体,未另作规定的",温度等于或高于240°C,M10,9,9,III,0,274 643,E0,P099 IBC99,,,,,,,,3 (D),,VC3,,,99
3259,a,"AMINES, SOLID, CORROSIVE, N.O.S.",,"胺类,固体的,腐蚀的,未另作规定的",,C8,8,8,I,0,274,E0,P002 IBC07,MP18,,T6,S10AN L10BH,TP33,,AT,1 (E),V10,,,S20,88
3259,b,"POLYAMINES, SOLID, CORROSIVE, N.O.S.",,"聚胺类,固体的,腐蚀的,未另作规定的",,C8,8,8,I,0,274,E0,P002 IBC07,MP18,,T6,S10AN L10BH,TP33,,AT,1 (E),V10,,,S20,88
3259,c,"AMINES, SOLID, CORROSIVE, N.O.S.",,"胺类,固体的,腐蚀的,未另作规定的或",,C8,8,8,II,1kg,274,E2,P002 IBC08,MP10,B4,T3,SGAN L4BN,TP33,,AT,2 (E),V11,,,,80
3259,d,"POLYAMINES, SOLID, CORROSIVE, N.O.S.",,"聚胺类,固体的,腐蚀的,未另作规定的",,C8,8,8,II,1kg,274,E2,P002 IBC08,MP10,B4,T3,SGAN L4BN,TP33,,AT,2 (E),V11,,,,80
3259,e,"AMINES, SOLID, CORROSIVE, N.O.S.",,"胺类,固体的,腐蚀的,未另作规定的",,C8,8,8,III,5kg,274,E1,P002 IBC08 LP02 R001,MP10,B3,T1,SGAV L4BN,TP33,,AT,3 (E),,VC1 VC2 AP7,,,80
3259,f,"POLYAMINES, SOLID, CORROSIVE, N.O.S.",,"聚胺类,固体的,腐蚀的,未另作规定的",,C8,8,8,III,5kg,274,E1,P002 IBC08 LP02 R001,MP10,B3,T1,SGAV L4BN,TP33,,AT,3 (E),,VC1 VC2 AP7,,,80
3260,a,"CORROSIVE SOLID, ACIDIC, INORGANIC, N.O.S.",,"腐蚀性固体,酸性的,无机的,未另作规定的",,C2,8,8,I,0,274,E0,P002 IBC07,MP18,,T6,S10AN,TP33,,AT,1 (E),V10,,,S20,88
3260,b,"CORROSIVE SOLID, ACIDIC, INORGANIC, N.O.S.",,"腐蚀性固体,酸性的,无机的,未另作规定的",,C2,8,8,II,1kg,274,E2,P002 IBC08,MP10,B4,T3,SGAN,TP33,,AT,2 (E),V11,,,,80
3260,c,"CORROSIVE SOLID, ACIDIC, INORGANIC, N.O.S.",,"腐蚀性固体,酸性的,无机的,未另作规定的",,C2,8,8,III,5kg,274,E1,P002 IBC08 LP02 R001,MP10,B3,T1,SGAV,TP33,,AT,3 (E),,VC1 VC2 AP7,,,80
3261,a,"CORROSIVE SOLID, ACIDIC, ORGANIC, N.O.S.",,"腐蚀性固体,酸性的,有机的,未另作规定的",,C4,8,8,I,0,274,E0,P002 IBC07,MP18,,T6,S10AN L10BH,TP33,,AT,1 (E),V10,,,S20,88
3261,b,"CORROSIVE SOLID, ACIDIC, ORGANIC, N.O.S.",,"腐蚀性固体,酸性的,有机的,未另作规定的",,C4,8,8,II,1kg,274,E2,P002 IBC08,MP10,B4,T3,SGAN L4BN,TP33,,AT,2 (E),V11,,,,80
3261,c,"CORROSIVE SOLID, ACIDIC, ORGANIC, N.O.S.",,"腐蚀性固体,酸性的,有机的,未另作规定的",,C4,8,8,III,5kg,274,E1,P002 IBC08 LP02 R001,MP10,B3,T1,SGAV L4BN,TP33,,AT,3 (E),,VC1 VC2 AP7,,,80
3262,a,"CORROSIVE SOLID, BASIC, INORGANIC, N.O.S.",,"腐蚀性固体,碱性的,无机的,未另作规定的",,C6,8,8,I,0,274,E0,P002 IBC07,MP18,,T6,S10AN L10BH,TP33,,AT,1 (E),V10,,,S20,88
3262,b,"CORROSIVE SOLID, BASIC, INORGANIC, N.O.S.",,"腐蚀性固体,碱性的,无机的,未另作规定的",,C6,8,8,II,1kg,274,E2,P002 IBC08,MP10,B4,T3,SGAN L4BN,TP33,,AT,2 (E),V11,,,,80
3262,c,"CORROSIVE SOLID, BASIC, INORGANIC, N.O.S.",,"腐蚀性固体,碱性的,无机的,未另作规定的",,C6,8,8,III,5kg,274,E1,P002 IBC08 LP02 R001,MP10,B3,T1,SGAV L4BN,TP33,,AT,3 (E),,VC1 VC2 AP7,,,80
3263,a,"CORROSIVE SOLID, BASIC, ORGANIC, N.O.S.",,"腐蚀性固体,碱性的,有机的,未另作规定的",,C8,8,8,I,0,274,E0,P002 IBC07,MP18,,T6,S10AN L10BH,TP33,,AT,1 (E),V10,,,S20,88
3263,b,"CORROSIVE SOLID, BASIC, ORGANIC, N.O.S.",,"腐蚀性固体,碱性的,有机的,未另作规定的",,C8,8,8,II,1kg,274,E2,P002 IBC08,MP10,B4,T3,SGAN L4BN,TP33,,AT,2 (E),V11,,,,80
3263,c,"CORROSIVE SOLID, BASIC, ORGANIC, N.O.S.",,"腐蚀性固体,碱性的,有机的,未另作规定的",,C8,8,8,III,5kg,274,E1,P002 IBC08 LP02 R001,MP10,B3,T1,SGAV L4BN,TP33,,AT,3 (E),,VC1 VC2 AP7,,,80
3264,a,"CORROSIVE LIQUID, ACIDIC, INORGANIC, N.O.S.",,"腐蚀性液体,酸性的,无机的,未另作规定的",,C1,8,8,I,0,274,E0,P001,MP8 MP17,,T14,L10BH,TP2 TP27,,AT,1 (E),,,,S20,88
3264,b,"CORROSIVE LIQUID, ACIDIC, INORGANIC, N.O.S.",,"腐蚀性液体,酸性的,无机的,未另作规定的",,C1,8,8,II,1L,274,E2,P001 IBC02,MP15,,T11,L4BN,TP2 TP27,,AT,2 (E),,,,,80
3264,c,"CORROSIVE LIQUID, ACIDIC, INORGANIC, N.O.S.",,"腐蚀性液体,酸性的,无机的,未另作规定的",,C1,8,8,III,5L,274,E1,P001 IBC03 LP01 R001,MP19,,T7,L4BN,TP1 TP28,,AT,3 (E),V12,,,,80
3265,a,"CORROSIVE LIQUID, ACIDIC, ORGANIC, N.O.S.",,"腐蚀性液体,酸性的,有机的,未另作规定的",,C3,8,8,I,0,274,E0,P001,MP8 MP17,,T14,L10BH,TP2 TP27,,AT,1 (E),,,,S20,88
3265,b,"CORROSIVE LIQUID, ACIDIC, ORGANIC, N.O.S.",,"腐蚀性液体,酸性的,有机的,未另作规定的",,C3,8,8,II,1L,274,E2,P001 IBC02,MP15,,T11,L4BN,TP2 TP27,,AT,2 (E),,,,,80
3265,c,"CORROSIVE LIQUID, ACIDIC, ORGANIC, N.O.S.",,"腐蚀性液体,酸性的,有机的,未另作规定的",,C3,8,8,III,5L,274,E1,P001 IBC03 LP01 R001,MP19,,T7,L4BN,TP1 TP28,,AT,3 (E),V12,,,,80
3266,a,"CORROSIVE LIQUID, BASIC, INORGANIC, N.O.S.",,"腐蚀性液体,碱性的,无机的,未另作规定的",,C5,8,8,I,0,274,E0,P001,MP8 MP17,,T14,L10BH,TP2 TP27,,AT,1 (E),,,,S20,88
3266,b,"CORROSIVE LIQUID, BASIC, INORGANIC, N.O.S.",,"腐蚀性液体,碱性的,无机的,未另作规定的",,C5,8,8,II,1L,274,E2,P001 IBC02,MP15,,T11,L4BN,TP2 TP27,,AT,2 (E),,,,,80
3266,c,"CORROSIVE LIQUID, BASIC, INORGANIC, N.O.S.",,"腐蚀性液体,碱性的,无机的,未另作规定的",,C5,8,8,III,5L,274,E1,P001 IBC03 LP01 R001,MP19,,T7,L4BN,TP1 TP28,,AT,3 (E),V12,,,,80
3267,a,"CORROSIVE LIQUID, BASIC, ORGANIC, N.O.S.",,"腐蚀性液体,碱性的,有机的,未另作规定的",,C7,8,8,I,0,274,E0,P001,MP8 MP17,,T14,L10BH,TP2 TP27,,AT,1 (E),,,,S20,88
3267,b,"CORROSIVE LIQUID, BASIC, ORGANIC, N.O.S.",,"腐蚀性液体,碱性的,有机的,未另作规定的",,C7,8,8,II,1L,274,E2,P001 IBC02,MP15,,T11,L4BN,TP2 TP27,,AT,2 (E),,,,,80
3267,c,"CORROSIVE LIQUID, BASIC, ORGANIC, N.O.S.",,"腐蚀性液体,碱性的,有机的,未另作规定的",,C7,8,8,III,5L,274,E1,P001 IBC03 LP01 R001,MP19,,T7,L4BN,TP1 TP28,,AT,3 (E),V12,,,,80
3268,,SAFETY DEVICES,electrically initiated,"安全装置,电启动",,M5,9,9,,0,280 289,E0,P902 LP902,,,,,,,,4 (E),,,,,
3269,a,POLYESTER RESIN KIT,,聚酯树脂器材,,F3,3,3,II,5L,236 340,E0,P302 R001,,,,,,,,2 (E),,,,S2 S20,
3269,b,POLYESTER RESIN KIT,,聚酯树脂器材,,F3,3,3,III,5L,236 340,E0,P302 R001,,,,,,,,3 (E),,,,S2,
3270,,NITROCELLULOSE MEMBRANE FILTERS,"with not more than 12. 6% nitrogen, by dry mass",硝化纤维素膜过滤器,按干重含氮不超过12.6%,F1,4.1,4.1,II,1kg,237 286,E2,P411,MP11,,,,,,,2 (E),,,,,
3271,a,"ETHERS, N.O.S.",,"醚类,未另作规定的",,F1,3,3,II,1L,274,E2,P001 IBC02 R001,MP19,,T7,LGBF,TP1 TP8 TP28,,FL,2 (D/E),,,,S2 S20,33
3271,b,"ETHERS, N.O.S.",,"醚类,未另作规定的",,F1,3,3,III,5L,274,E1,P001 IBC03 LP01 R001,MP19,,T4,LGBF,TP1 TP29,,FL,3 (D/E),V12,,,S2,30
3272,a,"ESTERS, N.O.S.",,"酯类,未另作规定的",,F1,3,3,II,1L,274 601,E2,P001 IBC02 R001,MP19,,T7,LGBF,TP1 TP8 TP28,,FL,2 (D/E),,,,S2 S20,33
3272,b,"ESTERS, N.O.S.",,"酯类,未另作规定的",,F1,3,3,III,5L,274 601,E1,P001 IBC03 LP01 R001,MP19,,T4,LGBF,TP1 TP29,,FL,3 (D/E),V12,,,S2,30
3273,a,"NITRILES, FLAMMABLE, TOXIC,N.O.S.",,"腈类,易燃的,有毒的,未另作规定的",,FT1,3,3+6.1,I,0,274,E0,P001,MP7 MP17,,T14,L10CH,TP2 TP27,TU14 TU15 TE21,FL,1 (C/E),,,CV13 CV28,S2 S22,336
3273,b,"NITRILES, FLAMMABLE, TOXIC,N.O.S.",,"腈类,易燃的,有毒的,未另作规定的",,FT1,3,3+6.1,II,1L,274,E2,P001 IBC02,MP19,,T11,L4BH,TP2 TP27,TU15,FL,2 (D/E),,,CV13 CV28,S2 S22,336
3274,,"ALCOHOLATES SOLUTION, N.O.S.",in alcohol,"醇化物溶液,未另作规定的",溶于乙醇中,FC,3,3+8,II,1L,274,E2,P001 IBC02,MP19,,,L4BH,,,FL,2 (D/E),,,,S2 S20,338
3275,a,"NITRILES, TOXIC, FLAMMABLE, N.O.S.",,"腈类,有毒的,易燃的,未另作规定的",,TF1,6.1,6.1+3,I,0,274 315,E5,P001,MP8 MP17,,T14,L10CH,TP2 TP27,TU14 TU15 TE19 TE21,FL,1 (C/D),,,CV1 CV13 CV28,S2 S9 S14,663
3275,b,"NITRILES, TOXIC, FLAMMABLE, N.O.S.",,"腈类,有毒的,易燃的,未另作规定的",,TF1,6.1,6.1+3,II,100mL,274,E4,P001 IBC02,MP15,,T11,L4BH,TP2 TP27,TU15 TE19,FL,2 (D/E),,,CV13 CV28,S2 S9 S19,63
3276,a,"NITRILES, LIQUID,TOXIC, N.O.S.",,"腈类,液体的,有毒的,未另作规定的",,T1,6.1,6.1,I,0,274 315,E5,P001,MP8 MP17,,T14,L10CH,TP2 TP27,TU14 TU15 TE19 TE21,AT,1 (C/E),,,CV1 CV13 CV28,S9 S14,66
3276,b,"NITRILES, LIQUID,TOXIC, N.O.S.",,"腈类,液体的,有毒的,未另作规定的",,T1,6.1,6.1,II,100mL,274,E4,P001 IBC02,MP15,,T11,L4BH,TP2 TP27,TU15 TE19,AT,2 (D/E),,,CV13 CV28,S9 S19,60
3276,c,"NITRILES, LIQUID,TOXIC, N.O.S.",,"腈类,液体的,有毒的,未另作规定的",,T1,6.1,6.1,III,5L,274,E1,P001 IBC03 LP01 R001,MP19,,T7,L4BH,TP1 TP28,TU15 TE19,AT,2 (E),V12,,CV13 CV28,S9,60
3277,,"CHLOROFOR-MATES, TOXIC, CORROSIVE, N.O.S.",,"氯甲酸酯类,有毒的,腐蚀的,未另作规定的",,TC1,6.1,6.1+8,II,100mL,274 561,E4,P001 IBC02,MP15,,T8,L4BH,TP2 TP28,TU15 TE19,AT,2 (D/E),,,CV13 CV28,S9 S19,68
3278,a,"ORGANOPHO-SPHORUS COMPOUND, LIQUID,TOXIC, N.O.S.",,"有机磷化合物,液体的,有毒的,未另作规定的",,T1,6.1,6.1,I,0,43 274 315,E5,P001,MP8 MP17,,T14,L10CH,TP2 TP27,TU14 TU15 TE19 TE21,AT,1 (C/E),,,CV1 CV13 CV28,S9 S14,66
3278,b,"ORGANOPHO-SPHORUS COMPOUND, LIQUID,TOXIC, N.O.S.",,"有机磷化合物,液体的,有毒的,未另作规定的",,T1,6.1,6.1,II,100mL,43 274,E4,P001 IBC02,MP15,,T11,L4BH,TP2 TP27,TU15 TE19,AT,2 (D/E),,,CV13 CV28,S9 S19,60
3278,c,"ORGANOPHO-SPHORUS COMPOUND, LIQUID,TOXIC, N.O.S.",,"有机磷化合物,液体的,有毒的,未另作规定的",,T1,6.1,6.1,III,5L,43 274,E1,P001 IBC03 LP01 R001,MP19,,T7,L4BH,TP1 TP28,TU15 TE19,AT,2 (E),V12,,CV13 CV28,S9,60
3279,a,"ORGANOPHO-SPHORUS COMPOUND, TOXIC, FLAMMABLE, N.O.S.",,"有机磷化合物,有毒的,易燃的,未另作规定的",,TF1,6.1,6.1+3,I,0,43 274 315,E5,P001,MP8 MP17,,T14,L10CH,TP2 TP27,TU14 TU15 TE19 TE21,FL,1 (C/D),,,CV1 CV13 CV28,S2 S9 S14,663
3279,b,"ORGANOPHO-SPHORUS COMPOUND, TOXIC, FLAMMABLE, N.O.S.",,"有机磷化合物,有毒的,易燃的,未另作规定的",,TF1,6.1,6.1+3,II,100mL,43 274,E4,P001,MP15,,T11,L4BH,TP2 TP27,TU15 TE19,FL,2 (D/E),,,CV13 CV28,S2 S9 S19,63
3280,a,"ORGANOARSENIC COMPOUND, LIQUID, N.O.S.",,"有机砷化合物,液体的,未另作规定的",,T3,6.1,6.1,I,0,274 315,E5,P001,MP8 MP17,,T14,L10CH,TP2 TP27,TU14 TU15 TE19 TE21,AT,1 (C/E),,,CV1 CV13 CV28,S9 S14,66
3280,b,"ORGANOARSENIC COMPOUND, LIQUID, N.O.S.",,"有机砷化合物,液体的,未另作规定的",,T3,6.1,6.1,II,100mL,274,E4,P001 IBC02,MP15,,T11,L4BH,TP2 TP27,TU15 TE19,AT,2 (D/E),,,CV13 CV28,S9 S19,60
3280,c,"ORGANOARSENIC COMPOUND, LIQUID, N.O.S.",,"有机砷化合物,液体的,未另作规定的",,T3,6.1,6.1,III,5L,274,E1,P001 IBC03 LP01 R001,MP19,,T7,L4BH,TP1 TP28,TU15 TE19,AT,2 (E),V12,,CV13 CV28,S9,60
3281,a,"METAL CARBONYLS, LIQUID, N.O.S.",,"羰基金属,液体的,未另作规定的",,T3,6.1,6.1,I,0,274 315 562,E5,P601,MP8 MP17,,T14,L10CH,TP2 TP27,TU14 TU15 TE19 TE21,AT,1 (C/E),,,CV1 CV13 CV28,S9 S14,66
3281,b,"METAL CARBONYLS, LIQUID, N.O.S.",,"羰基金属,液体的,未另作规定的",,T3,6.1,6.1,II,100mL,274 562,E4,P001 IBC02,MP15,,T11,L4BH,TP2 TP27,TU15 TE19,AT,2 (D/E),,,CV13 CV28,S9 S19,60
3281,c,"METAL CARBONYLS, LIQUID, N.O.S.",,"羰基金属,液体的,未另作规定的",,T3,6.1,6.1,III,5L,274 562,E1,P001 IBC03 LP01 R001,MP19,,T7,L4BH,TP1 TP28,TU15 TE19,AT,2 (E),V12,,CV13 CV28,S9,60
3282,a,"ORGANOMETAL-LIC COMPOUND, LIQUID, TOXIC, N.O.S.",,"有机金属化合物,液体的,有毒的,未另作规定的",,T3,6.1,6.1,I,0,274 562,E5,P001,MP8 MP17,,T14,L10CH,TP2 TP27,TU14 TU15 TE19 TE21,AT,1 (C/E),,,CV1 CV13 CV28,S9 S14,66
3282,b,"ORGANOMETAL-LIC COMPOUND, LIQUID, TOXIC, N.O.S.",,"有机金属化合物,液体的,有毒的,未另作规定的",,T3,6.1,6.1,II,100mL,274 562,E4,P001 IBC02,MP15,,T11,L4BH,TP2 TP27,TU15 TE19,AT,2 (D/E),,,CV13 CV28,S9 S19,60
3282,c,"ORGANOMETAL-LIC COMPOUND, LIQUID, TOXIC, N.O.S.",,"有机金属化合物,液体的,有毒的,未另作规定的",,T3,6.1,6.1,III,5L,274 562,E1,P001 IBC03 LP01 R001,MP19,,T7,L4BH,TP1 TP28,TU15 TE19,AT,2 (E),V12,,CV13 CV28,S9,60
3283,a,"SELENIUM COMPOUND, SOLID,N.O.S.",,"硒化合物,固体的,未另作规定的",,T5,6.1,6.1,I,0,274 563,E5,P002 IBC07,MP18,,T6,S10AH L10CH,TP33,TU14 TU15 TE19 TE21,AT,1 (C/E),V10,,CV1 CV13 CV28,S9 S14,66
3283,b,"SELENIUM COMPOUND, SOLID,N.O.S.",,"硒化合物,固体的,未另作规定的",,T5,6.1,6.1,II,500g,274 563,E4,P002 IBC08,MP10,B4,T3,SGAH L4BH,TP33,TU15 TE19,AT,2 (D/E),V11,,CV13 CV28,S9 S19,60
3283,c,"SELENIUM COMPOUND, SOLID,N.O.S.",,"硒化合物,固体的,未另作规定的",,T5,6.1,6.1,III,5kg,274 563,E1,P002 IBC08 LP02 R001,MP10,B3,T1,SGAH L4BH,TP33,TU15 TE19,AT,2 (E),,VC1 VC2 AP7,CV13 CV28,S9,60
3284,a,"TELLURIUM COMPOUND, N.O.S.",,"碲化合物,未另作规定的",,T5,6.1,6.1,I,0,274,E5,P002 IBC07,MP18,,T6,S10AH L10CH,TP33,TU14 TU15 TE19 TE21,AT,1 (C/E),V10,,CV1 CV13 CV28,S9 S14,66
3284,b,"TELLURIUM COMPOUND, N.O.S.",,"碲化合物,未另作规定的",,T5,6.1,6.1,II,500g,274,E4,P002 IBC08,MP10,B4,T3,SGAH L4BH,TP33,TU15 TE19,AT,2 (D/E),V11,,CV13 CV28,S9 S19,60
3284,c,"TELLURIUM COMPOUND, N.O.S.",,"碲化合物,未另作规定的",,T5,6.1,6.1,III,5kg,274,E1,P002 IBC08 LP02 R001,MP10,B3,T1,SGAH L4BH,TP33,TU15 TE19,AT,2 (E),,VC1 VC2 AP7,CV13 CV28,S9,60
3285,a,"VANADIUM COMPOUND, N.O.S.",,"钒化合物,未另作规定的",,T5,6.1,6.1,I,0,274 564,E5,P002 IBC07,MP18,,T6,S10AH L10CH,TP33,TU14 TU15 TE19 TE21,AT,1 (C/E),V10,,CV1 CV13 CV28,S9 S14,66
3285,b,"VANADIUM COMPOUND, N.O.S.",,"钒化合物,未另作规定的",,T5,6.1,6.1,II,500g,274 564,E4,P002 IBC08,MP10,B4,T3,SGAH L4BH,TP33,TU15 TE19,AT,2 (D/E),V11,,CV13 CV28,S9 S19,60
3285,c,"VANADIUM COMPOUND, N.O.S.",,"钒化合物,未另作规定的",,T5,6.1,6.1,III,5kg,274 564,E1,P002 IBC08 LP02 R001,MP10,B3,T1,SGAH L4BH,TP33,TU15 TE19,AT,2 (E),,VC1 VC2 AP7,CV13 CV28,S9,60
3286,a,"FLAMMABLE LIQUID, TOXIC, CORROSIVE, N.O.S.",,"易燃液体,有毒的,腐蚀性的,未另作规定的",,FTC,3,3+6.1+8,I,0,274,E0,P001,MP7 MP17,,T14,L10CH,TP2 TP27,TU14 TU15 TE21,FL,1 (C/E),,,CV13 CV28,S2 S22,368
3286,b,"FLAMMABLE LIQUID, TOXIC, CORROSIVE, N.O.S.",,"易燃液体,有毒的,腐蚀性的,未另作规定的",,FTC,3,3+6.1+8,II,1L,274,E2,P001 IBC02,MP19,,T11,L4BH,TP2 TP27,TU15,FL,2 (D/E),,,CV13 CV28,S2 S22,368
3287,a,"TOXIC LIQUID, INORGANIC, N.O.S.",,"有毒液体,无机的,未另作规定的",,T4,6.1,6.1,I,0,274 315,E5,P001,MP8 MP17,,T14,L10CH,TP2 TP27,TU14 TU15 TE19 TE21,AT,1 (C/E),,,CV1 CV13 CV28,S9 S14,66
3287,b,"TOXIC LIQUID, INORGANIC, N.O.S.",,"有毒液体,无机的,未另作规定的",,T4,6.1,6.1,II,100mL,274,E4,P001 IBC02,MP15,,T11,L4BH,TP2 TP27,TU15 TE19,AT,2 (D/E),,,CV13 CV28,S9 S19,60
3287,c,"TOXIC LIQUID, INORGANIC, N.O.S.",,"有毒液体,无机的,未另作规定的",,T4,6.1,6.1,III,5L,274,E1,P001 IBC03 LP01 R001,MP19,,T7,L4BH,TP1 TP28,TU15 TE19,AT,2 (E),V12,,CV13 CV28,S9,60
3288,a,"TOXIC SOLID, INORGANIC, N.O.S.",,"有毒固体,无机的,未另作规定的",,T5,6.1,6.1,I,0,274,E5,P002 IBC07,MP18,,T6,S10AH L10CH,TP33,TU14 TU15 TE19 TE21,AT,1 (C/E),V10,,CV1 CV13 CV28,S9 S14,66
3288,b,"TOXIC SOLID, INORGANIC, N.O.S.",,"有毒固体,无机的,未另作规定的",,T5,6.1,6.1,II,500g,274,E4,P002 IBC08,MP10,B4,T3,SGAH L4BH,TP33,TU15 TE19,AT,2 (D/E),V11,,CV13 CV28,S9 S19,60
3288,c,"TOXIC SOLID, INORGANIC, N.O.S.",,"有毒固体,无机的,未另作规定的",,T5,6.1,6.1,III,5kg,274,E1,P002 IBC08 LP02 R001,MP10,B3,T1,SGAH L4BH,TP33,TU15 TE19,AT,2 (E),,VC1 VC2 AP7,CV13 CV28,S9,60
3289,a,"TOXIC LIQUID, CORROSIVE, INORGANIC, N.O.S.",,"有毒液体,腐蚀性的,无机的,未另作规定的",,TC3,6.1,6.1+8,I,0,274 315,E5,P001,MP8 MP17,,T14,L10CH,TP2 TP27,TU14 TU15 TE19 TE21,AT,1 (C/E),,,CV1 CV13 CV28,S9 S14,668
3289,b,"TOXIC LIQUID, CORROSIVE, INORGANIC, N.O.S.",,"有毒液体,腐蚀性的,无机的,未另作规定的",,TC3,6.1,6.1+8,II,100mL,274,E4,P001 IBC02,MP15,,T11,L4BH,TP2 TP27,TU15 TE19,AT,2 (D/E),,,CV13 CV28,S9 S19,68
3290,a,"TOXIC SOLID, CORROSIVE, INORGANIC, N.O.S.",,"有毒固体,腐蚀性的,无机的,未另作规定的",,TC4,6.1,6.1+8,I,0,274,E5,P002 IBC05,MP18,,T6,S10AH L10CH,TP33,TU15 TE19,AT,1 (C/E),V10,,CV1 CV13 CV28,S9 S14,668
3290,b,"TOXIC SOLID, CORROSIVE, INORGANIC, N.O.S.",,"有毒固体,腐蚀性的,无机的,未另作规定的",,TC4,6.1,6.1+8,II,500g,274,E4,P002 IBC06,MP10,,T3,SGAH L4BH,TP33,TU15 TE19,AT,2 (D/E),V11,,CV13 CV28,S9 S19,68
3291,a,"CLINICAL WASTE, UNSPECIFIED, N.O.S.",,"诊疗废物,未具体说明的,未另作规定的",,I3,6.2,6.2,II,0,565,E0,I P6210 BC62 LP621,MP6,,BK2,S4AH L4BH,,TU15 TE19,AT,2 (-),V1,VC3,CV13 CV25 CV28,S3,606
3291,b,"(BIO) MEDICAL WASTE, N.O.S.",,"(生物)医学废物,未另作规定的",,I3,6.2,6.2,II,0,565,E0,I P6210 BC62 LP621,MP6,,BK2,S4AH L4BH,,TU15 TE19,AT,2 (-),V1,VC3,CV13 CV25 CV28,S3,606
3291,c,"REGULATED MEDICAL WASTE, N.O.S.",,"管制下的医疗废物,未另作规定的",,I3,6.2,6.2,II,0,565,E0,I P6210 BC62 LP621,MP6,,BK2,S4AH L4BH,,TU15 TE19,AT,2 (-),V1,VC3,CV13 CV25 CV28,S3,606
3291,d,"CLINICAL WASTE, UNSPECIFIED, N.O.S.",inrefrigerated liquid nitrogen,"诊疗废物,未具体说明的,未另作规定的,液态氮冷冻的",,I3,6.2,6.2+2.2,II,0,565,E0,I P6210 BC62 LP621,MP6,,,,,,,2 (-),V1,,CV13 CV25 CV28,S3,
3291,e,"(BIO) MEDICAL WASTE, N.O.S.",inrefrigerated liquid nitrogen,"(生物)医学废物,未另作规定的,液态氮冷冻的",,I3,6.2,6.2+2.2,II,0,565,E0,I P6210 BC62 LP621,MP6,,,,,,,2 (-),V1,,CV13 CV25 CV28,S3,
3291,f,"REGULATED MEDICAL WASTE, N.O.S.",inrefrigerated liquid nitrogen,"管制下的医疗废物,未另作规定的,液态氮冷冻的",,I3,6.2,6.2+2.2,II,0,565,E0,I P6210 BC62 LP621,MP6,,,,,,,2 (-),V1,,CV13 CV25 CV28,S3,
3292,a,"BATTERIES, CONTAINING SODIUM,",,"蓄电池,含有钠",,W3,4.3,4.3,,0,239 295,E0,P408,,,,,,,,2 (E),V1,,CV23,,
3292,b,"CELLS, CONTAINING SODIUM",,"电池,含有钠",,W3,4.3,4.3,,0,239 295,E0,P408,,,,,,,,2 (E),V1,,CV23,,
3293,,"HYDRAZINE, AQUEOUS SOLUTION","with not more than 37% hydrazine, by mass","肼,水溶液",按质量含肼不超过37%,T4,6.1,6.1,III,5L,566,E1,P001 IBC03 LP01 R001,MP19,,T4,L4BH,TP1,TU15 TE19,AT,2 (E),V12,,CV13 CV28,S9,60
3294,,"HYDROGEN CYANIDE, SOLUTION IN ALCOHOL",with not more than 45% hydrogen cyanide,氰化氢酒精溶液,含氰化氢不超过45%,TF1,6.1,6.1+3,I,0,610,E0,P601,MP8 MP17,,T14,L15DH(+),TP2,TU14 TU15 TE19 TE21,FL,0 (C/D),,,CV1 CV13 CV28,S2 S9 S14,663
3295,a,"HYDROCARBONS ,LIQUID, N.O.S.",,"烃类,液体的,未另作规定的",,F1,3,3,I,500mL,,E3,P001,MP7 MP17,,T11,L4BN,TP1 TP8 TP28,,FL,1 (D/E),,,,S2 S20,33
3295,b,"HYDROCARBONS, LIQUID, N.O.S.",(vapour pressure at 50°C more than 110kPa),"烃类,液体的,未另作规定的","(50°C时,蒸气压大于110kPa)",F1,3,3,II,1L,640C,E2,P001,MP19,,T7,L1. 5BN,TP1 TP8 TP28,,FL,2 (D/E),,,,S2 S20,33
3295,c,"HYDROCARBONS, LIQUID,N.O.S.",(vapour pressure at 50°C not more than 110kPa),"烃类,液体的,未另作规定的","(50°C时,蒸气压不大于110kPa)",F1,3,3,II,1L,640D,E2,P001 IBC02 R001,MP19,,T7,LGBF,TP1 TP8 TP28,,FL,2 (D/E),,,,S2 S20,33
3295,d,"HYDROCARBONS, LIQUID,N.O.S.",,"烃类,液体的,未另作规定的",,F1,3,3,III,5L,,E1,P001 IBC03 LP01 R001,MP19,,T4,LGBF,TP1 TP29,,FL,3 (D/E),V12,,,S2,30
3296,a,HEPTAFLUOROPROPANE,,七氟丙烷,,2A,2,2.2,,120mL,662,E1,P200,MP9,,(M) T50,PxBN(M),,TA4 TT9,AT,3 (C/E),,,CV9 CV10 CV36,,20
3296,b,REFRIGERANT GAS R227,,制冷气体R227,,2A,2,2.2,,120mL,662,E1,P200,MP9,,(M) T50,PxBN(M),,TA4 TT9,AT,3 (C/E),,,CV9 CV10 CV36,,20
3297,,ETHYLENE OXIDE AND CHLOROTETRA-FLUOROETHANE-MIXTURE,with not more than 8. 8% ethylene oxide,环氧乙烷(氧化乙烯)和氯四氟乙烷混合物,含环氧乙烷 (氧化乙烯) 不超过8.8%,2A,2,2.2,,120mL,662,E1,P200,MP9,,(M) T50,PxBN(M),,TA4 TT9,AT,3 (C/E),,,CV9 CV10 CV36,,20
3298,,ETHYLENE OXIDE AND PENTAFLUORO-ETHANE MIXTURE,with not more than 7. 9% ethylene oxide,环氧乙烷(氧化乙烯)和五氟乙烷混合物,含环氧乙烷 (氧化乙烯) 不超过7.9%,2A,2,2.2,,120mL,662,E1,P200,MP9,,(M) T50,PxBN(M),,TA4 TT9,AT,3 (C/E),,,CV9 CV10 CV36,,20
3299,,ETHYLENE OXIDE AND TETRAFLUORO-ETHANE MIXTURE,with not more than 5. 6% ethylene oxide,环氧乙烷(氧化乙烯)和四氟乙烷混合物,含环氧乙烷(氧化乙烯)不超过5.6%,2A,2,2.2,,120mL,662,E1,P200,MP9,,(M) T50,PxBN(M),,TA4 TT9,AT,3 (C/E),,,CV9 CV10 CV36,,20
3300,,ETHYLENE OXIDE AND CARBON DIOXIDE MIXTURE,with more than 87% ethylene oxide,环氧乙烷(氧化乙烯)和二氧化碳混合物,含环氧乙烷(氧化乙烯)超过87%,2TF,2,2.3+2.1,,0,,E0,P200,MP9,,(M),PxBH(M),,TA4 TT9,FL,1 (B/D),,,CV9 CV10 CV36,S2 S14,263
3301,a,"CORROSIVE LIQUID,SELF-HEATING, N.O.S.",,"腐蚀性液体,自热的,未另作规定的",,CS1,8,8+4.2,I,0,274,E0,P001,MP8 MP17,,,L10BH,,,AT,1 (E),,,,S14,884
3301,b,"CORROSIVE LIQUID,SELF-HEATING, N.O.S.",,"腐蚀性液体,自热的,未另作规定的",,CS1,8,8+4.2,II,0,274,E2,P001,MP15,,,L4BN,,,AT,2 (E),,,,,84
3302,,2-DIMETHYLAMINOETHYL ACRYLATE,,丙烯酸-2-二甲氨基乙酯,,T1,6.1,6.1,II,100mL,,E4,P001 IBC02,MP15,,T7,L4BH,TP2,TU15 TE19,AT,2 (D/E),,,CV13 CV28,S9 S19,60
3303,,"COMPRESSED GAS,TOXIC, OXIDIZING, N.O.S.",,"压缩气体,有毒的,氧化性的,未另作规定的",,1TO,2,2.3+5.1,,0,274,E0,P200,MP9,,(M),CxBH(M),,TU6 TA4 TT9,AT,1 (C/D),,,CV9 CV10 CV36,S14,265
3304,,"COMPRESSED GAS,TOXIC, CORROSIVE, N.O.S.",,"压缩气体,有毒的,腐蚀性的,未另作规定的",,1TC,2,2.3+8,,0,274,E0,P200,MP9,,(M),CxBH(M),,TU6 TA4 TT9,AT,1 (C/D),,,CV9 CV10 CV36,S14,268
3305,,"COMPRESSED GAS,TOXIC, FLAMMABLE, CORROSIVE, N.O.S.",,"压缩气体,有毒的,易燃的,腐蚀性的,未另作规定的",,1TFC,2,2.3+2.1+8,,0,274,E0,P200,MP9,,(M),CxBH(M),,TU6 TA4 TT9,FL,1 (B/D),,,CV9 CV10 CV36,S2 S14,263
3306,,"COMPRESSED GAS,TOXIC, OXIDIZING, CORROSIVE, N.O.S.",,"压缩气体,有毒的,氧化性的,腐蚀性的,未另作规定的",,1TOC,2,2.3+5.1+8,,0,274,E0,P200,MP9,,(M),CxBH(M),,TU6 TA4 TT9,AT,1 (C/D),,,CV9 CV10 CV36,S14,265
3307,,"LIQUEFIED GAS, TOXIC, OXIDIZING, N.O.S.",,"液化气体,有毒的,氧化性的,未另作规定的",,2TO,2,2.3+5.1,,0,274,E0,P200,MP9,,(M),PxBH(M),,TU6 TA4 TT9,AT,1 (C/D),,,CV9 CV10 CV36,S14,265
3308,,"LIQUEFIED GAS,TOXIC, CORROSIVE, N.O.S.",,"液化气体,有毒的,腐蚀性的,未另作规定的",,2TC,2,2.3+8,,0,274,E0,P200,MP9,,(M),PxBH(M),,TU6 TA4 TT9,AT,1 (C/D),,,CV9 CV10 CV36,S14,268
3309,,"LIQUEFIED GAS,TOXIC, FLAMMABLE, CORROSIVE, N.O.S.",,"液化气体,有毒的,易燃的,腐蚀的,未另作规定的",,2TFC,2,2.3+2.1+8,,0,274,E0,P200,MP9,,(M),PxBH(M),,TU6 TA4 TT9,FL,1 (B/D),,,CV9 CV10 CV36,S2 S14,263
3310,,"LIQUEFIED GAS,TOXIC, OXIDIZING, CORROSIVE, N.O.S.",,"液化气体,有毒的,氧化性的,腐蚀的,未另作规定的",,2TOC,2,2.3+5.1+8,,0,274,E0,P200,MP9,,(M),PxBH(M),,TU6 TA4 TT9,AT,1 (C/D),,,CV9 CV10 CV36,S14,265
3311,,"GAS,REFRIGE RATED LIQUID, OXIDIZING, N.O.S.",,"气体,冷冻液态,氧化性的,未另作规定的",,3O,2,2.2+5.1,,0,274,E0,P203,MP9,,T75,RxBN,TP5 TP22,TU7 TU19 TA4 TT9,AT,3 (C/E),V5,,CV9 CV11 CV36,S20,225
3312,,"GAS,REFRIGE RATED LIQUID, FLAMMABLE, N.O.S.",,"气体,冷冻液态,易燃的,未另作规定的",,3F,2,2.1,,0,274,E0,P203,MP9,,T75,RxBN,TP5,TU18 TA4 TT9,FL,2 (B/D),V5,,CV9 CV11 CV36,S2 S17,223
3313,a,"ORGANIC PIGMENTS, SELF-HEATING",,"有机颜料,自热的",,S2,4.2,4.2,II,0,,E2,P002 IBC08,MP14,B4,T3,SGAV,TP33,,AT,2 (D/E),V1,,,,40
3313,b,"ORGANIC PIGMENTS, SELF-HEATING",,"有机颜料,自热的",,S2,4.2,4.2,III,0,,E1,P002 IBC08 LP02 R001,MP14,B3,T1,SGAV,TP33,,AT,3 (E),V1,,,,40
3314,,PLASTICS MOULDING COMPOUND,"in dough,sheet or extruded rope form evolving flammable vapour",塑料模料,"呈柔软块团,薄片或被挤压成丝状,会放出易燃蒸气",M3,9,None,III,5kg,207 633,E1,P002 IBC08 R001,MP10,PP14 B3B6,,,,,,3 (D/E),,VC1 VC2 AP2,,,90
3315,,"CHEMICAL SAMPLE,TOXIC",,"化学样品,有毒的",,T8,6.1,6.1,I,0,250,E0,P099,MP8 MP17,,,,,,,1 (C/E),,,CV1 CV13 CV28,S9 S14,
3316,a,CHEMICAL KIT,,化学品箱,,M11,9,9,II,0,251 340,E0,P901,,,,,,,,2 (E),,,,,
3316,b,FIRST AIDKIT,,急救箱,,M11,9,9,II,0,251 340,E0,P901,,,,,,,,2 (E),,,,,
3316,c,CHEMICAL KIT,,化学品箱,,M11,9,9,III,0,251 340,E0,P901,,,,,,,,3 (E),,,,,
3316,d,FIRST AIDKIT,,急救箱,,M11,9,9,III,0,251 340,E0,P901,,,,,,,,3 (E),,,,,
3317,,"2-AMINO-4, 6-DINITROPHENOL, WETTED","with not less than 20% water,by mass","2-氨基-4,6-二硝基苯酚,湿的",按质量含水不少于20%,D,4.1,4.1,I,0,,E0,P406,MP2,PP26,,,,,,1 (B),,,,S14,
3318,,AMMONIA SOLUTION,"relative density less than 0. 880 at 15°C in water, with more than 50% ammonia",氨溶液,"水溶液在15°C时相对密度小于0.880,含氨量大于50%",4TC,2,2.3+8,,0,23,E0,P200,MP9,,(M) T50,PxBH(M),,TA4 TT9,AT,1 (C/D),,,CV9 CV10,S14,268
3319,,"NITROGLYCERIN MIXTURE, DESENSITIZED, SOLID, N.O.S.","with more than 2% but not more than 10% nitroglycerin, by mass","硝化甘油混合物,退敏的,固体的,未另作规定的","按质量含硝化甘油大于2%,但不大于10%",D,4.1,4.1,II,0,272 274,E0,P099 IBC99,MP2,,,,,,,2 (B),,,,S14,
3320,a,SODIUM BOROHYDRIDE AND SODIUM HYDROXIDE SOLUTION,with not more than 12% sodium borohydride and not more than 40% sodium hydroxide by mass,硼氢化钠和氢氧化钠溶液,"按质量含硼氢化钠不超过12%,含氢氧化钠不超过40%",C5,8,8,II,1L,,E2,P001 IBC02,MP15,,T7,L4BN,TP2,,AT,2 (E),,,,,80
3320,b,SODIUM BOROHYDRIDE AND SODIUM HYDROXIDE SOLUTION,with not more than 12% sodium borohydride and not more than 40% sodium hydroxide by mass,硼氢化钠和氢氧化钠溶液,"按质量含硼氢化钠不超过12%,含氢氧化钠不超过40%",C5,8,8,III,5L,,E1,P001 IBC03 LP01 R001,MP19,,T4,L4BN,TP2,,AT,3 (E),V12,,,,80
3321,,"RADIOACTIVE MATERIAL, LOW SPECIFICAC TIVITY(LSA-II)",non-fissile or fissile-excepted,放射性物质,"低比活度 (LSA-II),非裂变或例外的可裂变",,7,7X,,0,172 317 325 336,E0,,,,T5,S2. 65A N(+) L2. 65C N(+),TP4,TU36 TT7 TM7,AT,0 (E),,,CV33,S6 S11 S21,70
3322,,"RADIOACTIVE MATERIAL, LOW SPECIFIC ACTIVITY (LSA-III)",non fissile or fissile-excepted,"放射性物质,低比活度 (LSA-III)",非裂变或例外的可裂变,,7,7X,,0,172 317 325 336,E0,,,,T5,S2. 65A N(+) L2. 65C N(+),TP4,TU36 TT7 TM7,AT,0 (E),,,CV33,S6 S11 S21,70
3323,,"RADIOACTIVE MATERIAL, TYPEC PACKAGE",non-fissile or fissile-excepted,"放射性物质, C型包件",非裂变或例外的可裂变,,7,7X,,0,172 317 325,E0,,,,,,,,,0 (E),,,CV33,S6 S11 S21,70
3324,,"RADIOACTIVE MATERIAL, LOW SPECIFIC ACTIVITY (LSA-II) , FISSILE",,"放射性物质,低比活度 (LSA-II),可裂变的",,,7,7X+7E,,0,172 326 336,E0,,,,,,,,,0 (E),,,CV33,S6 S11 S21,70
3325,,"RADIOACTIVE MATERIAL, LOW SPECIFIC ACTIVITY, (LSA-III) , FISSILE",,"放射性物质,低比活度 (LSA-III),可裂变的",,,7,7X+7E,,0,172 326 336,E0,,,,,,,,,0 (E),,,CV33,S6 S11 S21,70
3326,,"RADIOACTIVE MATERIAL, SURFACE CONTAMINATED OBJECTS (SCO-I or SCO-II) , FISSILE",,"放射性物质,表面被污染物体(SCO-I或SCO-II),可裂变的",,,7,7X+7E,,0,172 336,E0,,,,,,,,,0 (E),,,CV33,S6 S11 S21,70
3327,,"RADIOACTIVE MATERIAL, TYPEA PACKAGE, FISSILE",non-special form,"放射性物质, A型包件,可裂变的",非特殊形式,,7,7X+7E,,0,172 326,E0,,,,,,,,,0 (E),,,CV33,S6 S11 S21,70
3328,,"RADIOACTIVE MATERIAL, TYPE B(U) PACKAGE, FISSILE",,"放射性物质,B(U)型包件,可裂变的",,,7,7X+7E,,0,172 326 337,E0,,,,,,,,,0 (E),,,CV33,S6 S11 S21,70
3329,,"RADIOACTIVE MATERIAL, TYPE B(M) PACKAGE, FISSILE",,"放射性物质,B(M)型包件,可裂变的",,,7,7X+7E,,0,172 326 337,E0,,,,,,,,,0 (E),,,CV33,S6 S11 S21,70
3330,,"RADIOACTIVE MATERIAL, TYPE C PACKAGE, FISSILE",,"放射性物质, C型包件,可裂变的",,,7,7X+7E,,0,172 326,E0,,,,,,,,,0 (E),,,CV33,S6 S11 S21,70
3331,,"RADIOACTIVE MATERIAL, TRANSPORTED UNDER SPECIAL ARRANGEMENT, FISSILE",,"放射性物质,按照特殊安排运输的,可裂变的",,,7,7X+7E,,0,172 326,E0,,,,,,,,,0 (-),,,CV33,S6 S11 S21,70
3332,,"RADIOACTIVE MATERIAL, TYPE A PACKAGE, SPECIAL FORM",non-fissile or fissile-excepted,"放射性物质, A型包件,特殊形式","非裂变,或例外的可裂变",,7,7X,,0,172 317,E0,,,,,,,,,0 (E),,,CV33,S6 S11 S12 S21,70
3333,,"RADIOACTIVE MATERIAL, TYPE A PACKAGE, SPECIAL FORM, FISSILE",,"放射性物质, A型包件,特殊形式,可裂变的",,,7,7X+7E,,0,172,E0,,,,,,,,,0 (E),,,CV33,S6 S11 S21,70
3334,,"AVIATION REGULATED LIQUID,N.O.S.",,"空运受管制的液体,未另作规定的",,M11,9,,,,,,,,,,(not listed in JTT),,,,,,,,,
3335,,"AVIATION REGULATED SOLID,N.O.S.",,"空运受管制的固体,未另作规定的",,M11,9,,,,,,,,,,(not listed in JTT),,,,,,,,,
3336,a,"MERCAPTANS, LIQUID, FLAMMABLE, N.O.S.",,"硫醇类,液体的,易燃的,未另作规定的",,F1,3,3,I,0,274,E0,P001,MP7 MP17,,T11,L4BN,TP2,,FL,1 (D/E),,,,S2 S20,33
3336,b,"MERCAPTAN MIXTURE, LIQUID, FLAMMABLE, N.O.S.",,"硫醇混合物,液体的,易燃的,未另作规定的",,F1,3,3,I,0,274,E0,P001,MP7 MP17,,T11,L4BN,TP2,,FL,1 (D/E),,,,S2 S20,33
3336,c,"MERCAPTANS, LIQUID, FLAMMABLE, N.O.S.",(vapour pressure at 50°C more than 110kPa),"硫醇类,液体的,易燃的,未另作规定的","(50°C时,蒸气压大于110kPa)",F1,3,3,II,1L,274 640C,E2,P001,MP19,,T7,L1. 5 BN,TP1 TP8 TP28,,FL,2 (D/E),,,,S2 S20,33
3336,d,"MERCAPTAN MIXTURE, LIQUID, FLAMMABLE, N.O.S.",(vapour pressure at 50°C more than 110kPa),"硫醇混合物,液体的,易燃的,未另作规定的","(50°C时,蒸气压大于110kPa)",F1,3,3,II,1L,274 640C,E2,P001,MP19,,T7,L1. 5 BN,TP1 TP8 TP28,,FL,2 (D/E),,,,S2 S20,33
3336,e,"MERCAPTANS, LIQUID, FLAMMABLE, N.O.S..",(vapour pressure at 50°C more than 110kPa),"硫醇类,液体的,易燃的,未另作规定的","(50°C时,蒸气压不大于110kPa)",F1,3,3,II,1L,274 640D,E2,P001 IBC02 R001,MP19,,T7,LGBF,TP1 TP8 TP28,,FL,2 (D/E),,,,S2 S20,33
3336,f,"MERCAPTAN MIXTURE, LIQUID, FLAMMABLE, N.O.S.",(vapour pressure at 50°C more than 110kPa),"硫醇混合物,液体的,易燃的,未另作规定的","(50°C时,蒸气压不大于110kPa)",F1,3,3,II,1L,274 640D,E2,P001 IBC02 R001,MP19,,T7,LGBF,TP1 TP8 TP28,,FL,2 (D/E),,,,S2 S20,33
3336,h,"MERCAPTANS, LIQUID, FLAMMABLE, N.O.S.",,"硫醇类,液体的,易燃的,未另作规定的",,F1,3,3,III,5L,274,E1,P001 IBC03 LP01 R001,MP19,,T4,LGBF,TP1 TP29,,FL,3 (D/E),V12,,,S2,30
3336,i,"MERCAPTAN MIXTURE, LIQUID, FLAMMABLE, N.O.S.",,"硫醇混合物,液体的,易燃的,未另作规定的",,F1,3,3,III,5L,274,E1,P001 IBC03 LP01 R001,MP19,,T4,LGBF,TP1 TP29,,FL,3 (D/E),V12,,,S2,30
3337,,REFRIGERANT GAS R404A,"(pentafluoroethane, 1,1,1-trifluoroethane, and 1,1,1,2-tetrafluoroethane zeotropic mixture with approximately 44% pentafluoroe thane and 52% 1,1,1-trifluoroethane)",制冷气体R404A,"(五氟乙烷,1,1,1-三氟乙烷和 1,1,1,2-四氟乙烷非共沸混合物,其中 44%的五氟乙烷约和 52%的1,1, 1-三氟乙烷)",2A,2,2.2,,120mL,662,E1,P200,MP9,,(M) T50,PxBN(M),,TA4 TT9,AT,3 (C/E),,,CV9 CV10 CV36,,20
3338,,REFRIGERANT GAS R407A (D,"ifluoromethane, pentafluoroethane, and 1, 1, 1, 2-tetrafluoroethane zeotropic mixture with approximately 20% difluoromethane and 40% pentafluoroethane)",制冷气体R407A,"(五氟乙烷,1,1,1-三氟乙烷和 1,1,1,2-四氟乙烷非共沸混合物,其中 20%的二氟甲烷和40%的五氟乙烷)",2A,2,2.2,,120mL,662,E1,P200,MP9,,(M) T50,PxBN(M),,TA4 TT9,AT,3 (C/E),,,CV9 CV10 CV36,,20
3339,,REFRIGERANT GAS R 407B ( D,"ifluoromethane , pentafluoroethane, and 1, 1, 1, 2-tetrafluoroethane zeotropic mixture with approximately 10% difluoromethane and 70% pentafluoroethane)",制冷气体R407B,"(二氟甲烷,五氟乙烷和1,1,1, 2-四氟乙烷非共沸混合物,其中10%的二氟乙烷和 70%的五氟乙烷)",2A,2,2.2,,120mL,662,E1,P200,MP9,,(M) T50,PxBN(M),,TA4 TT9,AT,3 (C/E),,,CV9 CV10 CV36,,20
3340,,REFRIGERANT GAS R407C ( D,"ifluoromethane , pentafluoroethane, and 1,1,1,2-tetrafluoroethane zeotropic mixture with approximately 23% difluoromethane and 25% pentafluoroethane)",制冷气体R407C,"(二氟甲烷,五氟乙烷和1,1,1, 2-四氟乙烷非共沸混合物,其中23%二氟乙烷和 25%和五氟乙烷)",2A,2,2.2,,120mL,662,E1,P200,MP9,,(M) T50,PxBN(M),,TA4 TT9,AT,3 (C/E),,,CV9 CV10 CV36,,20
3341,a,THIOUREA DIOXIDE,,二氧化硫脲,,S2,4.2,4.2,II,0,,E2,P002 IBC06,MP14,,T3,SGAV,TP33,,AT,2 (D/E),V1,,,,40
3341,b,THIOUREA DIOXIDE,,二氧化硫脲,,S2,4.2,4.2,III,0,,E1,P002 IBC08 LP02 R001,MP14,B3,T1,SGAV,TP33,,AT,3 (E),V1,,,,40
3342,a,XANTHATES,,黄原酸盐类,,S2,4.2,4.2,II,0,,E2,P002 IBC06,MP14,,T3,SGAV,TP33,,AT,2 (D/E),V1,,,,40
3342,b,XANTHATES,,黄原酸盐类,,S2,4.2,4.2,III,0,,E1,P002 IBC08 LP02 R001,MP14,B3,T1,SGAV,TP33,,AT,3 (E),V1,,,,40
3343,,"NITROGLYCERIN MIXTURE, DESENSITIZED, LIQUID, FLAMMABLE, N.O.S.","with not more than 30% nitroglycerin, by mass","硝化甘油混合物,退敏的,液体的,易燃的,未另作规定的",按质量含硝化甘油不超过30%,D,3,3,,0,274 278,E0,P099,MP2,,,,,,,0 (B),,,,S2S14,
3344,a,"PENTAERYTHRITE TETRANITRATE MIXTURE, DESENSITIZED, SOLID,N.O.S.","with more than 10% but not more than 20% PETN, by mass","季戊四醇四硝酸酯混合物,退敏的,固体的,未另作规定的","按质量含季戊四醇四硝酸酯大于10%,但不大于20%",D,4.1,4.1,II,0,272 274,E0,P099,MP2,,,,,,,2 (B),,,,S14,
3344,b,"PENTAERYTHRITOL TETRANITRATE MIXTURE, DESENSITIZED, SOLID,N.O.S.","with more than 10% but not more than 20% PETN, by mass","泰安炸药,季戊炸药混合物,退敏的,固体的,未另作规定的","按质量含季戊四醇四硝酸酯大于10%,但不大于20%",D,4.1,4.1,II,0,272 274,E0,P099,MP2,,,,,,,2 (B),,,,S14,
3344,c,"PETN MIXTURE, DESENSITIZED, SOLID,N.O.S.","with more than 10% but not more than 20% PETN, by mass","PETN混合物,退敏的,固体的,未另作规定的","按质量含季戊四醇四硝酸酯大于10%,但不大于20%",D,4.1,4.1,II,0,272 274,E0,P099,MP2,,,,,,,2 (B),,,,S14,
3345,a,"PHENOXYACETIC ACID DERIVATIVE PESTICIDE, SOLID,TOXIC",,"苯氧基乙酸衍生物农药,固体的,有毒的",,T7,6.1,6.1,I,0,61 274 648,E5,P002 IBC07,MP18,,T6,S10AH L10CH,TP33,TU14 TU15 TE19 TE21,AT,1 (C/E),V10,,CV1 CV13 CV28,S9 S14,66
3345,b,"PHENOXYACETIC ACID DERIVATIVE PESTICIDE, SOLID,TOXIC",,"苯氧基乙酸衍生物农药,固体的,有毒的",,T7,6.1,6.1,II,500g,61 274 648,E4,P002 IBC08,MP10,B4,T3,SGAH L4BH,TP33,TU15 TE19,AT,2 (D/E),V11,,CV13 CV28,S9 S19,60
3345,c,"PHENOXYACETIC ACID DERIVATIVE PESTICIDE, SOLID,TOXIC",,"苯氧基乙酸衍生物农药,固体的,有毒的",,T7,6.1,6.1,III,5kg,61 274 648,E1,P002 IBC08 LP02 R001,MP10,B3,T1,SGAH L4BH,TP33,TU15 TE19,AT,2 (E),,VC1 VC2 AP7,CV13 CV28,S9,60
3346,a,"PHENOXYACETIC ACID DERIVATIVE PESTICIDE, LIQUID, FLAMMABLE, TOXIC",flash-point less than 23°C,"苯氧基乙酸衍生物农药,液体的,易燃的,有毒的",闪点低于23°C,FT2,3,3+6.1,I,0,61 274,E0,P001,MP7 MP17,,T14,L10CH,TP2 TP27,TU14 TU15 TE21,FL,1 (C/E),,,CV13 CV28,S2 S22,336
3346,b,"PHENOXYACETIC ACID DERIVATIVE PESTICIDE, LIQUID, FLAMMABLE, TOXIC",flash-point less than 23°C,"苯氧基乙酸衍生物农药,液体的,易燃的,有毒的",闪点低于23°C,FT2,3,3+6.1,II,1L,61 274,E2,P001 IBC02 R001,MP19,,T11,L4BH,TP2 TP27,TU15,FL,2 (D/E),,,CV13 CV28,S2 S22,336
3347,a,"PHENOXYACETIC ACID DERIVATIVE PESTICIDE, LIQUID, TOXIC, FLAMMABLE",flash-point not less than 23°C,"苯氧基乙酸衍生物农药,液体的,有毒的,易燃的",闪点不低于23°C,TF2,6.1,6.1+3,I,0,61 274,E5,P001,MP8 MP17,,T14,L10CH,TP2 TP27,TU14 TU15 TE19 TE21,FL,1 (C/E),,,CV1 CV13 CV28,S2 S9 S14,663
3347,b,"PHENOXYACETIC ACID DERIVATIVE PESTICIDE, LIQUID, TOXIC, FLAMMABLE",flash-point not less than 23°C,"苯氧基乙酸衍生物农药,液体的,有毒的,易燃的",闪点不低于23°C,TF2,6.1,6.1+3,II,100mL,61 274,E4,P001 IBC02,MP15,,T11,L4BH,TP2 TP27,TU15 TE19,FL,2 (D/E),,,CV13 CV28,S2 S9 S19,63
3347,c,"PHENOXYACETIC ACID DERIVATIVE PESTICIDE, LIQUID, TOXIC, FLAMMABLE",flash-point not less than 23°C,"苯氧基乙酸衍生物农药,液体的,有毒的,易燃的",闪点不低于23°C,TF2,6.1,6.1+3,III,5L,61 274,E1,P001 IBC03 R001,MP19,,T7,L4BH,TP2 TP28,TU15 TE19,FL,2 (D/E),V12,,CV13 CV28,S2 S9,63
3348,a,"PHENOXYACETIC ACID DERIVATIVE PESTICIDE, LIQUID,TOXIC",,"苯氧基乙酸衍生物农药,液体的,有毒的",,T6,6.1,6.1,I,0,61 274 648,E5,P001,MP8 MP17,,T14,L10CH,TP2 TP27,TU14 TU15 TE19 TE21,AT,1 (C/E),,,CV1 CV13 CV28,S9 S14,66
3348,b,"PHENOXYACETIC ACID DERIVATIVE PESTICIDE, LIQUID,TOXIC",,"苯氧基乙酸衍生物农药,液体的,有毒的",,T6,6.1,6.1,II,100mL,61 274 648,E4,P001 IBC02,MP15,,T11,L4BH,TP2 TP27,TU15 TE19,AT,2 (D/E),,,CV13 CV28,S9 S19,60
3348,c,"PHENOXYACETIC ACID DERIVATIVE PESTICIDE, LIQUID,TOXIC",,"苯氧基乙酸衍生物农药,液体的,有毒的",,T6,6.1,6.1,III,5L,61 274 648,E1,P001 IBC03 LP01 R001,MP19,,T7,L4BH,TP2 TP28,TU15 TE19,AT,2 (E),V12,,CV13 CV28,S9,60
3349,a,"PYRETHROID PESTICIDE, SOLID,TOXIC",,"拟除虫菊酯农药,固体的,有毒的",,T7,6.1,6.1,I,0,61 274 648,E5,P002 IBC07,MP18,,T6,S10AH L10CH,TP33,TU14 TU15 TE19 TE21,AT,1 (C/E),V10,,CV1 CV13 CV28,S9 S14,66
3349,b,"PYRETHROID PESTICIDE, SOLID,TOXIC",,"拟除虫菊酯农药,固体的,有毒的",,T7,6.1,6.1,II,500g,61 274 648,E4,P002 IBC08,MP10,B4,T3,SGAH L4BH,TP33,TU15 TE19,AT,2 (D/E),V11,,CV13 CV28,S9 S19,60
3349,c,"PYRETHROID PESTICIDE, SOLID,TOXIC",,"拟除虫菊酯农药,固体的,有毒的",,T7,6.1,6.1,III,5kg,61 274 648,E1,P002 IBC08 LP02 R001,MP10,B3,T1,SGAH L4BH,TP33,TU15 TE19,AT,2 (E),,VC1 VC2 AP7,CV13 CV28,S9,60
3350,a,"PYRETHROID PESTICIDE, LIQUID, FLAMMABLE, TOXIC",flash-point less than 23°C,"拟除虫菊酯农药,液体的,易燃,有毒的",闪点低于23°C,FT2,3,3+6.1,I,0,61 274,E0,P001,MP7 MP17,,T14,L10CH,TP2 TP27,TU14 TU15 TE21,FL,1 (C/E),,,CV13 CV28,S2 S22,336
3350,b,"PYRETHROID PESTICIDE, LIQUID, FLAMMABLE, TOXIC",flash-point less than 23°C,"拟除虫菊酯农药,液体的,易燃,有毒的",闪点低于23°C,FT2,3,3+6.1,II,1L,61 274,E2,P001 IBC02 R001,MP19,,T11,L4BH,TP2 TP27,TU15,FL,2 (D/E),,,CV13 CV28,S2 S22,336
3351,a,"PYRETHROID PESTICIDE, LIQUID, TOXIC, FLAMMABLE",flash-point not less than 23°C,"拟除虫菊酯农药,液体的,有毒的,易燃",闪点低于23°C,TF2,6.1,6.1+3,I,0,61 274,E5,P001,MP8 MP17,,T14,L10CH,TP2 TP27,TU14 TU15 TE19 TE21,FL,1 (C/E),,,CV1 CV13 CV28,S2 S9 S14,663
3351,b,"PYRETHROID PESTICIDE, LIQUID, TOXIC, FLAMMABLE",flash-point not less than 23°C,"拟除虫菊酯农药,液体的,有毒的,易燃",闪点低于23°C,TF2,6.1,6.1+3,II,100mL,61 274,E4,P001 IBC02,MP15,,T11,L4BH,TP2 TP27,TU15 TE19,FL,2 (D/E),,,CV13 CV28,S2 S9 S19,63
3351,c,"PYRETHROID PESTICIDE, LIQUID, TOXIC, FLAMMABLE",flash-point not less than 23°C,"拟除虫菊酯农药,液体的,有毒的,易燃",闪点低于23°C,TF2,6.1,6.1+3,III,5L,61 274,E1,P001 IBC03 R001,MP19,,T7,L4BH,TP2 TP28,TU15 TE19,FL,2 (D/E),V12,,CV13 CV28,S2 S9,63
3352,a,"PYRETHROID PESTICIDE, LIQUID,TOXIC",,"拟除虫菊酯农药,液体的,有毒的","易燃,闪点低于23°C",T6,6.1,6.1,I,0,61 274 648,E5,P001,MP8 MP17,,T14,L10CH,TP2 TP27,TU14 TU15 TE19 TE21,AT,1 (C/E),,,CV1 CV13 CV28,S9 S14,66
3352,b,"PYRETHROID PESTICIDE, LIQUID,TOXIC",,拟除虫菊酯农药,"液体的,有毒的",T6,6.1,6.1,II,100mL,61 274 648,E4,P001 IBC02,MP15,,T11,L4BH,TP2 TP27,TU15 TE19,AT,2 (D/E),,,CV13 CV28,S9 S19,60
3352,c,"PYRETHROID PESTICIDE, LIQUID,TOXIC",,拟除虫菊酯农药,"液体的,有毒的",T6,6.1,6.1,III,5L,61 274 648,E1,P001 IBC03 LP01 R001,MP19,,T7,L4BH,TP2 TP28,TU15 TE19,AT,2 (E),V12,,CV13 CV28,S9,60
3354,,"INSECTICIDE GAS, FLAMMABLE, N.O.S.",,"气体杀虫剂,易燃,未另作规定的",,2F,2,2.1,,0,274 662,E0,P200,MP9,,(M),PxBN(M),,TA4 TT9,FL,2 (B/D),,,CV9 CV10 CV36,S2 S20,23
3355,,"INSECTICIDE GAS,TOXIC, FLAMMABLE, N.O.S.",,"气体杀虫剂,毒性,易燃,未另作规定的",,2TF,2,2.3+2.1,,0,274,E0,P200,MP9,,(M),PxBH(M),,TU6 TA4 TT9,FL,1 (B/D),,,CV9 CV10 CV36,S2 S14,263
3356,,"OXYGEN GENERATOR, CHEMICAL",,化学氧气发生器,,O3,5.1,5.1,,0,284,E0,P500,MP2,,,,,,,2 (E),,,CV24,,
3357,,"NITROGLYCERIN MIXTURE, DESENSITIZED, LIQUID, N.O.S.","with not more than 30% nitroglycerin, by mass","液态硝化甘油混合物,减敏的,未另作规定的",按质量含硝化甘油不大于30%,D,3,3,II,0,274 288,E0,P099,MP2,,,,,,,2 (B),,,,S2 S14,
3358,,REFRIGERATING MACHINES,"containing flammable,non-toxic,liquefied gas",制冷机,装有易燃无毒液化气体,6F,2,2.1,,0,291,E0,P003,MP9,PP32,,,,,,2 (D),,,CV9,S2,
3359,,FUMIGATED CARGO TRANSPORT UNIT,,熏蒸过的货物运输装置,,M11,9,,,,302,,,,,,,,,,( - ),,,,,
3360,,"FIBRES, VEGETABLE, DRY",,"纤维,植物的,干的",,F1,4.1,,,,,,,,,,(not listed in JTT),,,,,,,,,
3361,,"CHLOROSILANES, TOXIC, CORROSIVE, N.O.S.",,"氯硅烷类,有毒的,腐蚀性,未另作规定的",,TC1,6.1,6.1+8,II,0,274,E0,P010,MP15,,T14,L4BH,TP2 TP7 TP27,TU15 TE19,AT,2 (D/E),,,CV13 CV28,S9 S19,68
3362,,"CHLOROSILANES, TOXIC, CORROSIVE, FLAM MABLE, N.O.S.",,"氯硅烷类,有毒的,腐蚀性,易燃的,未另作规定的",,TFC,6.1,6.1+3+8,II,0,274,E0,P010,MP15,,T14,L4BH,TP2 TP7 TP27,TU15 TE19,FL,2 (D/E),,,CV13 CV28,S2 S9 S19,638
3363,a,DANGEROUS GOODS IN MACHINERY,,机器中的危险货物,,M11,9,,,,,,,,,,(not listed in JTT),,,,,,,,,
3363,b,DANGEROUS GOODS IN APPARATUS,,仪器中的危险货物,,M11,9,,,,,,,,,,(not listed in JTT),,,,,,,,,
3364,a,"TRINITROPHENOL, WETTED","with not less than 10% water,by mass","三硝基苯酚,湿的",按质量含水不低于10%,D,4.1,4.1,I,0,,E0,P406,MP2,PP24,,,,,,1 (B),,,,S14,
3364,b,"PICRIC ACID , WETTED","with not less than 10% water,by mass","苦味酸,湿的",按质量含水不低于10%,D,4.1,4.1,I,0,,E0,P406,MP2,PP24,,,,,,1 (B),,,,S14,
3365,a,"TRINITROCHLOROBENZENE, WETTED","with not less than 10% water,by mass","三硝基氯苯,湿的",按质量含水不低于10%,D,4.1,4.1,I,0,,E0,P406,MP2,PP24,,,,,,1 (B),,,,S14,
3365,b,"PICRYL CHLORIDE, WETTED","with not less than 10% water,by mass","苦基氯,湿的",按质量含水不低于10%,D,4.1,4.1,I,0,,E0,P406,MP2,PP24,,,,,,1 (B),,,,S14,
3366,a,"TRINITROTOLUENE, WETTED","with not less than 10% water,by mass","三硝基甲苯,湿的",按质量含水不低于10%,D,4.1,4.1,I,0,,E0,P406,MP2,PP24,,,,,,1 (B),,,,S14,
3366,b,"TNT, WETTED","with not less than 10% water,by mass","TNT,湿的",按质量含水不低于10%,D,4.1,4.1,I,0,,E0,P406,MP2,PP24,,,,,,1 (B),,,,S14,
3367,,"TRINITROBENZENE, WETTED","with not less than 10% water, by mass","三硝基苯,湿的",按质量含水不低于10%,D,4.1,4.1,I,0,,E0,P406,MP2,PP24,,,,,,1 (B),,,,S14,
3368,,"TRINITROBE NZOIC ACID, WETTED","with not less than 10% water,by mass","三硝基苯甲酸,湿的",按质量含水不低于10%,D,4.1,4.1,I,0,,E0,P406,MP2,PP24,,,,,,1 (B),,,,S14,
3369,,"SODIUM DINITRO-o-CRESOLATE, WETTED","with not less than 10% water,by mass","二硝基邻甲苯酚钠,湿的",按质量含水不低于10%,DT,4.1,4.1+6.1,I,0,,E0,P406,MP2,PP24,,,,,,1 (B),,,CV13 CV28,S14,
3370,,"UREA NITRATE, WETTED","with not less than 10% water, by mass","硝酸脲,湿的",按质量含水不低于10%,D,4.1,4.1,I,0,,E0,P406,MP2,PP78,,,,,,1 (B),,,,S14,
3371,,2-METHYL-BUTANAL,,2-甲基丁醛,,F1,3,3,II,1L,,E2,P001 IBC02 R001,MP19,,T4,LGBF,TP1,,FL,2 (D/E),,,,S2 S20,33
3373,a,"BIOLOGICAL SUBSTANCE, CATEGORY B",,"生物学物质, B类",,I4,6.2,6.2,,0,319,E0,P650,,,T1,L4BH,TP1,TU15 TU37 TE19,AT,( - ),,,,S3,606
3373,b,"BIOLOGICAL SUBSTANCE, CATEGORY B",(animal material only),"生物学物质, B类",(仅动物材料),I4,6.2,6.2,,0,319,E0,P650,,,T1 BK1 BK2,L4BH,TP1,TU15 TU37 TE19,AT,- (-),,,,S3,606
3374,,"ACETYLENE, SOLVENT FREE",,"乙炔,无溶剂",,2F,2,2.1,,0,662,E0,P200,MP9,,,,,,,2 (D),,,CV9 CV10 CV36,S2 S20,
3375,a,AMMONIUM NITRATE EMULSION,"intermediate for blasting explosives,liquid",硝酸铵乳液,"爆破炸药中间体,液体的",O1,5.1,5.1,II,0,309,E2,P505 IBC02,MP2,B16,T1,LGAV(+),TP1 TP9 TP17 TP32,TU3 TU12 TU39 TE10 TE23 TA1 TA3,AT,2 (E),,,CV24,S9 S23,50
3375,b,AMMONIUM NITRATE SUSPENSION,"intermediate for blasting explosives,liquid",硝酸铵悬浮液,"爆破炸药中间体,液体的",O1,5.1,5.1,II,0,309,E2,P505 IBC02,MP2,B16,T1,LGAV(+),TP1 TP9 TP17 TP32,TU3 TU12 TU39 TE10 TE23 TA1 TA3,AT,2 (E),,,CV24,S9 S23,50
3375,c,AMMONIUM NITRATE GEL,"intermediate for blasting explosives,liquid",硝酸铵凝胶,"爆破炸药中间体,液体的",O1,5.1,5.1,II,0,309,E2,P505 IBC02,MP2,B16,T1,LGAV(+),TP1 TP9 TP17 TP32,TU3 TU12 TU39 TE10 TE23 TA1 TA3,AT,2 (E),,,CV24,S9 S23,50
3375,d,AMMONIUM NITRATE EMULSION,"intermediate for blasting explosives,solid",硝酸铵乳液,"爆破炸药中间体,固体的",O2,5.1,5.1,II,0,309,E2,P505 IBC02,MP2,B16,T1,SGAV(+),TP1 TP9 TP17 TP32,TU3 TU12 TU39 TE10 TE23 TA1 TA3,AT,2 (E),,,CV24,S9 S23,50
3375,e,AMMONIUM NITRATE SUSPENSION,"intermediate for blasting explosives,solid",硝酸铵悬浮液,"爆破炸药中间体,固体的",O2,5.1,5.1,II,0,309,E2,P505 IBC02,MP2,B16,T1,SGAV(+),TP1 TP9 TP17 TP32,TU3 TU12 TU39 TE10 TE23 TA1 TA3,AT,2 (E),,,CV24,S9 S23,50
3375,f,AMMONIUM NITRATE GEL,"intermediate for blasting explosives,solid",硝酸铵凝胶,"爆破炸药中间体,固体的",O2,5.1,5.1,II,0,309,E2,P505 IBC02,MP2,B16,T1,SGAV(+),TP1 TP9 TP17 TP32,TU3 TU12 TU39 TE10 TE23 TA1 TA3,AT,2 (E),,,CV24,S9 S23,50
3376,,4-NITROPHENYLH YDRAZINE,"with not less than 30% water,by mass",4-硝基苯肼,按质量含水不低于30%,D,4.1,4.1,I,0,,E0,P406,MP2,PP26,,,,,,1 (B),V1,,,S14,
3377,,SODIUM PERBORATE MONOHYDRATE,,过硼酸钠一水合物,,O2,5.1,5.1,III,5kg,,E1,P002 IBC08 LP02 R001,MP10,B3,T1 BK1 BK2,SGAV,TP33,TU3,AT,3 (E),,VC1 VC2 AP6 AP7,CV24,,50
3378,a,SODIUM CARBONATE PEROXYHYDRATE,,过氧碳酸钠水合物,,O2,5.1,5.1,II,1kg,,E2,P002 IBC08,MP10,B4,T3 BK1 BK2,SGAV,TP33,TU3,AT,2 (E),V11,VC1 VC2 AP6 AP7,CV24,,50
3378,b,SODIUM CARBONATE PEROXYHYDRATE,,过氧碳酸钠水合物,,O2,5.1,5.1,III,5kg,,E1,P002 IBC08 LP02 R001,MP10,B3,T1 BK1 BK2,SGAV,TP33,TU3,AT,3 (E),,VC1 VC2 AP6 AP7,CV24,,50
3379,,"DESENSITIZED EXPLOSIVE, LIQUID,N.O.S.",,"退敏爆炸品,液体的,未另作规定的",,D,3,3,I,0,274 311,E0,P099,MP2,,,,,,,1 (B),,,,S2 S14,
3380,,"DESENSITIZED EXPLOSIVE, SOLID,N.O.S.",,"退敏爆炸品,固体的,未另作规定的",,D,4.1,4.1,I,0,274 311,E0,P099,MP2,,,,,,,1 (B),,,,S14,
3381,,"TOXIC BY INHALATION LIQUID, N.O.S.",with an LC50 lower than or equal to 200mL/m³ and saturated vapour concentration greater than or equal to 500 LC50,"吸入毒性液体,未另作规定的","吸入毒性低于或等于200mL/m3,且饱和蒸气浓度大于或等于500LC50",T1orT4,6.1,6.1,I,0,274,E0,P601,MP8 MP17,,T22,L15CH,TP2,TU14 TU15 TE19 TE21,AT,1 (C/D),,,CV1 CV13 CV28,S9 S14,66
3382,,"TOXIC BY INHALATION LIQUID, N.O.S.",with an LC50 lower than or equal to 1000mL/m³ and saturated vapour concentration greater than or equal to 10 LC50,"吸入毒性液体,未另作规定的","吸入毒性低于或等于1000mL/m3,且饱和蒸气浓度大于或等于10LC50",T1orT4,6.1,6.1,I,0,274,E0,P602,MP8 MP17,,T20,L10CH,TP2,TU14 TU15 TE19 TE21,AT,1 (C/D),,,CCVV113 CV28,SS194,66
3383,,"TOXIC BY INHALATION LIQUID, FLAMMABLE, N.O.S.",with an LC50 lower than or equal to 200mL/m³ and saturated vapour concentration greater than or equal to 500 LC50,"吸入毒性液体,易燃的,未另作规定的","吸入毒性低于或等于200mL/m3,且饱和蒸气浓度大于或等于500LC50",TF1,6.1,6.13+,I,0,274,E0,P601,MP8 MP17,,T22,L15CH,TP2,TU14 TU15 TE19 TE21,FL,1 (C/D),,,CCVV113 CV28,S2 S9 S14,663
3384,,"TOXIC BY INHALATION LIQUID, FLAMMABLE, N.O.S.",with an LC50 lower than or equal to 1000mL/m³ and saturated vapour concentration greater than or equal to 10 LC50,"吸入毒性液体,易燃,未另作规定的","吸入毒性低于或等于1000mL/m3,且饱和蒸气浓度大于或等于10LC50",TF1,6.1,6.13+,I,0,274,E0,P602,MP8 MP17,,T20,L10CH,TP2,TU14 TU15 TE19 TE21,FL,1 (C/D),,,CCVV113 CV28,S2 S9 S14,663
3385,,"TOXIC BY INHALATION LIQUID, WATER-REACTIVE, N.O.S.",with an LC50 lower than or equal to 200/m³ and saturated vapour concentration greater than or equal to 10 LC50,"吸入毒性液体,遇水反应,未另作规定的","吸入毒性低于或等于200mL/m3,且饱和蒸气浓度大于或等于500LC50",TW1,6.1,64.1.3+,I,0,274,E0,P601,MP8 MP17,,T22,L15CH,TP2,TU14 TU15 TE19 TE21,AT,1 (C/D),,,CCVV113 CV28,SS194,623
3386,,"TOXIC BY INHALATION LIQUID,WATER-REACTIVE, N.O.S.",with an LC50 lower than or equal to 1000mL/m³ and saturated vapour concentration greater than or equal to 10 LC50,"吸入毒性液体,遇水反应,未另作规定的","吸入毒性低于或等于1000mL/m3,且饱和蒸气浓度大于或等于10LC50",TW1,6.1,6.1+4.3,I,0,274,E0,P602,MP8 MP17,,T20,L10CH,TP2,TU14 TU15 TE19 TE21,AT,1 (C/D),,,CV1 CV13 CV28,S9 S14,623
3387,,"TOXIC BY INHALATION LIQUID, OXIDIZING, N.O.S.",with an LC50 lower than or equal to 200mL/m³ and saturated vapour concentration greater than or equal to 500 LC50,"吸入毒性液体,氧化性,未另作规定的","吸入毒性低于或等于200mL/m3,且饱和蒸气浓度大于或等于500LC50",TO1,6.1,6.1+5.1,I,0,274,E0,P601,MP8 MP17,,T22,L15CH,TP2,TU14 TU15 TE19 TE21,AT,1 (C/D),,,CV1 CV13 CV28,S9 S14,665
3388,,"TOXIC BY INHALATION LIQUID, OXIDIZING, N.O.S.",with an LC50 lower than or equal to 1000mL/m³ and saturated vapour concentration greater than or equal to 10 LC50,"吸入毒性液体,氧化性,未另作规定的","吸入毒性低于或等于1000mL/m3,且饱和蒸气浓度大于或等于10LC50",TO1,6.1,6.1+5.1,I,0,274,E0,P602,MP8 MP17,,T20,L10CH,TP2,TU14 TU15 TE19 TE21,AT,1 (C/D),,,CV1 CV13 CV28,S9 S14,665
3389,,"TOXIC BY INHALATION LIQUID, CORROSIVE, N.O.S.",with an LC50 lower than or equal to 200mL/m³ and saturated vapour concentration greater than or equal to 500 LC50,"吸入毒性液体,腐蚀性,未另作规定的","吸入毒性低于或等于200mL/m3,且饱和蒸气浓度大于或等于500LC50",TC1orTC3,6.1,6.1+8,I,0,274,E0,P601,MP8 MP17,,T22,L15CH,TP2,TU14 TU15 TE19 TE21,AT,1 (C/D),,,CV1 CV13 CV28,S9 S14,668
3390,,"TOXIC BY INHALATION LIQUID, CORROSIVE, N.O.S.",with an LC50 lower than or equal to 1000mL/m³ and saturated vapour concentration greater than or equal to 10 LC50,"吸入毒性液体,腐蚀性,未另作规定的","吸入毒性低于或等于1000mL/m3,且饱和蒸气浓度大于或等于10LC50",TC1orTC3,6.1,6.1+8,I,0,274,E0,P602,MP8 MP17,,T20,L10CH,TP2,TU14 TU15 TE19 TE21,AT,1 (C/D),,,CV1 CV13 CV28,S9 S14,668
3391,,"ORGANOMETALLIC SUBSTANCE, SOLID, PYROPHORIC",,"有机金属物质,固体的,发火的",,S5,4.2,4.2,I,0,274,E0,P404,MP2,PP86,T21,L21DH,TP7 TP33 TP36,TU4 TU14 TU22 TC1 TE21 TM1,AT,0 (B/E),V1,,,S20,43
3392,,"ORGANOMETALLIC SUBSTANCE, LIQUID, PYROPHORIC",,"有机金属物质,液体的,发火的",,S5,4.2,4.2,I,0,274,E0,P400,MP2,PP86,T21,L21DH,TP2 TP7 TP36,TU4 TU14 TU22 TC1 TE21 TM1,AT,0 (B/E),V1,,,S20,333
3393,,"ORGANOMETALLIC SUBSTANCE, SOLID, PYROPHORIC, WATER-REACTIVE",,"有机金属物质,固体的,遇水反应,发火的",,SW,4.2,4.2+4.3,I,0,274,E0,P404,MP2,PP86,T21,L21DH,TP7 TP33 TP36 TP41,TU4 TU14 TU22 TC1 TE21 TM1,AT,0 (B/E),V1,,,S20,X432
3394,,"ORGANOMETALLIC SUBSTANCE, LIQUID, PYROPHORIC, WATER-REACTIVE",,"有机金属物质,液体的,发火的,遇水反应",,SW,4.2,4.2+4.3,I,0,274,E0,P400,MP2,PP86,T21,L21DH,TP2 TP7 TP36 TP41,TU4 TU14 TU22 TC1 TE21 TM1,AT,0 (B/E),V1,,,S20,X333
3395,a,"ORGANOMETALLIC SUBSTANCE, SOLID, WATER-REACTIVE",,"有机金属物质,固体的,遇水反应",,W2,4.3,4.3,I,0,274,E0,P403,MP2,,T9,S10AN L10DH,TP7 TP33 TP36 TP41,TU4 TU14 TU22 TE21 TM2,AT,1 (B/E),V1,,CV23,S20,X423
3395,b,"ORGANOMETALLIC SUBSTANCE, SOLID, WATER-REACTIVE",,"有机金属物质,固体的,遇水反应",,W2,4.3,4.3,II,500g,274,E2,P410 IBC04,MP14,,T3,SGAN L4DH,TP33 TP36 TP41,TU14 TE21 TM2,AT,2 (D/E),V1,,CV23,,423
3395,c,"ORGANOMETALLIC SUBSTANCE, SOLID, WATER-REACTIVE",,"有机金属物质,固体的,遇水反应",,W2,4.3,4.3,III,1kg,274,E1,P410 IBC06,MP14,,T1,SGAN L4DH,TP33 TP36 TP41,TU14 TE21 TM2,AT,3 (E),V1,,CV23,,423
3396,a,"ORGANOMETALLIC SUBSTANCE, SOLID, WATER-REACTIVE, FLAMMABLE",,"有机金属物质,固体的,遇水反应,易燃",,WF2,4.3,4.3+4.1,I,0,274,E0,P403,MP2,,T9,S10AN L10DH,TP7 TP33 TP36 TP41,TU4 TU14 TU22 TE21 TM2,AT,0 (B/E),V1,,CV23,S20,X423
3396,b,"ORGANOMETALLIC SUBSTANCE, SOLID, WATER-REACTIVE, FLAMMABLE",,"有机金属物质,固体的,遇水反应,易燃的",,WF2,4.3,4.3+4.1,II,500g,274,E2,P410 IBC04,MP14,,T3,SGAN L4DH,TP33 TP36 TP41,TU14 TE21 TM2,AT,0 (D/E),V1,,CV23,,423
3396,c,"ORGANOMETALLIC SUBSTANCE, SOLID, WATER-REACTIVE, FLAMMABLE",,"有机金属物质,固体的,遇水反应,易燃的",,WF2,4.3,4.3+4.1,III,1kg,274,E1,P410 IBC06,MP14,,T1,SGAN L4DH,TP33 TP36 TP41,TU14 TE21 TM2,AT,0 (E),V1,,CV23,,423
3397,a,"ORGANOMETALLIC SUBSTANCE, SOLID, WATER-REACTIVE, SELF-HEATING",,"有机金属物质,固体的,遇水反应,自热性",,WS,4.3,4.3+4.2,I,0,274,E0,P403,MP2,,T9,S10AN L10DH,TP7 TP33 TP36 TP41,TU14 TE21 TM2,AT,1 (B/E),V1,,CV23,S20,X423
3397,b,"ORGANOMETALLIC SUBSTANCE, SOLID, WATER-REACTIVE, SELF-HEATING",,"有机金属物质,固体的,遇水反应,自热性",,WS,4.3,4.3+4.2,II,500g,274,E2,P410 IBC04,MP14,,T3,SGAN L4DH,TP33 TP36 TP41,,AT,2 (D/E),V1,,CV23,,423
3397,c,"ORGANOMETALLIC SUBSTANCE, SOLID, WATER-REACTIVE, SELF-HEATING",,"有机金属物质,固体的,遇水反应,自热性",,WS,4.3,4.3+4.2,III,1kg,274,E1,P410 IBC06,MP14,,T1,SGAN L4DH,TP33 TP36 TP41,,AT,3 (E),V1,,CV23,,423
3398,a,"ORGANOMETALLIC SUBSTANCE, LIQUID, WATER-REACTIVE",,"有机金属物质,液体的,遇水反应",,W1,4.3,4.3,I,0,274,E0,P402,MP2,,T13,L10DH,TP2 TP7 TP36 TP41,TU4 TU14 TU22 TE21 TM2,AT,0 (B/E),V1,,CV23,S20,X323
3398,b,"ORGANOMETALLIC SUBSTANCE, LIQUID, WATER-REACTIVE",,"有机金属物质,液体的,遇水反应",,W1,4.3,4.3,II,500mL,274,E2,P001 IBC01,MP15,,T7,L4DH,TP2 TP7 TP36 TP41,TU14 TE21 TM2,AT,0 (D/E),V1,,CV23,,323
3398,c,"ORGANOMETALLIC SUBSTANCE, LIQUID, WATER-REACTIVE",,"有机金属物质,液体的,遇水反应",,W1,4.3,4.3,III,1L,274,E1,P001 IBC02,MP15,,T7,L4DH,TP2 TP7 TP36 TP41,TU14 TE21 TM2,AT,0 (E),V1,,CV23,,323
3399,a,"ORGANOMETALLIC SUBSTANCE, LIQUID, WATER-REACTIVE, FLAMMABLE",,"有机金属物质,液体的,遇水反应,易燃的",,WF1,4.3,4.3+3,I,0,274,E0,P402,MP2,,T13,L10DH,TP2 TP7 TP36 TP41,TU4 TU14 TU22 TE21 TM2,FL,0 (B/E),V1,,CV23,S2 S20,X323
3399,b,"ORGANOMETALLIC SUBSTANCE, LIQUID, WATER-REACTIVE, FLAMMABLE",,"有机金属物质,液体的,遇水反应,易燃的",,WF1,4.3,4.3+3,II,500mL,274,E2,P001 IBC01,MP15,,T7,L4DH,TP2 TP7 TP36 TP41,TU4 TU14 TU22 TE21 TM2,FL,0 (D/E),V1,,CV23,S2,323
3399,c,"ORGANOMETALLIC SUBSTANCE, LIQUID, WATER-REACTIVE, FLAMMABLE",,"有机金属物质,液体的,遇水反应,易燃的",,WF1,4.3,4.3+3,III,1L,274,E1,P001 IBC02 R001,MP15,,T7,L4DH,TP2 TP7 TP36 TP41,TU14 TE21 TM2,FL,0 (E),V1,,CV23,S2,323
3400,a,"ORGANOMETALLIC SUBSTANCE, SOLID, SELF-HEATING",,"有机金属物质,固体的,自热性",,S5,4.2,4.2,II,500g,274,E2,P410 IBC06,MP14,,T3,SGAN L4BN,TP33 TP36,,AT,2 (D/E),V1,,,,40
3400,b,"ORGANOMETALLIC SUBSTANCE, SOLID, SELF-HEATING",,"有机金属物质,固体的,自热性",,S5,4.2,4.2,III,1kg,274,E1,P002 IBC08,MP14,,T1,SGAN L4BN,TP33 TP36,,AT,3 (E),V1,,,,40
3401,,"ALKALI METAL AMALGAM, SOLID",,"碱金属汞齐,固体的",,W2,4.3,4.3,I,0,182,E0,P403,MP2,,T9,L10BN(+),TP7 TP33,TU1 TE5 TT3 TM2,AT,1 (B/E),V1,,CV23,S20,X423
3402,,"ALKALINE EARTH METAL AMALGAM, SOLID",,"碱土金属汞齐,固体的",,W2,4.3,4.3,I,0,183 506,E0,P403,MP2,,T9,L10BN(+),TP7 TP33,TU1 TE5 TT3 TM2,AT,1 (B/E),V1,,CV23,S20,X423
3403,,"POTASSIUM METAL ALLOYS,SOLID",,"钾金属合金,固体的",,W2,4.3,4.3,I,0,,E0,P403,MP2,,T9,L10BN(+),TP7 TP33,TU1 TE5 TT3 TM2,AT,1 (B/E),V1,,CV23,S20,X423
3404,,"POTASSIUM SODIUM ALLOYS,SOLID",,"钾钠合金,固体的",,W2,4.3,4.3,I,0,,E0,P403,MP2,,T9,L10BN(+),TP7 TP33,TU1 TE5 TT3 TM2,AT,1 (B/E),V1,,CV23,S20,X423
3405,a,BARIUM CHLORATE SOLUTION,,氯酸钡溶液,,OT1,5.1,5.1+6.1,II,1L,,E2,P504 IBC02,MP2,,T4,L4BN,TP1,TU3,AT,2 (E),,,CV24 CV28,,56
3405,b,BARIUM CHLORATE SOLUTION,,氯酸钡溶液,,OT1,5.1,5.1+6.1,III,5L,,E1,P001 IBC02,MP2,,T4,LGBV,TP1,TU3,AT,3 (E),,,CV24 CV28,,56
3406,a,BARIUM PERCHLORATE SOLUTION,,高氯酸钡溶液,,OT1,5.1,5.1+6.1,II,1L,,E2,P504 IBC02,MP2,,T4,L4BN,TP1,TU3,AT,2 (E),,,CV24 CV28,,56
3406,b,BARIUM PERCHLORATE SOLUTION,,高氯酸钡溶液,,OT1,5.1,5.1+6.1,III,5L,,E1,P001 IBC02,MP2,,T4,LGBV,TP1,TU3,AT,3 (E),,,CV24 CV28,,56
3407,a,CHLORATE AND MAGNESIUM CHLORIDE MIXTURE SOLUTION,,氯酸盐和氯化镁混合物溶液,,O1,5.1,5.1,II,1L,,E2,P504 IBC02,MP2,,T4,L4BN,TP1,TU3,AT,2 (E),,,CV24,,50
3407,b,CHLORATE AND MAGNESIUM CHLORIDE MIXTURE SOLUTION,,氯酸盐和氯化镁混合物溶液,,O1,5.1,5.1,III,5L,,E1,P504 IBC02,MP2,,T4,LGBV,TP1,TU3,AT,3 (E),,,CV24,,50
3408,a,LEAD PERCHLORATE SOLUTION,,高氯酸铅溶液,,OT1,5.1,5.1+6.1,II,1L,,E2,P504 IBC02,MP2,,T4,L4BN,TP1,TU3,AT,2 (E),,,CV24 CV28,,56
3408,b,LEAD PERCHLORATE SOLUTION,,高氯酸铅溶液,,OT1,5.1,5.1+6.1,III,5L,,E1,P001 IBC02,MP2,,T4,LGBV,TP1,TU3,AT,3 (E),,,CV24 CV28,,56
3409,,"CHLORONITRO-BENZENES, LIQUID",,"氯硝基苯类,液体的",,T1,6.1,6.1,II,100mL,279,E4,P001 IBC02,MP15,,T7,L4BH,TP2,TU15 TE19,AT,2 (D/E),,,CV13 CV28,S9 S19,60
3410,,4-CHLORO-o-TOLUIDINE HYDROCHL-ORIDE SOLUTION,,4-氯邻甲苯胺盐酸盐溶,,T1,6.1,6.1,III,5L,,E1,P001 IBC03 R001,MP19,,T4,L4BH,TP1,TU15 TE19,AT,2 (E),V12,,CV13 CV28,S9,60
3411,a,beta-NAPHTHYLAMINE SOLUTION,,P-萘胺溶液,,T1,6.1,6.1,II,100mL,,E4,P001 IBC02,MP15,,T7,L4BH,TP2,TU15 TE19,AT,2 (D/E),,,CV13 CV28,S9 S19,60
3411,b,beta-NAPHTHYLAMINE SOLUTION,,P-萘胺溶液,,T1,6.1,6.1,III,5L,,E1,P001 IBC02,MP19,,T7,L4BH,TP2,TU15 TE19,AT,2 (E),,,CV13 CV28,S9,60
3412,a,FORMIC ACID,with not less than 10% but not more than 85% acid by mass,甲酸,"按质量含酸不小于10%,但不大于85%",C3,8,8,II,1L,,E2,P001 IBC02,MP15,,T7,L4BN,TP2,,AT,2 (E),,,,,80
3412,b,FORMIC ACID,with not less than 5% but less than 10% acid by mass,甲酸,"按质量含酸不小于5%,但小于 10%",C3,8,8,III,5L,,E1,P001 IBC03 LP01 R001,MP19,,T4,L4BN,TP1,,AT,3 (E),V12,,,,80
3413,a,POTASSIUM CYANIDE SOLUTION,,氰化钾溶液,,T4,6.1,6.1,I,0,,E5,P001,MP8 MP17,,T14,L10CH,TP2,TU14 TU15 TE19 TE21,AT,1 (C/E),,,CV1 CV13 CV28,S9 S14,66
3413,b,POTASSIUM CYANIDE SOLUTION,,氰化钾溶液,,T4,6.1,6.1,II,100mL,,E4,P001 IBC02,MP15,,T11,L4BH,TP2 TP27,TU15 TE19,AT,2 (D/E),,,CV13 CV28,S9 S19,60
3413,c,POTASSIUM CYANIDE SOLUTION,,氰化钾溶液,,T4,6.1,6.1,III,5L,,E1,P001 IBC03 LP01 R001,MP19,,T7,L4BH,TP2 TP28,TU15 TE19,AT,2 (E),V12,,CV13 CV28,S9,60
3414,a,SODIUM CYANIDE SOLUTION,,氰化钠溶液,,T4,6.1,6.1,I,0,,E5,P001,MP8 MP17,,T14,L10CH,TP2,TU14 TU15 TE19 TE21,AT,1 (C/E),,,CV1 CV13 CV28,S9 S14,66
3414,b,SODIUM CYANIDE SOLUTION,,氰化钠溶液,,T4,6.1,6.1,II,100mL,,E4,P001 IBC02,MP15,,T11,L4BH,TP2 TP27,TU15 TE19,AT,2 (D/E),,,CV13 CV28,S9 S19,60
3414,c,SODIUM CYANIDE SOLUTION,,氰化钠溶液,,T4,6.1,6.1,III,5L,,E1,P001 IBC03 LP01 R001,MP19,,T7,L4BH,TP2 TP28,TU15 TE19,AT,2 (E),V12,,CV13 CV28,S9,60
3415,,SODIUM FLUORIDE SOLUTION,,氟化钠溶液,,T4,6.1,6.1,III,5L,,E1,P001 IBC03 LP01 R001,MP19,,T4,L4BH,TP1,TU15 TE19,AT,2 (E),V12,,CV13 CV28,S9,60
3416,,"CHLOROACETO PHENONE, LIQUID",,"氯乙酰苯,液体的",,T1,6.1,6.1,II,0,,E0,P001 IBC02,MP15,,T7,L4BH,TP2,TU15 TE19,AT,2 (D/E),,,CV13 CV28,S9 S19,60
3417,,"XYLYLBROMIDE, SOLID",,"甲苄基溴,固体的",,T2,6.1,6.1,II,0,,E4,P002 IBC08,MP10,B4,T3,SGAH L4BH,TP33,TU15 TE19,AT,2 (D/E),V11,,CV13 CV28,S9 S19,60
3418,,"2,4-TOLUYLEN-EDIAMINE SOLUTION",,"2,4-甲苯二胺溶液",,T1,6.1,6.1,III,5L,,E1,P001 IBC03 LP01 R001,MP19,,T4,L4BH,TP1,TU15 TE19,AT,2 (E),V12,,CV13 CV28,S9,60
3419,,"BORON TRIFLUORIDE ACETIC ACID COMPLEX, SOLID",,"三氟化硼合乙酸,固体的",,C4,8,8,II,1kg,,E2,P002 IBC08,MP10,B4,T3,SGAN L4BN,TP33,,AT,2 (E),V11,,,,80
3420,,"BORON TRIFLUORIDE PROPIONIC ACID COMPLEX, SOLID",,"三氟化硼合丙酸,固体的",,C4,8,8,II,1kg,,E2,P002 IBC08,MP10,B4,T3,SGAN L4BN,TP33,,AT,2 (E),V11,,,,80
3421,a,POTASSIUM HYDROGEN DIFLUORIDE SOLUTION,,二氟化氢钾溶液,,CT1,8,8+6.1,II,1L,,E2,P001 IBC02,MP15,,T7,L4DH,TP2,TU14 TE21,AT,2 (E),,,CV13 CV28,,86
3421,b,POTASSIUM HYDROGEN DIFLUORIDE SOLUTION,,二氟化氢钾溶液,,CT1,8,8+6.1,III,5L,,E1,P001 IBC03 R001,MP19,,T4,L4DH,TP1,TU14 TE21,AT,3 (E),V12,,CV13 CV28,,86
3422,,POTASSIUM FLUORIDE SOLUTION,,氟化钾溶液,,T4,6.1,6.1,III,5L,,E1,P001 IBC03 LP01 R001,MP19,,T4,L4BH,TP1,TU15 TE19,AT,2 (E),V12,,CV13 CV28,S9,60
3423,,"TETRAMETHYLAMMONIUM HYDROXIDE, SOLID",,"氢氧化四甲铵,固体的",,C8,8,8,II,1kg,,E2,P002 IBC08,MP10,B4,T3,SGAN L4BN,TP33,,AT,2 (E),V11,,,,80
3424,a,AMMONIUM DINITRO-o-CRESOLATE SOLUTION,,二硝基邻甲酚铵溶液,,T1,6.1,6.1,II,100mL,,E4,P001 IBC02,MP15,,T7,L4BH,TP2,TU15 TE19,AT,2 (D/E),,,CV13 CV28,S9 S19,60
3424,b,AMMONIUM DINITRO-o-CRESOLATE SOLUTION,,二硝基邻甲酚铵溶液,,T1,6.1,6.1,III,5L,,E1,P001 IBC02,MP19,,T7,L4BH,TP2,TU15 TE19,AT,2 (E),,,CV13 CV28,S9,60
3425,,"BROMOACETIC ACID,SOLID",,"溴乙酸,固体的",,C4,8,8,II,1kg,,E2,P002 IBC08,MP10,B4,T3,SGAN L4BN,TP33,,AT,2 (E),V11,,,,80
3426,,ACRYLAM IDE SOLUTION,,丙烯酰胺溶液,,T1,6.1,6.1,III,5L,,E1,P001 IBC03 LP01 R001,MP19,,T4,L4BH,TP1,TU15 TE19,AT,2 (E),V12,,CV13 CV28,S9,60
3427,,"CHLOROBENZYL CHLORIDES, SOLID",,"氯苯甲基氯,固体的",,T2,6.1,6.1,III,5kg,,E1,P002 IBC08 LP02 R001,MP10,B3,T1,SGAH L4BH,TP33,TU15 TE19,AT,2 (E),,VC1 VC2 AP7,CV13 CV28,S9,60
3428,,"3-CHLORO-4-METHYLPHENYL ISOCYANATE, SOLID",,"异氰酸-3-氯-4-甲基苯酉旨,固体的",,T2,6.1,6.1,II,500g,,E4,P002 IBC08,MP10,B4,T3,SGAH L4BH,TP33,TU15 TE19,AT,2 (D/E),V11,,CV13 CV28,S9 S19,60
3429,,"CHLORO TOLUIDINES,LIQUID",,"氯甲苯胺类,液体的",,T1,6.1,6.1,III,5L,,E1,P001 IBC03 LP01 R001,MP19,,T4,L4BH,TP1,TU15 TE19,AT,2 (E),V12,,CV13 CV28,S9,60
3430,,"XYLENOLS, LIQUID",,"二甲苯酚类,液体的",,T1,6.1,6.1,II,100mL,,E4,P001 IBC02,MP15,,T7,L4BH,TP2,TU15 TE19,AT,2 (D/E),,,CV13 CV28,S9 S19,60
3431,,"NITROBENZOTRIFLUORIDES, SOLID",,"硝基三氟甲苯类,固体的",,T2,6.1,6.1,II,500g,,E4,P002 IBC08,MP10,B4,T3,SGAH L4BH,TP33,TU15 TE19,AT,2 (D/E),V11,,CV13 CV28,S9 S19,60
3432,,"POLYCHLORINA TED BIPHENYLS, SOLID",,"多氯联苯类,固体的",,M2,9,9,II,1kg,305,E2,P906 IBC08,MP10,B4,T3,S4AH L4BH,TP33,TU15,AT,0 (D/E),V11,VC1 VC2 AP9,CV1 CV13 CV28,S19,90
3434,,"NITROCRESOLS, LIQUID",,"硝基甲(苯)酚类,液体的",,T1,6.1,6.1,III,5L,,E1,P001 IBC03 LP01 R001,MP19,,T4,L4BH,TP1,TU15 TE19,AT,2 (E),V12,,CV13 CV28,S9,60
3436,,"HEXAFLUORO ACETONE HYDRATE, SOLID",,"水合六氟丙酮,固体的",,T2,6.1,6.1,II,500g,,E4,P002 IBC08,MP10,B4,T3,SGAH L4BH,TP33,TU15 TE19,AT,2 (D/E),V11,,CV13 CV28,S9 S19,60
3437,,"CHLOROCRESOLS, SOLID",,"氯甲酚类,固体的",,T2,6.1,6.1,II,500g,,E4,P002 IBC08,MP10,B4,T3,SGAH L4BH,TP33,TU15 TE19,AT,2 (D/E),V11,,CV13 CV28,S9 S19,60
3438,,"alpha-METHYLBENZYL ALCOHOL, SOLID",,"a-甲基苄基醇,固体的",,T2,6.1,6.1,III,5kg,,E1,P002 IBC08 LP02 R001,MP10,B3,T1,SGAH L4BH,TP33,TU15 TE19,AT,2 (E),,VC1 VC2 AP7,CV13 CV28,S9,60
3439,a,"NITRILES, SOLID,TOXIC, N.O.S.",,"腈类,固体的,有毒的,未另作规定的",,T2,6.1,6.1,I,0,274,E5,P002 IBC07,MP18,,T6,S10AH L10CH,TP33,TU14 TU15 TE19 TE21,AT,1 (C/E),V10,,CV1 CV13 CV28,S9 S14,66
3439,b,"NITRILES, SOLID,TOXIC, N.O.S.",,"腈类,固体的,有毒的,未另作规定的",,T2,6.1,6.1,II,500g,274,E4,P002 IBC08,MP10,B4,T3,SGAH L4BH,TP33,TU15 TE19,AT,2 (D/E),V11,,CV13 CV28,S9 S19,60
3439,c,"NITRILES, SOLID,TOXIC, N.O.S.",,"腈类,固体的,有毒的,未另作规定的",,T2,6.1,6.1,III,5kg,274,E1,P002 IBC08 LP02 R001,MP10,B3,T1,SGAH L4BH,TP33,TU15 TE19,AT,2 (E),,VC1 VC2 AP7,CV13 CV28,S9,60
3440,a,"SELENIUM COMPOUND, LIQUID, N.O.S.",,"硒化合物,液体的,未另作规定的",,T4,6.1,6.1,I,0,274 563,E5,P001,MP8 MP17,,T14,L10CH,TP2 TP27,TU14 TU15 TE19 TE21,AT,1 (C/E),,,CV1 CV13 CV28,S9 S14,66
3440,b,"SELENIUM COMPOUND, LIQUID, N.O.S.",,"硒化合物,液体的,未另作规定的",,T4,6.1,6.1,II,100mL,274 563,E4,P001 IBC02,MP15,,T11,L4BH,TP2 TP27,TU15 TE19,AT,2 (D/E),,,CV13 CV28,S9 S19,60
3440,c,"SELENIUM COMPOUND, LIQUID, N.O.S.",,"硒化合物,液体的,未另作规定的",,T4,6.1,6.1,III,5L,274 563,E1,P001 IBC03 R001,MP19,,T7,L4BH,TP1 TP28,TU15 TE19,AT,2 (E),V12,,CV13 CV28,S9,60
3441,,"CHLORODINITROBENZENES, SOLID",,"二硝基氯苯类,固体的",,T2,6.1,6.1,II,500g,279,E4,P002 IBC08,MP10,B4,T3,SGAH L4BH,TP33,TU15 TE19,AT,2 (D/E),V11,,CV13 CV28,S9 S19,60
3442,,"DICHLOROANILINES,SOLID",,"二氯苯胺类,固体的",,T2,6.1,6.1,II,500g,279,E4,P002 IBC08,MP10,B4,T3,SGAH L4BH,TP33,TU15 TE19,AT,2 (D/E),V11,,CV13 CV28,S9 S19,60
3443,,"DINITROBENZENES,SOLID",,"二硝基苯类,固体的",,T2,6.1,6.1,II,500g,,E4,P002 IBC08,MP10,B4,T3,SGAH L4BH,TP33,TU15 TE19,AT,2 (D/E),V11,,CV13 CV28,S9 S19,60
3444,,"NICOTINE HYDROCHLORIDE, SOLID",,"烟碱盐酸盐,固体的",,T2,6.1,6.1,II,500g,43,E4,P002 IBC08,MP10,B4,T3,SGAH,TP33,TU15 TE19,AT,2 (D/E),V11,,CV13 CV28,S9 S19,60
3445,,"NICOTINE SULPHATE, SOLID",,"硫酸烟碱盐,固体的",,T2,6.1,6.1,II,500g,,E4,P002 IBC08,MP10,B4,T3,SGAH,TP33,TU15 TE19,AT,2 (D/E),V11,,CV13 CV28,S9 S19,60
3446,,"NITROTOLUENES, SOLID",,"硝基甲苯类,固体的",,T2,6.1,6.1,II,500g,,E4,P002 IBC08,MP10,B4,T3,SGAH L4BH,TP33,TU15 TE19,AT,2 (D/E),V11,,CV13 CV28,S9 S19,60
3447,,"NITROXYLENES, SOLID",,"硝基二甲苯类,固体的",,T2,6.1,6.1,II,500g,,E4,P002 IBC08,MP10,B4,T3,SGAH L4BH,TP33,TU15 TE19,AT,2 (D/E),V11,,CV13 CV28,S9 S19,60
3448,a,"TEAR GAS SUBSTANCE, SOLID,N.O.S.",,"催泪性物质,固体的,未另作规定的",,T2,6.1,6.1,I,0,274,E0,P002,MP18,,T6,S10AH L10CH,TP33,TU14 TU15 TE19 TE21,AT,1 (C/E),,,CV1 CV13 CV28,S9 S14,66
3448,b,"TEAR GAS SUBSTANCE, SOLID,N.O.S.",,"催泪性物质,固体的,未另作规定的",,T2,6.1,6.1,II,0,274,E0,P002 IBC08,MP10,B4,T3,SGAH L4BH,TP33,TU15 TE19,AT,2 (D/E),V11,,CV13 CV28,S9 S19,60
3449,,"BROMOBENZYL CYANIDES, SOLID",,"溴苄基氰类,固体的",,T2,6.1,6.1,I,0,138,E5,P002,MP18,,T6,S10AH L10CH,TP33,TU15 TE19,AT,1 (C/E),,,CV1 CV13 CV28,S9 S14,66
3450,,"DIPHENYLCHLOROARSINE, SOLID",,"二苯氯胂,固体的",,T3,6.1,6.1,I,0,,E0,P002 IBC07,MP18,,T6,S10AH L10CH,TP33,TU15 TE19,AT,1 (C/E),V10,,CV1 CV13 CV28,S9 S14,66
3451,,"TOLUIDINES, SOLID",,"甲苯胺类,固体的",,T2,6.1,6.1,II,500g,279,E4,P002 IBC08,MP10,B4,T3,SGAH L4BH,TP33,TU15 TE19,AT,2 (D/E),V11,,CV13 CV28,S9 S19,60
3452,,"XYLIDINES, SOLID",,"二甲基苯胺类,固体的",,T2,6.1,6.1,II,500g,,E4,P002 IBC08,MP10,B4,T3,SGAH L4BH,TP33,TU15 TE19,AT,2 (D/E),V11,,CV13 CV28,S9 S19,60
3453,,"PHOSPHORIC ACID,SOLID",,"磷酸,固体的",,C2,8,8,III,5kg,,E1,P002 IBC08 LP02 R001,MP10,B3,T1,SGAV L4BN,TP33,,AT,3 (E),,VC1 VC2 AP7,,,80
3454,,"DINITROTOLUENES,SOLID",,"二硝基甲苯类,固体的",,T2,6.1,6.1,II,500g,,E4,P002 IBC08,MP10,B4,T3,SGAH L4BH,TP33,TU15 TE19,AT,2 (D/E),V11,,CV13 CV28,S9 S19,60
3455,,"CRESOLS,SOLID",,"甲酚类,固体的",,TC2,6.1,6.1+8,II,500g,,E4,P002 IBC08,MP10,B4,T3,SGAH L4BH,TP33,TU15 TE19,AT,2 (D/E),V11,,CV13 CV28,S9 S19,68
3456,,"NITROSYLSULPHURIC ACID, SOLID",,"亚硝基硫酸,固体的",,C2,8,8,II,1kg,,E2,P002 IBC08,MP10,B4,T3,SGAN L4BN,TP33,,AT,2 (E),V11,,,,X80
3457,,"CHLORONITROTOLUENES, SOLID",,"氯硝基甲苯类,固体的",,T2,6.1,6.1,III,5kg,,E1,P002 IBC08 LP02 R001,MP10,B3,T1,SGAH L4BH,TP33,TU15 TE19,AT,2 (E),,VC1 VC2 AP7,CV13 CV28,S9,60
3458,,"NITROANISOLES, SOLID",,"硝基茴香醚类,固体的",,T2,6.1,6.1,III,5kg,279,E1,P002 IBC08 LP02 R001,MP10,B3,T1,SGAH L4BH,TP33,TU15 TE19,AT,2 (E),,VC1 VC2 AP7,CV13 CV28,S9,60
3459,,"NITROBROMOBENZENES,SOLID",,"硝基溴苯类,固体的",,T2,6.1,6.1,III,5kg,,E1,P002 IBC08 LP02 R001,MP10,B3,T1,SGAH L4BH,TP33,TU15 TE19,AT,2 (E),,VC1 VC2 AP7,CV13 CV28,S9,60
3460,,"N-ETHYLBENZYLTOLUIDINES, SOLID",,"N-乙基苄基甲苯胺类,固体的",,T2,6.1,6.1,III,5kg,,E1,P002 IBC08 LP02 R001,MP10,B3,T1,SGAH L4BH,TP33,TU15 TE19,AT,2 (E),,VC1 VC2 AP7,CV13 CV28,S9,60
3462,a,"TOXINS, EXTRACTED FROM LIVING SOURCES, SOLID,N.O.S.",,"毒素,从生物源中提取的,固体的,未另作规定的",,T2,6.1,6.1,I,0,210 274,E5,P002 IBC07,MP18,,T6,S10AH L10CH,TP33,TU15 TE19,AT,1 (C/E),V10,,CV1 CV13 CV28,S9 S14,66
3462,b,"TOXINS, EXTRACTED FROM LIVING SOURCES, SOLID,N.O.S.",,"毒素,从生物源中提取的,固体的,未另作规定的",,T2,6.1,6.1,II,500g,210 274,E4,P002 IBC08,MP10,B4,T3,SGAH L4BH,TP33,TU15 TE19,AT,2 (D/E),V11,,CV13 CV28,S9 S19,60
3462,c,"TOXINS, EXTRACTED FROM LIVING SOURCES, SOLID,N.O.S.",,"毒素,从生物源中提取的,固体的,未另作规定的",,T2,6.1,6.1,III,5kg,210 274,E1,P002 IBC08 R001,MP10,B3,T1,SGAH L4BH,TP33,TU15 TE19,AT,2 (E),,VC1 VC2 AP7,CV13 CV28,S9,60
3463,,PROPIONIC ACID,with not less than 90% acid by mass,丙酸,按质量含酸不小于90%,CF1,8,8+3,II,1L,,E2,P001 IBC02,MP15,,T7,L4BN,TP2,,FL,2 (D/E),,,,S2,83
3464,a,"ORGANOPHOSPHORUS COMPOUND, SOLID, TOXIC, N.O.S.",,"有机磷化合物,固体的,有毒的,未另作规定的",,T2,6.1,6.1,I,0,43 274,E5,P002 IBC07,MP18,,T6,S10AH L10CH,TP33,TU14 TU15 TE19 TE21,AT,1 (C/E),V10,,CV1 CV13 CV28,S9 S14,66
3464,b,"ORGANOPHOSPHORUS COMPOUND, SOLID, TOXIC, N.O.S.",,"有机磷化合物,固体的,有毒的,未另作规定的",,T2,6.1,6.1,II,500g,43 274,E4,P002 IBC08,MP10,B4,T3,SGAH L4BH,TP33,TU15 TE19,AT,2 (D/E),V11,,CV13 CV28,S9 S19,60
3464,c,"ORGANOPHOSPHORUS COMPOUND, SOLID, TOXIC, N.O.S.",,"有机磷化合物,固体的,有毒的,未另作规定的",,T2,6.1,6.1,III,5kg,43 274,E1,P002 IBC08 LP02 R001,MP10,B3,T1,SGAH L4BH,TP33,TU15 TE19,AT,2 (E),,VC1 VC2 AP7,CV13 CV28,S9,60
3465,a,"ORGANOARSENIC COMPOUND, SOLID,N.O.S.",,"有机砷化合物,固体的,未另作规定的",,T3,6.1,6.1,I,0,274,E5,P002 IBC07,MP18,,T6,S10AH L10CH,TP33,TU14 TU15 TE19 TE21,AT,1 (C/E),V10,,CV1 CV13 CV28,S9 S14,66
3465,b,"ORGANOARSENIC COMPOUND, SOLID,N.O.S.",,"有机砷化合物,固体的,未另作规定的",,T3,6.1,6.1,II,500g,274,E4,P002 IBC08,MP10,B4,T3,SGAH L4BH,TP33,TU15 TE19,AT,2 (D/E),V11,,CV13 CV28,S9 S19,60
3465,c,"ORGANOARSENIC COMPOUND, SOLID,N.O.S.",,"有机砷化合物,固体的,未另作规定的",,T3,6.1,6.1,III,5kg,274,E1,P002 IBC08 LP02 R001,MP10,B3,T1,SGAH L4BH,TP33,TU15 TE19,AT,2 (E),,VC1 VC2 AP7,CV13 CV28,S9,60
3466,a,"METAL CARBONYLS, SOLID,N.O.S.",,"羰基金属,固体的,未另作规定的",,T3,6.1,6.1,I,0,274 562,E5,P002 IBC07,MP18,,T6,S10AH L10CH,TP33,TU14 TU15 TE19 TE21,AT,1 (C/E),V10,,CV1 CV13 CV28,S9 S14,66
3466,b,"METAL CARBONYLS, SOLID,N.O.S.",,"羰基金属,固体的,未另作规定的",,T3,6.1,6.1,II,500g,274 562,E4,P002 IBC08,MP10,B4,T3,SGAH L4BH,TP33,TU15 TE19,AT,2 (D/E),V11,,CV13 CV28,S9 S19,60
3466,c,"METAL CARBONYLS, SOLID,N.O.S.",,"羰基金属,固体的,未另作规定的",,T3,6.1,6.1,III,5kg,274 562,E1,P002 IBC08 LP02 R001,MP10,B3,T1,SGAH L4BH,TP33,TU15 TE19,AT,2 (E),,VC1 VC2 AP7,CV13 CV28,S9,60
3467,a,"ORGANOMETALLIC COMPOUND, SOLID, TOXIC, N.O.S.",,"有机金属化合物,固体的,有毒的,未另作规定的",,T3,6.1,6.1,I,0,274 562,E5,P002 IBC07,MP18,,T6,S10AH L10CH,TP33,TU14 TU15 TE19 TE21,AT,1 (C/E),V10,,CV1 CV13 CV28,S9 S14,66
3467,b,"ORGANOMETALLIC COMPOUND, SOLID, TOXIC, N.O.S.",,"有机金属化合物,固体的,有毒的,未另作规定的",,T3,6.1,6.1,II,500g,274 562,E4,P002 IBC08,MP10,B4,T3,SGAH L4BH,TP33,TU15 TE19,AT,2 (D/E),V11,,CV13 CV28,S9 S19,60
3467,c,"ORGANOMETALLIC COMPOUND, SOLID, TOXIC, N.O.S.",,"有机金属化合物,固体的,有毒的,未另作规定的",,T3,6.1,6.1,III,5kg,274 562,E1,P002 IBC08 LP02 R001,MP10,B3,T1,SGAH L4BH,TP33,TU15 TE19,AT,2 (E),,VC1 VC2 AP7,CV13 CV28,S9,60
3468,,HYDROGEN IN A METAL HYDRIDE STORAGE SYSTEM or HYDROGEN IN A METAL HYDRIDE STORAGE SYSTEM CONTAINED IN EQUIPMENT or HYDROGEN IN A METAL HYDRIDE STORAGE SYSTEM PACKED WITH EQUIPMENT,,"金属氢化物储存系统内的氢或包括在设备内的金属氢化物储存系统内的氢,或和设备包装在一起的金属氢化物储存系统内的氢",,1F,2,2.1,,0,321 356,E0,P205,MP9,,,,,,,2 (D),,,CV9 CV10 CV36,S2 S20,
3469,a,"PAINT, FLAMMABLE, CORROSIVE","(including paint, lacquer, enamel, stain,shellac, varnish, polish, liquid filler and liquid lacquer base)","涂料,易燃的,腐蚀的",(包括油漆、真漆、瓷漆、着色剂、紫胶溶液、清漆、虫胶清漆和液体真漆基料),FC,3,3+8,I,0,163 367,E0,P001,MP7 MP17,,T11,L10CH,TP2 TP27,TU14 TE21,FL,1 (C/E),,,,S2 S20,338
3469,b,"PAINT RELATED MATERIAL, FLAMMABLE",(including paint thinning and reducing compound),"涂料相关材料,易燃的,腐蚀的",(包括油漆稀释剂和调稀剂),FC,3,3+8,I,0,163 367,E0,P001,MP7 MP17,,T11,L10CH,TP2 TP27,TU14 TE21,FL,1 (C/E),,,,S2 S20,338
3469,c,"PAINT, FLAMMABLE, CORROSIVE","(including paint, lacquer, enamel, stain,shellac, varnish, polish, liquid filler and liquid lacquer base)","涂料,易燃的,腐蚀的",(包括油漆、真漆、瓷漆、着色剂、紫胶溶液、清漆、虫胶清漆和液体真漆基料),FC,3,3+8,II,1L,163 367,E2,P001 IBC02,MP19,,T7,L4BH,TP2 TP8 TP28,,FL,2 (D/E),,,,S2 S20,338
3469,d,"PAINT RELATED MATERIAL, FLAMMABLE",(including paint thinning and reducing compound),"涂料相关材料,易燃的,腐蚀的","涂料相关材料,易燃的,腐蚀的 (包括油漆稀释剂和调稀剂)",FC,3,3+8,II,1L,163 367,E2,P001 IBC02,MP19,,T7,L4BH,TP2 TP8 TP28,,FL,2 (D/E),,,,S2 S20,338
3469,e,"PAINT, FLAMMABLE, CORROSIVE","(including paint, lacquer, enamel, stain, shellac, varnish, polish, liquid filler and liquid lacquer base)","涂料,易燃的,腐蚀的",(包括油漆、真漆、瓷漆、着色剂、紫胶溶液、清漆、虫胶清漆或液体真漆基料),FC,3,3+8,III,5L,163 367,E1,P001 IBC03 R001,MP19,,T4,L4BN,TP1 TP29,,FL,3 (D/E),V12,,,S2,38
3469,f,"PAINT RELATED MATERIAL, FLAMMABLE",(including paint thinning and reducing compound),"涂料相关材料,易燃的,腐蚀的","涂料相关材料,易燃的,腐蚀的 (包括油漆稀释剂和调稀剂)",FC,3,3+8,III,5L,163 367,E1,P001 IBC03 R001,MP19,,T4,L4BN,TP1 TP29,,FL,3 (D/E),V12,,,S2,38
3470,a,"PAINT RELATED MATERIAL, CORROSIVE","(including paint, lacquer, enamel, stain, shellac, varnish, polish, liquidfiller and liquid lacquer base)","涂料,腐蚀的,易燃的","(包括油漆、真漆、瓷漆、着色剂、紫胶溶液、清漆,虫胶清漆和液体真漆基料)",CF1,8,8+3,II,1L,163 367,E2,P001 IBC02,MP15,,T7,L4BN,TP2 TP8 TP28,,FL,2 (D/E),,,,S2,83
3470,b,"PAINT, CORROSIVE, FLAMMABLE",(including paint thinning and reducing compound),"涂料相关材料,腐蚀的,易燃的",(包括油漆稀释剂和调稀剂),CF1,8,8+3,II,1L,163 367,E2,P001 IBC02,MP15,,T7,L4BN,TP2 TP8 TP28,,FL,2 (D/E),,,,S2,83
3471,a,"HYDROGENDIFLUORIDES SOLUTION, N.O.S.",,"二氟氢化物溶液,未另作规定的",,CT1,8,8+6.1,II,1L,,E2,P001 IBC02,MP15,,T7,L4DH,TP2,TU14 TE21,AT,2 (E),,,CV13 CV28,,86
3471,b,"HYDROGENDIFLUORIDES SOLUTION, N.O.S.",,"二氟化氢溶液,未另作规定的",,CT1,8,8+6.1,III,5L,,E1,P001 IBC03 R001,MP19,,T4,L4DH,TP1,TU14 TE21,AT,3 (E),V12,,CV13 CV28,,86
3472,,"CROTONIC ACID,LIQUID",,"丁烯酸,液体的",,C3,8,8,III,5L,,E1,P001 IBC03 LP01 R001,MP19,,T4,L4BN,TP1,,AT,3 (E),V12,,,,80
3473,a,FUEL CELL CARTRIDGES,containing flammable liquids,燃料电池筒,含有易燃液体,F3,3,3,,1L,328,E0,P004,,,,,,,,3 (E),,,,S2,
3473,b,FUELCELL CARTRIDGES CONTA IN EDINEQUIPMENT,containing flammable liquids,设备中含有的燃料电池筒,含有易燃液体,F3,3,3,,1L,328,E0,P004,,,,,,,,3 (E),,,,S2,
3473,c,FUEL CELL CARTRIDGES PACKED WITH EQUIPMENT,containing flammable liquids,与设备装在一起的燃料电池筒,含有易燃液体,F3,3,3,,1L,328,E0,P004,,,,,,,,3 (E),,,,S2,
3474,,1-HYDROXYBENZOTRIAZOLE MONOHYDRATE,,1-羟基苯并三氮唑一水物,,D,4.1,4.1,I,0,,E0,P406,MP2,PP48,,,,,,1 (B),,,,S17,
3475,,ETHANOL AND GAS OLINE MIXTURE or ETHANOL AND MOTOR SPIRIT MIXTURE or ETHANOL AND PETROL MIXTURE,with more than 10% ethanol,乙醇和汽油混合物或酒精和汽油混合物,含乙醇 10%以上,F1,3,3,II,1L,333 363 664,E2,P001 IBC02,MP19,,T4,LGBF,TP1,,FL,2 (D/E),,,,S2 S20,33
3476,a,FUELCELL CARTRIDGES,containing water-reactive substances,燃料电筒,含有遇水反应物质,W3,4.3,4.3,,500mL or 500g,328 334,E0,P004,,,,,,,,3 (E),V1,,CV23,,
3476,b,FUELCELL CARTRIDGES CONTAINED IN EQUIPMENT,containing water-reactive substances,设备中含有的燃料电池筒,含有遇水反应物质,W3,4.3,4.3,,500mL or 500g,328 334,E0,P004,,,,,,,,3 (E),V1,,CV23,,
3476,c,FUELCELL CARTRIDGES PACKED WITH EQUIPMENT,containing water-reactive substances,与设备合装在一起的燃料电池筒,含有遇水反应物质,W3,4.3,4.3,,500mL or 500g,328 334,E0,P004,,,,,,,,3 (E),V1,,CV23,,
3477,a,FUEL CELL CARTRIDGES,containing corrosive substances,燃料电池筒,含有腐蚀性物质,C11,8,8,,1L or 1kg,328 334,E0,P004,,,,,,,,3 (E),,,,,
3477,b,FUEL CELL CARTRIDGES CONTAINED IN EQUIPMENT,containing corrosive substances,设备中含有的燃料电池筒,含有腐蚀性物质,C11,8,8,,1L or 1kg,328 334,E0,P004,,,,,,,,3 (E),,,,,
3477,c,FUEL CELL CARTRIDGES PACKED WITH EQUIPMENT,containing corrosive substances,与设备合装在一起的燃料电池筒,含有腐蚀性物质,C11,8,8,,1L or 1kg,328 334,E0,P004,,,,,,,,3 (E),,,,,
3478,a,FUEL CELL CARTRIDGES,containing liquefied flammable gas,燃料电池筒,含有液化的易燃气体,6F,2,2.1,,120mL,328 338,E0,P004,,,,,,,,2 (D),,,CV9 CV12,S2,
3478,b,FUEL CELL CARTRIDGES CONTAINED IN EQUIPMENT,containing liquefied flammable gas,设备中含有的燃料电池筒,含有液化的易燃气体,6F,2,2.1,,120mL,328 338,E0,P004,,,,,,,,2 (D),,,CV9 CV12,S2,
3478,c,FUEL CELL CARTRIDGES PACKED WITH EQUIPMENT,containing liquefied flammable gas,与设备合装在一起的燃料电池筒,含有液化的易燃气体,6F,2,2.1,,120mL,328 338,E0,P004,,,,,,,,2 (D),,,CV9 CV12,S2,
3479,a,FUEL CELL CARTRIDGES,containing hydrogenin metal hydride,燃料电池筒,在金属氢化物内含有氢气,6F,2,2.1,,120mL,328 339,E0,P004,,,,,,,,2 (D),,,CV9 CV12,S2,
3479,b,FUELCELL CARTRIDGES CONTAINED IN EQUIPMENT,containing hydrogenin metal hydride,设备中含有的燃料电池筒,在金属氢化物内含有氢气,6F,2,2.1,,120mL,328 339,E0,P004,,,,,,,,2 (D),,,CV9 CV12,S2,
3479,c,FUEL CELL CARTRIDGES PACKED WITH EQUIPMENT,containing hydrogenin metal hydride,与设备合装在一起的燃料电池筒,在金属氢化物内含有氢气,6F,2,2.1,,120mL,328 339,E0,P004,,,,,,,,2 (D),,,CV9 CV12,S2,
3480,,LITHIUMION BATTERIES,(including lithiumion polymer batteries),锂离子电池,(包括锂离子聚合体电池),M4,9,9,,0,188 230 310 348 376 377 636,E0,P903 P908 P909 LP903 LP904,,,,,,,,2 (E),,,,,
3481,a,LITHIUMION BATTERIES CONTAINED IN EQUIPMENT,(including lithiumion polymer batteries),设备中含有的锂离子电池,(包括锂离子聚合体电池),M4,9,9,,0,188 230 348 376 377 360 636,E0,P903 P908 P909 LP903 LP904,,,,,,,,2 (E),,,,,
3481,b,LITHIUMION BATTERIES PACKED WITH EQUIPMENT,(including lithiumion polymer batteries),与设备合装在一起的锂离子电池,(包括锂离子聚合体电池),M4,9,9,,0,188 230 348 376 377 360 636,E0,P903 P908 P909 LP903 LP904,,,,,,,,2 (E),,,,,
3482,a,"ALKALI METAL DISPERSION, FLAMMABLE",,"碱金属分散体,易燃",,WF1,4.3,4.3+3,I,0,182 183 506,E0,P402,MP2,RR8,,L10BN(+),,TU1 TE5 TT3 TM2,FL,1 (B/E),V1,,CV23,S2 S20,X323
3482,b,"ALKALINE EARTH METAL DISPERSION, FLAMMABLE",,"碱土金属分散体,易燃",,WF1,4.3,4.3+3,I,0,182 183 506,E0,P402,MP2,RR8,,L10BN(+),,TU1 TE5 TT3 TM2,FL,1 (B/E),V1,,CV23,S2 S20,X323
3483,,"MOTOR FUEL ANTI-KNOCK MIXTURE, FLAMMABLE",,"发动机燃料抗爆剂,易燃",,TF1,6.1,6.1+3,I,0,,E0,P602,MP8 MP17,,T14,L10CH,TP2,TU14 TU15 TE19 TE21 TT6,FL,1 (C/D),,,CV1 CV13 CV28,S2 S9 S14,663
3484,,"HYDRAZINE AQUEOUS SOLUTION, FLAMMABLE","with more than 37% hydrazine,by mass","肼水溶液,易燃",按质量含肼超过37%,CFT,8,8+3+6.1,I,0,530,E0,P001,MP8 MP17,,T10,L10BH,TP2,,FL,1 (C/D),,,CV13 CV28,S2 S14,886
3485,a,"CALCIUM HYPOCHLORITE, DRY, CORROSIVE",with more than 39% available chlorine (8. 8% available oxygen),"次氯酸钙,干的,腐蚀性,或次氯酸钙混合物,干的,腐蚀性",含有效氯大于39%(有效氧8.8%),OC2,5.1,5.1+8,II,1kg,314,E2,P002 IBC08,MP2,B4B13,,SGAN,,TU3,AT,2 (E),V11,,CV24 CV35,,58
3485,b,"CALCIUM HYPOCHLORITE MIXTURE, DRY, CORROSIVE",with more than 39% available chlorine (8. 8% available oxygen),"次氯酸钙,干的,腐蚀性,或次氯酸钙混合物,干的,腐蚀性",含有效氯大于39%(有效氧8.8%),OC2,5.1,5.1+8,II,1kg,314,E2,P002 IBC08,MP2,B4B13,,SGAN,,TU3,AT,2 (E),V11,,CV24 CV35,,58
3486,,"CALCIUM HYPOCHLORITE MIXTURE, DRY, CORROSIVE",with more than 10% but not more than 39% available chlorine,"次氯酸钙混合物,干的,腐蚀性",含有效氯10%~39%,OC2,5.1,5.1+8,III,5kg,314,E1,P002 IBC08 LP02 R001,MP2,B3B13 L3,,SGAN,,TU3,AT,3 (E),,,CV24 CV35,,58
3487,a,"CALCIUM HYPOCHLORITE, HYDRATED, CORROSIVE",with not less than 5. 5% but not more than 16% water,"次氯酸钙水合物,腐蚀性",含水不低于5.5%但不高于16%,OC2,5.1,5.1+8,II,1kg,314 322,E2,P002 IBC08,MP2,B4B13,,SGAN,,TU3,AT,2 (E),V11,,CV24 CV35,,58
3487,b,"CALCIUM HYPOCHLORITE, HYDRATED MIXTURE, CORROSIVE",with not less than 5. 5% but not more than 16% water,"次氯酸钙水合混合物,腐蚀性",含水不低于5.5%但不高于16%,OC2,5.1,5.1+8,II,1kg,314 322,E2,P002 IBC08,MP2,B4B13,,SGAN,,TU3,AT,2 (E),V11,,CV24 CV35,,58
3487,c,"CALCIUM HYPOCHLORITE, HYDRATED, CORROSIVE",with not less than 5. 5% but not more than 16% water,"次氯酸钙水合物,腐蚀性",含水不低于5.5%但不高于16%,OC2,5.1,5.1+8,III,5kg,314,E1,P002 IBC08 R001,MP2,B4B13,,SGAN,,TU3,AT,3 (E),,,CV24 CV35,,58
3487,d,"CALCIUM HYPOCHLORITE, HYDRATED MIXTURE, CORROSIVE",with not less than 5. 5% but not more than 16% water,"次氯酸钙水合混合物,腐蚀性",含水不低于5.5%但不高于16%,OC2,5.1,5.1+8,III,5kg,314,E1,P002 IBC08 R001,MP2,B4B13,,SGAN,,TU3,AT,3 (E),,,CV24 CV35,,58
3488,,"TOXIC BY INHALATION LIQUID, FLAMMABLE, CORROSIVE, N.O.S.",with an LC50 lower than or equal to 200 mL/m3 and saturated vapour concentration greater than or equal to 500 LC50,"吸入毒性液体,易燃,腐蚀性,未另作规定的","吸入毒性低于或等于200mL/m3,且饱和蒸气浓度大于或等于500LC50",TFC,6.1,6.1+3+8,I,0,274,E0,P601,MP8 MP17,,T22,L15CH,TP2,TU14 TU15 TE19 TE21,FL,1 (C/D),,,CV1 CV13 CV28,S2 S9 S14,663
3489,,"TOXIC BY INHALATION LIQUID, FLAMMABLE, CORROSIVE, N.O.S.",with an LC50 lower than or e3qual to 1 000mL/m and saturated vapour concentration greater than or equal to 10LC50,"吸入毒性液体,易燃,腐蚀性,未另作规定的","吸入毒性低于或等于1000mL/m3,饱和蒸气浓度大于或等于10LC50",TFC,6.1,6.1+3+8,I,0,274,E0,P602,MP8 MP17,,T20,L10CH,TP2,TU14 TU15 TE19 TE21,FL,1 (C/D),,,CV1 CV13 CV28,S2 S9 S14,663
3490,,"TOXIC BY INHALATION LIQUID,WATER-REACTIVE, FLAMMABLE,N.O.S.",with an LC50 lower than or equal to 200mL/m3 and saturated vapour concentration greater than or equal to 500LC50,"吸入毒性液体,遇水反应,易燃,未另作规定的","吸入毒性低于或等于200mL/m3,饱和蒸气浓度大于或等于500LC50",TFW,6.1,6.1+3+4.3,I,0,274,E0,P601,MP8 MP17,,T22,L15CH,TP2,TU14 TU15 TE19 TE21,FL,1 (C/D),,,CV1 CV13 CV28,S2 S9 S14,623
3491,,"TOXIC BY INHALATION LIQUID,WATER-REACTIVE, FLAMMABLE,N.O.S.",with an LC50 lower than or equal to 3 1 000mL/m and saturated vapour concentration greater than or equal to 10LC50,"吸入毒性液体,遇水反应,易燃,未另作规定的","吸入毒性低于或等于1000mL/m3,饱和蒸气浓度大于或等于10LC50",TFW,6.1,6.1+3+4.3,I,0,274,E0,P602,MP8 MP17,,T20,L10CH,TP2,TU14 TU15 TE19 TE21,FL,1 (C/D),,,CV1 CV13 CV28,S2 S9 S14,623
3494,a,"PETROLEUM SOUR CRUDE OIL, FLAMMABLE, TOXIC",,"含硫原油,易燃,毒性",,FT1,3,3+6.1,I,0,343,E0,P001,MP7 MP17,,T14,L10CH,TP2,TU14 TU15 TE21,FL,1 (C/E),,,CV13 CV28,S2 S22,336
3494,b,"PETROLEUM SOUR CRUDE OIL, FLAMMABLE, TOXIC",,"含硫原油,易燃,毒性",,FT1,3,3+6.1,II,1L,343,E2,P001 IBC02,MP19,,T7,L4BH,TP2,TU15,FL,2 (D/E),,,CV13 CV28,S2 S19,336
3494,c,"PETROLEUM SOUR CRUDE OIL, FLAMMABLE, TOXIC",,"含硫原油,易燃,毒性",,FT1,3,3+6.1,III,5L,343,E1,P001 IBC03 R001,MP19,,T4,L4BH,TP1,TU15,FL,3 (D/E),V12,,CV13 CV28,S2,36
3495,,IODINE,,碘,,CT2,8,8+6.1,III,5kg,279,E1,P002 IBC08 R001,MP10,B3,T1,SGAV L4BN,TP33,,AT,3 (E),,VC1 VC2 AP7,CV13 CV28,,86
3496,,Batteries,nickel-metal hydride,镍/金属氢化物蓄电池组 (镍氢电池组),,M11,9,,,,,,,,,,(not listed in JTT),,,,,,,,,
3497,a,KRILLMEAL,,磷虾粉,,S2,4.2,4.2,II,0,300,E2,P410 IBC06,MP14,,T3,SGAN,TP33,,AT,2 (D/E),V1,,,,40
3497,b,KRILLMEAL,,磷虾粉,,S2,4.2,4.2,III,0,300,E1,P002 IBC08 LP02 R001,MP14,B3,T1,SGAV,TP33,,AT,3 (E),V1,VC1 VC2 AP1,,,40
3498,,"IODINEMONOCHLORIDE, LIQUID",,一氯化碘,液态,C1,8,8,II,1L,,E0,P001 IBC02,MP15,,T7,L4BN,TP2,,AT,2 (E),,,,,80
3499,,"CAPACITOR, ELECTRIC DOUBLE LAYER",(with an energy storage capacity greater than 0. 3W·h),电容器双层带电,(储存电能的能力大于0.3W·h),M11,9,9,,0,361,E0,P003,,,,,,,,4 (E),,,,,
3500,,"CHEMICAL UNDER PRESSURE, N.O.S.",,"加压化学品,未另作规定的",,8A,2,2.2,,0,274 659,E0,P206,MP9,,T50,,TP4 TP40,,AT,3 (C/E),,,CV9 CV10 CV12 CV36,,20
3501,,"CHEMICAL UNDER PRESSURE, FLAMMABLE,N.O.S.",,"加压化学品,易燃,未另作规定的",,8F,2,2.1,,0,274 659,E0,P206,MP9,PP89,T50,,TP4 TP40,,FL,2 (B/D),,,CV9 CV10 CV12 CV36,S2,23
3502,,"CHEMICAL UNDER PRESSURE, TOXIC,N.O.S.",,"加压化学品,毒性,未另作规定的",,8T,2,2.2+6.1,,0,274 659,E0,P206,MP9,PP89,T50,,TP4 TP40,,AT,1 (C/D),,,CV9 CV10 CV12 CV28 CV36,,26
3503,,"CHEMICAL UNDER PRESSURE, CORROSIVE, N.O.S.",,"加压化学品,腐蚀性,未另作规定的",,8C,2,2.2+8,,0,274 659,E0,P206,MP9,PP89,T50,,TP4 TP40,,AT,1 (C/D),,,CV9 CV10 CV12 CV36,,28
3504,,"CHEMICAL UNDER PRESSURE, FLAMMABLE, TOXIC,N.O.S.",,"加压化学品,易燃,毒性,未另作规定的",,8TF,2,2.1+6.1,,0,274 659,E0,P206,MP9,PP89,T50,,TP4 TP40,,FL,1 (B/D),,,CV9 CV10 CV12 CV28 CV36,S2,263
3505,,"CHEMICAL UNDER PRESSURE, FLAMMABLE, CORROSIVE, N.O.S.",,"加压化学品,易燃,腐蚀性,未另作规定的",,8FC,2,2.1+8,,0,274 659,E0,P206,MP9,PP89,T50,,TP4 TP40,,FL,1 (B/D),,,CV9 CV10 CV12 CV36,S2,238
3506,,MERCURY CONTAINED IN MANUFACTURED ARTICLES,,含于制成品中的汞,,CT3,8,8+6.1,,5kg,366,E0,P003,MP15,PP90,,,,,,3 (E),,,CV13 CV28,,
3507,,"URANIUM HEX AFLUORIDE, RADIOACTIVE MATERIAL, EXCEPTED PACKAGE","less than 0. 1kg per package,non-fissile or fissile-excepted","六氟化铀,放射性物质,例外包件","每个包件小于0.1kg,非易裂变的或不属于易裂变的",,8,8,I,0,317 369,E0,P805,,,,,,,,1 (D),,,见 特殊规定 369,S21,
3508,,"CAPACITOR, ASYMMETRIC",(with an energy storage capacity greater than 0. 3W·h),"电容器,非对称的",(储存电能的能力大于0.3W·h),M11,9,9,,0,372,E0,P003,,,,,,,,4 (E),,,,,
3509,,"PACKAGINGS, DISCARDED, EMPTY, UNCLEANED",,"废弃空容器,未清洗",,M11,9,9,,0,663,E0,P003 IBC08 LP02,,RR9 BB3 LL1,BK2,,,,,4 (E),VC2 AP10,,,,90
3510,,"ADSORBED GAS, FLAMMABLE,N.O.S.",,"吸附气体,易燃,未另作规定的",,9F,2,2.1,,0,274,E0,P208,MP9,,,,,,,2 (D),,,CV9 CV10 CV36,S2,
3511,,"ADSORBED GAS,N.O.S.",,"吸附气体,未另作规定的",,9A,2,2.2,,0,274,E0,P208,MP9,,,,,,,3 (E),,,CV9 CV10 CV36,,
3512,,"ADSORBED GAS, TOXIC, N.O.S.",,"吸附气体,毒性,未另作规定的",,9T,2,2.3,,0,274,E0,P208,MP9,,,,,,,1 (D),,,CV9 CV10 CV36,S14,
3513,,"ADSORBED GAS, OXIDIZING, N.O.S.",,"吸附气体,氧化性,未另作规定的",,9O,2,2.2+5.5,,0,274,E0,P208,MP9,,,,,,,3 (E),,,CV9 CV10 CV36,,
3514,,"ADSORBED GAS,TOXIC, FLAM MABLE, N.O.S.",,"吸附气体,毒性,易燃,未另作规定的",,9TF,2,2.3+2.1,,0,274,E0,P208,MP9,,,,,,,1 (D),,,CV9 CV10 CV36,S2 S14,
3515,,"ADSORBED GAS,TOXIC, OXIDIZING, N.O.S.",,"吸附气体,毒性,氧化性,未另作规定的",,9TO,2,2.3+5.1,,0,274,E0,P208,MP9,,,,,,,1 (D),,,CV9 CV10 CV36,S14,
3516,,"ADSORBED GAS,TOXIC, CORROSIVE, N.O.S.",,"吸附气体,毒性,腐蚀性,未另作规定的",,9TC,2,2.3+8,,0,274,E0,P208,MP9,,,,,,,1 (D),,,CV9 CV10 CV36,S14,
3517,,"ADSORBED GAS,TOXIC, FLAMMABLE, CORROSIVE, N.O.S.",,"吸附气体,毒性易燃,腐蚀性,未另作规定的",,9TFC,2,2.3+2.1+8,,0,274,E0,P208,MP9,,,,,,,1 (D),,,CV9 CV10 CV36,S2 S14,
3518,,"ADSORBED GAS,TOXIC, OXIDIZING, CORROSIVE, N.O.S.",,"吸附气体,毒性,氧化性,腐蚀性,未另作规定的",,9TOC,2,2.3+5.1+8,,0,274,E0,P208,MP9,,,,,,,1 (D),,,CV9 CV10 CV36,S14,
3519,,"BORON TRIFLUORIDE, ADSORBED",,"三氟化硼,吸附的",,9TC,2,2.3+8,,0,,E0,P208,MP9,,,,,,,1 (D),,,CV9 CV10 CV36,S14,
3520,,"CHLORINE, ADSORBED",,"氯,吸附的",,9TOC,2,2.3+5.1+8,,0,,E0,P208,MP9,,,,,,,1 (D),,,CV9 CV10 CV36,S14,
3521,,"SILICON TETRAFLUORIDE, ADSORBED",,"四氟化硅,吸附的",,9TC,2,2.3+8,,0,,E0,P208,MP9,,,,,,,1 (D),,,CV9 CV10 CV36,S14,
3522,,"ARSINE, ADSORBED",,"胂,吸附的",,9TF,2,2.3+2.1,,0,,E0,P208,MP9,,,,,,,1 (D),,,CV9 CV10 CV36,S2 S14,
3523,,"GERMANE, ADSORBED",,"锗烷,吸附的",,9TF,2,2.3+2.1,,0,,E0,P208,MP9,,,,,,,1 (D),,,CV9 CV10 CV36,S2 S14,
3524,,"PHOSPHORUSP-ENTA FLUORIDE, ADSORBED",,"五氟化磷,吸附的",,9TC,2,2.3+8,,0,,E0,P208,MP9,,,,,,,1 (D),,,CV9 CV10 CV36,S14,
3525,,"PHOSPHINE, ADSORBED",,"磷化氢,吸附的",,9TF,2,2.3+2.1,,0,,E0,P208,MP9,,,,,,,1 (D),,,CV9 CV10 CV36,S2 S14,
3526,,"HYDRO GENSELENIDE, ADSORBED",,"硒化氢,吸附的",,9TF,2,2.3+2.1,,0,,E0,P208,MP9,,,,,,,1 (D),,,CV9 CV10 CV36,S2 S14,
