unno,var,nameRID,ClassRID,CCodeRID,pgRID,LabRID,spRID,lqRID,eqRID,piRID,ppRID,MixRID,tiRID,tpRID,trRID,sptRID,catRID,sppRID,spbRID,splRID,colisRID,hinRID,qdt
0004,a,AMMONIUM PICRATE,1,1.1D,,1+13,,0,E0,P112(a),PP26,MP20,,,,,1,W2 W3,,CW1,,1.1D,"dry or wetted with less than 10% water, by mass"
0004,b,AMMONIUM PICRATE,1,1.1D,,1+13,,0,E0,P112(b),PP26,MP20,,,,,1,W2 W3,,CW1,,1.1D,"dry or wetted with less than 10% water, by mass"
0004,c,AMMONIUM PICRATE,1,1.1D,,1+13,,0,E0,P112(c),PP26,MP20,,,,,1,W2 W3,,CW1,,1.1D,"dry or wetted with less than 10% water, by mass"
0005,,CARTRIDGES FOR WEAPONS,1,1.1F,,1+13,,0,E0,P130 LP101,,MP23,,,,,1,W2,,CW1,,1.1F,with bursting charge
0006,,CARTRIDGES FOR WEAPONS,1,1.1E,,1+13,,0,E0,P130 LP101,PP67 L1,MP21,,,,,1,W2,,CW1,,1.1E,with bursting charge
0007,,CARTRIDGES FOR WEAPONS,1,1.2F,,1+13,,0,E0,P130 LP101,,MP23,,,,,1,W2,,CW1,,1.2F,with bursting charge
0009,,"AMMUNITION, INCENDIARY",1,1.2G,,1,,0,E0,P130 LP101,PP67 L1,MP23,,,,,1,W2,,CW1,,1.2G,"with or without burster, expelling charge or propelling charge"
0010,,"AMMUNITION, INCENDIARY",1,1.3G,,1,,0,E0,P130 LP101,PP67 L1,MP23,,,,,1,W2,,CW1,,1.3G,"with or without burster, expelling charge or propelling charge"
0012,a,"CARTRIDGES FOR WEAPONS, INERT PROJECTILE",1,1.4S,,1.4,364,5 kg,E0,P130 LP101,,MP23 MP24,,,,,4,W2,,CW1,CE1,1.4S,
0012,b,"CARTRIDGES, SMALL ARMS",1,1.4S,,1.4,364,5 kg,E0,P130 LP101,,MP23 MP24,,,,,4,W2,,CW1,CE1,1.4S,
0014,a,"CARTRIDGES FOR WEAPONS, BLANK",1,1.4S,,1.4,364,5 kg,E0,P130 LP101,,MP23 MP24,,,,,4,W2,,CW1,CE1,1.4S,
0014,b,"CARTRIDGES, SMALL ARMS, BLANK",1,1.4S,,1.4,364,5 kg,E0,P130 LP101,,MP23 MP24,,,,,4,W2,,CW1,CE1,1.4S,
0014,c,"CARTRIDGES FOR TOOLS, BLANK",1,1.4S,,1.4,364,5 kg,E0,P130 LP101,,MP23 MP24,,,,,4,W2,,CW1,CE1,1.4S,
0015,a,"AMMUNITION, SMOKE",1,1.2G,,1+8,,0,E0,P130 LP101,PP67 L1,MP23,,,,,1,W2,,CW1,,1.2G,"with or without burster, expelling charge or propelling charge, containing corrosive substances"
0015,b,"AMMUNITION, SMOKE",1,1.2G,,1+6.1,,0,E0,P130 LP101,PP67 L1,MP23,,,,,1,W2,,CW1 CW28,,1.2G,"with or without burster, expelling charge or propelling charge, containing toxic by inhalation substances"
0015,c,"AMMUNITION, SMOKE",1,1.2G,,1,,0,E0,P130 LP101,PP67 L1,MP23,,,,,1,W2,,CW1,,1.2G,"with or without burster, expelling charge or propelling charge"
0016,a,"AMMUNITION, SMOKE",1,1.3G,,1+8,,0,E0,P130 LP101,PP67 L1,MP23,,,,,1,W2,,CW1,,1.3G,"with or without burster, expelling charge or propelling charge, containing corrosive substances"
0016,b,"AMMUNITION, SMOKE",1,1.3G,,1+6.1,,0,E0,P130 LP101,PP67 L1,MP23,,,,,1,W2,,CW1 CW28,,1.3G,"with or without burster, expelling charge or propelling charge, containing toxic by inhalation substances"
0016,c,"AMMUNITION, SMOKE",1,1.3G,,1,,0,E0,P130 LP101,PP67 L1,MP23,,,,,1,W2,,CW1,,1.3G,"with or without burster, expelling charge or propelling charge"
0018,,"AMMUNITION, TEAR-PRODUCING",1,1.2G,,1+6.1+8,,0,E0,P130 LP101,PP67 L1,MP23,,,,,1,W2,,CW1 CW28,,1.2G,"with burster, expelling charge or propelling charge"
0019,,"AMMUNITION, TEAR-PRODUCING",1,1.3G,,1+6.1+8,,0,E0,P130 LP101,PP67 L1,MP23,,,,,1,W2,,CW1 CW28,,1.3G,"with burster, expelling charge or propelling charge"
0020,,"AMMUNITION, TOXIC",1,1.2K,,,,,,,,,,,CARRIAGE PROHIBITED,,,,,,,,"with burster, expelling charge or propelling charge"
0021,,"AMMUNITION, TOXIC",1,1.3K,,,,,,,,,,,CARRIAGE PROHIBITED,,,,,,,,"with burster, expelling charge or propelling charge"
0027,a,BLACK POWDER,1,1.1D,,1+13,,0,E0,P113,PP50,MP20 MP24,,,,,1,W2 W3,,CW1,,1.1D,"granular, or as a meal"
0027,b,GUNPOWDER,1,1.1D,,1+13,,0,E0,P113,PP50,MP20 MP24,,,,,1,W2 W3,,CW1,,1.1D,"granular, or as a meal"
0028,a,"BLACK POWDER, COMPRESSED",1,1.1D,,1+13,,0,E0,P113,PP51,MP20 MP24,,,,,1,W2,,CW1,,1.1D,
0028,b,BLACK POWDER IN PELLETS,1,1.1D,,1+13,,0,E0,P113,PP51,MP20 MP24,,,,,1,W2,,CW1,,1.1D,
0028,c,"GUNPOWDER, COMPRESSED",1,1.1D,,1+13,,0,E0,P113,PP51,MP20 MP24,,,,,1,W2,,CW1,,1.1D,
0028,d,GUNPOWDER IN PELLETS,1,1.1D,,1+13,,0,E0,P113,PP51,MP20 MP24,,,,,1,W2,,CW1,,1.1D,
0029,,"DETONATORS, NON-ELECTRIC",1,1.1B,,1+13,,0,E0,P131,PP68,MP23,,,,,1,W2,,CW1,,1.1B,for blasting
0030,,"DETONATORS, ELECTRIC",1,1.1B,,1+13,,0,E0,P131,,MP23,,,,,1,W2,,CW1,,1.1B,for blasting
0033,,BOMBS,1,1.1F,,1+13,,0,E0,P130 LP101,,MP23,,,,,1,W2,,CW1,,1.1F,with bursting charge
0034,,BOMBS,1,1.1D,,1+13,,0,E0,P130 LP101,PP67 L1,MP21,,,,,1,W2,,CW1,,1.1D,with bursting charge
0035,,BOMBS,1,1.2D,,1,,0,E0,P130 LP101,PP67 L1,MP21,,,,,1,W2,,CW1,,1.2D,with bursting charge
0037,,"BOMBS, PHOTO-FLASH",1,1.1F,,1+13,,0,E0,P130 LP101,,MP23,,,,,1,W2,,CW1,,1.1F,
0038,,"BOMBS, PHOTO-FLASH",1,1.1D,,1+13,,0,E0,P130 LP101,PP67 L1,MP21,,,,,1,W2,,CW1,,1.1D,
0039,,"BOMBS, PHOTO-FLASH",1,1.2G,,1,,0,E0,P130 LP101,PP67 L1,MP23,,,,,1,W2,,CW1,,1.2G,
0042,a,BOOSTERS,1,1.1D,,1+13,,0,E0,P132a P132b,,MP21,,,,,1,W2,,CW1,,1.1D,without detonator
0042,b,BOOSTERS,1,1.1D,,1+13,,0,E0,P132a P132b,,MP21,,,,,1,W2,,CW1,,1.1D,without detonator
0043,,BURSTERS,1,1.1D,,1+13,,0,E0,P133,PP69,MP21,,,,,1,W2,,CW1,,1.1D,explosive
0044,,"PRIMERS, CAP TYPE",1,1.4S,,1.4,,0,E0,P133,,MP23 MP24,,,,,4,W2,,CW1,CE1,1.4S,
0048,,"CHARGES, DEMOLITION",1,1.1D,,1+13,,0,E0,P130 LP101,PP67 L1,MP21,,,,,1,W2,,CW1,,1.1D,
0049,,"CARTRIDGES, FLASH",1,1.1G,,1+13,,0,E0,P135,,MP23,,,,,1,W2,,CW1,,1.1G,
0050,,"CARTRIDGES, FLASH",1,1.3G,,1,,0,E0,P135,,MP23,,,,,1,W2,,CW1,,1.3G,
0054,,"CARTRIDGES, SIGNAL",1,1.3G,,1,,0,E0,P135,,MP23 MP24,,,,,1,W2,,CW1,,1.3G,
0055,,"CASES, CARTRIDGE, EMPTY, WITH PRIMER",1,1.4S,,1.4,364,5 kg,E0,P136,,MP23,,,,,4,W2,,CW1,CE1,1.4S,
0056,,"CHARGES, DEPTH",1,1.1D,,1+13,,0,E0,P130 LP101,PP67 L1,MP21,,,,,1,W2,,CW1,,1.1D,
0059,,"CHARGES, SHAPED",1,1.1D,,1+13,,0,E0,P137,PP70,MP21,,,,,1,W2,,CW1,,1.1D,without detonator
0060,a,"CHARGES, SUPPLEMENTARY, EXPLOSIVE",1,1.1D,,1+13,,0,E0,P132a P132b,,MP21,,,,,1,W2,,CW1,,1.1D,
0060,b,"CHARGES, SUPPLEMENTARY, EXPLOSIVE",1,1.1D,,1+13,,0,E0,P132a P132b,,MP21,,,,,1,W2,,CW1,,1.1D,
0065,,"CORD, DETONATING",1,1.1D,,1+13,,0,E0,P139,PP71 PP72,MP21,,,,,1,W2,,CW1,,1.1D,flexible
0066,,"CORD, IGNITER",1,1.4G,,1.4,,0,E0,P140,,MP23,,,,,2,W2,,CW1,CE1,1.4G,
0070,,"CUTTERS, CABLE, EXPLOSIVE",1,1.4S,,1.4,,0,E0,P134 LP102,,MP23,,,,,4,W2,,CW1,CE1,1.4S,
0072,a,"CYCLOTRIMETHYLENETRINITRAMINE, WETTED",1,1.1D,,1+15,266,0,E0,P112(a),PP45,MP20,,,,,1,W2,,CW1,,1.1D,"with not less than 15% water, by mass"
0072,b,"CYCLONITE, WETTED",1,1.1D,,1+15,266,0,E0,P112(a),PP45,MP20,,,,,1,W2,,CW1,,1.1D,"with not less than 15% water, by mass"
0072,c,"RDX, WETTED",1,1.1D,,1+15,266,0,E0,P112(a),PP45,MP20,,,,,1,W2,,CW1,,1.1D,"with not less than 15% water, by mass"
0072,d,"HEXOGEN, WETTED",1,1.1D,,1+15,266,0,E0,P112(a),PP45,MP20,,,,,1,W2,,CW1,,1.1D,"with not less than 15% water, by mass"
0073,,DETONATORS FOR AMMUNITION,1,1.1B,,1+13,,0,E0,P133,,MP23,,,,,1,W2,,CW1,,1.1B,
0074,,"DIAZODINITROPHENOL, WETTED",1,1.1A,,,,,,,,,,,CARRIAGE PROHIBITED,,,,,,,,"with not less than 40% water or mixture of alcohol and water, by mass"
0075,,"DIETHYLENEGLYCOL DINITRATE, DESENSITIZED",1,1.1D,,1+15,266,0,E0,P115,PP53 PP54 PP57 PP58,MP20,,,,,1,W2,,CW1,,1.1D,"with not less than 25% non-volatile water-insoluble phlegmatizer, by mass"
0076,a,DINITROPHENOL,1,1.1D,,1+6.1+13,,0,E0,P112(a),PP26,MP20,,,,,1,W2 W3,,CW1 CW28,,1.1D,"dry or wetted with less than 15% water, by mass"
0076,b,DINITROPHENOL,1,1.1D,,1+6.1+13,,0,E0,P112(b),PP26,MP20,,,,,1,W2 W3,,CW1 CW28,,1.1D,"dry or wetted with less than 15% water, by mass"
0076,c,DINITROPHENOL,1,1.1D,,1+6.1+13,,0,E0,P112(c),PP26,MP20,,,,,1,W2 W3,,CW1 CW28,,1.1D,"dry or wetted with less than 15% water, by mass"
0077,a,DINITROPHENOLATES,1,1.3C,,1+6.1+13,,0,E0,P114(a),PP26,MP20,,,,,1,W2 W3,,CW1 CW28,,1.3C,"alkali metals, dry or wetted with less than 15% water, by mass"
0077,b,DINITROPHENOLATES,1,1.3C,,1+6.1+13,,0,E0,P114(b),PP26,MP20,,,,,1,W2 W3,,CW1 CW28,,1.3C,"alkali metals, dry or wetted with less than 15% water, by mass"
0078,a,DINITRORESORCINOL,1,1.1D,,1+13,,0,E0,P112(a),PP26,MP20,,,,,1,W2 W3,,CW1,,1.1D,"dry or wetted with less than 15% water, by mass"
0078,b,DINITRORESORCINOL,1,1.1D,,1+13,,0,E0,P112(b),PP26,MP20,,,,,1,W2 W3,,CW1,,1.1D,"dry or wetted with less than 15% water, by mass"
0078,c,DINITRORESORCINOL,1,1.1D,,1+13,,0,E0,P112(c),PP26,MP20,,,,,1,W2 W3,,CW1,,1.1D,"dry or wetted with less than 15% water, by mass"
0079,a,HEXANITRODIPHENYLAMINE,1,1.1D,,1+13,,0,E0,P112(b),,MP20,,,,,1,W2 W3,,CW1,,1.1D,
0079,b,HEXANITRODIPHENYLAMINE,1,1.1D,,1+13,,0,E0,P112(c),,MP20,,,,,1,W2 W3,,CW1,,1.1D,
0079,c,DIPICRYLAMINE,1,1.1D,,1+13,,0,E0,P112(b),,MP20,,,,,1,W2 W3,,CW1,,1.1D,
0079,d,DIPICRYLAMINE,1,1.1D,,1+13,,0,E0,P112(c),,MP20,,,,,1,W2 W3,,CW1,,1.1D,
0079,e,HEXYL,1,1.1D,,1+13,,0,E0,P112(b),,MP20,,,,,1,W2 W3,,CW1,,1.1D,
0079,f,HEXYL,1,1.1D,,1+13,,0,E0,P112(c),,MP20,,,,,1,W2 W3,,CW1,,1.1D,
0081,a,"EXPLOSIVE, BLASTING, TYPE A",1,1.1D,,1+13,616 617,0,E0,P116,PP63 PP66,MP20,,,,,1,W2 W3,,CW1,,1.1D,
0081,b,"EXPLOSIVE, BLASTING, TYPE A",1,1.1D,,1+13,616 617,0,E0,P116,PP63 PP66,MP20,,,,,1,W2 W3,,CW1,,1.1D,
0082,a,"EXPLOSIVE, BLASTING, TYPE B",1,1.1D,,1+13,617,0,E0,P116 IBC100,PP61 PP62 B9,MP20,,,,,1,W2 W3 W12,,CW1,,1.1D,
0082,b,"EXPLOSIVE, BLASTING, TYPE B",1,1.1D,,1+13,617,0,E0,P116 IBC100,PP61 PP62 B9,MP20,,,,,1,W2 W3 W12,,CW1,,1.1D,
0083,,"EXPLOSIVE, BLASTING, TYPE C",1,1.1D,,1+15,267 617,0,E0,P116,,MP20,,,,,1,W2 W3,,CW1,,1.1D,
0084,,"EXPLOSIVE, BLASTING, TYPE D",1,1.1D,,1+13,617,0,E0,P116,,MP20,,,,,1,W2,,CW1,,1.1D,
0092,,"FLARES, SURFACE",1,1.3G,,1,,0,E0,P135,,MP23,,,,,1,W2,,CW1,,1.3G,
0093,,"FLARES, AERIAL",1,1.3G,,1,,0,E0,P135,,MP23,,,,,1,W2,,CW1,,1.3G,
0094,,FLASH POWDER,1,1.1G,,1+13,,0,E0,P113,PP49,MP20,,,,,1,W2 W3,,CW1,,1.1G,
0099,,"FRACTURING DEVICES, EXPLOSIVE",1,1.1D,,1+13,,0,E0,P134 LP102,,MP21,,,,,1,W2,,CW1,,1.1D,"without detonator, for oil wells"
0101,,"FUSE, NON-DETONATING",1,1.3G,,1,,0,E0,P140,PP74 PP75,MP23,,,,,1,W2,,CW1,,1.3G,
0102,a,"CORD, DETONATING",1,1.2D,,1,,0,E0,P139,PP71,MP21,,,,,1,W2,,CW1,,1.2D,metal clad
0102,b,"FUSE, DETONATING",1,1.2D,,1,,0,E0,P139,PP71,MP21,,,,,1,W2,,CW1,,1.2D,metal clad
0103,,"FUSE, IGNITER",1,1.4G,,1.4,,0,E0,P140,,MP23,,,,,2,W2,,CW1,,1.4G,"tubular, metal-clad"
0104,a,"CORD, DETONATING, MILD EFFECT",1,1.4D,,1.4,,0,E0,P139,PP71,MP21,,,,,2,W2,,CW1,,1.4D,metal clad
0104,b,"FUSE, DETONATING, MILD EFFECT",1,1.4D,,1.4,,0,E0,P139,PP71,MP21,,,,,2,W2,,CW1,,1.4D,metal clad
0105,,"FUSE, SAFETY",1,1.4S,,1.4,,0,E0,P140,PP73,MP23,,,,,4,W2,,CW1,CE1,1.4S,
0106,,"FUZES, DETONATING",1,1.1B,,1+13,,0,E0,P141,,MP23,,,,,1,W2,,CW1,,1.1B,
0107,,"FUZES, DETONATING",1,1.2B,,1+13,,0,E0,P141,,MP23,,,,,1,W2,,CW1,,1.2B,
0110,,"GRENADES, PRACTICE",1,1.4S,,1.4,,0,E0,P141,,MP23,,,,,4,W2,,CW1,CE1,1.4S,hand or rifle
0113,,"GUANYL NITROSAMINOGUANYLIDENE HYDRAZINE, WETTED",1,1.1A,,,,,,,,,,,CARRIAGE PROHIBITED,,,,,,,,"with not less than 30% water, by mass"
0114,a,"GUANYL NITROSAMINOGUANYLTETRAZENE, WETTED",1,1.1A,,,,,,,,,,,CARRIAGE PROHIBITED,,,,,,,,"with not less than 30% water, or mixture of alcohol and water, by mass"
0114,b,"TETRAZENE, WETTED",1,1.1A,,,,,,,,,,,CARRIAGE PROHIBITED,,,,,,,,"with not less than 30% water, or mixture of alcohol and water, by mass"
0118,a,HEXOLITE,1,1.1D,,1+13,,0,E0,P112(a),,MP20,,,,,1,W2 W3,,CW1,,1.1D,"dry or wetted with less than 15% water, by mass"
0118,b,HEXOLITE,1,1.1D,,1+13,,0,E0,P112(b),,MP20,,,,,1,W2 W3,,CW1,,1.1D,"dry or wetted with less than 15% water, by mass"
0118,c,HEXOLITE,1,1.1D,,1+13,,0,E0,P112(c),,MP20,,,,,1,W2 W3,,CW1,,1.1D,"dry or wetted with less than 15% water, by mass"
0118,d,HEXOTOL,1,1.1D,,1+13,,0,E0,P112(a),,MP20,,,,,1,W2 W3,,CW1,,1.1D,"dry or wetted with less than 15% water, by mass"
0118,e,HEXOTOL,1,1.1D,,1+13,,0,E0,P112(b),,MP20,,,,,1,W2 W3,,CW1,,1.1D,"dry or wetted with less than 15% water, by mass"
0118,f,HEXOTOL,1,1.1D,,1+13,,0,E0,P112(c),,MP20,,,,,1,W2 W3,,CW1,,1.1D,"dry or wetted with less than 15% water, by mass"
0121,,IGNITERS,1,1.1G,,1+13,,0,E0,P142,,MP23,,,,,1,W2,,CW1,,1.1G,
0124,,"JET PERFORATING GUNS, CHARGED",1,1.1D,,1+13,,0,E0,P101,,MP21,,,,,1,W2,,CW1,,1.1D,"oil well, without detonator"
0129,,"LEAD AZIDE, WETTED",1,1.1A,,,,,,,,,,,CARRIAGE PROHIBITED,,,,,,,,"with not less than 20% water, or mixture of alcohol and water, by mass"
0130,a,"LEAD STYPHNATE, WETTED",1,1.1A,,,,,,,,,,,CARRIAGE PROHIBITED,,,,,,,,"with not less than 20% water, or mixture of alcohol and water, by mass"
0130,b,"LEAD TRINITRORESORCINATE, WETTED",1,1.1A,,,,,,,,,,,CARRIAGE PROHIBITED,,,,,,,,"with not less than 20% water, or mixture of alcohol and water, by mass"
0131,,"LIGHTERS, FUSE",1,1.4S,,1.4,,0,E0,P142,,MP23,,,,,4,W2,,CW1,CE1,1.4S,
0132,,"DEFLAGRATING METAL SALTS OF AROMATIC NITRODERIVATIVES, N.O.S.",1,1.3C,,1+13,274,0,E0,P114(a) or (b),PP26,MP2,,,,,1,W2 W3,,CW1,,1.3C,
0133,a,"MANNITOL HEXANITRATE, WETTED",1,1.1D,,1+15,266,0,E0,P112(a),,MP20,,,,,1,W2,,CW1,,1.1D,"with not less than 40% water, or mixture of alcohol and water, by mass"
0133,b,"NITROMANNITE, WETTED",1,1.1D,,1+15,266,0,E0,P112(a),,MP20,,,,,1,W2,,CW1,,1.1D,"with not less than 40% water, or mixture of alcohol and water, by mass"
0135,,"MERCURY FULMINATE, WETTED",1,1.1A,,,,,,,,,,,CARRIAGE PROHIBITED,,,,,,,,"with not less than 20% water, or mixture of alcohol and water, by mass"
0136,,MINES,1,1.1F,,1+13,,0,E0,P130 LP101,,MP23,,,,,1,W2,,CW1,,1.1F,with bursting charge
0137,,MINES,1,1.1D,,1+13,,0,E0,P130 LP101,PP67 L1,MP21,,,,,1,W2,,CW1,,1.1D,with bursting charge
0138,,MINES,1,1.2D,,1,,0,E0,P130 LP101,PP67 L1,MP21,,,,,1,W2,,CW1,,1.2D,with bursting charge
0143,a,"NITROGLYCERIN, DESENSITIZED",1,1.1D,,1+6.1+15,266 271,0,E0,P115,PP53 PP54 PP57 PP58,MP20,,,,,1,W2,,CW1 CW28,,1.1D,"with not less than 40% non-volatile water-insoluble phlegmatizer, by mass"
0143,b,"NITROGLYCERIN, DESENSITIZED",1,1.1D,,1+6.1+15,266 271,0,E0,P115,PP53 PP54 PP57 PP58,MP20,,,,,1,W2,,CW1 CW28,,1.1D,"with not less than 40% non-volatile water-insoluble phlegmatizer, by mass"
0144,,NITROGLYCERIN SOLUTION IN ALCOHOL,1,1.1D,,1+13,358,0,E0,P115,PP45 PP55 PP56 PP59 PP60,MP20,,,,,1,W2,,CW1,,1.1D,with more than 1% but not more than 10% nitroglycerin
0146,a,NITROSTARCH,1,1.1D,,1+15,,0,E0,P112(a),,MP20,,,,,1,W2 W3,,CW1,,1.1D,"dry or wetted, with less than 20% water, by mass"
0146,b,NITROSTARCH,1,1.1D,,1+15,,0,E0,P112(b),,MP20,,,,,1,W2 W3,,CW1,,1.1D,"dry or wetted, with less than 20% water, by mass"
0146,c,NITROSTARCH,1,1.1D,,1+15,,0,E0,P112(c),,MP20,,,,,1,W2 W3,,CW1,,1.1D,"dry or wetted, with less than 20% water, by mass"
0147,,NITRO UREA,1,1.1D,,1+13,,0,E0,P112(b),,MP20,,,,,1,W2 W3,,CW1,,1.1D,
0150,a,"PENTAERYTHRITE TETRANITRATE, WETTED",1,1.1D,,1+15,266,0,E0,P112(a),,MP20,,,,,1,W2 W3,,CW1,,1.1D,"with not less than 25% water, by mass"
0150,b,"PENTAERYTHRITOL TETRANITRATE, WETTED",1,1.1D,,1+15,266,0,E0,P112(a),,MP20,,,,,1,W2 W3,,CW1,,1.1D,"with not less than 25% water, by mass"
0150,c,"PETN, WETTED",1,1.1D,,1+15,266,0,E0,P112(a),,MP20,,,,,1,W2 W3,,CW1,,1.1D,"with not less than 25% water, by mass"
0150,d,"PENTAERYTHRITE TETRANITRATE, DESENSITIZED",1,1.1D,,1+15,266,0,E0,P112(b),,MP20,,,,,1,W2 W3,,CW1,,1.1D,"with not less than 15% phlegmatizer, by mass"
0150,e,"PENTAERYTHRITOL TETRANITRATE, DESENSITIZED",1,1.1D,,1+15,266,0,E0,P112(b),,MP20,,,,,1,W2 W3,,CW1,,1.1D,"with not less than 15% phlegmatizer, by mass"
0150,f,"PETN, DESENSITIZED",1,1.1D,,1+15,266,0,E0,P112(b),,MP20,,,,,1,W2 W3,,CW1,,1.1D,"with not less than 15% phlegmatizer, by mass"
0151,a,PENTOLITE,1,1.1D,,1+13,,0,E0,P112(a),,MP20,,,,,1,W2 W3,,CW1,,1.1D,"dry or wetted with less than 15% water, by mass"
0151,b,PENTOLITE,1,1.1D,,1+13,,0,E0,P112(b),,MP20,,,,,1,W2 W3,,CW1,,1.1D,"dry or wetted with less than 15% water, by mass"
0151,c,PENTOLITE,1,1.1D,,1+13,,0,E0,P112(c),,MP20,,,,,1,W2 W3,,CW1,,1.1D,"dry or wetted with less than 15% water, by mass"
0153,a,TRINITROANILINE,1,1.1D,,1+13,,0,E0,P112(b),,MP20,,,,,1,W2 W3,,CW1,,1.1D,
0153,b,TRINITROANILINE,1,1.1D,,1+13,,0,E0,P112(c),,MP20,,,,,1,W2 W3,,CW1,,1.1D,
0153,c,PICRAMIDE,1,1.1D,,1+13,,0,E0,P112(b),,MP20,,,,,1,W2 W3,,CW1,,1.1D,
0153,d,PICRAMIDE,1,1.1D,,1+13,,0,E0,P112(c),,MP20,,,,,1,W2 W3,,CW1,,1.1D,
0154,a,TRINITROPHENOL,1,1.1D,,1+13,,0,E0,P112(a),PP26,MP20,,,,,1,W2 W3,,CW1,,1.1D,"dry or wetted with less than 30% water, by mass"
0154,b,TRINITROPHENOL,1,1.1D,,1+13,,0,E0,P112(b),PP26,MP20,,,,,1,W2 W3,,CW1,,1.1D,"dry or wetted with less than 30% water, by mass"
0154,c,TRINITROPHENOL,1,1.1D,,1+13,,0,E0,P112(c),PP26,MP20,,,,,1,W2 W3,,CW1,,1.1D,"dry or wetted with less than 30% water, by mass"
0154,d,PICRIC ACID,1,1.1D,,1+13,,0,E0,P112(a),PP26,MP20,,,,,1,W2 W3,,CW1,,1.1D,"dry or wetted with less than 30% water, by mass"
0154,e,PICRIC ACID,1,1.1D,,1+13,,0,E0,P112(b),PP26,MP20,,,,,1,W2 W3,,CW1,,1.1D,"dry or wetted with less than 30% water, by mass"
0154,f,PICRIC ACID,1,1.1D,,1+13,,0,E0,P112(c),PP26,MP20,,,,,1,W2 W3,,CW1,,1.1D,"dry or wetted with less than 30% water, by mass"
0155,a,TRINITROCHLOROBENZENE,1,1.1D,,1+13,,0,E0,P112(b),,MP20,,,,,1,W2 W3,,CW1,,1.1D,
0155,b,TRINITROCHLOROBENZENE,1,1.1D,,1+13,,0,E0,P112(c),,MP20,,,,,1,W2 W3,,CW1,,1.1D,
0155,c,PICRYL CHLORIDE,1,1.1D,,1+13,,0,E0,P112(b),,MP20,,,,,1,W2 W3,,CW1,,1.1D,
0155,d,PICRYL CHLORIDE,1,1.1D,,1+13,,0,E0,P112(c),,MP20,,,,,1,W2 W3,,CW1,,1.1D,
0159,a,"POWDER CAKE, WETTED",1,1.3C,,1+13,266,0,E0,P111,PP43,MP20,,,,,1,W2,,CW1,,1.3C,"with not less than 25% water, by mass"
0159,b,"POWDER PASTE, WETTED",1,1.3C,,1+13,266,0,E0,P111,PP43,MP20,,,,,1,W2,,CW1,,1.3C,"with not less than 25% water, by mass"
0160,,"POWDER, SMOKELESS",1,1.1C,,1+15,,0,E0,P114(b),PP50 PP52,MP20 MP24,,,,,1,W2 W3,,CW1,,1.1C,
0161,,"POWDER, SMOKELESS",1,1.3C,,1+13,,0,E0,P114(b),PP50 PP52,MP20 MP24,,,,,1,W2 W3,,CW1,,1.3C,
0167,,PROJECTILES,1,1.1F,,1+13,,0,E0,P130 LP101,,MP23,,,,,1,W2,,CW1,,1.1F,with bursting charge
0168,,PROJECTILES,1,1.1D,,1+13,,0,E0,P130 LP101,PP67 L1,MP21,,,,,1,W2,,CW1,,1.1D,with bursting charge
0169,,PROJECTILES,1,1.2D,,1,,0,E0,P130 LP101,PP67 L1,MP21,,,,,1,W2,,CW1,,1.2D,with bursting charge
0171,,"AMMUNITION, ILLUMINATING",1,1.2G,,1,,0,E0,P130 LP101,PP67 L1,MP23,,,,,1,W2,,CW1,,1.2G,"with or without burster, expelling charge or propelling charge"
0173,,"RELEASE DEVICES, EXPLOSIVE",1,1.4S,,1.4,,0,E0,P134 LP102,,MP23,,,,,4,W2,,CW1,CE1,1.4S,
0174,,"RIVETS, EXPLOSIVE",1,1.4S,,1.4,,0,E0,P134 LP102,,MP23,,,,,4,W2,,CW1,CE1,1.4S,
0180,,ROCKETS,1,1.1F,,1+13,,0,E0,P130 LP101,,MP23,,,,,1,W2,,CW1,,1.1F,with bursting charge
0181,,ROCKETS,1,1.1E,,1+13,,0,E0,P130 LP101,PP67 L1,MP21,,,,,1,W2,,CW1,,1.1E,with bursting charge
0182,,ROCKETS,1,1.2E,,1,,0,E0,P130 LP101,PP67 L1,MP21,,,,,1,W2,,CW1,,1.2E,with bursting charge
0183,,ROCKETS,1,1.3C,,1,,0,E0,P130 LP101,PP67 L1,MP22,,,,,1,W2,,CW1,,1.3C,with inert head
0186,,ROCKET MOTORS,1,1.3C,,1,,0,E0,P130 LP101,PP67 L1,MP22 MP24,,,,,1,W2,,CW1,,1.3C,
0190,a,"SAMPLES, EXPLOSIVE",1,,,,16 274,0,E0,P101,,MP2,,,,,0,W2,,CW1,,,other than initiating explosive
0190,b,"SAMPLES, EXPLOSIVE",1,,,,16 274,0,E0,P101,,MP2,,,,,0,W2,,CW1,,,other than initiating explosive
0190,c,"SAMPLES, EXPLOSIVE",1,,,,16 274,0,E0,P101,,MP2,,,,,0,W2,,CW1,,,other than initiating explosive
0190,d,"SAMPLES, EXPLOSIVE",1,,,,16 274,0,E0,P101,,MP2,,,,,0,W2,,CW1,,,other than initiating explosive
0190,e,"SAMPLES, EXPLOSIVE",1,,,,16 274,0,E0,P101,,MP2,,,,,0,W2,,CW1,,,other than initiating explosive
0190,f,"SAMPLES, EXPLOSIVE",1,,,,16 274,0,E0,P101,,MP2,,,,,0,W2,,CW1,,,other than initiating explosive
0190,g,"SAMPLES, EXPLOSIVE",1,,,,16 274,0,E0,P101,,MP2,,,,,0,W2,,CW1,,,other than initiating explosive
0190,h,"SAMPLES, EXPLOSIVE",1,,,,16 274,0,E0,P101,,MP2,,,,,0,W2,,CW1,,,other than initiating explosive
0190,i,"SAMPLES, EXPLOSIVE",1,,,,16 274,0,E0,P101,,MP2,,,,,0,W2,,CW1,,,other than initiating explosive
0190,j,"SAMPLES, EXPLOSIVE",1,,,,16 274,0,E0,P101,,MP2,,,,,0,W2,,CW1,,,other than initiating explosive
0190,k,"SAMPLES, EXPLOSIVE",1,,,,16 274,0,E0,P101,,MP2,,,,,0,W2,,CW1,,,other than initiating explosive
0190,l,"SAMPLES, EXPLOSIVE",1,,,,16 274,0,E0,P101,,MP2,,,,,0,W2,,CW1,,,other than initiating explosive
0190,m,"SAMPLES, EXPLOSIVE",1,,,,16 274,0,E0,P101,,MP2,,,,,0,W2,,CW1,,,other than initiating explosive
0190,n,"SAMPLES, EXPLOSIVE",1,,,,16 274,0,E0,P101,,MP2,,,,,0,W2,,CW1,,,other than initiating explosive
0190,o,"SAMPLES, EXPLOSIVE",1,,,,16 274,0,E0,P101,,MP2,,,,,0,W2,,CW1,,,other than initiating explosive
0190,p,"SAMPLES, EXPLOSIVE",1,,,,16 274,0,E0,P101,,MP2,,,,,0,W2,,CW1,,,other than initiating explosive
0190,q,"SAMPLES, EXPLOSIVE",1,,,,16 274,0,E0,P101,,MP2,,,,,0,W2,,CW1,,,other than initiating explosive
0190,r,"SAMPLES, EXPLOSIVE",1,,,,16 274,0,E0,P101,,MP2,,,,,0,W2,,CW1,,,other than initiating explosive
0190,s,"SAMPLES, EXPLOSIVE",1,,,,16 274,0,E0,P101,,MP2,,,,,0,W2,,CW1,,,other than initiating explosive
0190,t,"SAMPLES, EXPLOSIVE",1,,,,16 274,0,E0,P101,,MP2,,,,,0,W2,,CW1,,,other than initiating explosive
0190,u,"SAMPLES, EXPLOSIVE",1,,,,16 274,0,E0,P101,,MP2,,,,,0,W2,,CW1,,,other than initiating explosive
0190,v,"SAMPLES, EXPLOSIVE",1,,,,16 274,0,E0,P101,,MP2,,,,,0,W2,,CW1,,,other than initiating explosive
0190,w,"SAMPLES, EXPLOSIVE",1,,,,16 274,0,E0,P101,,MP2,,,,,0,W2,,CW1,,,other than initiating explosive
0190,x,"SAMPLES, EXPLOSIVE",1,,,,16 274,0,E0,P101,,MP2,,,,,0,W2,,CW1,,,other than initiating explosive
0190,y,"SAMPLES, EXPLOSIVE",1,,,,16 274,0,E0,P101,,MP2,,,,,0,W2,,CW1,,,other than initiating explosive
0190,za,"SAMPLES, EXPLOSIVE",1,,,,16 274,0,E0,P101,,MP2,,,,,0,W2,,CW1,,,other than initiating explosive
0190,zb,"SAMPLES, EXPLOSIVE",1,,,,16 274,0,E0,P101,,MP2,,,,,0,W2,,CW1,,,other than initiating explosive
0190,zc,"SAMPLES, EXPLOSIVE",1,,,,16 274,0,E0,P101,,MP2,,,,,0,W2,,CW1,,,other than initiating explosive
0190,zd,"SAMPLES, EXPLOSIVE",1,,,,16 274,0,E0,P101,,MP2,,,,,0,W2,,CW1,,,other than initiating explosive
0190,ze,"SAMPLES, EXPLOSIVE",1,,,,16 274,0,E0,P101,,MP2,,,,,0,W2,,CW1,,,other than initiating explosive
0190,zf,"SAMPLES, EXPLOSIVE",1,,,,16 274,0,E0,P101,,MP2,,,,,0,W2,,CW1,,,other than initiating explosive
0190,zg,"SAMPLES, EXPLOSIVE",1,,,,16 274,0,E0,P101,,MP2,,,,,0,W2,,CW1,,,other than initiating explosive
0190,zh,"SAMPLES, EXPLOSIVE",1,,,,16 274,0,E0,P101,,MP2,,,,,0,W2,,CW1,,,other than initiating explosive
0190,zi,"SAMPLES, EXPLOSIVE",1,,,,16 274,0,E0,P101,,MP2,,,,,0,W2,,CW1,,,other than initiating explosive
0190,zj,"SAMPLES, EXPLOSIVE",1,,,,16 274,0,E0,P101,,MP2,,,,,0,W2,,CW1,,,other than initiating explosive
0191,,"SIGNAL DEVICES, HAND",1,1.4G,,1.4,,0,E0,P135,,MP23 MP24,,,,,2,W2,,CW1,,1.4G,
0192,,"SIGNALS, RAILWAY TRACK, EXPLOSIVE",1,1.1G,,1+13,,0,E0,P135,,MP23,,,,,1,W2,,CW1,,1.1G,
0193,,"SIGNALS, RAILWAY TRACK, EXPLOSIVE",1,1.4S,,1.4,,0,E0,P135,,MP23,,,,,4,W2,,CW1,CE1,1.4S,
0194,,"SIGNALS, DISTRESS",1,1.1G,,1+13,,0,E0,P135,,MP23 MP24,,,,,1,W2,,CW1,,1.1G,ship
0195,,"SIGNALS, DISTRESS",1,1.3G,,1,,0,E0,P135,,MP23 MP24,,,,,1,W2,,CW1,,1.3G,ship
0196,,"SIGNALS, SMOKE",1,1.1G,,1+13,,0,E0,P135,,MP23,,,,,1,W2,,CW1,,1.1G,
0197,,"SIGNALS, SMOKE",1,1.4G,,1.4,,0,E0,P135,,MP23 MP24,,,,,2,W2,,CW1,,1.4G,
0204,,"SOUNDING DEVICES, EXPLOSIVE",1,1.2F,,1+13,,0,E0,P134 LP102,,MP23,,,,,1,W2,,CW1,,1.2F,
0207,a,TETRANITROANILINE,1,1.1D,,1+13,,0,E0,P112(b),,MP20,,,,,1,W2 W3,,CW1,,1.1D,
0207,b,TETRANITROANILINE,1,1.1D,,1+13,,0,E0,P112(c),,MP20,,,,,1,W2 W3,,CW1,,1.1D,
0208,a,TRINITROPHENYLMETHYLNITRAMINE,1,1.1D,,1+15,,0,E0,P112(b),,MP20,,,,,1,W2 W3,,CW1,,1.1D,
0208,b,TRINITROPHENYLMETHYLNITRAMINE,1,1.1D,,1+15,,0,E0,P112(c),,MP20,,,,,1,W2 W3,,CW1,,1.1D,
0208,c,TETRYL,1,1.1D,,1+15,,0,E0,P112(b),,MP20,,,,,1,W2 W3,,CW1,,1.1D,
0208,d,TETRYL,1,1.1D,,1+15,,0,E0,P112(c),,MP20,,,,,1,W2 W3,,CW1,,1.1D,
0209,a,TRINITROTOLUENE,1,1.1D,,,,,,,,,,,(only listed with P112(b) or (c)),,,,,,,1.1D,"dry or wetted with less than 30% water, by mass"
0209,b,TRINITROTOLUENE,1,1.1D,,1+13,,0,E0,P112(b),PP46,MP20,,,,,1,W2 W3,,CW1,,1.1D,"dry or wetted with less than 30% water, by mass"
0209,c,TRINITROTOLUENE,1,1.1D,,1+13,,0,E0,P112(c),PP46,MP20,,,,,1,W2 W3,,CW1,,1.1D,"dry or wetted with less than 30% water, by mass"
0209,d,TNT,1,1.1D,,,,,,,,,,,(only listed with P112(b) or (c)),,,,,,,1.1D,"dry or wetted with less than 30% water, by mass"
0209,e,TNT,1,1.1D,,1+13,,0,E0,P112(b),PP46,MP20,,,,,1,W2 W3,,CW1,,1.1D,"dry or wetted with less than 30% water, by mass"
0209,f,TNT,1,1.1D,,1+13,,0,E0,P112(c),PP46,MP20,,,,,1,W2 W3,,CW1,,1.1D,"dry or wetted with less than 30% water, by mass"
0212,,TRACERS FOR AMMUNITION,1,1.3G,,1,,0,E0,P133,PP69,MP23,,,,,1,W2,,CW1,,1.3G,
0213,a,TRINITROANISOLE,1,1.1D,,1+13,,0,E0,P112(b),,MP20,,,,,1,W2 W3,,CW1,,1.1D,
0213,b,TRINITROANISOLE,1,1.1D,,1+13,,0,E0,P112(c),,MP20,,,,,1,W2 W3,,CW1,,1.1D,
0214,a,TRINITROBENZENE,1,1.1D,,1+13,,0,E0,P112(a),,MP20,,,,,1,W2 W3,,CW1,,1.1D,"dry or wetted with less than 30% water, by mass"
0214,b,TRINITROBENZENE,1,1.1D,,1+13,,0,E0,P112(b),,MP20,,,,,1,W2 W3,,CW1,,1.1D,"dry or wetted with less than 30% water, by mass"
0214,c,TRINITROBENZENE,1,1.1D,,1+13,,0,E0,P112(c),,MP20,,,,,1,W2 W3,,CW1,,1.1D,"dry or wetted with less than 30% water, by mass"
0215,a,TRINITROBENZOIC ACID,1,1.1D,,1+13,,0,E0,P112(a),,MP20,,,,,1,W2 W3,,CW1,,1.1D,"dry or wetted with less than 30% water, by mass"
0215,b,TRINITROBENZOIC ACID,1,1.1D,,1+13,,0,E0,P112(b),,MP20,,,,,1,W2 W3,,CW1,,1.1D,"dry or wetted with less than 30% water, by mass"
0215,c,TRINITROBENZOIC ACID,1,1.1D,,1+13,,0,E0,P112(c),,MP20,,,,,1,W2 W3,,CW1,,1.1D,"dry or wetted with less than 30% water, by mass"
0216,a,TRINITRO-m-CRESOL,1,1.1D,,1+13,,0,E0,P112(b),PP26,MP20,,,,,1,W2 W3,,CW1,,1.1D,
0216,b,TRINITRO-m-CRESOL,1,1.1D,,1+13,,0,E0,P112(c),PP26,MP20,,,,,1,W2 W3,,CW1,,1.1D,
0217,a,TRINITRONAPHTHALENE,1,1.1D,,1+13,,0,E0,P112(b),,MP20,,,,,1,W2 W3,,CW1,,1.1D,
0217,b,TRINITRONAPHTHALENE,1,1.1D,,1+13,,0,E0,P112(c),,MP20,,,,,1,W2 W3,,CW1,,1.1D,
0218,a,TRINITROPHENETOLE,1,1.1D,,1+13,,0,E0,P112(b),,MP20,,,,,1,W2 W3,,CW1,,1.1D,
0218,b,TRINITROPHENETOLE,1,1.1D,,1+13,,0,E0,P112(c),,MP20,,,,,1,W2 W3,,CW1,,1.1D,
0219,a,TRINITRORESORCINOL,1,1.1D,,1+15,,0,E0,P112(a),PP26,MP20,,,,,1,W2 W3,,CW1,,1.1D,"dry or wetted with less than 20% water, or mixture of alcohol and water, by mass"
0219,b,TRINITRORESORCINOL,1,1.1D,,1+15,,0,E0,P112(b),PP26,MP20,,,,,1,W2 W3,,CW1,,1.1D,"dry or wetted with less than 20% water, or mixture of alcohol and water, by mass"
0219,c,TRINITRORESORCINOL,1,1.1D,,1+15,,0,E0,P112(c),PP26,MP20,,,,,1,W2 W3,,CW1,,1.1D,"dry or wetted with less than 20% water, or mixture of alcohol and water, by mass"
0219,d,STYPHNIC ACID,1,1.1D,,1+15,,0,E0,P112(a),PP26,MP20,,,,,1,W2 W3,,CW1,,1.1D,"dry or wetted with less than 20% water, or mixture of alcohol and water, by mass"
0219,e,STYPHNIC ACID,1,1.1D,,1+15,,0,E0,P112(b),PP26,MP20,,,,,1,W2 W3,,CW1,,1.1D,"dry or wetted with less than 20% water, or mixture of alcohol and water, by mass"
0219,f,STYPHNIC ACID,1,1.1D,,1+15,,0,E0,P112(c),PP26,MP20,,,,,1,W2 W3,,CW1,,1.1D,"dry or wetted with less than 20% water, or mixture of alcohol and water, by mass"
0220,a,UREA NITRATE,1,1.1D,,1+13,,0,E0,P112(a),,MP20,,,,,1,W2 W3,,CW1,,1.1D,"dry or wetted with less than 20% water, by mass"
0220,b,UREA NITRATE,1,1.1D,,1+13,,0,E0,P112(b),,MP20,,,,,1,W2 W3,,CW1,,1.1D,"dry or wetted with less than 20% water, by mass"
0220,c,UREA NITRATE,1,1.1D,,1+13,,0,E0,P112(c),,MP20,,,,,1,W2 W3,,CW1,,1.1D,"dry or wetted with less than 20% water, by mass"
0221,,"WARHEADS, TORPEDO",1,1.1D,,1+13,,0,E0,P130 LP101,PP67 L1,MP21,,,,,1,W2,,CW1,,1.1D,with bursting charge
0222,a,AMMONIUM NITRATE,1,1.1D,,1+13,370,0,E0,P112(b) IBC100,PP47 B3 B17,MP20,,,,,1,W2 W3,,CW1,,1.1D,
0222,b,AMMONIUM NITRATE,1,1.1D,,1+13,370,0,E0,P112(c) IBC100,PP47 B3 B17,MP20,,,,,1,W2 W3,,CW1,,1.1D,
0224,,BARIUM AZIDE,1,1.1A,,,,,,,,,,,CARRIAGE PROHIBITED,,,,,,,,"dry or wetted with less than 50% water, by mass"
0225,,BOOSTERS WITH DETONATOR,1,1.1B,,1+13,,0,E0,P133,PP69,MP23,,,,,1,W2,,CW1,,1.1B,
0226,a,"CYCLOTETRAMETHYLENETETRANITRAMINE, WETTED",1,1.1D,,1+15,266,0,E0,P112(a),PP45,MP20,,,,,1,W2,,CW1,,1.1D,"with not less than 15% water, by mass"
0226,b,"HMX, WETTED",1,1.1D,,1+15,266,0,E0,P112(a),PP45,MP20,,,,,1,W2,,CW1,,1.1D,"with not less than 15% water, by mass"
0226,c,"OCTOGEN, WETTED",1,1.1D,,1+15,266,0,E0,P112(a),PP45,MP20,,,,,1,W2,,CW1,,1.1D,"with not less than 15% water, by mass"
0234,a,SODIUM DINITRO-o-CRESOLATE,1,1.3C,,1+13,,0,E0,P114(a),PP26,MP20,,,,,1,W2 W3,,CW1,,1.3C,"dry or wetted with less than 15% water, by mass"
0234,b,SODIUM DINITRO-o-CRESOLATE,1,1.3C,,1+13,,0,E0,P114(b),PP26,MP20,,,,,1,W2 W3,,CW1,,1.3C,"dry or wetted with less than 15% water, by mass"
0235,a,SODIUM PICRAMATE,1,1.3C,,1+13,,0,E0,P114(a),PP26,MP20,,,,,1,W2 W3,,CW1,,1.3C,"dry or wetted with less than 20% water, by mass"
0235,b,SODIUM PICRAMATE,1,1.3C,,1+13,,0,E0,P114(b),PP26,MP20,,,,,1,W2 W3,,CW1,,1.3C,"dry or wetted with less than 20% water, by mass"
0236,a,ZIRCONIUM PICRAMATE,1,1.3C,,1+13,,0,E0,P114(a),PP26,MP20,,,,,1,W2 W3,,CW1,,1.3C,"dry or wetted with less than 20% water, by mass"
0236,b,ZIRCONIUM PICRAMATE,1,1.3C,,1+13,,0,E0,P114(b),PP26,MP20,,,,,1,W2 W3,,CW1,,1.3C,"dry or wetted with less than 20% water, by mass"
0237,,"CHARGES, SHAPED, FLEXIBLE, LINEAR",1,1.4D,,1.4,,0,E0,P138,,MP21,,,,,2,W2,,CW1,,1.4D,
0238,,"ROCKETS, LINE-THROWING",1,1.2G,,1,,0,E0,P130 LP101,,MP23 MP24,,,,,1,W2,,CW1,,1.2G,
0240,,"ROCKETS, LINE-THROWING",1,1.3G,,1,,0,E0,P130 LP101,,MP23 MP24,,,,,1,W2,,CW1,,1.3G,
0241,a,"EXPLOSIVE, BLASTING, TYPE E",1,1.1D,,1+13,617,0,E0,P116 IBC100,PP61 PP62 B10,MP20,,,,,1,W2 W12,,CW1,,1.1D,
0241,b,"EXPLOSIVE, BLASTING, TYPE E",1,1.1D,,1+13,617,0,E0,P116 IBC100,PP61 PP62 B10,MP20,,,,,1,W2 W12,,CW1,,1.1D,
0242,,"CHARGES, PROPELLING, FOR CANNON",1,1.3C,,1,,0,E0,P130 LP101,,MP22,,,,,1,W2,,CW1,,1.3C,
0243,,"AMMUNITION, INCENDIARY, WHITE PHOSPHORUS",1,1.2H,,1+13,,0,E0,P130 LP101,PP67 L1,MP23,,,,,1,W2,,CW1,,1.2H,"with burster, expelling charge or propelling charge"
0244,,"AMMUNITION, INCENDIARY, WHITE PHOSPHORUS",1,1.3H,,1+13,,0,E0,P130 LP101,PP67 L1,MP23,,,,,1,W2,,CW1,,1.3H,"with burster, expelling charge or propelling charge"
0245,,"AMMUNITION, SMOKE, WHITE PHOSPHORUS",1,1.2H,,1+13,,0,E0,P130 LP101,PP67 L1,MP23,,,,,1,W2,,CW1,,1.2H,"with burster, expelling charge or propelling charge"
0246,,"AMMUNITION, SMOKE, WHITE PHOSPHORUS",1,1.3H,,1+13,,0,E0,P130 LP101,PP67 L1,MP23,,,,,1,W2,,CW1,,1.3H,"with burster, expelling charge or propelling charge"
0247,,"AMMUNITION, INCENDIARY",1,1.3J,,1+13,,0,E0,P101,,MP23,,,,,1,W2,,CW1,,1.3J,"liquid or gel, with burster, expelling charge or propelling charge"
0248,,"CONTRIVANCES, WATER-ACTIVATED",1,1.2L,,1+13,274,0,E0,P144,PP77,MP1,,,,,0,W2,,CW1 CW4,,1.2L,"with burster, expelling charge or propelling charge"
0249,,"CONTRIVANCES, WATER-ACTIVATED",1,1.3L,,1+13,274,0,E0,P144,PP77,MP1,,,,,0,W2,,CW1 CW4,,1.3L,"with burster, expelling charge or propelling charge"
0250,,ROCKET MOTORS WITH HYPERGOLIC LIQUIDS,1,1.3L,,1+13,,0,E0,P101,,MP1,,,,,0,W2,,CW1 CW4,,1.3L,with or without expelling charge
0254,,"AMMUNITION, ILLUMINATING",1,1.3G,,1,,0,E0,P130 LP101,PP67 L1,MP23,,,,,1,W2,,CW1,,1.3G,"with or without burster, expelling charge or propelling charge"
0255,,"DETONATORS, ELECTRIC",1,1.4B,,1.4,,0,E0,P131,,MP23,,,,,2,W2,,CW1,,1.4B,for blasting
0257,,"FUZES, DETONATING",1,1.4B,,1.4,,0,E0,P141,,MP23,,,,,2,W2,,CW1,,1.4B,
0266,a,OCTOLITE,1,1.1D,,1+13,,0,E0,P112(a),,MP20,,,,,1,W2 W3,,CW1,,1.1D,"dry or wetted with less than 15% water, by mass"
0266,b,OCTOLITE,1,1.1D,,1+13,,0,E0,P112(b),,MP20,,,,,1,W2 W3,,CW1,,1.1D,"dry or wetted with less than 15% water, by mass"
0266,c,OCTOLITE,1,1.1D,,1+13,,0,E0,P112(c),,MP20,,,,,1,W2 W3,,CW1,,1.1D,"dry or wetted with less than 15% water, by mass"
0266,d,OCTOL,1,1.1D,,1+13,,0,E0,P112(a),,MP20,,,,,1,W2 W3,,CW1,,1.1D,"dry or wetted with less than 15% water, by mass"
0266,e,OCTOL,1,1.1D,,1+13,,0,E0,P112(b),,MP20,,,,,1,W2 W3,,CW1,,1.1D,"dry or wetted with less than 15% water, by mass"
0266,f,OCTOL,1,1.1D,,1+13,,0,E0,P112(c),,MP20,,,,,1,W2 W3,,CW1,,1.1D,"dry or wetted with less than 15% water, by mass"
0267,,"DETONATORS, NON-ELECTRIC",1,1.4B,,1.4,,0,E0,P131,PP68,MP23,,,,,2,W2,,CW1,,1.4B,for blasting
0268,,BOOSTERS WITH DETONATOR,1,1.2B,,1+13,,0,E0,P133,PP69,MP23,,,,,1,W2,,CW1,,1.2B,
0271,,"CHARGES, PROPELLING",1,1.1C,,1+13,,0,E0,P143,PP76,MP22,,,,,1,W2,,CW1,,1.1C,
0272,,"CHARGES, PROPELLING",1,1.3C,,1,,0,E0,P143,PP76,MP22,,,,,1,W2,,CW1,,1.3C,
0275,,"CARTRIDGES, POWER DEVICE",1,1.3C,,1,,0,E0,P134 LP102,,MP22,,,,,1,W2,,CW1,,1.3C,
0276,,"CARTRIDGES, POWER DEVICE",1,1.4C,,1.4,,0,E0,P134 LP102,,MP22,,,,,2,W2,,CW1,,1.4C,
0277,,"CARTRIDGES, OIL WELL",1,1.3C,,1,,0,E0,P134 LP102,,MP22,,,,,1,W2,,CW1,,1.3C,
0278,,"CARTRIDGES, OIL WELL",1,1.4C,,1.4,,0,E0,P134 LP102,,MP22,,,,,2,W2,,CW1,,1.4C,
0279,,"CHARGES, PROPELLING, FOR CANNON",1,1.1C,,1+13,,0,E0,P130 LP101,,MP22,,,,,1,W2,,CW1,,1.1C,
0280,,ROCKET MOTORS,1,1.1C,,1+13,,0,E0,P130 LP101,PP67 L1,MP22,,,,,1,W2,,CW1,,1.1C,
0281,,ROCKET MOTORS,1,1.2C,,1,,0,E0,P130 LP101,PP67 L1,MP22,,,,,1,W2,,CW1,,1.2C,
0282,a,NITROGUANIDINE,1,1.1D,,1+13,,0,E0,P112(a),,MP20,,,,,1,W2 W3,,CW1,,1.1D,"dry or wetted with less than 20% water, by mass"
0282,b,NITROGUANIDINE,1,1.1D,,1+13,,0,E0,P112(b),,MP20,,,,,1,W2 W3,,CW1,,1.1D,"dry or wetted with less than 20% water, by mass"
0282,c,NITROGUANIDINE,1,1.1D,,1+13,,0,E0,P112(c),,MP20,,,,,1,W2 W3,,CW1,,1.1D,"dry or wetted with less than 20% water, by mass"
0282,d,PICRITE,1,1.1D,,1+13,,0,E0,P112(a),,MP20,,,,,1,W2 W3,,CW1,,1.1D,"dry or wetted with less than 20% water, by mass"
0282,e,PICRITE,1,1.1D,,1+13,,0,E0,P112(b),,MP20,,,,,1,W2 W3,,CW1,,1.1D,"dry or wetted with less than 20% water, by mass"
0282,f,PICRITE,1,1.1D,,1+13,,0,E0,P112(c),,MP20,,,,,1,W2 W3,,CW1,,1.1D,"dry or wetted with less than 20% water, by mass"
0283,a,BOOSTERS,1,1.2D,,1,,0,E0,P132a P132b,,MP21,,,,,1,W2,,CW1,,1.2D,without detonator
0283,b,BOOSTERS,1,1.2D,,1,,0,E0,P132a P132b,,MP21,,,,,1,W2,,CW1,,1.2D,without detonator
0284,,GRENADES,1,1.1D,,1+13,,0,E0,P141,,MP21,,,,,1,W2,,CW1,,1.1D,"hand or rifle, with bursting charge"
0285,,GRENADES,1,1.2D,,1,,0,E0,P141,,MP21,,,,,1,W2,,CW1,,1.2D,"hand or rifle, with bursting charge"
0286,,"WARHEADS, ROCKET",1,1.1D,,1+13,,0,E0,P130 LP101,PP67 L1,MP21,,,,,1,W2,,CW1,,1.1D,with bursting charge
0287,,"WARHEADS, ROCKET",1,1.2D,,1,,0,E0,P130 LP101,PP67 L1,MP21,,,,,1,W2,,CW1,,1.2D,with bursting charge
0288,,"CHARGES, SHAPED, FLEXIBLE, LINEAR",1,1.1D,,1+13,,0,E0,P138,,MP21,,,,,1,W2,,CW1,,1.1D,
0289,,"CORD, DETONATING",1,1.4D,,1.4,,0,E0,P139,PP71 PP72,MP21,,,,,2,W2,,CW1,,1.4D,flexible
0290,a,"CORD, DETONATING",1,1.1D,,1+13,,0,E0,P139,PP71,MP21,,,,,1,W2,,CW1,,1.1D,metal clad
0290,b,"FUSE, DETONATING",1,1.1D,,1+13,,0,E0,P139,PP71,MP21,,,,,1,W2,,CW1,,1.1D,metal clad
0291,,BOMBS,1,1.2F,,1+13,,0,E0,P130 LP101,,MP23,,,,,1,W2,,CW1,,1.2F,with bursting charge
0292,,GRENADES,1,1.1F,,1+13,,0,E0,P141,,MP23,,,,,1,W2,,CW1,,1.1F,"hand or rifle, with bursting charge"
0293,,GRENADES,1,1.2F,,1+13,,0,E0,P141,,MP23,,,,,1,W2,,CW1,,1.2F,"hand or rifle, with bursting charge"
0294,,MINES,1,1.2F,,1+13,,0,E0,P130 LP101,,MP23,,,,,1,W2,,CW1,,1.2F,with bursting charge
0295,,ROCKETS,1,1.2F,,1+13,,0,E0,P130 LP101,,MP23,,,,,1,W2,,CW1,,1.2F,with bursting charge
0296,,"SOUNDING DEVICES, EXPLOSIVE",1,1.1F,,1+13,,0,E0,P134 LP102,,MP23,,,,,1,W2,,CW1,,1.1F,
0297,,"AMMUNITION, ILLUMINATING",1,1.4G,,1.4,,0,E0,P130 LP101,PP67 L1,MP23,,,,,2,W2,,CW1,,1.4G,"with or without burster, expelling charge or propelling charge"
0299,,"BOMBS, PHOTO-FLASH",1,1.3G,,1,,0,E0,P130 LP101,PP67 L1,MP23,,,,,1,W2,,CW1,,1.3G,
0300,,"AMMUNITION, INCENDIARY",1,1.4G,,1.4,,0,E0,P130 LP101,PP67 L1,MP23,,,,,2,W2,,CW1,,1.4G,"with or without burster, expelling charge or propelling charge"
0301,,"AMMUNITION, TEAR-PRODUCING",1,1.4G,,1.4+6.1+8,,0,E0,P130 LP101,PP67 L1,MP23,,,,,2,W2,,CW1 CW28,,1.4G,"with burster, expelling charge or propelling charge"
0303,a,"AMMUNITION, SMOKE",1,1.4G,,1.4+8,,0,E0,P130 LP101,PP67 L1,MP23,,,,,2,W2,,CW1,,1.4G,"with or without burster, expelling charge or propelling charge, containing corrosive substances"
0303,b,"AMMUNITION, SMOKE",1,1.4G,,1.4+6.1,,0,E0,P130 LP101,PP67 L1,MP23,,,,,2,W2,,CW1 CW28,,1.4G,"with or without burster, expelling charge or propelling charge, containing toxic by inhalation substances"
0303,c,"AMMUNITION, SMOKE",1,1.4G,,1.4,,0,E0,P130 LP101,PP67 L1,MP23,,,,,2,W2,,CW1,,1.4G,"with or without burster, expelling charge or propelling charge"
0305,,FLASH POWDER,1,1.3G,,1,,0,E0,P113,PP49,MP20,,,,,1,W2 W3,,CW1,,1.3G,
0306,,TRACERS FOR AMMUNITION,1,1.4G,,1.4,,0,E0,P133,PP69,MP23,,,,,2,W2,,CW1,,1.4G,
0312,,"CARTRIDGES, SIGNAL",1,1.4G,,1.4,,0,E0,P135,,MP23 MP24,,,,,2,W2,,CW1,,1.4G,
0313,,"SIGNALS, SMOKE",1,1.2G,,1,,0,E0,P135,,MP23,,,,,1,W2,,CW1,,1.2G,
0314,,IGNITERS,1,1.2G,,1,,0,E0,P142,,MP23,,,,,1,W2,,CW1,,1.2G,
0315,,IGNITERS,1,1.3G,,1,,0,E0,P142,,MP23,,,,,1,W2,,CW1,,1.3G,
0316,,"FUZES, IGNITING",1,1.3G,,1,,0,E0,P141,,MP23,,,,,1,W2,,CW1,,1.3G,
0317,,"FUZES, IGNITING",1,1.4G,,1.4,,0,E0,P141,,MP23,,,,,2,W2,,CW1,,1.4G,
0318,,"GRENADES, PRACTICE",1,1.3G,,1,,0,E0,P141,,MP23,,,,,1,W2,,CW1,,1.3G,hand or rifle
0319,,"PRIMERS, TUBULAR",1,1.3G,,1,,0,E0,P133,,MP23,,,,,1,W2,,CW1,,1.3G,
0320,,"PRIMERS, TUBULAR",1,1.4G,,1.4,,0,E0,P133,,MP23,,,,,2,W2,,CW1,,1.4G,
0321,,CARTRIDGES FOR WEAPONS,1,1.2E,,1,,0,E0,P130 LP101,PP67 L1,MP21,,,,,1,W2,,CW1,,1.2E,with bursting charge
0322,,ROCKET MOTORS WITH HYPERGOLIC LIQUIDS,1,1.2L,,1+13,,0,E0,P101,,MP1,,,,,0,W2,,CW1 CW4,,1.2L,with or without expelling charge
0323,,"CARTRIDGES, POWER DEVICE",1,1.4S,,1.4,347,0,E0,P134 LP102,,MP23,,,,,4,W2,,CW1,CE1,1.4S,
0324,,PROJECTILES,1,1.2F,,1+13,,0,E0,P130 LP101,,MP23,,,,,1,W2,,CW1,,1.2F,with bursting charge
0325,,IGNITERS,1,1.4G,,1.4,,0,E0,P142,,MP23,,,,,2,W2,,CW1,,1.4G,
0326,,"CARTRIDGES FOR WEAPONS, BLANK",1,1.1C,,1+13,,0,E0,P130 LP101,,MP22,,,,,1,W2,,CW1,,1.1C,
0327,a,"CARTRIDGES FOR WEAPONS, BLANK",1,1.3C,,1,,0,E0,P130 LP101,,MP22,,,,,1,W2,,CW1,,1.3C,
0327,b,"CARTRIDGES, SMALL ARMS, BLANK",1,1.3C,,1,,0,E0,P130 LP101,,MP22,,,,,1,W2,,CW1,,1.3C,
0328,,"CARTRIDGES FOR WEAPONS, INERT PROJECTILE",1,1.2C,,1,,0,E0,P130 LP101,PP67 L1,MP22,,,,,1,W2,,CW1,,1.2C,
0329,,TORPEDOES,1,1.1E,,1+13,,0,E0,P130 LP101,PP67 L1,MP21,,,,,1,W2,,CW1,,1.1E,with bursting charge
0330,,TORPEDOES,1,1.1F,,1+13,,0,E0,P130 LP101,,MP23,,,,,1,W2,,CW1,,1.1F,with bursting charge
0331,a,"EXPLOSIVE, BLASTING, TYPE B",1,1.5D,,1.5,617,0,E0,P116 IBC100,PP61 PP62 PP64,MP20,T1,TP1 TP17 TP32,,,1,W2 W12,,CW1,,1.5D,
0331,b,"AGENT, BLASTING, TYPE B",1,1.5D,,1.5,617,0,E0,P116 IBC100,PP61 PP62 PP64,MP20,T1,TP1 TP17 TP32,,,1,W2 W12,,CW1,,1.5D,
0331,c,"EXPLOSIVE, BLASTING, TYPE B",1,1.5D,,1.5,617,0,E0,P116 IBC100,PP61 PP62 PP64,MP20,T1,TP1 TP17 TP32,,,1,W2 W12,,CW1,,1.5D,
0331,d,"AGENT, BLASTING, TYPE B",1,1.5D,,1.5,617,0,E0,P116 IBC100,PP61 PP62 PP64,MP20,T1,TP1 TP17 TP32,,,1,W2 W12,,CW1,,1.5D,
0332,a,"EXPLOSIVE, BLASTING, TYPE E",1,1.5D,,1.5,617,0,E0,P116 IBC100,PP61 PP62,MP20,T1,TP1 TP17 TP32,,,1,W2 W12,,CW1,,1.5D,
0332,b,"AGENT, BLASTING, TYPE E",1,1.5D,,1.5,617,0,E0,P116 IBC100,PP61 PP62,MP20,T1,TP1 TP17 TP32,,,1,W2 W12,,CW1,,1.5D,
0332,c,"EXPLOSIVE, BLASTING, TYPE E",1,1.5D,,1.5,617,0,E0,P116 IBC100,PP61 PP62,MP20,T1,TP1 TP17 TP32,,,1,W2 W12,,CW1,,1.5D,
0332,d,"AGENT, BLASTING, TYPE E",1,1.5D,,1.5,617,0,E0,P116 IBC100,PP61 PP62,MP20,T1,TP1 TP17 TP32,,,1,W2 W12,,CW1,,1.5D,
0333,,FIREWORKS,1,1.1G,,1+13,645,0,E0,P135,,MP23 MP24,,,,,1,W2 W3,,CW1,,1.1G,
0334,,FIREWORKS,1,1.2G,,1,645,0,E0,P135,,MP23 MP24,,,,,1,W2 W3,,CW1,,1.2G,
0335,,FIREWORKS,1,1.3G,,1,645,0,E0,P135,,MP23 MP24,,,,,1,W2 W3,,CW1,,1.3G,
0336,,FIREWORKS,1,1.4G,,1.4,645,0,E0,P135,,MP23 MP24,,,,,2,W2,,CW1,CE1,1.4G,
0337,,FIREWORKS,1,1.4S,,1.4,645,0,E0,P135,,MP23 MP24,,,,,4,W2,,CW1,CE1,1.4S,
0338,a,"CARTRIDGES FOR WEAPONS, BLANK",1,1.4C,,1.4,,0,E0,P130 LP101,,MP22,,,,,2,W2,,CW1,,1.4C,
0338,b,"CARTRIDGES, SMALL ARMS, BLANK",1,1.4C,,1.4,,0,E0,P130 LP101,,MP22,,,,,2,W2,,CW1,,1.4C,
0339,a,"CARTRIDGES FOR WEAPONS, INERT PROJECTILE",1,1.4C,,1.4,,0,E0,P130 LP101,,MP22,,,,,2,W2,,CW1,,1.4C,
0339,b,"CARTRIDGES, SMALL ARMS",1,1.4C,,1.4,,0,E0,P130 LP101,,MP22,,,,,2,W2,,CW1,,1.4C,
0340,a,NITROCELLULOSE,1,1.1D,,1+15,393,0,E0,P112(a),,MP20,,,,,1,W2 W3,,CW1,,1.1D,"dry or wetted with less than 25% water (or alcohol), by mass"
0340,b,NITROCELLULOSE,1,1.1D,,1+15,393,0,E0,P112(b),,MP20,,,,,1,W2 W3,,CW1,,1.1D,"dry or wetted with less than 25% water (or alcohol), by mass"
0341,,NITROCELLULOSE,1,1.1D,,1+15,393,0,E0,P112(b),,MP20,,,,,1,W2 W3,,CW1,,1.1D,"unmodified or plasticized with less than 18% plasticizing substance, by mass"
0342,,"NITROCELLULOSE, WETTED",1,1.3C,,1+13,105 393,0,E0,P114(a),PP43,MP20,,,,,1,W2,,CW1,,1.3C,"with not less than 25% alcohol, by mass"
0343,,"NITROCELLULOSE, PLASTICIZED",1,1.3C,,1+13,105 393,0,E0,P111,,MP20,,,,,1,W2,,CW1,,1.3C,"with not less than 18% plasticizing substance, by mass"
0344,,PROJECTILES,1,1.4D,,1.4,,0,E0,P130 LP101,PP67 L1,MP21,,,,,2,W2,,CW1,,1.4D,with bursting charge
0345,,PROJECTILES,1,1.4S,,1.4,,0,E0,P130 LP101,PP67 L1,MP23,,,,,4,W2,,CW1,CE1,1.4S,"inert, with tracer"
0346,,PROJECTILES,1,1.2D,,1,,0,E0,P130 LP101,PP67 L1,MP21,,,,,1,W2,,CW1,,1.2D,with burster or expelling charge
0347,,PROJECTILES,1,1.4D,,1.4,,0,E0,P130 LP101,PP67 L1,MP21,,,,,2,W2,,CW1,,1.4D,with burster or expelling charge
0348,,CARTRIDGES FOR WEAPONS,1,1.4F,,1.4,,0,E0,P130 LP101,,MP23,,,,,2,W2,,CW1,,1.4F,with bursting charge
0349,,"ARTICLES, EXPLOSIVE, N.O.S.",1,1.4S,,1.4,178 274 347,0,E0,P101,,MP2,,,,,4,W2,,CW1,CE1,1.4S,
0350,,"ARTICLES, EXPLOSIVE, N.O.S.",1,1.4B,,1.4,178 274,0,E0,P101,,MP2,,,,,2,W2,,CW1,,1.4B,
0351,,"ARTICLES, EXPLOSIVE, N.O.S.",1,1.4C,,1.4,178 274,0,E0,P101,,MP2,,,,,2,W2,,CW1,,1.4C,
0352,,"ARTICLES, EXPLOSIVE, N.O.S.",1,1.4D,,1.4,178 274,0,E0,P101,,MP2,,,,,2,W2,,CW1,,1.4D,
0353,,"ARTICLES, EXPLOSIVE, N.O.S.",1,1.4G,,1.4,178 274,0,E0,P101,,MP2,,,,,2,W2,,CW1,,1.4G,
0354,a,"ARTICLES, EXPLOSIVE, N.O.S.",1,1.1L,,1+13,178 274,0,E0,P101,,MP1,,,,,0,W2,,CW1 CW4,,1.1L,
0354,b,"ARTICLES, EXPLOSIVE, N.O.S.",1,1.1L,,1+13,178 274,0,E0,P101,,MP1,,,,,0,W2,,CW1 CW4,,1.1L,
0355,a,"ARTICLES, EXPLOSIVE, N.O.S.",1,1.2L,,1+13,178 274,0,E0,P101,,MP1,,,,,0,W2,,CW1 CW4,,1.2L,
0355,b,"ARTICLES, EXPLOSIVE, N.O.S.",1,1.2L,,1+13,178 274,0,E0,P101,,MP1,,,,,0,W2,,CW1 CW4,,1.2L,
0356,a,"ARTICLES, EXPLOSIVE, N.O.S.",1,1.3L,,1+13,178 274,0,E0,P101,,MP1,,,,,0,W2,,CW1 CW4,,1.3L,
0356,b,"ARTICLES, EXPLOSIVE, N.O.S.",1,1.3L,,1+13,178 274,0,E0,P101,,MP1,,,,,0,W2,,CW1 CW4,,1.3L,
0357,,"SUBSTANCES, EXPLOSIVE, N.O.S.",1,1.1L,,1+13,178 274,0,E0,P101,,MP1,,,,,0,W2,,CW1 CW4,,1.1L,
0358,,"SUBSTANCES, EXPLOSIVE, N.O.S.",1,1.2L,,1+13,178 274,0,E0,P101,,MP1,,,,,0,W2,,CW1 CW4,,1.2L,
0359,,"SUBSTANCES, EXPLOSIVE, N.O.S.",1,1.3L,,1+13,178 274,0,E0,P101,,MP1,,,,,0,W2,,CW1 CW4,,1.3L,
0360,,"DETONATOR ASSEMBLIES, NON-ELECTRIC",1,1.1B,,1+13,,0,E0,P131,,MP23,,,,,1,W2,,CW1,,1.1B,for blasting
0361,,"DETONATOR ASSEMBLIES, NON-ELECTRIC",1,1.4B,,1.4,,0,E0,P131,,MP23,,,,,2,W2,,CW1,,1.4B,for blasting
0362,,"AMMUNITION, PRACTICE",1,1.4G,,1.4,,0,E0,P130 LP101,PP67 L1,MP23,,,,,2,W2,,CW1,,1.4G,
0363,,"AMMUNITION, PROOF",1,1.4G,,1.4,,0,E0,P130 LP101,PP67 L1,MP23,,,,,2,W2,,CW1,,1.4G,
0364,,DETONATORS FOR AMMUNITION,1,1.2B,,1+13,,0,E0,P133,,MP23,,,,,1,W2,,CW1,,1.2B,
0365,,DETONATORS FOR AMMUNITION,1,1.4B,,1.4,,0,E0,P133,,MP23,,,,,2,W2,,CW1,,1.4B,
0366,,DETONATORS FOR AMMUNITION,1,1.4S,,1.4,347,0,E0,P133,,MP23,,,,,4,W2,,CW1,CE1,1.4S,
0367,,"FUZES, DETONATING",1,1.4S,,1.4,347,0,E0,P141,,MP23,,,,,4,W2,,CW1,CE1,1.4S,
0368,,"FUZES, IGNITING",1,1.4S,,1.4,,0,E0,P141,,MP23,,,,,4,W2,,CW1,CE1,1.4S,
0369,,"WARHEADS, ROCKET",1,1.1F,,1+13,,0,E0,P130 LP101,,MP23,,,,,1,W2,,CW1,,1.1F,with bursting charge
0370,,"WARHEADS, ROCKET",1,1.4D,,1.4,,0,E0,P130 LP101,PP67 L1,MP21,,,,,2,W2,,CW1,,1.4D,with burster or expelling charge
0371,,"WARHEADS, ROCKET",1,1.4F,,1.4,,0,E0,P130 LP101,,MP23,,,,,2,W2,,CW1,,1.4F,with burster or expelling charge
0372,,"GRENADES, PRACTICE",1,1.2G,,1,,0,E0,P141,,MP23,,,,,1,W2,,CW1,,1.2G,hand or rifle
0373,,"SIGNAL DEVICES, HAND",1,1.4S,,1.4,,0,E0,P135,,MP23 MP24,,,,,4,W2,,CW1,CE1,1.4S,
0374,,"SOUNDING DEVICES, EXPLOSIVE",1,1.1D,,1+13,,0,E0,P134 LP102,,MP21,,,,,1,W2,,CW1,,1.1D,
0375,,"SOUNDING DEVICES, EXPLOSIVE",1,1.2D,,1,,0,E0,P134 LP102,,MP21,,,,,1,W2,,CW1,,1.2D,
0376,,"PRIMERS, TUBULAR",1,1.4S,,1.4,,0,E0,P133,,MP23,,,,,4,W2,,CW1,CE1,1.4S,
0377,,"PRIMERS, CAP TYPE",1,1.1B,,1+13,,0,E0,P133,,MP23,,,,,1,W2,,CW1,,1.1B,
0378,,"PRIMERS, CAP TYPE",1,1.4B,,1.4,,0,E0,P133,,MP23,,,,,2,W2,,CW1,,1.4B,
0379,,"CASES, CARTRIDGE, EMPTY, WITH PRIMER",1,1.4C,,1.4,,0,E0,P136,,MP22,,,,,2,W2,,CW1,,1.4C,
0380,,"ARTICLES, PYROPHORIC",1,1.2L,,1+13,,0,E0,P101,,MP1,,,,,0,W2,,CW1 CW4,,1.2L,
0381,,"CARTRIDGES, POWER DEVICE",1,1.2C,,1,,0,E0,P134 LP102,,MP22,,,,,1,W2,,CW1,,1.2C,
0382,,"COMPONENTS, EXPLOSIVE TRAIN, N.O.S.",1,1.2B,,1+13,178 274,0,E0,P101,,MP2,,,,,1,W2,,CW1,,1.2B,
0383,,"COMPONENTS, EXPLOSIVE TRAIN, N.O.S.",1,1.4B,,1.4,178 274,0,E0,P101,,MP2,,,,,2,W2,,CW1,,1.4B,
0384,,"COMPONENTS, EXPLOSIVE TRAIN, N.O.S.",1,1.4S,,1.4,178 274 347,0,E0,P101,,MP2,,,,,4,W2,,CW1,CE1,1.4S,
0385,a,5-NITROBENZOTRIAZOL,1,1.1D,,1+13,,0,E0,P112(b),,MP20,,,,,1,W2 W3,,CW1,,1.1D,
0385,b,5-NITROBENZOTRIAZOL,1,1.1D,,1+13,,0,E0,P112(c),,MP20,,,,,1,W2 W3,,CW1,,1.1D,
0386,a,TRINITROBENZENESULPHONIC ACID,1,1.1D,,1+13,,0,E0,P112(b),PP26,MP20,,,,,1,W2 W3,,CW1,,1.1D,
0386,b,TRINITROBENZENESULPHONIC ACID,1,1.1D,,1+13,,0,E0,P112(c),PP26,MP20,,,,,1,W2 W3,,CW1,,1.1D,
0387,a,TRINITROFLUORENONE,1,1.1D,,1+13,,0,E0,P112(b),,MP20,,,,,1,W2 W3,,CW1,,1.1D,
0387,b,TRINITROFLUORENONE,1,1.1D,,1+13,,0,E0,P112(c),,MP20,,,,,1,W2 W3,,CW1,,1.1D,
0388,a,TRINITROTOLUENE AND TRINITROBENZENE MIXTURE,1,1.1D,,1+13,,0,E0,P112(b),,MP20,,,,,1,W2 W3,,CW1,,1.1D,
0388,b,TRINITROTOLUENE AND TRINITROBENZENE MIXTURE,1,1.1D,,1+13,,0,E0,P112(c),,MP20,,,,,1,W2 W3,,CW1,,1.1D,
0388,c,TNT AND TRINITROBENZENE MIXTURE,1,1.1D,,1+13,,0,E0,P112(b),,MP20,,,,,1,W2 W3,,CW1,,1.1D,
0388,d,TNT AND TRINITROBENZENE MIXTURE,1,1.1D,,1+13,,0,E0,P112(c),,MP20,,,,,1,W2 W3,,CW1,,1.1D,
0388,e,TRINITROTOLUENE AND HEXANITROSTILBENE MIXTURE,1,1.1D,,1+13,,0,E0,P112(b),,MP20,,,,,1,W2 W3,,CW1,,1.1D,
0388,f,TRINITROTOLUENE AND HEXANITROSTILBENE MIXTURE,1,1.1D,,1+13,,0,E0,P112(c),,MP20,,,,,1,W2 W3,,CW1,,1.1D,
0388,g,TNT AND HEXANITROSTILBENE MIXTURE,1,1.1D,,1+13,,0,E0,P112(b),,MP20,,,,,1,W2 W3,,CW1,,1.1D,
0388,h,TNT AND HEXANITROSTILBENE MIXTURE,1,1.1D,,1+13,,0,E0,P112(c),,MP20,,,,,1,W2 W3,,CW1,,1.1D,
0389,a,TRINITROTOLUENE MIXTURE CONTAINING TRINITROBENZENE AND HEXANITROSTILBENE,1,1.1D,,1+13,,0,E0,P112(b),,MP20,,,,,1,W2 W3,,CW1,,1.1D,
0389,b,TRINITROTOLUENE MIXTURE CONTAINING TRINITROBENZENE AND HEXANITROSTILBENE,1,1.1D,,1+13,,0,E0,P112(c),,MP20,,,,,1,W2 W3,,CW1,,1.1D,
0389,c,TNT MIXTURE CONTAINING TRINITROBENZENE AND HEXANITROSTILBENE,1,1.1D,,1+13,,0,E0,P112(b),,MP20,,,,,1,W2 W3,,CW1,,1.1D,
0389,d,TNT MIXTURE CONTAINING TRINITROBENZENE AND HEXANITROSTILBENE,1,1.1D,,1+13,,0,E0,P112(c),,MP20,,,,,1,W2 W3,,CW1,,1.1D,
0390,a,TRITONAL,1,1.1D,,1+13,,0,E0,P112(b),,MP20,,,,,1,W2 W3,,CW1,,1.1D,
0390,b,TRITONAL,1,1.1D,,1+13,,0,E0,P112(c),,MP20,,,,,1,W2 W3,,CW1,,1.1D,
0391,a,"CYCLOTRIMETHYLENETRINITRAMINE AND CYCLOTETRAMETHYLENETETRANITRAMINE MIXTURE, WETTED",1,1.1D,,1+15,266,0,E0,P112(a),,MP20,,,,,1,W2 W3,,CW1,,1.1D,"with not less than 15% water, by mass"
0391,b,"CYCLOTRIMETHYLENETRINITRAMINE AND HMX MIXTURE, WETTED",1,1.1D,,1+15,266,0,E0,P112(a),,MP20,,,,,1,W2 W3,,CW1,,1.1D,"with not less than 15% water, by mass"
0391,c,"CYCLOTRIMETHYLENETRINITRAMINE AND OCTOGEN MIXTURE, WETTED",1,1.1D,,1+15,266,0,E0,P112(a),,MP20,,,,,1,W2 W3,,CW1,,1.1D,"with not less than 15% water, by mass"
0391,d,"CYCLONITE AND CYCLOTETRAMETHYLENETETRANITRAMINE MIXTURE, WETTED",1,1.1D,,1+15,266,0,E0,P112(a),,MP20,,,,,1,W2 W3,,CW1,,1.1D,"with not less than 15% water, by mass"
0391,e,"CYCLONITE AND HMX MIXTURE, WETTED",1,1.1D,,1+15,266,0,E0,P112(a),,MP20,,,,,1,W2 W3,,CW1,,1.1D,"with not less than 15% water, by mass"
0391,f,"CYCLONITE AND OCTOGEN MIXTURE, WETTED",1,1.1D,,1+15,266,0,E0,P112(a),,MP20,,,,,1,W2 W3,,CW1,,1.1D,"with not less than 15% water, by mass"
0391,g,"HEXOGEN AND CYCLOTETRAMETHYLENETETRANITRAMINE MIXTURE, WETTED",1,1.1D,,1+15,266,0,E0,P112(a),,MP20,,,,,1,W2 W3,,CW1,,1.1D,"with not less than 15% water, by mass"
0391,h,"HEXOGEN AND HMX MIXTURE, WETTED",1,1.1D,,1+15,266,0,E0,P112(a),,MP20,,,,,1,W2 W3,,CW1,,1.1D,"with not less than 15% water, by mass"
0391,i,"HEXOGEN AND OCTOGEN MIXTURE, WETTED",1,1.1D,,1+15,266,0,E0,P112(a),,MP20,,,,,1,W2 W3,,CW1,,1.1D,"with not less than 15% water, by mass"
0391,j,"RDX AND CYCLOTETRAMETHYLENETETRANITRAMINE MIXTURE, WETTED",1,1.1D,,1+15,266,0,E0,P112(a),,MP20,,,,,1,W2 W3,,CW1,,1.1D,"with not less than 15% water, by mass"
0391,k,"RDX AND HMX MIXTURE, WETTED",1,1.1D,,1+15,266,0,E0,P112(a),,MP20,,,,,1,W2 W3,,CW1,,1.1D,"with not less than 15% water, by mass"
0391,l,"RDX AND OCTOGEN MIXTURE, WETTED",1,1.1D,,1+15,266,0,E0,P112(a),,MP20,,,,,1,W2 W3,,CW1,,1.1D,"with not less than 15% water, by mass"
0391,m,"CYCLOTRIMETHYLENETRINITRAMINE AND CYCLOTETRAMETHYLENETETRANITRAMINE MIXTURE, DESENSITIZED",1,1.1D,,1+15,266,0,E0,P112(b),,MP20,,,,,1,W2 W3,,CW1,,1.1D,"with not less than 10% phlegmatizer, by mass"
0391,n,"CYCLOTRIMETHYLENETRINITRAMINE AND HMX MIXTURE, DESENSITIZED",1,1.1D,,1+15,266,0,E0,P112(b),,MP20,,,,,1,W2 W3,,CW1,,1.1D,"with not less than 10% phlegmatizer, by mass"
0391,o,"CYCLOTRIMETHYLENETRINITRAMINE AND OCTOGEN MIXTURE, DESENSITIZED",1,1.1D,,1+15,266,0,E0,P112(b),,MP20,,,,,1,W2 W3,,CW1,,1.1D,"with not less than 10% phlegmatizer, by mass"
0391,p,"CYCLONITE AND CYCLOTETRAMETHYLENETETRANITRAMINE MIXTURE, DESENSITIZED",1,1.1D,,1+15,266,0,E0,P112(b),,MP20,,,,,1,W2 W3,,CW1,,1.1D,"with not less than 10% phlegmatizer, by mass"
0391,q,"CYCLONITE AND HMX MIXTURE, DESENSITIZED",1,1.1D,,1+15,266,0,E0,P112(b),,MP20,,,,,1,W2 W3,,CW1,,1.1D,"with not less than 10% phlegmatizer, by mass"
0391,r,"CYCLONITE AND OCTOGEN MIXTURE, DESENSITIZED",1,1.1D,,1+15,266,0,E0,P112(b),,MP20,,,,,1,W2 W3,,CW1,,1.1D,"with not less than 10% phlegmatizer, by mass"
0391,s,"HEXOGEN AND CYCLOTETRAMETHYLENETETRANITRAMINE MIXTURE, DESENSITIZED",1,1.1D,,1+15,266,0,E0,P112(b),,MP20,,,,,1,W2 W3,,CW1,,1.1D,"with not less than 10% phlegmatizer, by mass"
0391,t,"HEXOGEN AND HMX MIXTURE, DESENSITIZED",1,1.1D,,1+15,266,0,E0,P112(b),,MP20,,,,,1,W2 W3,,CW1,,1.1D,"with not less than 10% phlegmatizer, by mass"
0391,u,"HEXOGEN AND OCTOGEN MIXTURE, DESENSITIZED",1,1.1D,,1+15,266,0,E0,P112(b),,MP20,,,,,1,W2 W3,,CW1,,1.1D,"with not less than 10% phlegmatizer, by mass"
0391,v,"RDX AND CYCLOTETRAMETHYLENETETRANITRAMINE MIXTURE, DESENSITIZED",1,1.1D,,1+15,266,0,E0,P112(b),,MP20,,,,,1,W2 W3,,CW1,,1.1D,"with not less than 10% phlegmatizer, by mass"
0391,w,"RDX AND HMX MIXTURE, DESENSITIZED",1,1.1D,,1+15,266,0,E0,P112(b),,MP20,,,,,1,W2 W3,,CW1,,1.1D,"with not less than 10% phlegmatizer, by mass"
0391,x,"RDX AND OCTOGEN MIXTURE, DESENSITIZED",1,1.1D,,1+15,266,0,E0,P112(b),,MP20,,,,,1,W2 W3,,CW1,,1.1D,"with not less than 10% phlegmatizer, by mass"
0392,a,HEXANITROSTILBENE,1,1.1D,,1+13,,0,E0,P112(b),,MP20,,,,,1,W2 W3,,CW1,,1.1D,
0392,b,HEXANITROSTILBENE,1,1.1D,,1+13,,0,E0,P112(c),,MP20,,,,,1,W2 W3,,CW1,,1.1D,
0393,,HEXOTONAL,1,1.1D,,1+13,,0,E0,P112(b),,MP20,,,,,1,W2 W3,,CW1,,1.1D,
0394,a,"TRINITRORESORCINOL, WETTED",1,1.1D,,1+15,,0,E0,P112(a),PP26,MP20,,,,,1,W2,,CW1,,1.1D,"with not less than 20% water, or mixture of alcohol and water, by mass"
0394,b,"STYPHNIC ACID, WETTED",1,1.1D,,1+15,,0,E0,P112(a),PP26,MP20,,,,,1,W2,,CW1,,1.1D,"with not less than 20% water, or mixture of alcohol and water, by mass"
0395,,"ROCKET MOTORS, LIQUID FUELLED",1,1.2J,,1+13,,0,E0,P101,,MP23,,,,,1,W2,,CW1,,1.2J,
0396,,"ROCKET MOTORS, LIQUID FUELLED",1,1.3J,,1+13,,0,E0,P101,,MP23,,,,,1,W2,,CW1,,1.3J,
0397,,"ROCKETS, LIQUID FUELLED",1,1.1J,,1+13,,0,E0,P101,,MP23,,,,,1,W2,,CW1,,1.1J,with bursting charge
0398,,"ROCKETS, LIQUID FUELLED",1,1.2J,,1+13,,0,E0,P101,,MP23,,,,,1,W2,,CW1,,1.2J,with bursting charge
0399,,BOMBS WITH FLAMMABLE LIQUID,1,1.1J,,1+13,,0,E0,P101,,MP23,,,,,1,W2,,CW1,,1.1J,with bursting charge
0400,,BOMBS WITH FLAMMABLE LIQUID,1,1.2J,,1+13,,0,E0,P101,,MP23,,,,,1,W2,,CW1,,1.2J,with bursting charge
0401,a,DIPICRYL SULPHIDE,1,1.1D,,1+13,,0,E0,P112(a),,MP20,,,,,1,W2 W3,,CW1,,1.1D,"dry or wetted with less than 10% water, by mass"
0401,b,DIPICRYL SULPHIDE,1,1.1D,,1+13,,0,E0,P112(b),,MP20,,,,,1,W2 W3,,CW1,,1.1D,"dry or wetted with less than 10% water, by mass"
0401,c,DIPICRYL SULPHIDE,1,1.1D,,1+13,,0,E0,P112(c),,MP20,,,,,1,W2 W3,,CW1,,1.1D,"dry or wetted with less than 10% water, by mass"
0402,a,AMMONIUM PERCHLORATE,1,1.1D,,1+13,152,0,E0,P112(b),,MP20,,,,,1,W2 W3,,CW1,,1.1D,
0402,b,AMMONIUM PERCHLORATE,1,1.1D,,1+13,152,0,E0,P112(c),,MP20,,,,,1,W2 W3,,CW1,,1.1D,
0403,,"FLARES, AERIAL",1,1.4G,,1.4,,0,E0,P135,,MP23,,,,,2,W2,,CW1,,1.4G,
0404,,"FLARES, AERIAL",1,1.4S,,1.4,,0,E0,P135,,MP23,,,,,4,W2,,CW1,CE1,1.4S,
0405,,"CARTRIDGES, SIGNAL",1,1.4S,,1.4,,0,E0,P135,,MP23 MP24,,,,,4,W2,,CW1,CE1,1.4S,
0406,,DINITROSOBENZENE,1,1.3C,,1+13,,0,E0,P114(b),,MP20,,,,,1,W2 W3,,CW1,,1.3C,
0407,,TETRAZOL-1-ACETIC ACID,1,1.4C,,1.4,,0,E0,P114(b),,MP20,,,,,2,W2,,CW1,,1.4C,
0408,,"FUZES, DETONATING",1,1.1D,,1+13,,0,E0,P141,,MP21,,,,,1,W2,,CW1,,1.1D,with protective features
0409,,"FUZES, DETONATING",1,1.2D,,1,,0,E0,P141,,MP21,,,,,1,W2,,CW1,,1.2D,with protective features
0410,,"FUZES, DETONATING",1,1.4D,,1.4,,0,E0,P141,,MP21,,,,,2,W2,,CW1,,1.4D,with protective features
0411,a,PENTAERYTHRITE TETRANITRATE,1,1.1D,,1+15,131,0,E0,P112(b),,MP20,,,,,1,W2 W3,,CW1,,1.1D,"with not less than 7% wax, by mass"
0411,b,PENTAERYTHRITE TETRANITRATE,1,1.1D,,1+15,131,0,E0,P112(c),,MP20,,,,,1,W2 W3,,CW1,,1.1D,"with not less than 7% wax, by mass"
0411,c,PENTAERYTHRITOL TETRANITRATE,1,1.1D,,1+15,131,0,E0,P112(b),,MP20,,,,,1,W2 W3,,CW1,,1.1D,"with not less than 7% wax, by mass"
0411,d,PENTAERYTHRITOL TETRANITRATE,1,1.1D,,1+15,131,0,E0,P112(c),,MP20,,,,,1,W2 W3,,CW1,,1.1D,"with not less than 7% wax, by mass"
0411,e,PETN,1,1.1D,,1+15,131,0,E0,P112(b),,MP20,,,,,1,W2 W3,,CW1,,1.1D,"with not less than 7% wax, by mass"
0411,f,PETN,1,1.1D,,1+15,131,0,E0,P112(c),,MP20,,,,,1,W2 W3,,CW1,,1.1D,"with not less than 7% wax, by mass"
0412,,CARTRIDGES FOR WEAPONS,1,1.4E,,1.4,,0,E0,P130 LP101,PP67 L1,MP21,,,,,2,W2,,CW1,,1.4E,with bursting charge
0413,,"CARTRIDGES FOR WEAPONS, BLANK",1,1.2C,,1,,0,E0,P130 LP101,,MP22,,,,,1,W2,,CW1,,1.2C,
0414,,"CHARGES, PROPELLING, FOR CANNON",1,1.2C,,1,,0,E0,P130 LP101,,MP22,,,,,1,W2,,CW1,,1.2C,
0415,,"CHARGES, PROPELLING",1,1.2C,,1,,0,E0,P143,PP76,MP22,,,,,1,W2,,CW1,,1.2C,
0417,a,"CARTRIDGES FOR WEAPONS, INERT PROJECTILE",1,1.3C,,1,,0,E0,P130 LP101,,MP22,,,,,1,W2,,CW1,,1.3C,
0417,b,"CARTRIDGES, SMALL ARMS",1,1.3C,,1,,0,E0,P130 LP101,,MP22,,,,,1,W2,,CW1,,1.3C,
0418,,"FLARES, SURFACE",1,1.1G,,1+13,,0,E0,P135,,MP23,,,,,1,W2,,CW1,,1.1G,
0419,,"FLARES, SURFACE",1,1.2G,,1,,0,E0,P135,,MP23,,,,,1,W2,,CW1,,1.2G,
0420,,"FLARES, AERIAL",1,1.1G,,1+13,,0,E0,P135,,MP23,,,,,1,W2,,CW1,,1.1G,
0421,,"FLARES, AERIAL",1,1.2G,,1,,0,E0,P135,,MP23,,,,,1,W2,,CW1,,1.2G,
0424,,PROJECTILES,1,1.3G,,1,,0,E0,P130 LP101,PP67 L1,MP23,,,,,1,W2,,CW1,,1.3G,"inert, with tracer"
0425,,PROJECTILES,1,1.4G,,1.4,,0,E0,P130 LP101,PP67 L1,MP23,,,,,2,W2,,CW1,,1.4G,"inert, with tracer"
0426,,PROJECTILES,1,1.2F,,1+13,,0,E0,P130 LP101,,MP23,,,,,1,W2,,CW1,,1.2F,with burster or expelling charge
0427,,PROJECTILES,1,1.4F,,1.4,,0,E0,P130 LP101,,MP23,,,,,2,W2,,CW1,,1.4F,with burster or expelling charge
0428,,"ARTICLES, PYROTECHNIC",1,1.1G,,1+13,,0,E0,P135,,MP23 MP24,,,,,1,W2,,CW1,,1.1G,for technical purposes
0429,,"ARTICLES, PYROTECHNIC",1,1.2G,,1,,0,E0,P135,,MP23 MP24,,,,,1,W2,,CW1,,1.2G,for technical purposes
0430,,"ARTICLES, PYROTECHNIC",1,1.3G,,1,,0,E0,P135,,MP23 MP24,,,,,1,W2,,CW1,,1.3G,for technical purposes
0431,,"ARTICLES, PYROTECHNIC",1,1.4G,,1.4,,0,E0,P135,,MP23 MP24,,,,,2,W2,,CW1,CE1,1.4G,for technical purposes
0432,,"ARTICLES, PYROTECHNIC",1,1.4S,,1.4,,0,E0,P135,,MP23 MP24,,,,,4,W2,,CW1,CE1,1.4S,for technical purposes
0433,a,"POWDER CAKE, WETTED",1,1.1C,,1+13,266,0,E0,P111,,MP20,,,,,1,W2,,CW1,,1.1C,"with not less than 17% alcohol, by mass"
0433,b,"POWDER PASTE, WETTED",1,1.1C,,1+13,266,0,E0,P111,,MP20,,,,,1,W2,,CW1,,1.1C,"with not less than 17% alcohol, by mass"
0434,,PROJECTILES,1,1.2G,,1,,0,E0,P130 LP101,PP67 L1,MP23,,,,,1,W2,,CW1,,1.2G,with burster or expelling charge
0435,,PROJECTILES,1,1.4G,,1.4,,0,E0,P130 LP101,PP67 L1,MP23,,,,,2,W2,,CW1,,1.4G,with burster or expelling charge
0436,,ROCKETS,1,1.2C,,1,,0,E0,P130 LP101,PP67 L1,MP22,,,,,1,W2,,CW1,,1.2C,with expelling charge
0437,,ROCKETS,1,1.3C,,1,,0,E0,P130 LP101,PP67 L1,MP22,,,,,1,W2,,CW1,,1.3C,with expelling charge
0438,,ROCKETS,1,1.4C,,1.4,,0,E0,P130 LP101,PP67 L1,MP22,,,,,2,W2,,CW1,,1.4C,with expelling charge
0439,,"CHARGES, SHAPED",1,1.2D,,1,,0,E0,P137,PP70,MP21,,,,,1,W2,,CW1,,1.2D,without detonator
0440,,"CHARGES, SHAPED",1,1.4D,,1.4,,0,E0,P137,PP70,MP21,,,,,2,W2,,CW1,,1.4D,without detonator
0441,,"CHARGES, SHAPED",1,1.4S,,1.4,347,0,E0,P137,PP70,MP23,,,,,4,W2,,CW1,CE1,1.4S,without detonator
0442,,"CHARGES, EXPLOSIVE, COMMERCIAL",1,1.1D,,1+13,,0,E0,P137,,MP21,,,,,1,W2,,CW1,,1.1D,without detonator
0443,,"CHARGES, EXPLOSIVE, COMMERCIAL",1,1.2D,,1,,0,E0,P137,,MP21,,,,,1,W2,,CW1,,1.2D,without detonator
0444,,"CHARGES, EXPLOSIVE, COMMERCIAL",1,1.4D,,1.4,,0,E0,P137,,MP21,,,,,2,W2,,CW1,,1.4D,without detonator
0445,,"CHARGES, EXPLOSIVE, COMMERCIAL",1,1.4S,,1.4,347,0,E0,P137,,MP23,,,,,4,W2,,CW1,CE1,1.4S,without detonator
0446,,"CASES, COMBUSTIBLE, EMPTY, WITHOUT PRIMER",1,1.4C,,1.4,,0,E0,P136,,MP22,,,,,2,W2,,CW1,,1.4C,
0447,,"CASES, COMBUSTIBLE, EMPTY, WITHOUT PRIMER",1,1.3C,,1,,0,E0,P136,,MP22,,,,,1,W2,,CW1,,1.3C,
0448,,5-MERCAPTOTETRAZOL-1-ACETIC ACID,1,1.4C,,1.4,,0,E0,P114(b),,MP20,,,,,2,W2,,CW1,,1.4C,
0449,,"TORPEDOES, LIQUID FUELLED",1,1.1J,,1+13,,0,E0,P101,,MP23,,,,,1,W2,,CW1,,1.1J,with or without bursting charge
0450,,"TORPEDOES, LIQUID FUELLED",1,1.3J,,1+13,,0,E0,P101,,MP23,,,,,1,W2,,CW1,,1.3J,with inert head
0451,,TORPEDOES,1,1.1D,,1+13,,0,E0,P130 LP101,PP67 L1,MP21,,,,,1,W2,,CW1,,1.1D,with bursting charge
0452,,"GRENADES, PRACTICE",1,1.4G,,1.4,,0,E0,P141,,MP23,,,,,2,W2,,CW1,,1.4G,hand or rifle
0453,,"ROCKETS, LINE-THROWING",1,1.4G,,1.4,,0,E0,P130 LP101,,MP23,,,,,2,W2,,CW1,,1.4G,
0454,,IGNITERS,1,1.4S,,1.4,,0,E0,P142,,MP23,,,,,4,W2,,CW1,CE1,1.4S,
0455,,"DETONATORS, NON-ELECTRIC",1,1.4S,,1.4,347,0,E0,P131,PP68,MP23,,,,,4,W2,,CW1,CE1,1.4S,for blasting
0456,,"DETONATORS, ELECTRIC",1,1.4S,,1.4,347,0,E0,P131,,MP23,,,,,4,W2,,CW1,CE1,1.4S,for blasting
0457,,"CHARGES, BURSTING, PLASTICS BONDED",1,1.1D,,1+13,,0,E0,P130 LP101,,MP21,,,,,1,W2,,CW1,,1.1D,
0458,,"CHARGES, BURSTING, PLASTICS BONDED",1,1.2D,,1,,0,E0,P130 LP101,,MP21,,,,,1,W2,,CW1,,1.2D,
0459,,"CHARGES, BURSTING, PLASTICS BONDED",1,1.4D,,1.4,,0,E0,P130 LP101,,MP21,,,,,2,W2,,CW1,,1.4D,
0460,,"CHARGES, BURSTING, PLASTICS BONDED",1,1.4S,,1.4,347,0,E0,P130 LP101,,MP23,,,,,4,W2,,CW1,CE1,1.4S,
0461,,"COMPONENTS, EXPLOSIVE TRAIN, N.O.S.",1,1.1B,,1+13,178 274,0,E0,P101,,MP2,,,,,1,W2,,CW1,,1.1B,
0462,,"ARTICLES, EXPLOSIVE, N.O.S.",1,1.1C,,1+13,178 274,0,E0,P101,,MP2,,,,,1,W2,,CW1,,1.1C,
0463,,"ARTICLES, EXPLOSIVE, N.O.S.",1,1.1D,,1+13,178 274,0,E0,P101,,MP2,,,,,1,W2,,CW1,,1.1D,
0464,,"ARTICLES, EXPLOSIVE, N.O.S.",1,1.1E,,1+13,178 274,0,E0,P101,,MP2,,,,,1,W2,,CW1,,1.1E,
0465,,"ARTICLES, EXPLOSIVE, N.O.S.",1,1.1F,,1+13,178 274,0,E0,P101,,MP2,,,,,1,W2,,CW1,,1.1F,
0466,,"ARTICLES, EXPLOSIVE, N.O.S.",1,1.2C,,1,178 274,0,E0,P101,,MP2,,,,,1,W2,,CW1,,1.2C,
0467,,"ARTICLES, EXPLOSIVE, N.O.S.",1,1.2D,,1,178 274,0,E0,P101,,MP2,,,,,1,W2,,CW1,,1.2D,
0468,,"ARTICLES, EXPLOSIVE, N.O.S.",1,1.2E,,1,178 274,0,E0,P101,,MP2,,,,,1,W2,,CW1,,1.2E,
0469,,"ARTICLES, EXPLOSIVE, N.O.S.",1,1.2F,,1+13,178 274,0,E0,P101,,MP2,,,,,1,W2,,CW1,,1.2F,
0470,,"ARTICLES, EXPLOSIVE, N.O.S.",1,1.3C,,1,178 274,0,E0,P101,,MP2,,,,,1,W2,,CW1,,1.3C,
0471,,"ARTICLES, EXPLOSIVE, N.O.S.",1,1.4E,,1.4,178 274,0,E0,P101,,MP2,,,,,2,W2,,CW1,,1.4E,
0472,,"ARTICLES, EXPLOSIVE, N.O.S.",1,1.4F,,1.4,178 274,0,E0,P101,,MP2,,,,,2,W2,,CW1,,1.4F,
0473,,"SUBSTANCES, EXPLOSIVE, N.O.S.",1,1.1A,,,,,,,,,,,CARRIAGE PROHIBITED,,,,,,,,
0474,,"SUBSTANCES, EXPLOSIVE, N.O.S.",1,1.1C,,1+13,178 274,0,E0,P101,,MP2,,,,,1,W2 W3,,CW1,,1.1C,
0475,,"SUBSTANCES, EXPLOSIVE, N.O.S.",1,1.1D,,1+13,178 274,0,E0,P101,,MP2,,,,,1,W2 W3,,CW1,,1.1D,
0476,,"SUBSTANCES, EXPLOSIVE, N.O.S.",1,1.1G,,1+13,178 274,0,E0,P101,,MP2,,,,,1,W2 W3,,CW1,,1.1G,
0477,,"SUBSTANCES, EXPLOSIVE, N.O.S.",1,1.3C,,1+13,178 274,0,E0,P101,,MP2,,,,,1,W2 W3,,CW1,,1.3C,
0478,,"SUBSTANCES, EXPLOSIVE, N.O.S.",1,1.3G,,1,178 274,0,E0,P101,,MP2,,,,,1,W2 W3,,CW1,,1.3G,
0479,,"SUBSTANCES, EXPLOSIVE, N.O.S.",1,1.4C,,1.4,178 274,0,E0,P101,,MP2,,,,,2,W2,,CW1,,1.4C,
0480,,"SUBSTANCES, EXPLOSIVE, N.O.S.",1,1.4D,,1.4,178 274,0,E0,P101,,MP2,,,,,2,W2,,CW1,,1.4D,
0481,,"SUBSTANCES, EXPLOSIVE, N.O.S.",1,1.4S,,1.4,178 274 347,0,E0,P101,,MP2,,,,,4,W2,,CW1,,1.4S,
0482,a,"SUBSTANCES, EXPLOSIVE, VERY INSENSITIVE, N.O.S.",1,1.5D,,1.5,178 274,0,E0,P101,,MP2,,,,,1,W2,,CW1,,1.5D,
0482,b,"SUBSTANCES, EVI, N.O.S.",1,1.5D,,1.5,178 274,0,E0,P101,,MP2,,,,,1,W2,,CW1,,1.5D,
0483,a,"CYCLOTRIMETHYLENETRINITRAMINE, DESENSITIZED",1,1.1D,,1+13,,0,E0,P112(b),,MP20,,,,,1,W2 W3,,CW1,,1.1D,
0483,b,"CYCLOTRIMETHYLENETRINITRAMINE, DESENSITIZED",1,1.1D,,1+13,,0,E0,P112(c),,MP20,,,,,1,W2 W3,,CW1,,1.1D,
0483,c,"CYCLONITE, DESENSITIZED",1,1.1D,,1+13,,0,E0,P112(b),,MP20,,,,,1,W2 W3,,CW1,,1.1D,
0483,d,"CYCLONITE, DESENSITIZED",1,1.1D,,1+13,,0,E0,P112(c),,MP20,,,,,1,W2 W3,,CW1,,1.1D,
0483,e,"HEXOGEN, DESENSITIZED",1,1.1D,,1+13,,0,E0,P112(b),,MP20,,,,,1,W2 W3,,CW1,,1.1D,
0483,f,"HEXOGEN, DESENSITIZED",1,1.1D,,1+13,,0,E0,P112(c),,MP20,,,,,1,W2 W3,,CW1,,1.1D,
0483,g,"RDX, DESENSITIZED",1,1.1D,,1+13,,0,E0,P112(b),,MP20,,,,,1,W2 W3,,CW1,,1.1D,
0483,h,"RDX, DESENSITIZED",1,1.1D,,1+13,,0,E0,P112(c),,MP20,,,,,1,W2 W3,,CW1,,1.1D,
0484,a,"CYCLOTETRAMETHYLENETETRANITRAMINE, DESENSITIZED",1,1.1D,,1+13,,0,E0,P112(b),,MP20,,,,,1,W2 W3,,CW1,,1.1D,
0484,b,"CYCLOTETRAMETHYLENETETRANITRAMINE, DESENSITIZED",1,1.1D,,1+13,,0,E0,P112(c),,MP20,,,,,1,W2 W3,,CW1,,1.1D,
0484,c,"OCTOGEN, DESENSITIZED",1,1.1D,,1+13,,0,E0,P112(b),,MP20,,,,,1,W2 W3,,CW1,,1.1D,
0484,d,"OCTOGEN, DESENSITIZED",1,1.1D,,1+13,,0,E0,P112(c),,MP20,,,,,1,W2 W3,,CW1,,1.1D,
0484,e,"HMX, DESENSITIZED",1,1.1D,,1+13,,0,E0,P112(b),,MP20,,,,,1,W2 W3,,CW1,,1.1D,
0484,f,"HMX, DESENSITIZED",1,1.1D,,1+13,,0,E0,P112(c),,MP20,,,,,1,W2 W3,,CW1,,1.1D,
0485,,"SUBSTANCES, EXPLOSIVE, N.O.S.",1,1.4G,,1.4,178 274,0,E0,P101,,MP2,,,,,2,W2 W3,,CW1,,1.4G,
0486,a,"ARTICLES, EXPLOSIVE, EXTREMELY INSENSITIVE",1,1.6N,,1.6,,0,E0,P101,,MP23,,,,,2,W2,,CW1,,1.6N,
0486,b,"ARTICLES, EEI",1,1.6N,,1.6,,0,E0,P101,,MP23,,,,,2,W2,,CW1,,1.6N,
0487,,"SIGNALS, SMOKE",1,1.3G,,1,,0,E0,P135,,MP23,,,,,1,W2,,CW1,,1.3G,
0488,,"AMMUNITION, PRACTICE",1,1.3G,,1,,0,E0,P130 LP101,PP67 L1,MP23,,,,,1,W2,,CW1,,1.3G,
0489,a,DINITROGLYCOLURIL,1,1.1D,,1+13,,0,E0,P112(b),,MP20,,,,,1,W2 W3,,CW1,,1.1D,
0489,b,DINITROGLYCOLURIL,1,1.1D,,1+13,,0,E0,P112(c),,MP20,,,,,1,W2 W3,,CW1,,1.1D,
0489,c,DINGU,1,1.1D,,1+13,,0,E0,P112(b),,MP20,,,,,1,W2 W3,,CW1,,1.1D,
0489,d,DINGU,1,1.1D,,1+13,,0,E0,P112(c),,MP20,,,,,1,W2 W3,,CW1,,1.1D,
0490,a,NITROTRIAZOLONE,1,1.1D,,1+13,,0,E0,P112(b),,MP20,,,,,1,W2 W3,,CW1,,1.1D,
0490,b,NITROTRIAZOLONE,1,1.1D,,1+13,,0,E0,P112(c),,MP20,,,,,1,W2 W3,,CW1,,1.1D,
0490,c,NTO,1,1.1D,,1+13,,0,E0,P112(b),,MP20,,,,,1,W2 W3,,CW1,,1.1D,
0490,d,NTO,1,1.1D,,1+13,,0,E0,P112(c),,MP20,,,,,1,W2 W3,,CW1,,1.1D,
0491,,"CHARGES, PROPELLING",1,1.4C,,1.4,,0,E0,P143,PP76,MP22,,,,,2,W2,,CW1,,1.4C,
0492,,"SIGNALS, RAILWAY TRACK, EXPLOSIVE",1,1.3G,,1,,0,E0,P135,,MP23,,,,,1,W2,,CW1,,1.3G,
0493,,"SIGNALS, RAILWAY TRACK, EXPLOSIVE",1,1.4G,,1.4,,0,E0,P135,,MP23,,,,,2,W2,,CW1,,1.4G,
0494,,"JET PERFORATING GUNS, CHARGED",1,1.4D,,1.4,,0,E0,P101,,MP21,,,,,2,W2,,CW1,,1.4D,"oil well, without detonator"
0495,,"PROPELLANT, LIQUID",1,1.3C,,1+13,224,0,E0,P115,PP53 PP54 PP57 PP58,MP20,,,,,1,W2,,CW1,,1.3C,
0496,a,OCTONAL,1,1.1D,,1+13,,0,E0,P112(b),,MP20,,,,,1,W2 W3,,CW1,,1.1D,
0496,b,OCTONAL,1,1.1D,,1+13,,0,E0,P112(c),,MP20,,,,,1,W2 W3,,CW1,,1.1D,
0497,,"PROPELLANT, LIQUID",1,1.1C,,1+13,224,0,E0,P115,PP53 PP54 PP57 PP58,MP20,,,,,1,W2,,CW1,,1.1C,
0498,,"PROPELLANT, SOLID",1,1.1C,,1+13,,0,E0,P114(b),,MP20,,,,,1,W2,,CW1,,1.1C,
0499,,"PROPELLANT, SOLID",1,1.3C,,1+13,,0,E0,P114(b),,MP20,,,,,1,W2,,CW1,,1.3C,
0500,,"DETONATOR ASSEMBLIES, NON-ELECTRIC",1,1.4S,,1.4,347,0,E0,P131,,MP23,,,,,4,W2,,CW1,CE1,1.4S,for blasting
0501,,"PROPELLANT, SOLID",1,1.4C,,1.4,,0,E0,P114(b),,MP20,,,,,2,W2,,CW1,,1.4C,
0502,,ROCKETS,1,1.2C,,1,,0,E0,P130 LP101,PP67 L1,MP22,,,,,1,W2,,CW1,,1.2C,with inert head
0503,,"SAFETY DEVICES, PYROTECHNIC",1,1.4G,,1.4,235 289,0,E0,P135,,MP23,,,,,2,W2,,CW1,,1.4G,
0504,,1H-TETRAZOLE,1,1.1D,,1+13,,0,E0,P112(c),PP48,MP20,,,,,1,W2,,CW1,,1.1D,
0505,,"SIGNALS, DISTRESS",1,1.4G,,1.4,,0,E0,P135,,MP23 MP24,,,,,2,W2,,CW1,,1.4G,ship
0506,,"SIGNALS, DISTRESS",1,1.4S,,1.4,,0,E0,P135,,MP23 MP24,,,,,4,W2,,CW1,CE1,1.4S,ship
0507,,"SIGNALS, SMOKE",1,1.4S,,1.4,,0,E0,P135,,MP23 MP24,,,,,4,W2,,CW1,CE1,1.4S,
0508,,"1-HYDROXYBENZOTRIAZOLE, ANHYDROUS",1,1.3C,,1+13,,0,E0,P114(b),PP48 PP50,MP20,,,,,1,W2 W3,,CW1,,1.3C,"dry or wetted with less than 20% water, by mass"
0509,,"POWDER, SMOKELESS",1,1.4C,,1.4,,0,E0,P114(b),PP48,MP20 MP24,,,,,2,W2,,CW1,,1.4C,
0510,,ROCKET MOTORS,1,1.4C,,1.4,,0,E0,P130 LP101,PP67 L1,MP22,,,,,2,W2,,CW1,,1.4C,
0511,,"DETONATORS, ELECTRONIC",1,1.1B,,1+13,,0,E0,P131,,MP23,,,,,1,W2,,CW1,,1.1B,programmable for blasting
0512,,"DETONATORS, ELECTRONIC",1,1.4B,,1.4,,0,E0,P131,,MP23,,,,,2,W2,,CW1,,1.4B,programmable for blasting
0513,,"DETONATORS, ELECTRONIC",1,1.4S,,1.4,347,0,E0,P131,,MP23,,,,,4,W2,,CW1,CE1,1.4S,programmable for blasting
1001,,"ACETYLENE, DISSOLVED",2,4F,,2.1+13,662,0,E0,P200,,MP9,,,PxBN(M),TU17 TU38 TE22 TA4 TT9,2,,,CW9 CW10 CW36,CE2,239,
1002,,"AIR, COMPRESSED",2,1A,,2.2+13,392 397 655 662,120 mL,E1,P200,,MP9,(M),,CxBN(M),TA4 TT9,3,,,CW9 CW10,CE3,20,
1003,,"AIR, REFRIGERATED LIQUID",2,3O,,2.2+5.1+13,,0,E0,P203,,MP9,T75,TP5 TP22,RxBN,TU7 TU19 TA4 TT9 TM6,3,W5,,CW9 CW11 CW36,CE2,225,
1005,,"AMMONIA, ANHYDROUS",2,2TC,,2.3+8+13,23 379,0,E0,P200,,MP9,T50 (M),,PxBH(M),TU38 TE22 TE25 TA4 TT8 TT9 TM6,1,,,CW9 CW10 CW36,,268,
1006,,"ARGON, COMPRESSED",2,1A,,2.2+13,378 392 653 662,120 mL,E1,P200,,MP9,(M),,CxBN(M),TA4 TT9,3,,,CW9 CW10 CW36,CE3,20,
1008,a,BORON TRIFLUORIDE,2,2TC,,2.3+8+13,373,0,E0,P200,,MP9,(M),,PxBH(M),TU38 TE22 TE25 TA4 TT9 TT10 TM6,1,,,CW9 CW10 CW36,,268,
1008,b,BORON TRIFLUORIDE,2,2TC,,2.3+8+13,373,0,E0,P200,,MP9,(M),,PxBH(M),TU38 TE22 TE25 TA4 TT9 TT10 TM6,1,,,CW9 CW10 CW36,,268,
1009,a,BROMOTRIFLUOROMETHANE,2,2A,,2.2+13,662,120 mL,E1,P200,,MP9,T50 (M),,PxBN(M),TA4 TT9 TM6,3,,,CW9 CW10 CW36,CE3,20,
1009,b,REFRIGERANT GAS R 13B1,2,2A,,2.2+13,662,120 mL,E1,P200,,MP9,T50 (M),,PxBN(M),TA4 TT9 TM6,3,,,CW9 CW10 CW36,CE3,20,
1010,a,"BUTADIENES, STABILIZED",2,2F,,2.1+13,386 618 662 676,0,E0,P200,,MP9,T50 (M),,PxBN(M),TU38 TE22 TA4 TT9 TM6,2,,,CW9 CW10 CW36,CE3,239,
1010,b,"BUTADIENES AND HYDROCARBON MIXTURE, STABILIZED",2,2F,,2.1+13,386 618 662 676,0,E0,P200,,MP9,T50 (M),,PxBN(M),TU38 TE22 TA4 TT9 TM6,2,,,CW9 CW10 CW36,CE3,239,containing more than 40% butadienes
1011,,BUTANE,2,2F,,2.1+13,392 657 662 674,0,E0,P200,,MP9,T50 (M),,PxBN(M),TU38 TE22 TA4 TT9 TM6,2,,,CW9 CW10 CW36,CE3,23,
1012,,BUTYLENE,2,2F,,2.1+13,398 662,0,E0,P200,,MP9,T50 (M),,PxBN(M),TU38 TE22 TA4 TT9 TM6,2,,,CW9 CW10 CW36,CE3,23,
1013,,CARBON DIOXIDE,2,2A,,2.2+13,378 392 584 653 662,120 mL,E1,P200,,MP9,(M),,PxBN(M),TA4 TT9 TM6,3,,,CW9 CW10 CW36,CE3,20,
1016,,"CARBON MONOXIDE, COMPRESSED",2,1TF,,2.3+2.1+13,,0,E0,P200,,MP9,(M),,CxBH(M),TU38 TE22 TE25 TA4 TT9,1,,,CW9 CW10 CW36,,263,
1017,,CHLORINE,2,2TOC,,2.3+5.1+8+13,,0,E0,P200,,MP9,T50 (M),TP19,P22DH(M),TU38 TE22 TE25 TA4 TT9 TT10 TM6,1,,,CW9 CW10 CW36,,265,
1018,a,CHLORODIFLUOROMETHANE,2,2A,,2.2+13,662,120 mL,E1,P200,,MP9,T50 (M),,PxBN(M),TA4 TT9 TM6,3,,,CW9 CW10 CW36,CE3,20,
1018,b,REFRIGERANT GAS R 22,2,2A,,2.2+13,662,120 mL,E1,P200,,MP9,T50 (M),,PxBN(M),TA4 TT9 TM6,3,,,CW9 CW10 CW36,CE3,20,
1020,a,CHLOROPENTAFLUOROETHANE,2,2A,,2.2+13,662,120 mL,E1,P200,,MP9,T50 (M),,PxBN(M),TA4 TT9 TM6,3,,,CW9 CW10 CW36,CE3,20,
1020,b,REFRIGERANT GAS R 115,2,2A,,2.2+13,662,120 mL,E1,P200,,MP9,T50 (M),,PxBN(M),TA4 TT9 TM6,3,,,CW9 CW10 CW36,CE3,20,
1021,a,"1-CHLORO-1,2,2,2-TETRAFLUOROETHANE",2,2A,,2.2+13,662,120 mL,E1,P200,,MP9,T50 (M),,PxBN(M),TA4 TT9 TM6,3,,,CW9 CW10 CW36,CE3,20,
1021,b,REFRIGERANT GAS R 124,2,2A,,2.2+13,662,120 mL,E1,P200,,MP9,T50 (M),,PxBN(M),TA4 TT9 TM6,3,,,CW9 CW10 CW36,CE3,20,
1022,a,CHLOROTRIFLUOROMETHANE,2,2A,,2.2+13,662,120 mL,E1,P200,,MP9,(M),,PxBN(M),TA4 TT9 TM6,3,,,CW9 CW10 CW36,CE3,20,
1022,b,REFRIGERANT GAS R 13,2,2A,,2.2+13,662,120 mL,E1,P200,,MP9,(M),,PxBN(M),TA4 TT9 TM6,3,,,CW9 CW10 CW36,CE3,20,
1023,,"COAL GAS, COMPRESSED",2,1TF,,2.3+2.1+13,,0,E0,P200,,MP9,(M),,CxBH(M),TU38 TE22 TE25 TA4 TT9,1,,,CW9 CW10 CW36,,263,
1026,,CYANOGEN,2,2TF,,2.3+2.1+13,,0,E0,P200,,MP9,(M),,PxBH(M),TU38 TE22 TE25 TA4 TT9 TM6,1,,,CW9 CW10 CW36,,263,
1027,,CYCLOPROPANE,2,2F,,2.1+13,662,0,E0,P200,,MP9,T50 (M),,PxBN(M),TU38 TE22 TA4 TT9 TM6,2,,,CW9 CW10 CW36,CE3,23,
1028,a,DICHLORODIFLUOROMETHANE,2,2A,,2.2+13,662,120 mL,E1,P200,,MP9,T50 (M),,PxBN(M),TA4 TT9 TM6,3,,,CW9 CW10 CW36,CE3,20,
1028,b,REFRIGERANT GAS R 12,2,2A,,2.2+13,662,120 mL,E1,P200,,MP9,T50 (M),,PxBN(M),TA4 TT9 TM6,3,,,CW9 CW10 CW36,CE3,20,
1029,a,DICHLOROFLUOROMETHANE,2,2A,,2.2+13,662,120 mL,E1,P200,,MP9,T50 (M),,PxBN(M),TA4 TT9 TM6,3,,,CW9 CW10 CW36,CE3,20,
1029,b,REFRIGERANT GAS R 21,2,2A,,2.2+13,662,120 mL,E1,P200,,MP9,T50 (M),,PxBN(M),TA4 TT9 TM6,3,,,CW9 CW10 CW36,CE3,20,
1030,a,"1,1-DIFLUOROETHANE",2,2F,,2.1+13,662,0,E0,P200,,MP9,T50 (M),,PxBN(M),TU38 TE22 TA4 TT9 TM6,2,,,CW9 CW10 CW36,CE3,23,
1030,b,REFRIGERANT GAS R 152a,2,2F,,2.1+13,662,0,E0,P200,,MP9,T50 (M),,PxBN(M),TU38 TE22 TA4 TT9 TM6,2,,,CW9 CW10 CW36,CE3,23,
1032,,"DIMETHYLAMINE, ANHYDROUS",2,2F,,2.1+13,662,0,E0,P200,,MP9,T50 (M),,PxBN(M),TU38 TE22 TA4 TT9 TM6,2,,,CW9 CW10 CW36,CE3,23,
1033,,DIMETHYL ETHER,2,2F,,2.1+13,662,0,E0,P200,,MP9,T50 (M),,PxBN(M),TU38 TE22 TA4 TT9 TM6,2,,,CW9 CW10 CW36,CE3,23,
1035,,ETHANE,2,2F,,2.1+13,662,0,E0,P200,,MP9,(M),,PxBN(M),TU38 TE22 TA4 TT9 TM6,2,,,CW9 CW10 CW36,CE3,23,
1036,,ETHYLAMINE,2,2F,,2.1+13,662,0,E0,P200,,MP9,T50 (M),,PxBN(M),TU38 TE22 TA4 TT9 TM6,2,,,CW9 CW10 CW36,CE3,23,
1037,,ETHYL CHLORIDE,2,2F,,2.1+13,662,0,E0,P200,,MP9,T50 (M),,PxBN(M),TU38 TE22 TA4 TT9 TM6,2,,,CW9 CW10 CW36,CE3,23,
1038,,"ETHYLENE, REFRIGERATED LIQUID",2,3F,,2.1+13,,0,E0,P203,,MP9,T75,TP5,RxBN,TU18 TU38 TE22 TE26 TA4 TT9 TM6,2,W5,,CW9 CW11 CW36,CE2,223,
1039,,ETHYL METHYL ETHER,2,2F,,2.1+13,662,0,E0,P200,,MP9,(M),,PxBN(M),TU38 TE22 TA4 TT9 TM6,2,,,CW9 CW10 CW36,CE3,23,
1040,a,ETHYLENE OXIDE,2,2TF,,2.3+2.1,342,0,E0,P200,,MP9,(M),,,,1,,,CW9 CW10 CW36,,263,
1040,b,ETHYLENE OXIDE WITH NITROGEN,2,2TF,,2.3+2.1+13,342,0,E0,P200,,MP9,T50 (M),TP20,PxBH(M),TU38 TE22 TE25 TA4 TT9 TM6,1,,,CW9 CW10 CW36,,263,up to a total pressure of 1MPa (10 bar) at 50°C
1040,c,ETHYLENE OXIDE,2,2TF,,2.3+2.1,342,0,E3,P200,,MP9,(M),,,,1,,,CW9 CW10 CW36,,263,
1040,d,ETHYLENE OXIDE WITH NITROGEN,2,2TF,,2.3+2.1+13,342,0,E3,P200,,MP9,T50 (M),TP20,PxBH(M),TU38 TE22 TE25 TA4 TT9 TM6,1,,,CW9 CW10 CW36,,263,up to a total pressure of 1MPa (10 bar) at 50°C
1041,,ETHYLENE OXIDE AND CARBON DIOXIDE MIXTURE,2,2F,,2.1+13,662,0,E0,P200,,MP9,T50 (M),,PxBN(M),TU38 TE22 TA4 TT9 TM6,2,,,CW9 CW10 CW36,CE3,239,with more than 9% but not more than 87% ethylene oxide
1043,,FERTILIZER AMMONIATING SOLUTION,2,4A,,2.2,642,,,,,,,,,,,,,,,,with free ammonia
1044,,FIRE EXTINGUISHERS,2,6A,,2.2,225 594,120 mL,E0,P003,PP91,MP9,,,,,3,,,CW9,CE2,20,with compressed or liquefied gas
1045,,"FLUORINE, COMPRESSED",2,1TOC,,2.3+5.1+8,,0,E0,P200,,MP9,,,,,1,,,CW9 CW10 CW36,,265,
1046,,"HELIUM, COMPRESSED",2,1A,,2.2+13,378 392 653 662,120 mL,E1,P200,,MP9,(M),,CxBN(M),TA4 TT9,3,,,CW9 CW10 CW36,CE3,20,
1048,,"HYDROGEN BROMIDE, ANHYDROUS",2,2TC,,2.3+8+13,,0,E0,P200,,MP9,(M),,PxBH(M),TU38 TE22 TE25 TA4 TT9 TT10 TM6,1,,,CW9 CW10 CW36,,268,
1049,,"HYDROGEN, COMPRESSED",2,1F,,2.1+13,392 662,0,E0,P200,,MP9,(M),,CxBN(M),TU38 TE22 TA4 TT9,2,,,CW9 CW10 CW36,CE3,23,
1050,,"HYDROGEN CHLORIDE, ANHYDROUS",2,2TC,,2.3+8+13,,0,E0,P200,,MP9,(M),,PxBH(M),TU38 TE22 TE25 TA4 TT9 TT10 TM6,1,,,CW9 CW10 CW36,,268,
1051,,"HYDROGEN CYANIDE, STABILIZED",6.1,TF1,I,6.1+3,386 603 676,0,E0,P200,,MP2,,,,,0,,,CW13 CW28 CW31,,663,containing less than 3% water
1052,,"HYDROGEN FLUORIDE, ANHYDROUS",8,CT1,I,8+6.1,,0,E0,P200,,MP2,T10,TP2,L21DH(+),TU14 TU34 TU38 TC1 TE17 TE21 TE22 TE25 TA4 TT9 TM3,1,,,CW13 CW28 CW34,,886,
1053,,HYDROGEN SULPHIDE,2,2TF,,2.3+2.1+13,,0,E0,P200,,MP9,(M),,PxDH(M),TU38 TE22 TE25 TA4 TT9 TT10 TM6,1,,,CW9 CW10 CW36,,263,
1055,,ISOBUTYLENE,2,2F,,2.1+13,662,0,E0,P200,,MP9,T50 (M),,PxBN(M),TU38 TE22 TA4 TT9 TM6,2,,,CW9 CW10 CW36,CE3,23,
1056,,"KRYPTON, COMPRESSED",2,1A,,2.2+13,378 392 662,120 mL,E1,P200,,MP9,(M),,CxBN(M),TA4 TT9,3,,,CW9 CW10 CW36,CE3,20,
1057,a,LIGHTERS,2,6F,,2.1,201 654 658,0,E0,P002,PP84 RR5,MP9,,,,,2,,,CW9,CE2,23,containing flammable gas
1057,b,LIGHTER REFILLS,2,6F,,2.1,201 654 658,0,E0,P002,PP84 RR5,MP9,,,,,2,,,CW9,CE2,23,containing flammable gas
1058,,LIQUEFIED GASES,2,2A,,2.2+13,392 662,120 mL,E1,P200,,MP9,(M),,PxBN(M),TA4 TT9 TM6,3,,,CW9 CW10 CW36,CE3,20,"non-flammable, charged with nitrogen, carbon dioxide or air"
1060,,"METHYLACETYLENE AND PROPADIENE MIXTURE, STABILIZED",2,2F,,2.1+13,386 581 662 676,0,E0,P200,,MP9,T50 (M),,PxBN(M),TU38 TE22 TA4 TT9 TM6,2,,,CW9 CW10 CW36,CE3,239,such as mixture P1 or mixture P2
1061,,"METHYLAMINE, ANHYDROUS",2,2F,,2.1+13,662,0,E0,P200,,MP9,T50 (M),,PxBN(M),TU38 TE22 TA4 TT9 TM6,2,,,CW9 CW10 CW36,CE3,23,
1062,,METHYL BROMIDE,2,2T,,2.3+13,23,0,E0,P200,,MP9,T50 (M),,PxBH(M),TU38 TE22 TE25 TA4 TT9 TM6,1,,,CW9 CW10 CW36,,26,with not more than 2% chloropicrin
1063,a,METHYL CHLORIDE,2,2F,,2.1+13,662,0,E0,P200,,MP9,T50 (M),,PxBN(M),TU38 TE22 TA4 TT9 TM6,2,,,CW9 CW10 CW36,CE3,23,
1063,b,REFRIGERANT GAS R 40,2,2F,,2.1+13,662,0,E0,P200,,MP9,T50 (M),,PxBN(M),TU38 TE22 TA4 TT9 TM6,2,,,CW9 CW10 CW36,CE3,23,
1064,,METHYL MERCAPTAN,2,2TF,,2.3+2.1+13,,0,E0,P200,,MP9,T50 (M),,PxDH(M),TU38 TE22 TE25 TA4 TT9 TM6,1,,,CW9 CW10 CW36,,263,
1065,,"NEON, COMPRESSED",2,1A,,2.2+13,378 392 662,120 mL,E1,P200,,MP9,(M),,CxBN(M),TA4 TT9,3,,,CW9 CW10 CW36,CE3,20,
1066,,"NITROGEN, COMPRESSED",2,1A,,2.2+13,378 392 653 662,120 mL,E1,P200,,MP9,(M),,CxBN(M),TA4 TT9,3,,,CW9 CW10 CW36,CE3,20,
1067,a,DINITROGEN TETROXIDE,2,2TOC,,2.3+5.1+8+13,,0,E0,P200,,MP9,T50,TP21,PxBH(M),TU17 TU38 TE22 TA4 TT9,1,,,CW9 CW10 CW36,,265,
1067,b,NITROGEN DIOXIDE,2,2TOC,,2.3+5.1+8+13,,0,E0,P200,,MP9,T50,TP21,PxBH(M),TU17 TU38 TE22 TA4 TT9,1,,,CW9 CW10 CW36,,265,
1069,,NITROSYL CHLORIDE,2,2TC,,2.3+8,,0,E0,P200,,MP9,,,,,1,,,CW9 CW10 CW36,,268,
1070,,NITROUS OXIDE,2,2O,,2.2+5.1+13,584 662,0,E0,P200,,MP9,(M),,PxBN(M),TA4 TT9 TM6,3,,,CW9 CW10 CW36,CE3,25,
1071,,"OIL GAS, COMPRESSED",2,1TF,,2.3+2.1+13,,0,E0,P200,,MP9,(M),,CxBH(M),TU38 TE22 TE25 TA4 TT9,1,,,CW9 CW10 CW36,,263,
1072,,"OXYGEN, COMPRESSED",2,1O,,2.2+5.1+13,355 655 662,0,E0,P200,,MP9,(M),,CxBN(M),TA4 TT9,3,,,CW9 CW10 CW36,CE3,25,
1073,,"OXYGEN, REFRIGERATED LIQUID",2,3O,,2.2+5.1+13,,0,E0,P203,,MP9,T75,TP5 TP22,RxBN,TU7 TU19 TA4 TT9 TM6,3,W5,,CW9 CW11 CW36,CE2,225,
1075,,"PETROLEUM GASES, LIQUEFIED",2,2F,,2.1+13,274 392 583 639 662 674,0,E0,P200,,MP9,T50 (M),,PxBN(M),TU38 TE22 TA4 TT9 TM6,2,,,CW9 CW10 CW36,CE3,23,
1076,,PHOSGENE,2,2TC,,2.3+8+13,,0,E0,P200,,MP9,,,P22DH(M),TU17 TU38 TE22 TA4 TT9,1,,,CW9 CW10 CW36,,268,
1077,,PROPYLENE,2,2F,,2.1+13,662,0,E0,P200,,MP9,T50 (M),,PxBN(M),TU38 TE22 TA4 TT9 TM6,2,,,CW9 CW10 CW36,CE3,23,
1078,,"REFRIGERANT GAS, N.O.S.",2,2A,,2.2+13,274 582 662,120 mL,E1,P200,,MP9,T50 (M),,PxBN(M),TA4 TT9 TM6,3,,,CW9 CW10 CW36,CE3,20,"such as mixture F1, mixture F2 or mixture F3"
1079,,SULPHUR DIOXIDE,2,2TC,,2.3+8+13,,0,E0,P200,,MP9,T50 (M),TP19,PxDH(M),TU38 TE22 TE25 TA4 TT9 TT10 TM6,1,,,CW9 CW10 CW36,,268,
1080,,SULPHUR HEXAFLUORIDE,2,2A,,2.2+13,392 662,120 mL,E1,P200,,MP9,(M),,PxBN(M),TA4 TT9 TM6,3,,,CW9 CW10 CW36,CE3,20,
1081,,"TETRAFLUOROETHYLENE, STABILIZED",2,2F,,2.1,386 662 676,0,E0,P200,,MP9,(M),,PxBN(M ),TU38 TU40 TE22 TA4 TT9,2,,,CW9 CW10 CW36,CE3,239,
1082,a,"TRIFLUOROCHLOROETHYLENE, STABILIZED",2,2TF,,2.3+2.1+13,386 676,0,E0,P200,,MP9,T50 (M),,PxBH(M),TU38 TE22 TE25 TA4 TT9 TM6,1,,,CW9 CW10 CW36,,263,
1082,b,REFRIGERANT GAS R 1113,2,2TF,,2.3+2.1+13,386 676,0,E0,P200,,MP9,T50 (M),,PxBH(M),TU38 TE22 TE25 TA4 TT9 TM6,1,,,CW9 CW10 CW36,,263,
1083,,"TRIMETHYLAMINE, ANHYDROUS",2,2F,,2.1+13,662,0,E0,P200,,MP9,T50 (M),,PxBN(M),TU38 TE22 TA4 TT9 TM6,2,,,CW9 CW10 CW36,CE3,23,
1085,,"VINYL BROMIDE, STABILIZED",2,2F,,2.1+13,386 662 676,0,E0,P200,,MP9,T50 (M),,PxBN(M),TU38 TE22 TA4 TT9 TM6,2,,,CW9 CW10 CW36,CE3,239,
1086,,"VINYL CHLORIDE, STABILIZED",2,2F,,2.1+13,386 662 676,0,E0,P200,,MP9,T50 (M),,PxBN(M),TU38 TE22 TA4 TT9 TM6,2,,,CW9 CW10 CW36,CE3,239,
1087,,"VINYL METHYL ETHER, STABILIZED",2,2F,,2.1+13,386 662 676,0,E0,P200,,MP9,T50 (M),,PxBN(M),TU38 TE22 TA4 TT9 TM6,2,,,CW9 CW10 CW36,CE3,239,
1088,,ACETAL,3,F1,II,3,,1 L,E2,P001 IBC02 R001,,MP19,T4,TP1,LGBF,,2,,,,CE7,33,
1089,,ACETALDEHYDE,3,F1,I,3,,0,E0,P001,,MP7 MP17,T11,TP2 TP7,L4BN,TU8,1,,,,,33,
1090,,ACETONE,3,F1,II,3,,1 L,E2,P001 IBC02 R001,,MP19,T4,TP1,LGBF,,2,,,,CE7,33,
1091,,ACETONE OILS,3,F1,II,3,,1 L,E2,P001 IBC02 R001,,MP19,T4,TP1 TP8,LGBF,,2,,,,CE7,33,
1092,,"ACROLEIN, STABILIZED",6.1,TF1,I,6.1+3,354 386 676,0,E0,P601,,MP8 MP17,T22,TP2 TP7,L15CH,TU14 TU15 TU38 TE21 TE22 TE25,1,,,CW13 CW28 CW31,,663,
1093,,"ACRYLONITRILE, STABILIZED",3,FT1,I,3+6.1,386 676,0,E0,P001,,MP7 MP17,T14,TP2,L10CH,TU14 TU15 TU38 TE21 TE22,1,,,CW13 CW28,,336,
1098,,ALLYL ALCOHOL,6.1,TF1,I,6.1+3,354,0,E0,P602,,MP8 MP17,T20,TP2,L10CH,TU14 TU15 TU38 TE21 TE22,1,,,CW13 CW28 CW31,,663,
1099,,ALLYL BROMIDE,3,FT1,I,3+6.1,,0,E0,P001,,MP7 MP17,T14,TP2,L10CH,TU14 TU15 TU38 TE21 TE22,1,,,CW13 CW28,,336,
1100,,ALLYL CHLORIDE,3,FT1,I,3+6.1,,0,E0,P001,,MP7 MP17,T14,TP2,L10CH,TU14 TU15 TU38 TE21 TE22,1,,,CW13 CW28,,336,
1104,,AMYL ACETATES,3,F1,III,3,,5 L,E1,P001 IBC03 LP01 R001,,MP19,T2,TP1,LGBF,,3,W12,,,CE4,30,
1105,a,PENTANOLS,3,F1,II,3,,1 L,E2,P001 IBC02 R001,,MP19,T4,TP1 TP29,LGBF,,2,,,,CE7,33,
1105,b,PENTANOLS,3,F1,III,3,,5 L,E1,P001 IBC03 LP01 R001,,MP19,T2,TP1,LGBF,,3,W12,,,CE4,30,
1106,a,AMYLAMINE,3,FC,II,3+8,,1 L,E2,P001 IBC02,,MP19,T7,TP1,L4BH,,2,,,,CE7,338,
1106,b,AMYLAMINE,3,FC,III,3+8,,5 L,E1,P001 IBC03 R001,,MP19,T4,TP1,L4BN,,3,W12,,,CE4,38,
1107,,AMYL CHLORIDE,3,F1,II,3,,1 L,E2,P001 IBC02 R001,,MP19,T4,TP1,LGBF,,2,,,,CE7,33,
1108,a,1-PENTENE,3,F1,I,3,,0,E3,P001,,MP7 MP17,T11,TP2,L4BN,,1,,,,,33,
1108,b,n-AMYLENE,3,F1,I,3,,0,E3,P001,,MP7 MP17,T11,TP2,L4BN,,1,,,,,33,
1109,,AMYL FORMATES,3,F1,III,3,,5 L,E1,P001 IBC03 LP01 R001,,MP19,T2,TP1,LGBF,,3,W12,,,CE4,30,
1110,,n-AMYL METHYL KETONE,3,F1,III,3,,5 L,E1,P001 IBC03 LP01 R001,,MP19,T2,TP1,LGBF,,3,W12,,,CE4,30,
1111,,AMYL MERCAPTAN,3,F1,II,3,,1 L,E2,P001 IBC02 R001,,MP19,T4,TP1,LGBF,,2,,,,CE7,33,
1112,,AMYL NITRATE,3,F1,III,3,,5 L,E1,P001 IBC03 LP01 R001,,MP19,T2,TP1,LGBF,,3,W12,,,CE4,30,
1113,,AMYL NITRITE,3,F1,II,3,,1 L,E2,P001 IBC02 R001,,MP19,T4,TP1,LGBF,,2,,,,CE7,33,
1114,,BENZENE,3,F1,II,3,,1 L,E2,P001 IBC02 R001,,MP19,T4,TP1,LGBF,,2,,,,CE7,33,
1120,a,BUTANOLS,3,F1,II,3,,1 L,E2,P001 IBC02 R001,,MP19,T4,TP1 TP29,LGBF,,2,,,,CE7,33,
1120,b,BUTANOLS,3,F1,III,3,,5 L,E1,P001 IBC03 LP01 R001,,MP19,T2,TP1,LGBF,,3,W12,,,CE4,30,
1123,a,BUTYL ACETATES,3,F1,II,3,,1 L,E2,P001 IBC02 R001,,MP19,T4,TP1,LGBF,,2,,,,CE7,33,
1123,b,BUTYL ACETATES,3,F1,III,3,,5 L,E1,P001 IBC03 LP01 R001,,MP19,T2,TP1,LGBF,,3,W12,,,CE4,30,
1125,,n-BUTYLAMINE,3,FC,II,3+8,,1 L,E2,P001 IBC02,,MP19,T7,TP1,L4BH,,2,,,,CE7,338,
1126,,1-BROMOBUTANE,3,F1,II,3,,1 L,E2,P001 IBC02 R001,,MP19,T4,TP1,LGBF,,2,,,,CE7,33,
1127,,CHLOROBUTANES,3,F1,II,3,,1 L,E2,P001 IBC02 R001,,MP19,T4,TP1,LGBF,,2,,,,CE7,33,
1128,,n-BUTYL FORMATE,3,F1,II,3,,1 L,E2,P001 IBC02 R001,,MP19,T4,TP1,LGBF,,2,,,,CE7,33,
1129,,BUTYRALDEHYDE,3,F1,II,3,,1 L,E2,P001 IBC02 R001,,MP19,T4,TP1,LGBF,,2,,,,CE7,33,
1130,,CAMPHOR OIL,3,F1,III,3,,5 L,E1,P001 IBC03 LP01 R001,,MP19,T2,TP1,LGBF,,3,W12,,,CE4,30,
1131,,CARBON DISULPHIDE,3,FT1,I,3+6.1,,0,E0,P001,PP31,MP7 MP17,T14,TP2 TP7,L10CH,TU2 TU14 TU15 TU38 TE21 TE22,1,,,CW13 CW28,,336,
1133,a,ADHESIVES,3,F1,I,3,,500 mL,E3,P001,,MP7 MP17,T11,TP1 TP8 TP27,L4BN,,1,,,,,33,containing flammable liquid
1133,b,ADHESIVES,3,F1,II,3,640C/D,5 L,E2,P001 IBC02* R001*,PP1,MP19,T4,TP1 TP8,L1.5BN/LGBF,,2,,,,CE7,33,containing flammable liquid
1133,c,ADHESIVES,3,F1,III,3,,5 L,E1,P001 IBC* LP01 R001,PP1 BB4*,MP19,T2*,TP1*,L*,,3,W12*,,,CE4,30 or 33,containing flammable liquid
1134,,CHLOROBENZENE,3,F1,III,3,,5 L,E1,P001 IBC03 LP01 R001,,MP19,T2,TP1,LGBF,,3,W12,,,CE4,30,
1135,,ETHYLENE CHLOROHYDRIN,6.1,TF1,I,6.1+3,354,0,E0,P602,,MP8 MP17,T20,TP2,L10CH,TU14 TU15 TU38 TE21 TE22,1,,,CW13 CW28 CW31,,663,
1136,a,"COAL TAR DISTILLATES, FLAMMABLE",3,F1,II,3,,1 L,E2,P001 IBC02 R001,,MP19,T4,TP1,LGBF,,2,,,,CE7,33,
1136,b,"COAL TAR DISTILLATES, FLAMMABLE",3,F1,III,3,,5 L,E1,P001 IBC03 LP01 R001,,MP19,T4,TP1 TP29,LGBF,,3,W12,,,CE4,30,
1139,a,COATING SOLUTION,3,F1,I,3,,500 mL,E3,P001,,MP7 MP17,T11,TP1 TP8 TP27,L4BN,,1,,,,,33,"(includes surface treatments or coatings used for industrial or other purposes such as vehicle under-coating, drum or barrel lining)"
1139,b,COATING SOLUTION,3,F1,II,3,640C/D,5 L,E2,P001 IBC02* R001*,,MP19,T4,TP1 TP8,L1.5BN/LGBF,,2,,,,CE7,33,"(includes surface treatments or coatings used for industrial or other purposes such as vehicle under-coating, drum or barrel lining)"
1139,c,COATING SOLUTION,3,F1,III,3,,5 L,E1,P001 IBC* LP01 R001,,MP19,T2,TP1,L*,,3,W12*,,,CE4,30 or 33,"(includes surface treatments or coatings used for industrial or other purposes such as vehicle under-coating, drum or barrel lining)"
1143,a,CROTONALDEHYDE,6.1,TF1,I,6.1+3,324 354 386 676,0,E0,P602,,MP8 MP17,T20,TP2,L10CH,TU14 TU15 TU38 TE21 TE22,1,,,CW13 CW28 CW31,,663,
1143,b,"CROTONALDEHYDE, STABILIZED",6.1,TF1,I,6.1+3,324 354 386 676,0,E0,P602,,MP8 MP17,T20,TP2,L10CH,TU14 TU15 TU38 TE21 TE22,1,,,CW13 CW28 CW31,,663,
1144,,CROTONYLENE,3,F1,I,3,,0,E3,P001,,MP7 MP17,T11,TP2,L4BN,,1,,,,,339,
1145,,CYCLOHEXANE,3,F1,II,3,,1 L,E2,P001 IBC02 R001,,MP19,T4,TP1,LGBF,,2,,,,CE7,33,
1146,,CYCLOPENTANE,3,F1,II,3,,1 L,E2,P001 IBC02 R001,,MP19,T7,TP1,LGBF,,2,,,,CE7,33,
1147,,DECAHYDRONAPHTHALENE,3,F1,III,3,,5 L,E1,P001 IBC03 LP01 R001,,MP19,T2,TP1,LGBF,,3,W12,,,CE4,30,
1148,a,DIACETONE ALCOHOL,3,F1,II,3,,1 L,E2,P001 IBC02 R001,,MP19,T4,TP1,LGBF,,2,,,,CE7,33,
1148,b,DIACETONE ALCOHOL,3,F1,III,3,,5 L,E1,P001 IBC03 LP01 R001,,MP19,T2,TP1,LGBF,,3,W12,,,CE4,30,
1149,,DIBUTYL ETHERS,3,F1,III,3,,5 L,E1,P001 IBC03 LP01 R001,,MP19,T2,TP1,LGBF,,3,W12,,,CE4,30,
1150,,"1,2-DICHLOROETHYLENE",3,F1,II,3,,1 L,E2,P001 IBC02 R001,,MP19,T7,TP2,LGBF,,2,,,,CE7,33,
1152,,DICHLOROPENTANES,3,F1,III,3,,5 L,E1,P001 IBC03 LP01 R001,,MP19,T2,TP1,LGBF,,3,W12,,,CE4,30,
1153,a,ETHYLENE GLYCOL DIETHYL ETHER,3,F1,II,3,,1 L,E2,P001 IBC02 R001,,MP19,T4,TP1,LGBF,,2,,,,CE7,33,
1153,b,ETHYLENE GLYCOL DIETHYL ETHER,3,F1,III,3,,5 L,E1,P001 IBC03 LP01 R001,,MP19,T2,TP1,LGBF,,3,W12,,,CE4,30,
1154,,DIETHYLAMINE,3,FC,II,3+8,,1 L,E2,P001 IBC02,,MP19,T7,TP1,L4BH,,2,,,,CE7,338,
1155,a,DIETHYL ETHER,3,F1,I,3,,0,E3,P001,,MP7 MP17,T11,TP2,L4BN,,1,,,,,33,
1155,b,ETHYL ETHER,3,F1,I,3,,0,E3,P001,,MP7 MP17,T11,TP2,L4BN,,1,,,,,33,
1156,,DIETHYL KETONE,3,F1,II,3,,1 L,E2,P001 IBC02 R001,,MP19,T4,TP1,LGBF,,2,,,,CE7,33,
1157,,DIISOBUTYL KETONE,3,F1,III,3,,5 L,E1,P001 IBC03 LP01 R001,,MP19,T2,TP1,LGBF,,3,W12,,,CE4,30,
1158,,DIISOPROPYLAMINE,3,FC,II,3+8,,1 L,E2,P001 IBC02,,MP19,T7,TP1,L4BH,,2,,,,CE7,338,
1159,,DIISOPROPYL ETHER,3,F1,II,3,,1 L,E2,P001 IBC02 R001,,MP19,T4,TP1,LGBF,,2,,,,CE7,33,
1160,,"DIMETHYLAMINE, AQUEOUS SOLUTION",3,FC,II,3+8,,1 L,E2,P001 IBC02,,MP19,T7,TP1,L4BH,,2,,,,CE7,338,
1161,,DIMETHYL CARBONATE,3,F1,II,3,,1 L,E2,P001 IBC02 R001,,MP19,T4,TP1,LGBF,,2,,,,CE7,33,
1162,,DIMETHYLDICHLOROSILANE,3,FC,II,3+8,,0,E0,P010,,MP19,T10,TP2 TP7,L4BH,,2,,,,CE7,X338,
1163,,"DIMETHYLHYDRAZINE, UNSYMMETRICAL",6.1,TFC,I,6.1+3+8,354,0,E0,P602,,MP8 MP17,T20,TP2,L10CH,TU14 TU15 TU38 TE21 TE22,1,,,CW13 CW28 CW31,,663,
1164,,DIMETHYL SULPHIDE,3,F1,II,3,,1 L,E2,P001 IBC02,B8,MP19,T7,TP2,L1.5BN,,2,,,,CE7,33,
1165,,DIOXANE,3,F1,II,3,,1 L,E2,P001 IBC02 R001,,MP19,T4,TP1,LGBF,,2,,,,CE7,33,
1166,,DIOXOLANE,3,F1,II,3,,1 L,E2,P001 IBC02 R001,,MP19,T4,TP1,LGBF,,2,,,,CE7,33,
1167,,"DIVINYL ETHER, STABILIZED",3,F1,I,3,386 676,0,E3,P001,,MP7 MP17,T11,TP2,L4BN,,1,,,,,339,
1170,a,ETHANOL,3,F1,II,3,144 601,1 L,E2,P001 IBC02 R001,,MP19,T4,TP1,LGBF,,2,,,,CE7,33,
1170,b,ETHYL ALCOHOL,3,F1,II,3,144 601,1 L,E2,P001 IBC02 R001,,MP19,T4,TP1,LGBF,,2,,,,CE7,33,
1170,c,ETHANOL SOLUTION,3,F1,II,3,144 601,1 L,E2,P001 IBC02 R001,,MP19,T4,TP1,LGBF,,2,,,,CE7,33,
1170,d,ETHYL ALCOHOL SOLUTION,3,F1,II,3,144 601,1 L,E2,P001 IBC02 R001,,MP19,T4,TP1,LGBF,,2,,,,CE7,33,
1170,e,ETHANOL SOLUTION,3,F1,III,3,144 601,5 L,E1,P001 IBC03 LP01 R001,,MP19,T2,TP1,LGBF,,3,W12,,,CE4,30,
1170,f,ETHYL ALCOHOL SOLUTION,3,F1,III,3,144 601,5 L,E1,P001 IBC03 LP01 R001,,MP19,T2,TP1,LGBF,,3,W12,,,CE4,30,
1171,,ETHYLENE GLYCOL MONOETHYL ETHER,3,F1,III,3,,5 L,E1,P001 IBC03 LP01 R001,,MP19,T2,TP1,LGBF,,3,W12,,,CE4,30,
1172,,ETHYLENE GLYCOL MONOETHYL ETHER ACETATE,3,F1,III,3,,5 L,E1,P001 IBC03 LP01 R001,,MP19,T2,TP1,LGBF,,3,W12,,,CE4,30,
1173,,ETHYL ACETATE,3,F1,II,3,,1 L,E2,P001 IBC02 R001,,MP19,T4,TP1,LGBF,,2,,,,CE7,33,
1175,,ETHYLBENZENE,3,F1,II,3,,1 L,E2,P001 IBC02 R001,,MP19,T4,TP1,LGBF,,2,,,,CE7,33,
1176,,ETHYL BORATE,3,F1,II,3,,1 L,E2,P001 IBC02 R001,,MP19,T4,TP1,LGBF,,2,,,,CE7,33,
1177,,2-ETHYLBUTYL ACETATE,3,F1,III,3,,5 L,E1,P001 IBC03 LP01 R001,,MP19,T2,TP1,LGBF,,3,W12,,,CE4,30,
1178,,2-ETHYLBUTYRALDEHYDE,3,F1,II,3,,1 L,E2,P001 IBC02 R001,,MP19,T4,TP1,LGBF,,2,,,,CE7,33,
1179,,ETHYL BUTYL ETHER,3,F1,II,3,,1 L,E2,P001 IBC02 R001,,MP19,T4,TP1,LGBF,,2,,,,CE7,33,
1180,,ETHYL BUTYRATE,3,F1,III,3,,5 L,E1,P001 IBC03 LP01 R001,,MP19,T2,TP1,LGBF,,3,W12,,,CE4,30,
1181,,ETHYL CHLOROACETATE,6.1,TF1,II,6.1+3,,100 mL,E4,P001 IBC02,,MP15,T7,TP2,L4BH,TU15,2,,,CW13 CW28 CW31,CE5,63,
1182,,ETHYL CHLOROFORMATE,6.1,TFC,I,6.1+3+8,354,0,E0,P602,,MP8 MP17,T20,TP2,L10CH,TU14 TU15 TU38 TE21 TE22,1,,,CW13 CW28 CW31,,663,
1183,,ETHYLDICHLOROSILANE,4.3,WFC,I,4.3+3+8,,0,E0,P401,RR7,MP2,T14,TP2 TP7,L10DH,TU14 TU23 TU38 TE21 TE22 TM2 TM3,0,W1,,CW23,,X338,
1184,,ETHYLENE DICHLORIDE,3,FT1,II,3+6.1,,1 L,E2,P001 IBC02,,MP19,T7,TP1,L4BH,TU15,2,,,CW13 CW28,CE7,336,
1185,,"ETHYLENEIMINE, STABILIZED",6.1,TF1,I,6.1+3,354 386 676,0,E0,P601,,MP2,T22,TP2,L15CH,TU14 TU15 TU38 TE21 TE22 TE25,1,,,CW13 CW28 CW31,,663,
1188,,ETHYLENE GLYCOL MONOMETHYL ETHER,3,F1,III,3,,5 L,E1,P001 IBC03 LP01 R001,,MP19,T2,TP1,LGBF,,3,W12,,,CE4,30,
1189,,ETHYLENE GLYCOL MONOMETHYL ETHER ACETATE,3,F1,III,3,,5 L,E1,P001 IBC03 LP01 R001,,MP19,T2,TP1,LGBF,,3,W12,,,CE4,30,
1190,,ETHYL FORMATE,3,F1,II,3,,1 L,E2,P001 IBC02 R001,,MP19,T4,TP1,LGBF,,2,,,,CE7,33,
1191,,OCTYL ALDEHYDES,3,F1,III,3,,5 L,E1,P001 IBC03 LP01 R001,,MP19,T2,TP1,LGBF,,3,W12,,,CE4,30,
1192,,ETHYL LACTATE,3,F1,III,3,,5 L,E1,P001 IBC03 LP01 R001,,MP19,T2,TP1,LGBF,,3,W12,,,CE4,30,
1193,a,ETHYL METHYL KETONE,3,F1,II,3,,1 L,E2,P001 IBC02 R001,,MP19,T4,TP1,LGBF,,2,,,,CE7,33,
1193,b,METHYL ETHYL KETONE,3,F1,II,3,,1 L,E2,P001 IBC02 R001,,MP19,T4,TP1,LGBF,,2,,,,CE7,33,
1194,,ETHYL NITRITE SOLUTION,3,FT1,I,3+6.1,,0,E0,P001,,MP7 MP17,,,L10CH,TU14 TU15 TU38 TE21 TE22,1,,,CW13 CW28,,336,
1195,,ETHYL PROPIONATE,3,F1,II,3,,1 L,E2,P001 IBC02 R001,,MP19,T4,TP1,LGBF,,2,,,,CE7,33,
1196,,ETHYLTRICHLOROSILANE,3,FC,II,3+8,,0,E0,P010,,MP19,T10,TP2 TP7,L4BH,,2,,,,CE7,X338,
1197,a,"EXTRACTS, LIQUID",3,F1,II,3,601 640C/D,5 L,E2,P001 IBC02* R001*,,MP19,T4,TP1 TP8,L1.5BN/LGBF,,2,,,,CE7,33,for flavour or aroma
1197,b,"EXTRACTS, LIQUID",3,F1,III,3,601,5 L,E1,P001 IBC* LP01 R001,,MP19,T2,TP1,L*,,3,W12*,,,CE4,30 or 33,for flavour or aroma
1198,,"FORMALDEHYDE SOLUTION, FLAMMABLE",3,FC,III,3+8,,5 L,E1,P001 IBC03 R001,,MP19,T4,TP1,L4BN,,3,W12,,,CE4,38,
1199,,FURALDEHYDES,6.1,TF1,II,6.1+3,,100 mL,E4,P001 IBC02,,MP15,T7,TP2,L4BH,TU15,2,,,CW13 CW28 CW31,CE5,63,
1201,a,FUSEL OIL,3,F1,II,3,,1 L,E2,P001 IBC02 R001,,MP19,T4,TP1,LGBF,,2,,,,CE7,33,
1201,b,FUSEL OIL,3,F1,III,3,,5 L,E1,P001 IBC03 LP01 R001,,MP19,T2,TP1,LGBF,,3,W12,,,CE4,30,
1202,a,GAS OIL,3,F1,III,3,640K/L/M,5 L,E1,P001 IBC03 LP01 R001,,MP19,T2,TP1,LGB*,,3,W12,,,CE4,30,
1202,b,DIESEL FUEL,3,F1,III,3,640K/L/M,5 L,E1,P001 IBC03 LP01 R001,,MP19,T2,TP1,LGB*,,3,W12,,,CE4,30,
1202,c,"HEATING OIL, LIGHT",3,F1,III,3,640K/L/M,5 L,E1,P001 IBC03 LP01 R001,,MP19,T2,TP1,LGB*,,3,W12,,,CE4,30,
1203,a,MOTOR SPIRIT,3,F1,II,3,243 534,1 L,E2,P001 IBC02 R001,BB2,MP19,T4,TP1,LGBF,TU9,2,,,,CE7,33,
1203,b,GASOLINE,3,F1,II,3,243 534,1 L,E2,P001 IBC02 R001,BB2,MP19,T4,TP1,LGBF,TU9,2,,,,CE7,33,
1203,c,PETROL,3,F1,II,3,243 534,1 L,E2,P001 IBC02 R001,BB2,MP19,T4,TP1,LGBF,TU9,2,,,,CE7,33,
1204,,NITROGLYCERIN SOLUTION IN ALCOHOL,3,D,II,3,601,1 L,E0,P001 IBC02,PP5,MP2,,,,,2,,,,CE7,33,with not more than 1% nitroglycerin
1206,,HEPTANES,3,F1,II,3,,1 L,E2,P001 IBC02 R001,,MP19,T4,TP1,LGBF,,2,,,,CE7,33,
1207,,HEXALDEHYDE,3,F1,III,3,,5 L,E1,P001 IBC03 LP01 R001,,MP19,T2,TP1,LGBF,,3,W12,,,CE4,30,
1208,,HEXANES,3,F1,II,3,,1 L,E2,P001 IBC02 R001,,MP19,T4,TP1,LGBF,,2,,,,CE7,33,
1210,a,PRINTING INK,3,F1,I,3,163 367,500 mL,E3,P001,,MP7 MP17,T11,TP1 TP8,L4BN,,1,,,,,33,flammable
1210,b,PRINTING INK RELATED MATERIAL,3,F1,I,3,163 367,500 mL,E3,P001,,MP7 MP17,T11,TP1 TP8,L4BN,,1,,,,,33,"(including printing ink thinning or reducing compound), flammable"
1210,c,PRINTING INK,3,F1,II,3,163 367 640C/D,5 L,E2,P001 IBC02* R001*,PP1,MP19,T4,TP1 TP8,L1.5BN/LGBF,,2,,,,CE7,33,flammable
1210,d,PRINTING INK RELATED MATERIAL,3,F1,II,3,163 367 640C/D,5 L,E2,P001 IBC02* R001*,PP1,MP19,T4,TP1 TP8,L1.5BN/LGBF,,2,,,,CE7,33,"(including printing ink thinning or reducing compound), flammable"
1210,e,PRINTING INK,3,F1,III,3,163 367,5 L,E1,P001 IBC* LP01 R001,PP1,MP19,T2,TP1,L*,,3,W12*,,,CE4,30 or 33,flammable
1210,f,PRINTING INK RELATED MATERIAL,3,F1,III,3,163 367,5 L,E1,P001 IBC* LP01 R001,PP1,MP19,T2,TP1,L*,,3,W12*,,,CE4,30 or 33,"(including printing ink thinning or reducing compound), flammable"
1212,a,ISOBUTANOL,3,F1,III,3,,5 L,E1,P001 IBC03 LP01 R001,,MP19,T2,TP1,LGBF,,3,W12,,,CE4,30,
1212,b,ISOBUTYL ALCOHOL,3,F1,III,3,,5 L,E1,P001 IBC03 LP01 R001,,MP19,T2,TP1,LGBF,,3,W12,,,CE4,30,
1213,,ISOBUTYL ACETATE,3,F1,II,3,,1 L,E2,P001 IBC02 R001,,MP19,T4,TP1,LGBF,,2,,,,CE7,33,
1214,,ISOBUTYLAMINE,3,FC,II,3+8,,1 L,E2,P001 IBC02,,MP19,T7,TP1,L4BH,,2,,,,CE7,338,
1216,,ISOOCTENES,3,F1,II,3,,1 L,E2,P001 IBC02 R001,,MP19,T4,TP1,LGBF,,2,,,,CE7,33,
1218,,"ISOPRENE, STABILIZED",3,F1,I,3,386 676,0,E3,P001,,MP7 MP17,T11,TP2,L4BN,,1,,,,,339,
1219,a,ISOPROPANOL,3,F1,II,3,601,1 L,E2,P001 IBC02 R001,,MP19,T4,TP1,LGBF,,2,,,,CE7,33,
1219,b,ISOPROPYL ALCOHOL,3,F1,II,3,601,1 L,E2,P001 IBC02 R001,,MP19,T4,TP1,LGBF,,2,,,,CE7,33,
1220,,ISOPROPYL ACETATE,3,F1,II,3,,1 L,E2,P001 IBC02 R001,,MP19,T4,TP1,LGBF,,2,,,,CE7,33,
1221,,ISOPROPYLAMINE,3,FC,I,3+8,,0,E0,P001,,MP7 MP17,T11,TP2,L10CH,TU14 TU38 TE21 TE22,1,,,,,338,
1222,,ISOPROPYL NITRATE,3,F1,II,3,,1 L,E2,P001 IBC02 R001,B7,MP19,,,,,2,,,,CE7,33,
1223,,KEROSENE,3,F1,III,3,,5 L,E1,P001 IBC03 LP01 R001,,MP19,T2,TP2,LGBF,,3,W12,,,CE4,30,
1224,a,"KETONES, LIQUID, N.O.S.",3,F1,II,3,274 640C/D,1 L,E2,P001 IBC02* R001*,,MP19,T7,TP1 TP8 TP28,L1.5BN/LGBF,,2,,,,CE7,33,
1224,b,"KETONES, LIQUID, N.O.S.",3,F1,III,3,274,5 L,E1,P001 IBC03 LP01 R001,,MP19,T4,TP1 TP29,LGBF,,3,W12,,,CE4,30,
1228,a,"MERCAPTANS, LIQUID, FLAMMABLE, TOXIC, N.O.S.",3,FT1,II,3+6.1,274,1 L,E0,P001 IBC02,,MP19,T11,TP2 TP27,L4BH,TU15,2,,,CW13 CW28,CE7,336,
1228,b,"MERCAPTAN MIXTURE, LIQUID, FLAMMABLE, TOXIC, N.O.S.",3,FT1,II,3+6.1,274,1 L,E0,P001 IBC02,,MP19,T11,TP2 TP27,L4BH,TU15,2,,,CW13 CW28,CE7,336,
1228,c,"MERCAPTANS, LIQUID, FLAMMABLE, TOXIC, N.O.S.",3,FT1,III,3+6.1,274,5 L,E1,P001 IBC03 R001,,MP19,T7,TP1 TP28,L4BH,TU15,3,W12,,CW13 CW28,CE4,36,
1228,d,"MERCAPTAN MIXTURE, LIQUID, FLAMMABLE, TOXIC, N.O.S.",3,FT1,III,3+6.1,274,5 L,E1,P001 IBC03 R001,,MP19,T7,TP1 TP28,L4BH,TU15,3,W12,,CW13 CW28,CE4,36,
1229,,MESITYL OXIDE,3,F1,III,3,,5 L,E1,P001 IBC03 LP01 R001,,MP19,T2,TP1,LGBF,,3,W12,,,CE4,30,
1230,,METHANOL,3,FT1,II,3+6.1,279,1 L,E2,P001 IBC02,,MP19,T7,TP2,L4BH,TU15,2,,,CW13 CW28,CE7,336,
1231,,METHYL ACETATE,3,F1,II,3,,1 L,E2,P001 IBC02 R001,,MP19,T4,TP1,LGBF,,2,,,,CE7,33,
1233,,METHYLAMYL ACETATE,3,F1,III,3,,5 L,E1,P001 IBC03 LP01 R001,,MP19,T2,TP1,LGBF,,3,W12,,,CE4,30,
1234,,METHYLAL,3,F1,II,3,,1 L,E2,P001 IBC02,B8,MP19,T7,TP2,L1.5BN,,2,,,,CE7,33,
1235,,"METHYLAMINE, AQUEOUS SOLUTION",3,FC,II,3+8,,1 L,E2,P001 IBC02,,MP19,T7,TP1,L4BH,,2,,,,CE7,338,
1237,,METHYL BUTYRATE,3,F1,II,3,,1 L,E2,P001 IBC02 R001,,MP19,T4,TP1,LGBF,,2,,,,CE7,33,
1238,,METHYL CHLOROFORMATE,6.1,TFC,I,6.1+3+8,354,0,E0,P602,,MP8 MP17,T22,TP2,L15CH,TU14 TU15 TU38 TE21 TE22 TE25,1,,,CW13 CW28 CW31,,663,
1239,,METHYL CHLOROMETHYL ETHER,6.1,TF1,I,6.1+3,354,0,E0,P602,,MP8 MP17,T22,TP2,L15CH,TU14 TU15 TU38 TE21 TE22 TE25,1,,,CW13 CW28 CW31,,663,
1242,,METHYLDICHLOROSILANE,4.3,WFC,I,4.3+3+8,,0,E0,P401,RR7,MP2,T14,TP2 TP7,L10DH,TU14 TU24 TU38 TE21 TE22 TM2 TM3,0,W1,,CW23,,X338,
1243,,METHYL FORMATE,3,F1,I,3,,0,E3,P001,,MP7 MP17,T11,TP2,L4BN,,1,,,,,33,
1244,,METHYLHYDRAZINE,6.1,TFC,I,6.1+3+8,354,0,E0,P602,,MP8 MP17,T22,TP2,L15CH,TU14 TU15 TU38 TE21 TE22 TE25,1,,,CW13 CW28 CW31,,663,
1245,,METHYL ISOBUTYL KETONE,3,F1,II,3,,1 L,E2,P001 IBC02 R001,,MP19,T4,TP1,LGBF,,2,,,,CE7,33,
1246,,"METHYL ISOPROPENYL KETONE, STABILIZED",3,F1,II,3,386 676,1 L,E2,P001 IBC02 R001,,MP19,T4,TP1,LGBF,,2,,,,CE7,339,
1247,,"METHYL METHACRYLATE MONOMER, STABILIZED",3,F1,II,3,386 676,1 L,E2,P001 IBC02 R001,,MP19,T4,TP1,LGBF,,2,,,,CE7,339,
1248,,METHYL PROPIONATE,3,F1,II,3,,1 L,E2,P001 IBC02 R001,,MP19,T4,TP1,LGBF,,2,,,,CE7,33,
1249,,METHYL PROPYL KETONE,3,F1,II,3,,1 L,E2,P001 IBC02 R001,,MP19,T4,TP1,LGBF,,2,,,,CE7,33,
1250,,METHYLTRICHLOROSILANE,3,FC,II,3+8,,0,E0,P010,,MP19,T10,TP2 TP7,L4BH,,2,,,,CE7,X338,
1251,,"METHYL VINYL KETONE, STABILIZED",6.1,TFC,I,6.1+3+8,354 386 676,0,E0,P601,RR7,MP8 MP17,T22,TP2,L15CH,TU14 TU15 TU38 TE21 TE22 TE25,1,,,CW13 CW28 CW31,,639,
1259,,NICKEL CARBONYL,6.1,TF1,I,6.1+3,,0,E0,P601,,MP2,,,L15CH,TU14 TU15 TU31 TU38 TE21 TE22 TE25 TM3,1,,,CW13 CW28 CW31,,663,
1261,,NITROMETHANE,3,F1,II,3,,1 L,E0,P001 R001,RR2,MP19,,,,,2,,,,CE7,33,
1262,,OCTANES,3,F1,II,3,,1 L,E2,P001 IBC02 R001,,MP19,T4,TP1,LGBF,,2,,,,CE7,33,
1263,a,PAINT,3,F1,I,3,163 367 650,500 mL,E3,P001,,MP7 MP17,T11,TP1 TP8 TP27,L4BN,,1,,,,,33,"(including paint, lacquer, enamel, stain, shellac, varnish, polish, liquid filler and liquid lacquer base)"
1263,b,PAINT RELATED MATERIAL,3,F1,I,3,163 367 650,500 mL,E3,P001,,MP7 MP17,T11,TP1 TP8 TP27,L4BN,,1,,,,,33,(including paint thinning and reducing compound)
1263,c,PAINT,3,F1,II,3,163 367 640C/D 650,5 L,E2,P001 IBC02* R001*,PP1,MP19,T4,TP1 TP8 TP28,L1.5BN/LGBF,,2,,,,CE7,33,"(including paint, lacquer, enamel, stain, shellac, varnish, polish, liquid filler and liquid lacquer base)"
1263,d,PAINT RELATED MATERIAL,3,F1,II,3,163 367 640C/D 650,5 L,E2,P001 IBC02* R001*,PP1,MP19,T4,TP1 TP8 TP28,L1.5BN/LGBF,,2,,,,CE7,33,(including paint thinning and reducing compound)
1263,e,PAINT,3,F1,III,3,163 367 650,5 L,E1,P001 IBC* LP01 R001,PP1,MP19,T2,TP1 TP29,L*,,3,W12*,,,CE4,30 or 33,"(including paint, lacquer, enamel, stain, shellac, varnish, polish, liquid filler and liquid lacquer base)"
1263,f,PAINT RELATED MATERIAL,3,F1,III,3,163 367 650,5 L,E1,P001 IBC* LP01 R001,PP1,MP19,T2,TP1 TP29,L*,,3,W12*,,,CE4,30 or 33,(including paint thinning and reducing compound)
1264,,PARALDEHYDE,3,F1,III,3,,5 L,E1,P001 IBC03 LP01 R001,,MP19,T2,TP1,LGBF,,3,W12,,,CE4,30,
1265,a,PENTANES,3,F1,I,3,,0,E3,P001,,MP7 MP17,T11,TP2,L4BN,,1,,,,,33,liquid
1265,b,PENTANES,3,F1,II,3,,1 L,E2,P001 IBC02,B8,MP19,T4,TP1,L1.5BN,,2,,,,CE7,33,liquid
1266,a,PERFUMERY PRODUCTS,3,F1,II,3,163 640C/D,5 L,E2,P001 IBC02* R001*,,MP19,T4,TP1 TP8,L1.5BN/LGBF,,2,,,,CE7,33,with flammable solvents
1266,b,PERFUMERY PRODUCTS,3,F1,III,3,163,5 L,E1,P001 IBC* LP01 R001,,MP19,T2,TP1,L*,,3,W12*,,,CE4,30 or 33,with flammable solvents
1267,a,PETROLEUM CRUDE OIL,3,F1,I,3,357,500 mL,E3,P001,,MP7 MP17,T11,TP1 TP8,L4BN,,1,,,,,33,
1267,b,PETROLEUM CRUDE OIL,3,F1,II,3,357 640C/D,1 L,E2,P001 IBC02* R001*,,MP19,T4,TP1 TP8,L1.5BN/LGBF,,2,,,,CE7,33,
1267,c,PETROLEUM CRUDE OIL,3,F1,III,3,357,5 L,E1,P001 IBC03 LP01 R001,,MP19,T2,TP1,LGBF,,3,W12,,,CE4,30,
1268,a,"PETROLEUM DISTILLATES, N.O.S.",3,F1,I,3,,500 mL,E3,P001,,MP7 MP17,T11,TP1 TP8,L4BN,,1,,,,,33,
1268,b,"PETROLEUM PRODUCTS, N.O.S.",3,F1,I,3,,500 mL,E3,P001,,MP7 MP17,T11,TP1 TP8,L4BN,,1,,,,,33,
1268,c,"PETROLEUM DISTILLATES, N.O.S.",3,F1,II,3,640C/D,1 L,E2,P001 IBC02* R001*,,MP19,T7,TP1 TP8 TP28,L1.5BN/LGBF,,2,,,,CE7,33,
1268,d,"PETROLEUM PRODUCTS, N.O.S.",3,F1,II,3,640C/D,1 L,E2,P001 IBC02* R001*,,MP19,T7,TP1 TP8 TP28,L1.5BN/LGBF,,2,,,,CE7,33,
1268,e,"PETROLEUM DISTILLATES, N.O.S.",3,F1,III,3,,5 L,E1,P001 IBC03 LP01 R001,,MP19,T4,TP1 TP29,LGBF,,3,W12,,,CE4,30,
1268,f,"PETROLEUM PRODUCTS, N.O.S.",3,F1,III,3,,5 L,E1,P001 IBC03 LP01 R001,,MP19,T4,TP1 TP29,LGBF,,3,W12,,,CE4,30,
1272,,PINE OIL,3,F1,III,3,,5 L,E1,P001 IBC03 LP01 R001,,MP19,T2,TP1,LGBF,,3,W12,,,CE4,30,
1274,a,n-PROPANOL,3,F1,II,3,,1 L,E2,P001 IBC02 R001,,MP19,T4,TP1,LGBF,,2,,,,CE7,33,
1274,b,"PROPYL ALCOHOL, NORMAL",3,F1,II,3,,1 L,E2,P001 IBC02 R001,,MP19,T4,TP1,LGBF,,2,,,,CE7,33,
1274,c,n-PROPANOL,3,F1,III,3,,5 L,E1,P001 IBC03 LP01 R001,,MP19,T2,TP1,LGBF,,3,W12,,,CE4,30,
1274,d,"PROPYL ALCOHOL, NORMAL",3,F1,III,3,,5 L,E1,P001 IBC03 LP01 R001,,MP19,T2,TP1,LGBF,,3,W12,,,CE4,30,
1275,,PROPIONALDEHYDE,3,F1,II,3,,1 L,E2,P001 IBC02 R001,,MP19,T7,TP1,LGBF,,2,,,,CE7,33,
1276,,n-PROPYL ACETATE,3,F1,II,3,,1 L,E2,P001 IBC02 R001,,MP19,T4,TP1,LGBF,,2,,,,CE7,33,
1277,,PROPYLAMINE,3,FC,II,3+8,,1 L,E2,P001 IBC02,,MP19,T7,TP1,L4BH,,2,,,,CE7,338,
1278,,1-CHLOROPROPANE,3,F1,II,3,,1 L,E0,P001 IBC02,B8,MP19,T7,TP2,L1.5BN,,2,,,,CE7,33,
1279,,"1,2-DICHLOROPROPANE",3,F1,II,3,,1 L,E2,P001 IBC02 R001,,MP19,T4,TP1,LGBF,,2,,,,CE7,33,
1280,,PROPYLENE OXIDE,3,F1,I,3,,0,E3,P001,,MP7 MP17,T11,TP2 TP7,L4BN,,1,,,,,33,
1281,,PROPYL FORMATES,3,F1,II,3,,1 L,E2,P001 IBC02 R001,,MP19,T4,TP1,LGBF,,2,,,,CE7,33,
1282,,PYRIDINE,3,F1,II,3,,1 L,E2,P001 IBC02 R001,,MP19,T4,TP2,LGBF,,2,,,,CE7,33,
1286,a,ROSIN OIL,3,F1,II,3,640C/D,5 L,E2,P001 IBC02* R001*,,MP19,T4,TP1,L1.5BN/LGBF,,2,,,,CE7,33,
1286,b,ROSIN OIL,3,F1,III,3,,5 L,E1,P001 IBC* LP01 R001,,MP19,T2,TP1,L*,,3,W12*,,,CE4,30 or 33,
1287,a,RUBBER SOLUTION,3,F1,II,3,640C/D,5 L,E2,P001 IBC02* R001*,,MP19,T4,TP1 TP8,L1.5BN/LGBF,,2,,,,CE7,33,
1287,b,RUBBER SOLUTION,3,F1,III,3,,5 L,E1,P001 IBC* LP01 R001,,MP19,T2,TP1,L*,,3,W12*,,,CE4,30 or 33,
1288,a,SHALE OIL,3,F1,II,3,,1 L,E2,P001 IBC02 R001,,MP19,T4,TP1 TP8,LGBF,,2,,,,CE7,33,
1288,b,SHALE OIL,3,F1,III,3,,5 L,E1,P001 IBC03 LP01 R001,,MP19,T2,TP1,LGBF,,3,W12,,,CE4,30,
1289,a,SODIUM METHYLATE SOLUTION,3,FC,II,3+8,,1 L,E2,P001 IBC02,,MP19,T7,TP1 TP8,L4BH,,2,,,,CE7,338,in alcohol
1289,b,SODIUM METHYLATE SOLUTION,3,FC,III,3+8,,5 L,E1,P001 IBC02 R001,,MP19,T4,TP1,L4BN,,3,,,,CE4,38,in alcohol
1292,,TETRAETHYL SILICATE,3,F1,III,3,,5 L,E1,P001 IBC03 LP01 R001,,MP19,T2,TP1,LGBF,,3,W12,,,CE4,30,
1293,a,"TINCTURES, MEDICINAL",3,F1,II,3,601,1 L,E2,P001 IBC02 R001,,MP19,T4,TP1 TP8,LGBF,,2,,,,CE7,33,
1293,b,"TINCTURES, MEDICINAL",3,F1,III,3,601,5 L,E1,P001 IBC03 LP01 R001,,MP19,T2,TP1,LGBF,,3,W12,,,CE4,30,
1294,,TOLUENE,3,F1,II,3,,1 L,E2,P001 IBC02 R001,,MP19,T4,TP1,LGBF,,2,,,,CE7,33,
1295,,TRICHLOROSILANE,4.3,WFC,I,4.3+3+8,,0,E0,P401,RR7,MP2,T14,TP2 TP7,L10DH,TU14 TU25 TU38 TE21 TE22 TM2 TM3,0,W1,,CW23,,X338,
1296,,TRIETHYLAMINE,3,FC,II,3+8,,1 L,E2,P001 IBC02,,MP19,T7,TP1,L4BH,,2,,,,CE7,338,
1297,a,"TRIMETHYLAMINE, AQUEOUS SOLUTION",3,FC,I,3+8,,0,E0,P001,,MP7 MP17,T11,TP1,L10CH,TU14 TU38 TE21 TE22,1,,,,,338,"not more than 50% trimethylamine, by mass"
1297,b,"TRIMETHYLAMINE, AQUEOUS SOLUTION",3,FC,II,3+8,,1 L,E2,P001 IBC02,,MP19,T7,TP1,L4BH,,2,,,,CE7,338,"not more than 50% trimethylamine, by mass"
1297,c,"TRIMETHYLAMINE, AQUEOUS SOLUTION",3,FC,III,3+8,,5 L,E1,P001 IBC03 R001,,MP19,T7,TP1,L4BN,,3,W12,,,CE4,38,"not more than 50% trimethylamine, by mass"
1298,,TRIMETHYLCHLOROSILANE,3,FC,II,3+8,,0,E0,P010,,MP19,T10,TP2 TP7,L4BH,,2,,,,CE7,X338,
1299,,TURPENTINE,3,F1,III,3,,5 L,E1,P001 IBC03 LP01 R001,,MP19,T2,TP1,LGBF,,3,W12,,,CE4,30,
1300,a,TURPENTINE SUBSTITUTE,3,F1,II,3,,1 L,E2,P001 IBC02 R001,,MP19,T4,TP1,LGBF,,2,,,,CE7,33,
1300,b,TURPENTINE SUBSTITUTE,3,F1,III,3,,5 L,E1,P001 IBC03 LP01 R001,,MP19,T2,TP1,LGBF,,3,W12,,,CE4,30,
1301,,"VINYL ACETATE, STABILIZED",3,F1,II,3,386 676,1 L,E2,P001 IBC02 R001,,MP19,T4,TP1,LGBF,,2,,,,CE7,339,
1302,,"VINYL ETHYL ETHER, STABILIZED",3,F1,I,3,386 676,0,E3,P001,,MP7 MP17,T11,TP2,L4BN,,1,,,,,339,
1303,,"VINYLIDENE CHLORIDE, STABILIZED",3,F1,I,3,386 676,0,E3,P001,,MP7 MP17,T12,TP2 TP7,L4BN,,1,,,,,339,
1304,,"VINYL ISOBUTYL ETHER, STABILIZED",3,F1,II,3,386 676,1 L,E2,P001 IBC02 R001,,MP19,T4,TP1,LGBF,,2,,,,CE7,339,
1305,,VINYLTRICHLOROSILANE,3,FC,II,3+8,,0,E0,P010,,MP19,T10,TP2 TP7,L4BH,,2,,,,CE7,X338,
1306,a,"WOOD PRESERVATIVES, LIQUID",3,F1,II,3,640C/D,5 L,E2,P001 IBC02* R001*,,MP19,T4,TP1 TP8,L1.5BN/LGBF,,2,,,,CE7,33,
1306,b,"WOOD PRESERVATIVES, LIQUID",3,F1,III,3,,5 L,E1,P001 IBC* LP01 R001,,MP19,T2,TP1,L*,,3,W12*,,,CE4,30 or 33,
1307,a,XYLENES,3,F1,II,3,,1 L,E2,P001 IBC02 R001,,MP19,T4,TP1,LGBF,,2,,,,CE7,33,
1307,b,XYLENES,3,F1,III,3,,5 L,E1,P001 IBC03 LP01 R001,,MP19,T2,TP1,LGBF,,3,W12,,,CE4,30,
1308,a,"ZIRCONIUM, SUSPENDED IN A FLAMMABLE LIQUID",3,F1,I,3,,0,E0,P001,PP33,MP7 MP17,,,L4BN,,1,,,,,33,
1308,b,"ZIRCONIUM, SUSPENDED IN A FLAMMABLE LIQUID",3,F1,II,3,640C/D,1 L,E2,P001 R001,PP33,MP19,,,L1.5BN/LGBF,,2,,,,CE7,33,
1308,c,"ZIRCONIUM, SUSPENDED IN A FLAMMABLE LIQUID",3,F1,III,3,,5 L,E1,P001 R001,,MP19,,,LGBF,,3,,,,CE4,30,
1309,a,"ALUMINIUM POWDER, COATED",4.1,F3,II,4.1,,1 kg,E2,P002 IBC08,PP38 B4,MP11,T3,TP33,SGAN,,2,W1,,,CE10,40,
1309,b,"ALUMINIUM POWDER, COATED",4.1,F3,III,4.1,,5 kg,E1,P002 IBC08 LP02 R001,PP11 B3,MP11,T1,TP33,SGAV,,3,W1,VC1 VC2,,CE11,40,
1310,,"AMMONIUM PICRATE, WETTED",4.1,D,I,4.1,,0,E0,P406,PP26,MP2,,,,,1,W1,,,,40,"with not less than 10% water, by mass"
1312,,BORNEOL,4.1,F1,III,4.1,,5 kg,E1,P002 IBC08 LP02 R001,B3,MP10,T1,TP33,SGAV,,3,W1,VC1 VC2,,CE11,40,
1313,,CALCIUM RESINATE,4.1,F3,III,4.1,,5 kg,E1,P002 IBC06 R001,,MP11,T1,TP33,SGAV,,3,W1,VC1 VC2,,CE11,40,
1314,,"CALCIUM RESINATE, FUSED",4.1,F3,III,4.1,,5 kg,E1,P002 IBC04 R001,,MP11,T1,TP33,SGAV,,3,W1,VC1 VC2,,CE11,40,
1318,,"COBALT RESINATE, PRECIPITATED",4.1,F3,III,4.1,,5 kg,E1,P002 IBC06 R001,,MP11,T1,TP33,SGAV,,3,W1,VC1 VC2,,CE11,40,
1320,,"DINITROPHENOL, WETTED",4.1,DT,I,4.1+6.1,,0,E0,P406,PP26,MP2,,,,,1,W1,,CW28,,46,"with not less than 15% water, by mass"
1321,,"DINITROPHENOLATES, WETTED",4.1,DT,I,4.1+6.1,,0,E0,P406,PP26,MP2,,,,,1,W1,,CW28,,46,"with not less than 15% water, by mass"
1322,,"DINITRORESORCINOL, WETTED",4.1,D,I,4.1,,0,E0,P406,PP26,MP2,,,,,1,W1,,,,40,"with not less than 15% water, by mass"
1323,,FERROCERIUM,4.1,F3,II,4.1,249,1 kg,E2,P002 IBC08,B4,MP11,T3,TP33,SGAN,,2,W1,,,CE10,40,
1324,,"FILMS, NITROCELLULOSE BASE",4.1,F1,III,4.1,,5 kg,E1,P002 R001,PP15,MP11,,,,,3,W1,,,CE11,40,"gelatin coated, except scrap"
1325,a,"FLAMMABLE SOLID, ORGANIC, N.O.S.",4.1,F1,II,4.1,274,1 kg,E2,P002 IBC08,B4,MP10,T3,TP33,SGAN,,2,W1,,,CE10,40,
1325,b,"FLAMMABLE SOLID, ORGANIC, N.O.S.",4.1,F1,II,4.1,274,1 kg,E2,P002 IBC08,B4,MP10,T3,TP33,SGAN,,2,W1,,,CE10,40,
1325,c,"FLAMMABLE SOLID, ORGANIC, N.O.S.",4.1,F1,III,4.1,274,5 kg,E1,P002 IBC08 LP02 R001,B3,MP10,T1,TP33,SGAV,,3,W1,VC1 VC2,,CE11,40,
1325,d,"FLAMMABLE SOLID, ORGANIC, N.O.S.",4.1,F1,III,4.1,274,5 kg,E1,P002 IBC08 LP02 R001,B3,MP10,T1,TP33,SGAV,,3,W1,VC1 VC2,,CE11,40,
1326,,"HAFNIUM POWDER, WETTED",4.1,F3,II,4.1,586,1 kg,E2,P410 IBC06,PP40,MP11,T3,TP33,SGAN,,2,W1,,,CE10,40,with not less than 25% water
1327,a,HAY,4.1,F1,,,,,,,,,,,NOT SUBJECT TO RID,,,,,,,,
1327,b,STRAW,4.1,F1,,,,,,,,,,,NOT SUBJECT TO RID,,,,,,,,
1327,c,BHUSA,4.1,F1,,,,,,,,,,,NOT SUBJECT TO RID,,,,,,,,
1328,,HEXAMETHYLENETETRAMINE,4.1,F1,III,4.1,,5 kg,E1,P002 IBC08 R001,B3,MP10,T1,TP33,SGAV,,3,W1,VC1 VC2,,CE11,40,
1330,,MANGANESE RESINATE,4.1,F3,III,4.1,,5 kg,E0,P002 IBC06 R001,,MP11,T1,TP33,SGAV,,3,W1,VC1 VC2,,CE11,40,
1331,,"MATCHES, ""STRIKE ANYWHERE""",4.1,F1,III,4.1,293,5 kg,E1,P407,PP27,MP12,,,,,4,W1,,,CE11,40,
1332,,METALDEHYDE,4.1,F1,III,4.1,,5 kg,E1,P002 IBC08 LP02 R001,B3,MP10,T1,TP33,SGAV,,3,W1,VC1 VC2,,CE11,40,
1333,,CERIUM,4.1,F3,II,4.1,,1 kg,E2,P002 IBC08,B4,MP11,,,,,2,W1,,,CE10,40,"slabs, ingots or rods"
1334,a,"NAPHTHALENE, CRUDE",4.1,F1,III,4.1,501,5 kg,E1,P002 IBC08 LP02 R001,B3,MP10,T1 BK1 BK2 BK3,TP33,SGAV,,3,W1,VC1 VC2 AP1,,CE11,40,
1334,b,"NAPHTHALENE, REFINED",4.1,F1,III,4.1,501,5 kg,E1,P002 IBC08 LP02 R001,B3,MP10,T1 BK1 BK2 BK3,TP33,SGAV,,3,W1,VC1 VC2 AP1,,CE11,40,
1336,a,"NITROGUANIDINE, WETTED",4.1,D,I,4.1,,0,E0,P406,,MP2,,,,,1,W1,,,,40,"with not less than 20% water, by mass"
1336,b,"PICRITE, WETTED",4.1,D,I,4.1,,0,E0,P406,,MP2,,,,,1,W1,,,,40,"with not less than 20% water, by mass"
1337,,"NITROSTARCH, WETTED",4.1,D,I,4.1,,0,E0,P406,,MP2,,,,,1,W1,,,,40,"with not less than 20% water, by mass"
1338,,"PHOSPHORUS, AMORPHOUS",4.1,F3,III,4.1,,5 kg,E1,P410 IBC08 R001,B3,MP11,T1,TP33,SGAV,,3,W1,VC1 VC2,,CE11,40,
1339,,PHOSPHORUS HEPTASULPHIDE,4.1,F3,II,4.1,602,1 kg,E2,P410 IBC04,,MP11,T3,TP33,SGAN,,2,W1,,,CE10,40,free from yellow and white phosphorus
1340,,PHOSPHORUS PENTASULPHIDE,4.3,WF2,II,4.3+4.1,602,500 g,E2,P410 IBC04,,MP14,T3,TP33,SGAN,,0,W1,,CW23,CE10,423,free from yellow and white phosphorus
1341,,PHOSPHORUS SESQUISULPHIDE,4.1,F3,II,4.1,602,1 kg,E2,P410 IBC04,,MP11,T3,TP33,SGAN,,2,W1,,,CE10,40,free from yellow and white phosphorus
1343,,PHOSPHORUS TRISULPHIDE,4.1,F3,II,4.1,602,1 kg,E2,P410 IBC04,,MP11,T3,TP33,SGAN,,2,W1,,,CE10,40,free from yellow and white phosphorus
1344,a,"TRINITROPHENOL, WETTED",4.1,D,I,4.1,,0,E0,P406,PP26,MP2,,,,,1,W1,,,,40,"with not less than 30% water, by mass"
1344,b,"PICRIC ACID, WETTED",4.1,D,I,4.1,,0,E0,P406,PP26,MP2,,,,,1,W1,,,,40,"with not less than 30% water, by mass"
1345,a,RUBBER SCRAP,4.1,F1,II,4.1,,1 kg,E2,P002 IBC08,B4,MP11,T3,TP33,SGAN,,4,W1,,,CE10,40,"powdered or granulated, not exceeding 840 microns and rubber content exceeding 45%"
1345,b,RUBBER SHODDY,4.1,F1,II,4.1,,1 kg,E2,P002 IBC08,B4,MP11,T3,TP33,SGAN,,4,W1,,,CE10,40,"powdered or granulated, not exceeding 840 microns and rubber content exceeding 45%"
1346,,"SILICON POWDER, AMORPHOUS",4.1,F3,III,4.1,32,5 kg,E1,P002 IBC08 LP02 R001,B3,MP11,T1,TP33,SGAV,,3,W1,VC1 VC2,,CE11,40,
1347,,"SILVER PICRATE, WETTED",4.1,D,I,4.1,,0,E0,P406,PP25 PP26,MP2,,,,,1,W1,,,,40,"with not less than 30% water, by mass"
1348,,"SODIUM DINITRO-o-CRESOLATE, WETTED",4.1,DT,I,4.1+6.1,,0,E0,P406,PP26,MP2,,,,,1,W1,,CW28,,46,"with not less than 15% water, by mass"
1349,,"SODIUM PICRAMATE, WETTED",4.1,D,I,4.1,,0,E0,P406,PP26,MP2,,,,,1,W1,,,,40,"with not less than 20% water, by mass"
1350,,SULPHUR,4.1,F3,III,4.1,242,5 kg,E1,P002 IBC08 LP02 R001,B3,MP11,T1 BK1 BK2 BK3,TP33,SGAV,,3,W1,VC1 VC2,,CE11,40,
1352,,"TITANIUM POWDER, WETTED",4.1,F3,II,4.1,586,1 kg,E2,P410 IBC06,PP40,MP11,T3,TP33,SGAN,,2,W1,,,CE10,40,with not less than 25% water
1353,a,"FIBRES IMPREGNATED WITH WEAKLY NITRATED NITROCELLULOSE, N.O.S.",4.1,F1,III,4.1,502,5 kg,E1,P410 IBC08 R001,B3,MP11,,,,,3,W1,,,CE11,40,
1353,b,"FABRICS IMPREGNATED WITH WEAKLY NITRATED NITROCELLULOSE, N.O.S.",4.1,F1,III,4.1,502,5 kg,E1,P410 IBC08 R001,B3,MP11,,,,,3,W1,,,CE11,40,
1354,,"TRINITROBENZENE, WETTED",4.1,D,I,4.1,,0,E0,P406,,MP2,,,,,1,W1,,,,40,"with not less than 30% water, by mass"
1355,,"TRINITROBENZOIC ACID, WETTED",4.1,D,I,4.1,,0,E0,P406,,MP2,,,,,1,W1,,,,40,"with not less than 30% water, by mass"
1356,a,"TRINITROTOLUENE, WETTED",4.1,D,I,4.1,,0,E0,P406,,MP2,,,,,1,W1,,,,40,"with not less than 30% water, by mass"
1356,b,"TNT, WETTED",4.1,D,I,4.1,,0,E0,P406,,MP2,,,,,1,W1,,,,40,"with not less than 30% water, by mass"
1357,,"UREA NITRATE, WETTED",4.1,D,I,4.1,227,0,E0,P406,,MP2,,,,,1,W1,,,,40,"with not less than 20% water, by mass"
1358,,"ZIRCONIUM POWDER, WETTED",4.1,F3,II,4.1,586,1 kg,E2,P410 IBC06,PP40,MP11,T3,TP33,SGAN,,2,W1,,,CE10,40,with not less than 25% water
1360,,CALCIUM PHOSPHIDE,4.3,WT2,I,4.3+6.1,,0,E0,P403,,MP2,,,,,1,W1,,CW23 CW28,,X462,
1361,a,CARBON,4.2,S2,II,4.2,,0,E0,P002 IBC06,PP12,MP14,T3,TP33,SGAN,TU11,2,W1 W13,,,CE10,40,animal or vegetable origin
1361,b,CARBON,4.2,S2,III,4.2,665,0,E0,P002 IBC08 LP02 R001,PP12 B3,MP14,T1,TP33,SGAV,,4,W1 W13,VC1 VC2 AP1,,CE11,40,animal or vegetable origin
1362,,"CARBON, ACTIVATED",4.2,S2,III,4.2,646,0,E1,P002 IBC08 LP02 R001,PP11 B3,MP14,T1,TP33,SGAV,,4,W1,VC1 VC2 AP1,,CE11,40,
1363,,COPRA,4.2,S2,III,4.2,,0,E0,P003 IBC08 LP02 R001,PP20 B3 B6,MP14,BK2,,,,3,W1,VC1 VC2 AP1,,CE11,40,
1364,,"COTTON WASTE, OILY",4.2,S2,III,4.2,,0,E0,P003 IBC08 LP02 R001,PP19 B3 B6,MP14,,,,,3,W1,VC1 VC2 AP1,,CE11,40,
1365,,"COTTON, WET",4.2,S2,III,4.2,,0,E0,P003 IBC08 LP02 R001,PP19 B3 B6,MP14,,,,,3,W1,VC1 VC2 AP1,,CE11,40,
1369,,p-NITROSODIMETHYLANILINE,4.2,S2,II,4.2,,0,E2,P410 IBC06,,MP14,T3,TP33,SGAN,,2,W1,,,CE10,40,
1372,a,FIBRES ANIMAL,4.2,S2,,,,,,,,,,,NOT SUBJECT TO RID,,,,,,,,"burnt, wet or damp"
1372,b,FIBRES VEGETABLE,4.2,S2,,,,,,,,,,,NOT SUBJECT TO RID,,,,,,,,"burnt, wet or damp"
1373,a,"FIBRES, ANIMAL, N.O.S.",4.2,S2,III,4.2,,0,E0,P410 IBC08 R001,B3,MP14,T1,TP33,,,3,W1,VC1 VC2 AP1,,CE11,40,with oil
1373,b,"FIBRES, VEGETABLE, N.O.S.",4.2,S2,III,4.2,,0,E0,P410 IBC08 R001,B3,MP14,T1,TP33,,,3,W1,VC1 VC2 AP1,,CE11,40,with oil
1373,c,"FIBRES, SYNTHETIC, N.O.S.",4.2,S2,III,4.2,,0,E0,P410 IBC08 R001,B3,MP14,T1,TP33,,,3,W1,VC1 VC2 AP1,,CE11,40,with oil
1373,d,"FABRICS, ANIMAL, N.O.S.",4.2,S2,III,4.2,,0,E0,P410 IBC08 R001,B3,MP14,T1,TP33,,,3,W1,VC1 VC2 AP1,,CE11,40,with oil
1373,e,"FABRICS, VEGETABLE, N.O.S.",4.2,S2,III,4.2,,0,E0,P410 IBC08 R001,B3,MP14,T1,TP33,,,3,W1,VC1 VC2 AP1,,CE11,40,with oil
1373,f,"FABRICS, SYNTHETIC, N.O.S.",4.2,S2,III,4.2,,0,E0,P410 IBC08 R001,B3,MP14,T1,TP33,,,3,W1,VC1 VC2 AP1,,CE11,40,with oil
1374,a,"FISH MEAL, UNSTABILIZED",4.2,S2,II,4.2,300,0,E2,P410 IBC08,B4,MP14,T3,TP33,,,2,W1,,,CE10,40,
1374,b,"FISH SCRAP, UNSTABILIZED",4.2,S2,II,4.2,300,0,E2,P410 IBC08,B4,MP14,T3,TP33,,,2,W1,,,CE10,40,
1374,c,"FISH MEAL, UNSTABILIZED",4.2,,III,,,,,,,,,,(only listed as pg II),,,,,,,40,
1374,d,"FISH SCRAP, UNSTABILIZED",4.2,,III,,,,,,,,,,(only listed as pg II),,,,,,,40,
1376,a,"IRON OXIDE, SPENT",4.2,S4,III,4.2,592,0,E0,P002 IBC08 LP02 R001,B3,MP14,T1 BK2,TP33,SGAV,,3,W1,VC1 VC2 AP1,,CE11,40,obtained from coal gas purification
1376,b,"IRON SPONGE, SPENT",4.2,S4,III,4.2,592,0,E0,P002 IBC08 LP02 R001,B3,MP14,T1 BK2,TP33,SGAV,,3,W1,VC1 VC2 AP1,,CE11,40,obtained from coal gas purification
1378,,"METAL CATALYST, WETTED",4.2,S4,II,4.2,274,0,E0,P410 IBC01,PP39,MP14,T3,TP33,SGAN,,2,W1,,,CE10,40,with a visible excess of liquid
1379,,"PAPER, UNSATURATED OIL TREATED",4.2,S2,III,4.2,,0,E0,P410 IBC08 R001,B3,MP14,,,,,3,W1,VC1 VC2 AP1,,CE11,40,incompletely dried (including carbon paper)
1380,,PENTABORANE,4.2,ST3,I,4.2+6.1,,0,E0,P601,,MP2,,,L21DH,TU14 TU38 TC1 TE21 TE22 TE25 TM1,0,W1,,CW28,,333,
1381,a,"PHOSPHORUS, WHITE, DRY",4.2,ST4,I,4.2+6.1,503,0,E0,P405,,MP2,T9,TP3 TP31,L10DH(+),TU14 TU16 TU21 TU38 TE3 TE21 TE22,0,W1,,CW28,,46,
1381,b,"PHOSPHORUS, WHITE, UNDER WATER",4.2,ST3,I,4.2+6.1,503,0,E0,P405,,MP2,T9,TP3 TP31,L10DH(+),TU14 TU16 TU21 TU38 TE3 TE21 TE22,0,W1,,CW28,,46,
1381,c,"PHOSPHORUS, WHITE, IN SOLUTION",4.2,ST3,I,4.2+6.1,503,0,E0,P405,,MP2,T9,TP3 TP31,L10DH(+),TU14 TU16 TU21 TU38 TE3 TE21 TE22,0,W1,,CW28,,46,
1381,d,"PHOSPHORUS, YELLOW, DRY",4.2,ST4,I,4.2+6.1,503,0,E0,P405,,MP2,T9,TP3 TP31,L10DH(+),TU14 TU16 TU21 TU38 TE3 TE21 TE22,0,W1,,CW28,,46,
1381,e,"PHOSPHORUS, YELLOW, UNDER WATER",4.2,ST3,I,4.2+6.1,503,0,E0,P405,,MP2,T9,TP3 TP31,L10DH(+),TU14 TU16 TU21 TU38 TE3 TE21 TE22,0,W1,,CW28,,46,
1381,f,"PHOSPHORUS, YELLOW, IN SOLUTION",4.2,ST3,I,4.2+6.1,503,0,E0,P405,,MP2,T9,TP3 TP31,L10DH(+),TU14 TU16 TU21 TU38 TE3 TE21 TE22,0,W1,,CW28,,46,
1382,a,"POTASSIUM SULPHIDE, ANHYDROUS",4.2,S4,II,4.2,504,0,E2,P410 IBC06,,MP14,T3,TP33,SGAN,,2,W1,,,CE10,40,
1382,b,POTASSIUM SULPHIDE,4.2,S4,II,4.2,504,0,E2,P410 IBC06,,MP14,T3,TP33,SGAN,,2,W1,,,CE10,40,with less than 30% water of crystallization
1383,a,"PYROPHORIC METAL, N.O.S.",4.2,S4,I,4.2,274,0,E0,P404,,MP13,T21,TP7 TP33,,,0,W1,,,,43,
1383,b,"PYROPHORIC ALLOY, N.O.S.",4.2,S4,I,4.2,274,0,E0,P404,,MP13,T21,TP7 TP33,,,0,W1,,,,43,
1384,a,SODIUM DITHIONITE,4.2,S4,II,4.2,,0,E2,P410 IBC06,,MP14,T3,TP33,SGAN,,2,W1,,,CE10,40,
1384,b,SODIUM HYDROSULPHITE,4.2,S4,II,4.2,,0,E2,P410 IBC06,,MP14,T3,TP33,SGAN,,2,W1,,,CE10,40,
1385,a,"SODIUM SULPHIDE, ANHYDROUS",4.2,S4,II,4.2,504,0,E2,P410 IBC06,,MP14,T3,TP33,SGAN,,2,W1,,,CE10,40,
1385,b,SODIUM SULPHIDE,4.2,S4,II,4.2,504,0,E2,P410 IBC06,,MP14,T3,TP33,SGAN,,2,W1,,,CE10,40,with less than 30% water of crystallization
1386,a,SEED CAKE,4.2,S2,III,4.2,,0,E0,P003 IBC08 LP02 R001,PP20 B3 B6,MP14,BK2,,,,3,W1,VC1 VC2 AP1,,CE11,40,with more than 1.5% oil and not more than 11% moisture
1386,b,SEED CAKE,4.2,S2,III,4.2,,0,E0,P003 IBC08 LP02 R001,PP20 B3 B6,MP14,BK2,,,,3,W1,VC1 VC2 AP1,,CE11,40,with more than 1.5% oil and not more than 11% moisture
1387,,"WOOL WASTE, WET",4.2,S2,,,,,,,,,,,NOT SUBJECT TO RID,,,,,,,,
1389,,"ALKALI METAL AMALGAM, LIQUID",4.3,W1,I,4.3,182,0,E0,P402,RR8,MP2,,,L10BN(+),TU1 TE5 TT3 TM2,1,W1,,CW23,,X323,
1390,,ALKALI METAL AMIDES,4.3,W2,II,4.3,182 505,500 g,E2,P410 IBC07,,MP14,T3,TP33,SGAN,,0,W1,,CW23,CE10,423,
1391,a,ALKALI METAL DISPERSION,4.3,W1,I,4.3,182 183 506,0,E0,P402,RR8,MP2,,,L10BN(+),TU1 TE5 TT3 TM2,1,W1,,CW23,,X323,
1391,b,ALKALINE EARTH METAL DISPERSION,4.3,W1,I,4.3,182 183 506,0,E0,P402,RR8,MP2,,,L10BN(+),TU1 TE5 TT3 TM2,1,W1,,CW23,,X323,
1392,,"ALKALINE EARTH METAL AMALGAM, LIQUID",4.3,W1,I,4.3,183 506,0,E0,P402,,MP2,,,L10BN(+),TU1 TE5 TT3 TM2,1,W1,,CW23,,X323,
1393,,"ALKALINE EARTH METAL ALLOY, N.O.S.",4.3,W2,II,4.3,183 506,500 g,E2,P410 IBC07,,MP14,T3,TP33,SGAN,,2,W1,,CW23,CE7,423,
1394,,ALUMINIUM CARBIDE,4.3,W2,II,4.3,,500 g,E2,P410 IBC07,,MP14,T3,TP33,SGAN,,2,W1,VC1 VC2 AP3 AP4 AP5,CW23,CE10,423,
1395,,ALUMINIUM FERROSILICON POWDER,4.3,WT2,II,4.3+6.1,,500 g,E2,P410 IBC05,PP40,MP14,T3,TP33,SGAN,,2,W1,,CW23 CW28,CE10,462,
1396,a,"ALUMINIUM POWDER, UNCOATED",4.3,W2,II,4.3,,500 g,E2,P410 IBC07,PP40,MP14,T3,TP33,SGAN,,2,W1,,CW23,CE10,423,
1396,b,"ALUMINIUM POWDER, UNCOATED",4.3,W2,III,4.3,,1 kg,E1,P410 IBC08 R001,B4,MP14,T1,TP33,SGAN,,3,W1,VC2 AP4 AP5,CW23,CE11,423,
1397,,ALUMINIUM PHOSPHIDE,4.3,WT2,I,4.3+6.1,507,0,E0,P403,,MP2,,,,,1,W1,,CW23 CW28,,X462,
1398,,"ALUMINIUM SILICON POWDER, UNCOATED",4.3,W2,III,4.3,37,1 kg,E1,P410 IBC08 R001,B4,MP14,T1 BK2,TP33,SGAN,,3,W1,VC2 AP4 AP5,CW23,CE11,423,
1400,,BARIUM,4.3,W2,II,4.3,,500 g,E2,P410 IBC07,,MP14,T3,TP33,SGAN,,2,W1,,CW23,CE10,423,
1401,,CALCIUM,4.3,W2,II,4.3,,500 g,E2,P410 IBC07,,MP14,T3,TP33,SGAN,,2,W1,,CW23,CE10,423,
1402,a,CALCIUM CARBIDE,4.3,W2,I,4.3,,0,E0,P403 IBC04,,MP2,T9,TP7 TP33,S2.65AN(+),TU4 TU22 TM2 TA5,1,W1,,CW23,,X423,
1402,b,CALCIUM CARBIDE,4.3,W2,II,4.3,,500 g,E2,P410 IBC07,,MP14,T3,TP33,SGAN,,2,W1,VC1 VC2 AP3 AP4 AP5,CW23,CE10,423,
1403,,CALCIUM CYANAMIDE,4.3,W2,III,4.3,38,1 kg,E1,P410 IBC08 R001,B4,MP14,T1,TP33,SGAN,,0,W1,,CW23,CE11,423,with more than 0.1% calcium carbide
1404,,CALCIUM HYDRIDE,4.3,W2,I,4.3,,0,E0,P403,,MP2,,,,,1,W1,,CW23,,X423,
1405,a,CALCIUM SILICIDE,4.3,W2,II,4.3,,500 g,E2,P410 IBC07,,MP14,T3,TP33,SGAN,,2,W1,VC1 VC2 AP3 AP4 AP5,CW23,CE10,423,
1405,b,CALCIUM SILICIDE,4.3,W2,III,4.3,,1 kg,E1,P410 IBC08 R001,B4,MP14,T1,TP33,SGAN,,3,W1,VC1 VC2 AP3 AP4 AP5,CW23,CE11,423,
1407,,CAESIUM,4.3,W2,I,4.3,,0,E0,P403 IBC04,,MP2,,,L10CH(+),TU2 TU14 TU38 TE5 TE21 TE22 TT3 TM2,1,W1,,CW23,,X423,
1408,,FERROSILICON,4.3,WT2,III,4.3+6.1,39,1 kg,E1,P003 IBC08 R001,PP20 B4 B6,MP14,T1 BK2,TP33,SGAN,,3,W1,VC1 VC2 AP3 AP4 AP5,CW23 CW28,CE11,462,with 30% or more but less than 90% silicon
1409,a,"METAL HYDRIDES, WATER-REACTIVE, N.O.S.",4.3,W2,I,4.3,274 508,0,E0,P403,,MP2,,,,,1,W1,,CW23,,X423,
1409,b,"METAL HYDRIDES, WATER-REACTIVE, N.O.S.",4.3,W2,II,4.3,274 508,500 g,E2,P410 IBC04,,MP14,T3,TP33,SGAN,,2,W1,,CW23,CE10,423,
1410,,LITHIUM ALUMINIUM HYDRIDE,4.3,W2,I,4.3,,0,E0,P403,,MP2,,,,,1,W1,,CW23,,X423,
1411,,"LITHIUM ALUMINIUM HYDRIDE, ETHEREAL",4.3,WF1,I,4.3+3,,0,E0,P402,RR8,MP2,,,,,1,W1,,CW23,,X323,
1413,,LITHIUM BOROHYDRIDE,4.3,W2,I,4.3,,0,E0,P403,,MP2,,,,,1,W1,,CW23,,X423,
1414,,LITHIUM HYDRIDE,4.3,W2,I,4.3,,0,E0,P403,,MP2,,,,,1,W1,,CW23,,X423,
1415,,LITHIUM,4.3,W2,I,4.3,,0,E0,P403 IBC04,,MP2,T9,TP7 TP33,L10BN(+),TU1 TE5 TT3 TM2,1,W1,,CW23,,X423,
1417,,LITHIUM SILICON,4.3,W2,II,4.3,,500 g,E2,P410 IBC07,,MP14,T3,TP33,SGAN,,2,W1,,CW23,CE10,423,
1418,a,MAGNESIUM POWDER,4.3,WS,I,4.3+4.2,,0,E0,P403,,MP2,,,,,1,W1,,CW23,,X423,
1418,b,MAGNESIUM ALLOYS POWDER,4.3,WS,I,4.3+4.2,,0,E0,P403,,MP2,,,,,1,W1,,CW23,,423,
1418,c,MAGNESIUM POWDER,4.3,WS,II,4.3+4.2,,0,E2,P410 IBC05,,MP14,T3,TP33,SGAN,,2,W1,,CW23,CE10,423,
1418,d,MAGNESIUM ALLOYS POWDER,4.3,WS,II,4.3+4.2,,0,E2,P410 IBC05,,MP14,T3,TP33,SGAN,,2,W1,,CW23,CE10,423,
1418,e,MAGNESIUM POWDER,4.3,WS,III,4.3+4.2,,0,E1,P410 IBC08 R001,B4,MP14,T1,TP33,SGAN,,3,W1,VC2 AP4 AP5,CW23,CE11,423,
1418,f,MAGNESIUM ALLOYS POWDER,4.3,WS,III,4.3+4.2,,0,E1,P410 IBC08 R001,B4,MP14,T1,TP33,SGAN,,3,W1,VC2 AP4 AP5,CW23,CE11,423,
1419,,MAGNESIUM ALUMINIUM PHOSPHIDE,4.3,WT2,I,4.3+6.1,,0,E0,P403,,MP2,,,,,1,W1,,CW23 CW28,,X462,
1420,,"POTASSIUM METAL ALLOYS, LIQUID",4.3,W1,I,4.3,,0,E0,P402,,MP2,,,L10BN(+),TU1 TE5 TT3 TM2,1,W1,,CW23,,X323,
1421,,"ALKALI METAL ALLOY, LIQUID, N.O.S.",4.3,W1,I,4.3,182,0,E0,P402,RR8,MP2,,,L10BN(+),TU1 TE5 TT3 TM2,1,W1,,CW23,,X323,
1422,,"POTASSIUM SODIUM ALLOYS, LIQUID",4.3,W1,I,4.3,,0,E0,P402,,MP2,T9,TP3 TP7 TP31,L10BN(+),TU1 TE5 TT3 TM2,1,W1,,CW23,,X323,
1423,,RUBIDIUM,4.3,W2,I,4.3,,0,E0,P403 IBC04,,MP2,,,L10CH(+),TU2 TU14 TU38 TE5 TE21 TE22 TT3 TM2,1,W1,,CW23,,X423,
1426,,SODIUM BOROHYDRIDE,4.3,W2,I,4.3,,0,E0,P403,,MP2,,,,,1,W1,,CW23,,X423,
1427,,SODIUM HYDRIDE,4.3,W2,I,4.3,,0,E0,P403,,MP2,,,,,1,W1,,CW23,,X423,
1428,,SODIUM,4.3,W2,I,4.3,,0,E0,P403 IBC04,,MP2,T9,TP7 TP33,L10BN(+),TU1 TE5 TT3 TM2,1,W1,,CW23,,X423,
1431,,SODIUM METHYLATE,4.2,SC4,II,4.2+8,,0,E2,P410 IBC05,,MP14,T3,TP33,SGAN,,2,W1,,,CE10,48,
1432,,SODIUM PHOSPHIDE,4.3,WT2,I,4.3+6.1,,0,E0,P403,,MP2,,,,,1,W1,,CW23 CW28,,X462,
1433,,STANNIC PHOSPHIDES,4.3,WT2,I,4.3+6.1,,0,E0,P403,,MP2,,,,,1,W1,,CW23 CW28,,X462,
1435,,ZINC ASHES,4.3,W2,III,4.3,,1 kg,E1,P002 IBC08 R001,B4,MP14,T1 BK2,TP33,SGAN,,3,W1,VC1 VC2 AP3 AP4 AP5,CW23,CE11,423,
1436,a,ZINC POWDER,4.3,WS,I,4.3+4.2,,0,E0,P403,,MP2,,,,,1,W1,,CW23,,X423,
1436,b,ZINC DUST,4.3,WS,I,4.3+4.2,,0,E0,P403,,MP2,,,,,1,W1,,CW23,,X423,
1436,c,ZINC POWDER,4.3,WS,II,4.3+4.2,,0,E2,P410 IBC07,PP40,MP14,T3,TP33,SGAN,,2,W1,,CW23,CE10,423,
1436,d,ZINC DUST,4.3,WS,II,4.3+4.2,,0,E2,P410 IBC07,PP40,MP14,T3,TP33,SGAN,,2,W1,,CW23,CE10,423,
1436,e,ZINC POWDER,4.3,WS,III,4.3+4.2,,0,E1,P410 IBC08 R001,B4,MP14,T1,TP33,SGAN,,3,W1,VC2 AP4 AP5,CW23,CE11,423,
1436,f,ZINC DUST,4.3,WS,III,4.3+4.2,,0,E1,P410 IBC08 R001,B4,MP14,T1,TP33,SGAN,,3,W1,VC2 AP4 AP5,CW23,CE11,423,
1437,,ZIRCONIUM HYDRIDE,4.1,F3,II,4.1,,1 kg,E2,P410 IBC04,PP40,MP11,T3,TP33,SGAN,,2,W1,,,CE10,40,
1438,,ALUMINIUM NITRATE,5.1,O2,III,5.1,,5 kg,E1,P002 IBC08 LP02 R001,B3,MP10,T1 BK1 BK2,TP33,SGAV,TU3,3,,VC1 VC2 AP6 AP7,CW24,CE11,50,
1439,,AMMONIUM DICHROMATE,5.1,O2,II,5.1,,1 kg,E2,P002 IBC08,B4,MP2,T3,TP33,SGAN,TU3,2,W11,,CW24,CE10,50,
1442,,AMMONIUM PERCHLORATE,5.1,O2,II,5.1,152,1 kg,E2,P002 IBC06,,MP2,T3,TP33,,,2,W11,VC1 VC2 AP6 AP7,CW24,CE10,50,
1444,,AMMONIUM PERSULPHATE,5.1,O2,III,5.1,,5 kg,E1,P002 IBC08 LP02 R001,B3,MP10,T1,TP33,SGAV,TU3,3,,VC1 VC2 AP6 AP7,CW24,CE11,50,
1445,,"BARIUM CHLORATE, SOLID",5.1,OT2,II,5.1+6.1,,1 kg,E2,P002 IBC06,,MP2,T3,TP33,SGAN,TU3,2,W11,,CW24 CW28,CE10,56,
1446,,BARIUM NITRATE,5.1,OT2,II,5.1+6.1,,1 kg,E2,P002 IBC08,B4,MP2,T3,TP33,SGAN,TU3,2,W11,,CW24 CW28,CE10,56,
1447,,"BARIUM PERCHLORATE, SOLID",5.1,OT2,II,5.1+6.1,,1 kg,E2,P002 IBC06,,MP2,T3,TP33,SGAN,TU3,2,W11,,CW24 CW28,CE10,56,
1448,,BARIUM PERMANGANATE,5.1,OT2,II,5.1+6.1,,1 kg,E2,P002 IBC06,,MP2,T3,TP33,SGAN,TU3,2,W11,,CW24 CW28,CE10,56,
1449,,BARIUM PEROXIDE,5.1,OT2,II,5.1+6.1,,1 kg,E2,P002 IBC06,,MP2,T3,TP33,SGAN,TU3,2,W11,,CW24 CW28,CE10,56,
1450,,"BROMATES, INORGANIC, N.O.S.",5.1,O2,II,5.1,274 350,1 kg,E2,P002 IBC08,B4,MP2,T3,TP33,SGAV,TU3,2,W11,VC1 VC2 AP6 AP7,CW24,CE10,50,
1451,,CAESIUM NITRATE,5.1,O2,III,5.1,,5 kg,E1,P002 IBC08 LP02 R001,B3,MP10,T1,TP33,SGAV,TU3,3,,VC1 VC2 AP6 AP7,CW24,CE11,50,
1452,,CALCIUM CHLORATE,5.1,O2,II,5.1,,1 kg,E2,P002 IBC08,B4,MP2,T3,TP33,SGAV,TU3,2,W11,VC1 VC2 AP6 AP7,CW24,CE10,50,
1453,,CALCIUM CHLORITE,5.1,O2,II,5.1,,1 kg,E2,P002 IBC08,B4,MP2,T3,TP33,SGAN,TU3,2,W11,,CW24,CE10,50,
1454,,CALCIUM NITRATE,5.1,O2,III,5.1,208,5 kg,E1,P002 IBC08 LP02 R001,B3,MP10,T1 BK1 BK2 BK3,TP33,SGAV,TU3,3,,VC1 VC2 AP6 AP7,CW24,CE11,50,
1455,,CALCIUM PERCHLORATE,5.1,O2,II,5.1,,1 kg,E2,P002 IBC06,,MP2,T3,TP33,SGAV,TU3,2,W11,VC1 VC2 AP6 AP7,CW24,CE10,50,
1456,,CALCIUM PERMANGANATE,5.1,O2,II,5.1,,1 kg,E2,P002 IBC06,,MP2,T3,TP33,SGAN,TU3,2,W11,,CW24,CE10,50,
1457,,CALCIUM PEROXIDE,5.1,O2,II,5.1,,1 kg,E2,P002 IBC06,,MP2,T3,TP33,SGAN,TU3,2,W11,,CW24,CE10,50,
1458,a,CHLORATE AND BORATE MIXTURE,5.1,O2,II,5.1,,1 kg,E2,P002 IBC08,B4,MP2,T3,TP33,SGAV,TU3,2,W11,VC1 VC2 AP6 AP7,CW24,CE10,50,
1458,b,CHLORATE AND BORATE MIXTURE,5.1,O2,III,5.1,,5 kg,E1,P002 IBC08 LP02 R001,B3,MP2,T1,TP33,SGAV,TU3,3,,VC1 VC2 AP6 AP7,CW24,CE11,50,
1459,a,"CHLORATE AND MAGNESIUM CHLORIDE MIXTURE, SOLID",5.1,O2,II,5.1,,1 kg,E2,P002 IBC08,B4,MP2,T3,TP33,SGAV,TU3,2,W11,VC1 VC2 AP6 AP7,CW24,CE10,50,
1459,b,"CHLORATE AND MAGNESIUM CHLORIDE MIXTURE, SOLID",5.1,O2,III,5.1,,5 kg,E1,P002 IBC08 LP02 R001,B3,MP2,T1,TP33,SGAV,TU3,3,,VC1 VC2 AP6 AP7,CW24,CE11,50,
1461,,"CHLORATES, INORGANIC, N.O.S.",5.1,O2,II,5.1,274 351,1 kg,E2,P002 IBC06,,MP2,T3,TP33,SGAV,TU3,2,W11,VC1 VC2 AP6 AP7,CW24,CE10,50,
1462,,"CHLORITES, INORGANIC, N.O.S.",5.1,O2,II,5.1,274 352 509,1 kg,E2,P002 IBC06,,MP2,T3,TP33,SGAN,TU3,2,W11,,CW24,CE10,50,
1463,,"CHROMIUM TRIOXIDE, ANHYDROUS",5.1,OTC,II,5.1+6.1+8,510,1 kg,E2,P002 IBC08,B4,MP2,T3,TP33,SGAN,TU3,2,W11,,CW24 CW28,CE10,568,
1465,,DIDYMIUM NITRATE,5.1,O2,III,5.1,,5 kg,E1,P002 IBC08 LP02 R001,B3,MP10,T1,TP33,SGAV,TU3,3,,VC1 VC2 AP6 AP7,CW24,CE11,50,
1466,,FERRIC NITRATE,5.1,O2,III,5.1,,5 kg,E1,P002 IBC08 LP02 R001,B3,MP10,T1,TP33,SGAV,TU3,3,,VC1 VC2 AP6 AP7,CW24,CE11,50,
1467,,GUANIDINE NITRATE,5.1,O2,III,5.1,,5 kg,E1,P002 IBC08 LP02 R001,B3,MP10,T1,TP33,SGAV,TU3,3,,VC1 VC2 AP6 AP7,CW24,CE11,50,
1469,,LEAD NITRATE,5.1,OT2,II,5.1+6.1,,1 kg,E2,P002 IBC08,B4,MP2,T3,TP33,SGAN,TU3,2,W11,,CW24 CW28,CE10,56,
1470,,"LEAD PERCHLORATE, SOLID",5.1,OT2,II,5.1+6.1,,1 kg,E2,P002 IBC06,,MP2,T3,TP33,SGAN,TU3,2,W11,,CW24 CW28,CE10,56,
1471,a,"LITHIUM HYPOCHLORITE, DRY",5.1,O2,II,5.1,,1 kg,E2,P002 IBC08,B4,MP10,,,SGAN,TU3,2,W11,,CW24,CE10,50,
1471,b,LITHIUM HYPOCHLORITE MIXTURE,5.1,O2,II,5.1,,1 kg,E2,P002 IBC08,B4,MP10,,,SGAN,TU3,2,W11,,CW24,CE10,50,
1471,c,"LITHIUM HYPOCHLORITE, DRY",5.1,O2,III,5.1,,5 kg,E1,P002 IBC08 LP02,B3,MP10,T1,TP33,SGAV,TU3,3,,,CW24,CE11,50,
1471,d,LITHIUM HYPOCHLORITE MIXTURE,5.1,O2,III,5.1,,5 kg,E1,P002 IBC08 LP02,B3,MP10,T1,TP33,SGAV,TU3,3,,,CW24,CE11,50,
1472,,LITHIUM PEROXIDE,5.1,O2,II,5.1,,1 kg,E2,P002 IBC06,,MP2,T3,TP33,SGAN,TU3,2,W11,,CW24,CE10,50,
1473,,MAGNESIUM BROMATE,5.1,O2,II,5.1,,1 kg,E2,P002 IBC08,B4,MP2,T3,TP33,SGAV,TU3,2,W11,VC1 VC2 AP6 AP7,CW24,CE10,50,
1474,,MAGNESIUM NITRATE,5.1,O2,III,5.1,332,5 kg,E1,P002 IBC08 LP02 R001,B3,MP10,T1 BK1 BK2 BK3,TP33,SGAV,TU3,3,,VC1 VC2 AP6 AP7,CW24,CE11,50,
1475,,MAGNESIUM PERCHLORATE,5.1,O2,II,5.1,,1 kg,E2,P002 IBC06,,MP2,T3,TP33,SGAV,TU3,2,W11,VC1 VC2 AP6 AP7,CW24,CE10,50,
1476,,MAGNESIUM PEROXIDE,5.1,O2,II,5.1,,1 kg,E2,P002 IBC06,,MP2,T3,TP33,SGAN,TU3,2,W11,,CW24,CE10,50,
1477,a,"NITRATES, INORGANIC, N.O.S.",5.1,O2,II,5.1,511,1 kg,E2,P002 IBC08,B4,MP10,T3,TP33,SGAN,TU3,2,W11,,CW24,CE10,50,
1477,b,"NITRATES, INORGANIC, N.O.S.",5.1,O2,II,5.1,511,1 kg,E2,P002 IBC08,B4,MP10,T3,TP33,SGAN,TU3,2,W11,,CW24,CE10,50,
1477,c,"NITRATES, INORGANIC, N.O.S.",5.1,O2,III,5.1,511,5 kg,E1,P002 IBC08 LP02 R001,B3,MP10,T1,TP33,SGAV,TU3,3,,VC1 VC2 AP6 AP7,CW24,CE11,50,
1477,d,"NITRATES, INORGANIC, N.O.S.",5.1,O2,III,5.1,511,5 kg,E1,P002 IBC08 LP02 R001,B3,MP10,T1,TP33,SGAV,TU3,3,,VC1 VC2 AP6 AP7,CW24,CE11,50,
1479,a,"OXIDIZING SOLID, N.O.S.",5.1,O2,I,5.1,274,0,E0,P503 IBC05,,MP2,,,,,1,W10,,CW24,,55,
1479,b,"OXIDIZING SOLID, N.O.S.",5.1,O2,II,5.1,274,1 kg,E2,P002 IBC08,B4,MP2,T3,TP33,SGAN,TU3,2,W11,,CW24,CE10,50,
1479,c,"OXIDIZING SOLID, N.O.S.",5.1,O2,III,5.1,274,5 kg,E1,P002 IBC08 LP02 R001,B3,MP2,T1,TP33,SGAN,TU3,3,,,CW24,CE11,50,
1481,a,"PERCHLORATES, INORGANIC, N.O.S.",5.1,O2,II,5.1,,1 kg,E2,P002 IBC06,,MP2,T3,TP33,SGAV,TU3,2,W11,VC1 VC2 AP6 AP7,CW24,CE10,50,
1481,b,"PERCHLORATES, INORGANIC, N.O.S.",5.1,O2,III,5.1,,5 kg,E1,P002 IBC08 LP02 R001,B3,MP2,T1,TP33,SGAV,TU3,3,,VC1 VC2 AP6 AP7,CW24,CE11,50,
1482,a,"PERMANGANATES, INORGANIC, N.O.S.",5.1,O2,II,5.1,274 353,1 kg,E2,P002 IBC06,,MP2,T3,TP33,SGAN,TU3,2,W11,,CW24,CE10,50,
1482,b,"PERMANGANATES, INORGANIC, N.O.S.",5.1,O2,III,5.1,274 353,5 kg,E1,P002 IBC08 LP02 R001,B3,MP2,T1,TP33,SGAN,TU3,3,,,CW24,CE11,50,
1483,a,"PEROXIDES, INORGANIC, N.O.S.",5.1,O2,II,5.1,,1 kg,E2,P002 IBC06,,MP2,T3,TP33,SGAN,TU3,2,W11,,CW24,CE10,50,
1483,b,"PEROXIDES, INORGANIC, N.O.S.",5.1,O2,III,5.1,,5 kg,E1,P002 IBC08 LP02 R001,B3,MP2,T1,TP33,SGAN,TU3,3,,,CW24,CE11,50,
1484,,POTASSIUM BROMATE,5.1,O2,II,5.1,,1 kg,E2,P002 IBC08,B4,MP2,T3,TP33,SGAV,TU3,2,W11,VC1 VC2 AP6 AP7,CW24,CE10,50,
1485,,POTASSIUM CHLORATE,5.1,O2,II,5.1,,1 kg,E2,P002 IBC08,B4,MP2,T3,TP33,SGAV,TU3,2,W11,VC1 VC2 AP6 AP7,CW24,CE10,50,
1486,,POTASSIUM NITRATE,5.1,O2,III,5.1,,5 kg,E1,P002 IBC08 LP02 R001,B3,MP10,T1 BK1 BK2 BK3,TP33,SGAV,TU3,3,,VC1 VC2 AP6 AP7,CW24,CE11,50,
1487,,POTASSIUM NITRATE AND SODIUM NITRITE MIXTURE,5.1,O2,II,5.1,607,1 kg,E2,P002 IBC08,B4,MP10,T3,TP33,SGAV,TU3,2,W11,VC1 VC2 AP6 AP7,CW24,CE10,50,
1488,,POTASSIUM NITRITE,5.1,O2,II,5.1,,1 kg,E2,P002 IBC08,B4,MP10,T3,TP33,SGAV,TU3,2,W11,VC1 VC2 AP6 AP7,CW24,CE10,50,
1489,,POTASSIUM PERCHLORATE,5.1,O2,II,5.1,,1 kg,E2,P002 IBC06,,MP2,T3,TP33,SGAV,TU3,2,W11,VC1 VC2 AP6 AP7,CW24,CE10,50,
1490,,POTASSIUM PERMANGANATE,5.1,O2,II,5.1,,1 kg,E2,P002 IBC08,B4,MP2,T3,TP33,SGAN,TU3,2,W11,,CW24,CE10,50,
1491,,POTASSIUM PEROXIDE,5.1,O2,I,5.1,,0,E0,P503 IBC06,,MP2,,,,,1,W10,,CW24,,55,
1492,,POTASSIUM PERSULPHATE,5.1,O2,III,5.1,,5 kg,E1,P002 IBC08 LP02 R001,B3,MP10,T1,TP33,SGAV,TU3,3,,VC1 VC2 AP6 AP7,CW24,CE11,50,
1493,,SILVER NITRATE,5.1,O2,II,5.1,,1 kg,E2,P002 IBC08,B4,MP10,T3,TP33,SGAV,TU3,2,W11,VC1 VC2 AP6 AP7,CW24,CE10,50,
1494,,SODIUM BROMATE,5.1,O2,II,5.1,,1 kg,E2,P002 IBC08,B4,MP2,T3,TP33,SGAV,TU3,2,W11,VC1 VC2 AP6 AP7,CW24,CE10,50,
1495,,SODIUM CHLORATE,5.1,O2,II,5.1,,1 kg,E2,P002 IBC08,B4,MP2,T3 BK1 BK2,TP33,SGAV,TU3,2,W11,VC1 VC2 AP6 AP7,CW24,CE10,50,
1496,,SODIUM CHLORITE,5.1,O2,II,5.1,,1 kg,E2,P002 IBC08,B4,MP2,T3,TP33,SGAN,TU3,2,W11,,CW24,CE10,50,
1498,,SODIUM NITRATE,5.1,O2,III,5.1,,5 kg,E1,P002 IBC08 LP02 R001,B3,MP10,T1 BK1 BK2 BK3,TP33,SGAV,TU3,3,,VC1 VC2 AP6 AP7,CW24,CE11,50,
1499,,SODIUM NITRATE AND POTASSIUM NITRATE MIXTURE,5.1,O2,III,5.1,,5 kg,E1,P002 IBC08 LP02 R001,B3,MP10,T1 BK1 BK2 BK3,TP33,SGAV,TU3,3,,VC1 VC2 AP6 AP7,CW24,CE11,50,
1500,,SODIUM NITRITE,5.1,OT2,III,5.1+6.1,,5 kg,E1,P002 IBC08 R001,B3,MP10,T1,TP33,SGAN,TU3,3,,,CW24 CW28,CE11,56,
1502,,SODIUM PERCHLORATE,5.1,O2,II,5.1,,1 kg,E2,P002 IBC06,,MP2,T3,TP33,SGAV,TU3,2,W11,VC1 VC2 AP6 AP7,CW24,CE10,50,
1503,,SODIUM PERMANGANATE,5.1,O2,II,5.1,,1 kg,E2,P002 IBC06,,MP2,T3,TP33,SGAN,TU3,2,W11,,CW24,CE10,50,
1504,,SODIUM PEROXIDE,5.1,O2,I,5.1,,0,E0,P503 IBC05,,MP2,,,,,1,W10,,CW24,,55,
1505,,SODIUM PERSULPHATE,5.1,O2,III,5.1,,5 kg,E1,P002 IBC08 LP02 R001,B3,MP10,T1,TP33,SGAV,TU3,3,,VC1 VC2 AP6 AP7,CW24,CE11,50,
1506,,STRONTIUM CHLORATE,5.1,O2,II,5.1,,1 kg,E2,P002 IBC08,B4,MP2,T3,TP33,SGAV,TU3,2,W11,VC1 VC2 AP6 AP7,CW24,CE10,50,
1507,,STRONTIUM NITRATE,5.1,O2,III,5.1,,5 kg,E1,P002 IBC08 LP02 R001,B3,MP10,T1,TP33,SGAV,TU3,3,,VC1 VC2 AP6 AP7,CW24,CE11,50,
1508,,STRONTIUM PERCHLORATE,5.1,O2,II,5.1,,1 kg,E2,P002 IBC06,,MP2,T3,TP33,SGAV,TU3,2,W11,VC1 VC2 AP6 AP7,CW24,CE10,50,
1509,,STRONTIUM PEROXIDE,5.1,O2,II,5.1,,1 kg,E2,P002 IBC06,,MP2,T3,TP33,SGAN,TU3,2,W11,,CW24,CE10,50,
1510,,TETRANITROMETHANE,6.1,TO1,I,6.1+5.1,354 609,0,E0,P602,,MP8 MP17,,,L10CH,TU14 TU15 TU38 TE21 TE22,1,,,CW13 CW28 CW31,,665,
1511,,UREA HYDROGEN PEROXIDE,5.1,OC2,III,5.1+8,,5 kg,E1,P002 IBC08 R001,B3,MP2,T1,TP33,SGAN,TU3,3,,,CW24,CE11,58,
1512,,ZINC AMMONIUM NITRITE,5.1,O2,II,5.1,,1 kg,E2,P002 IBC08,B4,MP10,T3,TP33,SGAN,TU3,2,W11,,CW24,CE10,50,
1513,,ZINC CHLORATE,5.1,O2,II,5.1,,1 kg,E2,P002 IBC08,B4,MP2,T3,TP33,SGAV,TU3,2,W11,VC1 VC2 AP6 AP7,CW24,CE10,50,
1514,,ZINC NITRATE,5.1,O2,II,5.1,,1 kg,E2,P002 IBC08,B4,MP10,T3,TP33,SGAN,TU3,2,W11,,CW24,CE10,50,
1515,,ZINC PERMANGANATE,5.1,O2,II,5.1,,1 kg,E2,P002 IBC06,,MP2,T3,TP33,SGAN,TU3,2,W11,,CW24,CE10,50,
1516,,ZINC PEROXIDE,5.1,O2,II,5.1,,1 kg,E2,P002 IBC06,,MP2,T3,TP33,SGAN,TU3,2,W11,,CW24,CE10,50,
1517,,"ZIRCONIUM PICRAMATE, WETTED",4.1,D,I,4.1,,0,E0,P406,PP26,MP2,,,,,1,W1,,,,40,"with not less than 20% water, by mass"
1541,,"ACETONE CYANOHYDRIN, STABILIZED",6.1,T1,I,6.1,354,0,E0,P602,,MP8 MP17,T20,TP2,L10CH,TU14 TU15 TU38 TE21 TE22,1,,,CW13 CW28 CW31,,669,
1544,a,"ALKALOIDS, SOLID, N.O.S.",6.1,T2,I,6.1,43 274,0,E5,P002 IBC07,,MP18,T6,TP33,S10AH,TU15,1,W10,,CW13 CW28 CW31,,66,
1544,b,"ALKALOID SALTS, SOLID, N.O.S.",6.1,T2,I,6.1,43 274,0,E5,P002 IBC07,,MP18,T6,TP33,S10AH,TU15,1,W10,,CW13 CW28 CW31,,66,
1544,c,"ALKALOIDS, SOLID, N.O.S.",6.1,T2,II,6.1,43 274,500 g,E4,P002 IBC08,B4,MP10,T3,TP33,SGAH L4BH,TU15,2,W11,,CW13 CW28 CW31,CE9,60,
1544,d,"ALKALOID SALTS, SOLID, N.O.S.",6.1,T2,II,6.1,43 274,500 g,E4,P002 IBC08,B4,MP10,T3,TP33,SGAH L4BH,TU15,2,W11,,CW13 CW28 CW31,CE9,60,
1544,e,"ALKALOIDS, SOLID, N.O.S.",6.1,T2,III,6.1,43 274,5 kg,E1,P002 IBC08 LP02 R001,B3,MP10,T1,TP33,SGAH L4BH,TU15,2,,VC1 VC2 AP7,CW13 CW28 CW31,CE11,60,
1544,f,"ALKALOID SALTS, SOLID, N.O.S.",6.1,T2,III,6.1,43 274,5 kg,E1,P002 IBC08 LP02 R001,B3,MP10,T1,TP33,SGAH L4BH,TU15,2,,VC1 VC2 AP7,CW13 CW28 CW31,CE11,60,
1545,,"ALLYL ISOTHIOCYANATE, STABILIZED",6.1,TF1,II,6.1+3,386 676,100 mL,E0,P001 IBC02,,MP15,T7,TP2,L4BH,TU15,2,,,CW13 CW28 CW31,CE5,639,
1546,,AMMONIUM ARSENATE,6.1,T5,II,6.1,,500 g,E4,P002 IBC08,B4,MP10,T3,TP33,SGAH,TU15,2,W11,,CW13 CW28 CW31,CE9,60,
1547,,ANILINE,6.1,T1,II,6.1,279,100 mL,E4,P001 IBC02,,MP15,T7,TP2,L4BH,TU15,2,,,CW13 CW28 CW31,CE5,60,
1548,,ANILINE HYDROCHLORIDE,6.1,T2,III,6.1,,5 kg,E1,P002 IBC08 LP02 R001,B3,MP10,T1,TP33,SGAH,TU15,2,,VC1 VC2 AP7,CW13 CW28 CW31,CE11,60,
1549,,"ANTIMONY COMPOUND, INORGANIC, SOLID, N.O.S.",6.1,T5,III,6.1,45 274 512,5 kg,E1,P002 IBC08 LP02 R001,B3,MP10,T1,TP33,SGAH L4BH,TU15,2,,VC1 VC2 AP7,CW13 CW28 CW31,CE11,60,
1550,,ANTIMONY LACTATE,6.1,T5,III,6.1,,5 kg,E1,P002 IBC08 LP02 R001,B3,MP10,T1,TP33,SGAH L4BH,TU15,2,,VC1 VC2 AP7,CW13 CW28 CW31,CE11,60,
1551,,ANTIMONY POTASSIUM TARTRATE,6.1,T5,III,6.1,,5 kg,E1,P002 IBC08 LP02 R001,B3,MP10,T1,TP33,SGAH L4BH,TU15,2,,VC1 VC2 AP7,CW13 CW28 CW31,CE11,60,
1553,,"ARSENIC ACID, LIQUID",6.1,T4,I,6.1,,0,E5,P001,,MP8 MP17,T20,TP2 TP7,L10CH,TU14 TU15 TU38 TE21 TE22,1,,,CW13 CW28 CW31,,66,
1554,,"ARSENIC ACID, SOLID",6.1,T5,II,6.1,,500 g,E4,P002 IBC08,B4,MP10,T3,TP33,SGAH L4BH,TU15,2,W11,,CW13 CW28 CW31,CE9,60,
1555,,ARSENIC BROMIDE,6.1,T5,II,6.1,,500 g,E4,P002 IBC08,B4,MP10,T3,TP33,SGAH L4BH,TU15,2,W11,,CW13 CW28 CW31,CE9,60,
1556,a,"ARSENIC COMPOUND, LIQUID, N.O.S.",6.1,T4,I,6.1,43 274,0,E5,P001,,MP8 MP17,T14,TP2 TP27,L10CH,TU14 TU15 TU38 TE21 TE22,1,,,CW13 CW28 CW31,,66,"inorganic, including: Arsenates, n.o.s., Arsenites, n.o.s., and Arsenic sulphides, n.o.s."
1556,b,"ARSENIC COMPOUND, LIQUID, N.O.S.",6.1,T4,I,6.1,43 274,0,E5,P001,,MP8 MP17,T14,TP2 TP27,L10CH,TU14 TU15 TU38 TE21 TE22,1,,,CW13 CW28 CW31,,66,"inorganic, including: Arsenates, n.o.s., Arsenites, n.o.s., and Arsenic sulphides, n.o.s."
1556,c,"ARSENIC COMPOUND, LIQUID, N.O.S.",6.1,T4,II,6.1,43 274,100 mL,E4,P001 IBC02,,MP15,T11,TP2 TP27,L4BH,TU15,2,,,CW13 CW28 CW31,CE5,60,"inorganic, including: Arsenates, n.o.s., Arsenites, n.o.s., and Arsenic sulphides, n.o.s."
1556,d,"ARSENIC COMPOUND, LIQUID, N.O.S.",6.1,T4,II,6.1,43 274,100 mL,E4,P001 IBC02,,MP15,T11,TP2 TP27,L4BH,TU15,2,,,CW13 CW28 CW31,CE5,60,"inorganic, including: Arsenates, n.o.s., Arsenites, n.o.s., and Arsenic sulphides, n.o.s."
1556,e,"ARSENIC COMPOUND, LIQUID, N.O.S.",6.1,T4,III,6.1,43 274,5 L,E1,P001 IBC03 LP01 R001,,MP19,T7,TP2 TP28,L4BH,TU15,2,W12,,CW13 CW28 CW31,CE8,60,"inorganic, including: Arsenates, n.o.s., Arsenites, n.o.s., and Arsenic sulphides, n.o.s."
1556,f,"ARSENIC COMPOUND, LIQUID, N.O.S.",6.1,T4,III,6.1,43 274,5 L,E1,P001 IBC03 LP01 R001,,MP19,T7,TP2 TP28,L4BH,TU15,2,W12,,CW13 CW28 CW31,CE8,60,"inorganic, including: Arsenates, n.o.s., Arsenites, n.o.s., and Arsenic sulphides, n.o.s."
1557,a,"ARSENIC COMPOUND, SOLID, N.O.S.",6.1,T5,I,6.1,43 274,0,E5,P002 IBC07,,MP18,T6,TP33,S10AH L10CH,TU15 TU38 TE22,1,W10,,CW13 CW28 CW31,,66,"inorganic, including: Arsenates, n.o.s.; Arsenites, n.o.s.; and Arsenic sulphides, n.o.s."
1557,b,"ARSENIC COMPOUND, SOLID, N.O.S.",6.1,T5,I,6.1,43 274,0,E5,P002 IBC07,,MP18,T6,TP33,S10AH L10CH,TU15 TU38 TE22,1,W10,,CW13 CW28 CW31,,66,"inorganic, including: Arsenates, n.o.s.; Arsenites, n.o.s.; and Arsenic sulphides, n.o.s."
1557,c,"ARSENIC COMPOUND, SOLID, N.O.S.",6.1,T5,II,6.1,43 274,500 g,E4,P002 IBC08,B4,MP10,T3,TP33,SGAH L4BH,TU15,2,W11,,CW13 CW28 CW31,CE9,60,"inorganic, including: Arsenates, n.o.s.; Arsenites, n.o.s.; and Arsenic sulphides, n.o.s."
1557,d,"ARSENIC COMPOUND, SOLID, N.O.S.",6.1,T5,II,6.1,43 274,500 g,E4,P002 IBC08,B4,MP10,T3,TP33,SGAH L4BH,TU15,2,W11,,CW13 CW28 CW31,CE9,60,"inorganic, including: Arsenates, n.o.s.; Arsenites, n.o.s.; and Arsenic sulphides, n.o.s."
1557,e,"ARSENIC COMPOUND, SOLID, N.O.S.",6.1,T5,III,6.1,43 274,5 kg,E1,P002 IBC08 LP02 R001,B3,MP10,T1,TP33,SGAH L4BH,TU15,2,,VC1 VC2 AP7,CW13 CW28 CW31,CE11,60,"inorganic, including: Arsenates, n.o.s.; Arsenites, n.o.s.; and Arsenic sulphides, n.o.s."
1557,f,"ARSENIC COMPOUND, SOLID, N.O.S.",6.1,T5,III,6.1,43 274,5 kg,E1,P002 IBC08 LP02 R001,B3,MP10,T1,TP33,SGAH L4BH,TU15,2,,VC1 VC2 AP7,CW13 CW28 CW31,CE11,60,"inorganic, including: Arsenates, n.o.s.; Arsenites, n.o.s.; and Arsenic sulphides, n.o.s."
1558,,ARSENIC,6.1,T5,II,6.1,,500 g,E4,P002 IBC08,B4,MP10,T3,TP33,SGAH,TU15,2,W11,,CW13 CW28 CW31,CE9,60,
1559,,ARSENIC PENTOXIDE,6.1,T5,II,6.1,,500 g,E4,P002 IBC08,B4,MP10,T3,TP33,SGAH,TU15,2,W11,,CW13 CW28 CW31,CE9,60,
1560,,ARSENIC TRICHLORIDE,6.1,T4,I,6.1,,0,E0,P602,,MP8 MP17,T14,TP2,L10CH,TU14 TU15 TU38 TE21 TE22,1,,,CW13 CW28 CW31,,66,
1561,,ARSENIC TRIOXIDE,6.1,T5,II,6.1,,500 g,E4,P002 IBC08,B4,MP10,T3,TP33,SGAH,TU15,2,W11,,CW13 CW28 CW31,CE9,60,
1562,,ARSENICAL DUST,6.1,T5,II,6.1,,500 g,E4,P002 IBC08,B4,MP10,T3,TP33,SGAH,TU15,2,W11,,CW13 CW28 CW31,CE9,60,
1564,a,"BARIUM COMPOUND, N.O.S.",6.1,T5,II,6.1,177 274 513 587,500 g,E4,P002 IBC08,B4,MP10,T3,TP33,SGAH L4BH,TU15,2,W11,,CW13 CW28 CW31,CE9,60,
1564,b,"BARIUM COMPOUND, N.O.S.",6.1,T5,III,6.1,177 274 513 587,5 kg,E1,P002 IBC08 LP02 R001,B3,MP10,T1,TP33,SGAH L4BH,TU15,2,,VC1 VC2 AP7,CW13 CW28 CW31,CE11,60,
1565,,BARIUM CYANIDE,6.1,T5,I,6.1,,0,E5,P002 IBC07,,MP18,T6,TP33,S10AH,TU15,1,W10,,CW13 CW28 CW31,,66,
1566,a,"BERYLLIUM COMPOUND, N.O.S.",6.1,T5,II,6.1,274 514,500 g,E4,P002 IBC08,B4,MP10,T3,TP33,SGAH L4BH,TU15,2,W11,,CW13 CW28 CW31,CE9,60,
1566,b,"BERYLLIUM COMPOUND, N.O.S.",6.1,T5,III,6.1,274 514,5 kg,E1,P002 IBC08 LP02 R001,B3,MP10,T1,TP33,SGAH L4BH,TU15,2,,VC1 VC2 AP7,CW13 CW28 CW31,CE11,60,
1567,,BERYLLIUM POWDER,6.1,TF3,II,6.1+4.1,,500 g,E4,P002 IBC08,B4,MP10,T3,TP33,SGAH,TU15,2,W11,,CW13 CW28 CW31,CE9,64,
1569,,BROMOACETONE,6.1,TF1,II,6.1+3,,0,E0,P602,,MP15,T20,TP2,L4BH,TU15,2,,,CW13 CW28 CW31,CE5,63,
1570,,BRUCINE,6.1,T2,I,6.1,43,0,E5,P002 IBC07,,MP18,T6,TP33,S10AH L10CH,TU14 TU15 TU38 TE21 TE22,1,W10,,CW13 CW28 CW31,,66,
1571,,"BARIUM AZIDE, WETTED",4.1,DT,I,4.1+6.1,568,0,E0,P406,,MP2,,,,,1,W1,,CW28,,46,"with not less than 50% water, by mass"
1572,,CACODYLIC ACID,6.1,T5,II,6.1,,500 g,E4,P002 IBC08,B4,MP10,T3,TP33,SGAH,TU15,2,W11,,CW13 CW28 CW31,CE9,60,
1573,,CALCIUM ARSENATE,6.1,T5,II,6.1,,500 g,E4,P002 IBC08,B4,MP10,T3,TP33,SGAH,TU15,2,W11,,CW13 CW28 CW31,CE9,60,
1574,,"CALCIUM ARSENATE AND CALCIUM ARSENITE MIXTURE, SOLID",6.1,T5,II,6.1,,500 g,E4,P002 IBC08,B4,MP10,T3,TP33,SGAH,TU15,2,W11,,CW13 CW28 CW31,CE9,60,
1575,,CALCIUM CYANIDE,6.1,T5,I,6.1,,0,E5,P002 IBC07,,MP18,T6,TP33,S10AH,TU15,1,W10,,CW13 CW28 CW31,,66,
1577,,"CHLORODINITROBENZENES, LIQUID",6.1,T1,II,6.1,279,100 mL,E4,P001 IBC02,,MP15,T7,TP2,L4BH,TU15,2,,,CW13 CW28 CW31,CE5,60,
1578,,"CHLORONITROBENZENES, SOLID",6.1,T2,II,6.1,279,500 g,E4,P002 IBC08,B4,MP10,T3,TP33,SGAH,TU15,2,W11,,CW13 CW28 CW31,CE9,60,
1579,,"4-CHLORO-o-TOLUIDINE HYDROCHLORIDE, SOLID",6.1,T2,III,6.1,,5 kg,E1,P002 IBC08 LP02 R001,B3,MP10,T1,TP33,SGAH L4BH,TU15,2,,VC1 VC2 AP7,CW13 CW28 CW31,CE11,60,
1580,,CHLOROPICRIN,6.1,T1,I,6.1,354,0,E0,P601,,MP8 MP17,T22,TP2,L15CH,TU14 TU15 TU38 TE21 TE22 TE25,1,,,CW13 CW28 CW31,,66,
1581,,CHLOROPICRIN AND METHYL BROMIDE MIXTURE,2,2T,,2.3+13,,0,E0,P200,,MP9,T50 (M),,PxBH(M),TU38 TE22 TE25 TA4 TT9 TM6,1,,,CW9 CW10 CW36,,26,with more than 2% chloropicrin
1582,,CHLOROPICRIN AND METHYL CHLORIDE MIXTURE,2,2T,,2.3+13,,0,E0,P200,,MP9,T50 (M),,PxBH(M),TU38 TE22 TE25 TA4 TT9 TM6,1,,,CW9 CW10 CW36,,26,
1583,a,"CHLOROPICRIN MIXTURE, N.O.S.",6.1,T1,I,6.1,274 315 515,0,E0,P602,,MP8 MP17,,,L10CH,TU14 TU15 TU38 TE21 TE22,1,,,CW13 CW28 CW31,,66,
1583,b,"CHLOROPICRIN MIXTURE, N.O.S.",6.1,T1,II,6.1,274 515,100 mL,E0,P001 IBC02,,MP15,,,L4BH,TU15,2,,,CW13 CW28 CW31,CE5,60,
1583,c,"CHLOROPICRIN MIXTURE, N.O.S.",6.1,T1,III,6.1,274 515,5 L,E0,P001 IBC03 LP01 R001,,MP19,,,L4BH,TU15,2,W12,,CW13 CW28 CW31,CE8,60,
1585,,COPPER ACETOARSENITE,6.1,T5,II,6.1,,500 g,E4,P002 IBC08,B4,MP10,T3,TP33,SGAH,TU15,2,W11,,CW13 CW28 CW31,CE9,60,
1586,,COPPER ARSENITE,6.1,T5,II,6.1,,500 g,E4,P002 IBC08,B4,MP10,T3,TP33,SGAH,TU15,2,W11,,CW13 CW28 CW31,CE9,60,
1587,,COPPER CYANIDE,6.1,T5,II,6.1,,500 g,E4,P002 IBC08,B4,MP10,T3,TP33,SGAH,TU15,2,W11,,CW13 CW28 CW31,CE9,60,
1588,a,"CYANIDES, INORGANIC, SOLID, N.O.S.",6.1,T5,I,6.1,47 274,0,E5,P002 IBC07,,MP18,T6,TP33,S10AH,TU15,1,W10,,CW13 CW28 CW31,CE13,66,
1588,b,"CYANIDES, INORGANIC, SOLID, N.O.S.",6.1,T5,II,6.1,47 274,500 g,E4,P002 IBC08,B4,MP10,T3,TP33,SGAH,TU15,2,W11,,CW13 CW28 CW31,CE9,60,
1588,c,"CYANIDES, INORGANIC, SOLID, N.O.S.",6.1,T5,III,6.1,47 274,5 kg,E1,P002 IBC08 LP02 R001,B3,MP10,T1,TP33,SGAH,TU15,2,,VC1 VC2 AP7,CW13 CW28 CW31,CE11,60,
1589,,"CYANOGEN CHLORIDE, STABILIZED",2,2TC,,2.3+8,386 676,0,E0,P200,,MP9,,,,,1,,,CW9 CW10 CW36,,268,
1590,,"DICHLOROANILINES, LIQUID",6.1,T1,II,6.1,279,100 mL,E4,P001 IBC02,,MP15,T7,TP2,L4BH,TU15,2,,,CW13 CW28 CW31,CE5,60,
1591,,o-DICHLOROBENZENE,6.1,T1,III,6.1,279,5 L,E1,P001 IBC03 LP01 R001,,MP19,T4,TP1,L4BH,TU15,2,W12,,CW13 CW28 CW31,CE8,60,
1593,,DICHLOROMETHANE,6.1,T1,III,6.1,516,5 L,E1,P001 IBC03 LP01 R001,B8,MP19,T7,TP2,L4BH,TU15,2,W12,,CW13 CW28 CW31,CE8,60,
1594,,DIETHYL SULPHATE,6.1,T1,II,6.1,,100 mL,E4,P001 IBC02,,MP15,T7,TP2,L4BH,TU15,2,,,CW13 CW28 CW31,CE5,60,
1595,,DIMETHYL SULPHATE,6.1,TC1,I,6.1+8,354,0,E0,P602,,MP8 MP17,T20,TP2,L10CH,TU14 TU15 TU38 TE21 TE22,1,,,CW13 CW28 CW31,,668,
1596,,DINITROANILINES,6.1,T2,II,6.1,,500 g,E4,P002 IBC08,B4,MP10,T3,TP33,SGAH L4BH,TU15,2,W11,,CW13 CW28 CW31,CE9,60,
1597,a,"DINITROBENZENES, LIQUID",6.1,T1,II,6.1,,100 mL,E4,P001 IBC02,,MP15,T7,TP2,L4BH,TU15,2,,,CW13 CW28 CW31,CE5,60,
1597,b,"DINITROBENZENES, LIQUID",6.1,T1,III,6.1,,5 L,E1,P001 IBC03 LP01 R001,,MP19,T7,TP2,L4BH,TU15,2,W12,,CW13 CW28 CW31,CE8,60,
1598,,DINITRO-o-CRESOL,6.1,T2,II,6.1,43,500 g,E4,P002 IBC08,B4,MP10,T3,TP33,SGAH L4BH,TU15,2,W11,,CW13 CW28 CW31,CE9,60,
1599,a,DINITROPHENOL SOLUTION,6.1,T1,II,6.1,,100 mL,E4,P001 IBC02,,MP15,T7,TP2,L4BH,TU15,2,,,CW13 CW28 CW31,CE5,60,
1599,b,DINITROPHENOL SOLUTION,6.1,T1,III,6.1,,5 L,E1,P001 IBC03 LP01 R001,,MP19,T4,TP1,L4BH,TU15,2,W12,,CW13 CW28 CW31,CE8,60,
1600,,"DINITROTOLUENES, MOLTEN",6.1,T1,II,6.1,,0,E0,,,,T7,TP3,L4BH,TU15,0,,,CW13 CW31,,60,
1601,a,"DISINFECTANT, SOLID, TOXIC, N.O.S.",6.1,T2,I,6.1,274,0,E5,P002 IBC07,,MP18,T6,TP33,S10AH L10CH,TU15 TU38 TE22,1,W10,,CW13 CW28 CW31,,66,
1601,b,"DISINFECTANT, SOLID, TOXIC, N.O.S.",6.1,T2,II,6.1,274,500 g,E4,P002 IBC08,B4,MP10,T3,TP33,SGAH L4BH,TU15,2,W11,,CW13 CW28 CW31,CE9,60,
1601,c,"DISINFECTANT, SOLID, TOXIC, N.O.S.",6.1,T2,III,6.1,274,5 kg,E1,P002 IBC08 LP02 R001,B3,MP10,T1,TP33,SGAH L4BH,TU15,2,,VC1 VC2 AP7,CW13 CW28 CW31,CE11,60,
1602,a,"DYE, LIQUID, TOXIC, N.O.S.",6.1,T1,I,6.1,274,0,E5,P001,,MP8 MP17,,,L10CH,TU14 TU15 TU38 TE21 TE22,1,,,CW13 CW28 CW31,,66,
1602,b,"DYE INTERMEDIATE, LIQUID, TOXIC, N.O.S.",6.1,T1,I,6.1,274,0,E5,P001,,MP8 MP17,,,L10CH,TU14 TU15 TU38 TE21 TE22,1,,,CW13 CW28 CW31,,66,
1602,c,"DYE, LIQUID, TOXIC, N.O.S.",6.1,T1,II,6.1,274,100 mL,E4,P001 IBC02,,MP15,,,L4BH,TU15,2,,,CW13 CW28 CW31,CE5,60,
1602,d,"DYE INTERMEDIATE, LIQUID, TOXIC, N.O.S.",6.1,T1,II,6.1,274,100 mL,E4,P001 IBC02,,MP15,,,L4BH,TU15,2,,,CW13 CW28 CW31,CE5,60,
1602,e,"DYE, LIQUID, TOXIC, N.O.S.",6.1,T1,III,6.1,274,5 L,E1,P001 IBC03 LP01 R001,,MP19,,,L4BH,TU15,2,W12,,CW13 CW28 CW31,CE8,60,
1602,f,"DYE INTERMEDIATE, LIQUID, TOXIC, N.O.S.",6.1,T1,III,6.1,274,5 L,E1,P001 IBC03 LP01 R001,,MP19,,,L4BH,TU15,2,W12,,CW13 CW28 CW31,CE8,60,
1603,,ETHYL BROMOACETATE,6.1,TF1,II,6.1+3,,100 mL,E0,P001 IBC02,,MP15,T7,TP2,L4BH,TU15,2,,,CW13 CW28 CW31,CE5,63,
1604,,ETHYLENEDIAMINE,8,CF1,II,8+3,,1 L,E2,P001 IBC02,,MP15,T7,TP2,L4BN,,2,,,,CE6,83,
1605,,ETHYLENE DIBROMIDE,6.1,T1,I,6.1,354,0,E0,P602,,MP8 MP17,T20,TP2,L10CH,TU14 TU15 TU38 TE21 TE22,1,,,CW13 CW28 CW31,,66,
1606,,FERRIC ARSENATE,6.1,T5,II,6.1,,500 g,E4,P002 IBC08,B4,MP10,T3,TP33,SGAH,TU15,2,W11,,CW13 CW28 CW31,CE9,60,
1607,,FERRIC ARSENITE,6.1,T5,II,6.1,,500 g,E4,P002 IBC08,B4,MP10,T3,TP33,SGAH,TU15,2,W11,,CW13 CW28 CW31,CE9,60,
1608,,FERROUS ARSENATE,6.1,T5,II,6.1,,500 g,E4,P002 IBC08,B4,MP10,T3,TP33,SGAH,TU15,2,W11,,CW13 CW28 CW31,CE9,60,
1611,,HEXAETHYL TETRAPHOSPHATE,6.1,T1,II,6.1,,100 mL,E4,P001 IBC02,,MP15,T7,TP2,L4BH,TU15,2,,,CW13 CW28 CW31,CE5,60,
1612,,HEXAETHYL TETRAPHOSPHATE AND COMPRESSED GAS MIXTURE,2,1T,,2.3+13,,0,E0,P200,,MP9,(M),,CxBH(M),TU38 TE22 TE25 TA4 TT9,1,,,CW9 CW10 CW36,,26,
1613,a,"HYDROCYANIC ACID, AQUEOUS SOLUTION",6.1,TF1,I,6.1+3,48,0,E0,P601,,MP8 MP17,T14,TP2,L15DH(+),TU14 TU15 TU38 TE21 TE22 TE25,0,,,CW13 CW28 CW31,,663,with not more than 20% hydrogen cyanide
1613,b,"HYDROGEN CYANIDE, AQUEOUS SOLUTION",6.1,TF1,I,6.1+3,48,0,E0,P601,,MP8 MP17,T14,TP2,L15DH(+),TU14 TU15 TU38 TE21 TE22 TE25,0,,,CW13 CW28 CW31,,663,with not more than 20% hydrogen cyanide
1614,,"HYDROGEN CYANIDE, STABILIZED",6.1,TF1,I,6.1+3,386 603 676,0,E0,P099 P601,RR10,MP2,,,,,0,,,CW13 CW28 CW31,,663,containing less than 3% water and absorbed in a porous inert material
1616,,LEAD ACETATE,6.1,T5,III,6.1,,5 kg,E1,P002 IBC08 LP02 R001,B3,MP10,T1,TP33,SGAH L4BH,TU15,2,,VC1 VC2 AP7,CW13 CW28 CW31,CE11,60,
1617,,LEAD ARSENATES,6.1,T5,II,6.1,,500 g,E4,P002 IBC08,B4,MP10,T3,TP33,SGAH,TU15,2,W11,,CW13 CW28 CW31,CE9,60,
1618,,LEAD ARSENITES,6.1,T5,II,6.1,,500 g,E4,P002 IBC08,B4,MP10,T3,TP33,SGAH,TU15,2,W11,,CW13 CW28 CW31,CE9,60,
1620,,LEAD CYANIDE,6.1,T5,II,6.1,,500 g,E4,P002 IBC08,B4,MP10,T3,TP33,SGAH,TU15,2,W11,,CW13 CW28 CW31,CE9,60,
1621,,LONDON PURPLE,6.1,T5,II,6.1,43,500 g,E4,P002 IBC08,B4,MP10,T3,TP33,SGAH,TU15,2,W11,,CW13 CW28 CW31,CE9,60,
1622,,MAGNESIUM ARSENATE,6.1,T5,II,6.1,,500 g,E4,P002 IBC08,B4,MP10,T3,TP33,SGAH,TU15,2,W11,,CW13 CW28 CW31,CE9,60,
1623,,MERCURIC ARSENATE,6.1,T5,II,6.1,,500 g,E4,P002 IBC08,B4,MP10,T3,TP33,SGAH,TU15,2,W11,,CW13 CW28 CW31,CE9,60,
1624,,MERCURIC CHLORIDE,6.1,T5,II,6.1,,500 g,E4,P002 IBC08,B4,MP10,T3,TP33,SGAH,TU15,2,W11,,CW13 CW28 CW31,CE9,60,
1625,,MERCURIC NITRATE,6.1,T5,II,6.1,,500 g,E4,P002 IBC08,B4,MP10,T3,TP33,SGAH,TU15,2,W11,,CW13 CW28 CW31,CE9,60,
1626,,MERCURIC POTASSIUM CYANIDE,6.1,T5,I,6.1,,0,E5,P002 IBC07,,MP18,T6,TP33,S10AH,TU15,1,W10,,CW13 CW28 CW31,,66,
1627,,MERCUROUS NITRATE,6.1,T5,II,6.1,,500 g,E4,P002 IBC08,B4,MP10,T3,TP33,SGAH,TU15,2,W11,,CW13 CW28 CW31,CE9,60,
1629,,MERCURY ACETATE,6.1,T5,II,6.1,,500 g,E4,P002 IBC08,B4,MP10,T3,TP33,SGAH,TU15,2,W11,,CW13 CW28 CW31,CE9,60,
1630,,MERCURY AMMONIUM CHLORIDE,6.1,T5,II,6.1,,500 g,E4,P002 IBC08,B4,MP10,T3,TP33,SGAH,TU15,2,W11,,CW13 CW28 CW31,CE9,60,
1631,,MERCURY BENZOATE,6.1,T5,II,6.1,,500 g,E4,P002 IBC08,B4,MP10,T3,TP33,SGAH,TU15,2,W11,,CW13 CW28 CW31,CE9,60,
1634,,MERCURY BROMIDES,6.1,T5,II,6.1,,500 g,E4,P002 IBC08,B4,MP10,T3,TP33,SGAH,TU15,2,W11,,CW13 CW28 CW31,CE9,60,
1636,,MERCURY CYANIDE,6.1,T5,II,6.1,,500 g,E4,P002 IBC08,B4,MP10,T3,TP33,SGAH,TU15,2,W11,,CW13 CW28 CW31,CE9,60,
1637,,MERCURY GLUCONATE,6.1,T5,II,6.1,,500 g,E4,P002 IBC08,B4,MP10,T3,TP33,SGAH,TU15,2,W11,,CW13 CW28 CW31,CE9,60,
1638,,MERCURY IODIDE,6.1,T5,II,6.1,,500 g,E4,P002 IBC08,B4,MP10,T3,TP33,SGAH,TU15,2,W11,,CW13 CW28 CW31,CE9,60,
1639,,MERCURY NUCLEATE,6.1,T5,II,6.1,,500 g,E4,P002 IBC08,B4,MP10,T3,TP33,SGAH,TU15,2,W11,,CW13 CW28 CW31,CE9,60,
1640,,MERCURY OLEATE,6.1,T5,II,6.1,,500 g,E4,P002 IBC08,B4,MP10,T3,TP33,SGAH,TU15,2,W11,,CW13 CW28 CW31,CE9,60,
1641,,MERCURY OXIDE,6.1,T5,II,6.1,,500 g,E4,P002 IBC08,B4,MP10,T3,TP33,SGAH,TU15,2,W11,,CW13 CW28 CW31,CE9,60,
1642,,"MERCURY OXYCYANIDE, DESENSITIZED",6.1,T5,II,6.1,,500 g,E4,P002 IBC08,B4,MP10,T3,TP33,SGAH,TU15,2,W11,,CW13 CW28 CW31,CE9,60,
1643,,MERCURY POTASSIUM IODIDE,6.1,T5,II,6.1,,500 g,E4,P002 IBC08,B4,MP10,T3,TP33,SGAH,TU15,2,W11,,CW13 CW28 CW31,CE9,60,
1644,,MERCURY SALICYLATE,6.1,T5,II,6.1,,500 g,E4,P002 IBC08,B4,MP10,T3,TP33,SGAH,TU15,2,W11,,CW13 CW28 CW31,CE9,60,
1645,,MERCURY SULPHATE,6.1,T5,II,6.1,,500 g,E4,P002 IBC08,B4,MP10,T3,TP33,SGAH,TU15,2,W11,,CW13 CW28 CW31,CE9,60,
1646,,MERCURY THIOCYANATE,6.1,T5,II,6.1,,500 g,E4,P002 IBC08,B4,MP10,T3,TP33,SGAH,TU15,2,W11,,CW13 CW28 CW31,CE9,60,
1647,,"METHYL BROMIDE AND ETHYLENE DIBROMIDE MIXTURE, LIQUID",6.1,T1,I,6.1,354,0,E0,P602,,MP8 MP17,T20,TP2,L10CH,TU14 TU15 TU38 TE21 TE22,1,,,CW13 CW28 CW31,,66,
1648,,ACETONITRILE,3,F1,II,3,,1 L,E2,P001 IBC02 R001,,MP19,T7,TP2,LGBF,,2,,,,CE7,33,
1649,,MOTOR FUEL ANTI-KNOCK MIXTURE,6.1,T3,I,6.1,,0,E0,P602,,MP8 MP17,T14,TP2,L10CH,TU14 TU15 TU38 TE21 TE22 TT6,1,,,CW13 CW28 CW31,,66,
1650,,"beta-NAPHTHYLAMINE, SOLID",6.1,T2,II,6.1,,500 g,E4,P002 IBC08,B4,MP10,T3,TP33,SGAH L4BH,TU15,2,W11,,CW13 CW28 CW31,CE9,60,
1651,,NAPHTHYLTHIOUREA,6.1,T2,II,6.1,43,500 g,E4,P002 IBC08,B4,MP10,T3,TP33,SGAH,TU15,2,W11,,CW13 CW28 CW31,CE9,60,
1652,,NAPHTHYLUREA,6.1,T2,II,6.1,,500 g,E4,P002 IBC08,B4,MP10,T3,TP33,SGAH,TU15,2,W11,,CW13 CW28 CW31,CE9,60,
1653,,NICKEL CYANIDE,6.1,T5,II,6.1,,500 g,E4,P002 IBC08,B4,MP10,T3,TP33,SGAH L4BH,TU15,2,W11,,CW13 CW28 CW31,CE9,60,
1654,,NICOTINE,6.1,T1,II,6.1,,100 mL,E4,P001 IBC02,,MP15,,,L4BH,TU15,2,,,CW13 CW28 CW31,CE5,60,
1655,a,"NICOTINE COMPOUND, SOLID, N.O.S.",6.1,T2,I,6.1,43 274,0,E5,P002 IBC07,,MP18,T6,TP33,S10AH L10CH,TU15 TU38 TE22,1,W10,,CW13 CW28 CW31,,66,
1655,b,"NICOTINE PREPARATION, SOLID, N.O.S.",6.1,T2,I,6.1,43 274,0,E5,P002 IBC07,,MP18,T6,TP33,S10AH L10CH,TU15 TU38 TE22,1,W10,,CW13 CW28 CW31,,60,
1655,c,"NICOTINE COMPOUND, SOLID, N.O.S.",6.1,T2,II,6.1,43 274,500 g,E4,P002 IBC08,B4,MP10,T3,TP33,SGAH L4BH,TU15,2,W11,,CW13 CW28 CW31,CE9,60,
1655,d,"NICOTINE PREPARATION, SOLID, N.O.S.",6.1,T2,II,6.1,43 274,500 g,E4,P002 IBC08,B4,MP10,T3,TP33,SGAH L4BH,TU15,2,W11,,CW13 CW28 CW31,CE9,60,
1655,e,"NICOTINE COMPOUND, SOLID, N.O.S.",6.1,T2,III,6.1,43 274,5 kg,E1,P002 IBC08 LP02 R001,B3,MP10,T1,TP33,SGAH L4BH,TU15,2,,VC1 VC2 AP7,CW13 CW28 CW31,CE11,60,
1655,f,"NICOTINE PREPARATION, SOLID, N.O.S.",6.1,T2,III,6.1,43 274,5 kg,E1,P002 IBC08 LP02 R001,B3,MP10,T1,TP33,SGAH L4BH,TU15,2,,VC1 VC2 AP7,CW13 CW28 CW31,CE11,60,
1656,a,"NICOTINE HYDROCHLORIDE, LIQUID",6.1,T1,II,6.1,43,100 mL,E4,P001 IBC02,,MP15,,,L4BH,TU15,2,,,CW13 CW28 CW31,CE5,60,
1656,b,NICOTINE HYDROCHLORIDE SOLUTION,6.1,T1,II,6.1,43,100 mL,E4,P001 IBC02,,MP15,,,L4BH,TU15,2,,,CW13 CW28 CW31,CE5,60,
1656,c,"NICOTINE HYDROCHLORIDE, LIQUID",6.1,T1,III,6.1,43,5 L,E1,P001 IBC03 LP01 R001,,MP19,,,L4BH,TU15,2,W12,,CW13 CW28 CW31,CE8,60,
1656,d,NICOTINE HYDROCHLORIDE SOLUTION,6.1,T1,III,6.1,43,5 L,E1,P001 IBC03 LP01 R001,,MP19,,,L4BH,TU15,2,W12,,CW13 CW28 CW31,CE8,60,
1657,,NICOTINE SALICYLATE,6.1,T2,II,6.1,,500 g,E4,P002 IBC08,B4,MP10,T3,TP33,SGAH L4BH,TU15,2,W11,,CW13 CW28 CW31,CE9,60,
1658,a,NICOTINE SULPHATE SOLUTION,6.1,T1,II,6.1,,100 mL,E4,P001 IBC02,,MP15,T7,TP2,L4BH,TU15,2,,,CW13 CW28 CW31,CE5,60,
1658,b,NICOTINE SULPHATE SOLUTION,6.1,T1,III,6.1,,5 L,E1,P001 IBC03 LP01 R001,,MP19,T7,TP2,L4BH,TU15,2,W12,,CW13 CW28 CW31,CE8,60,
1659,,NICOTINE TARTRATE,6.1,T2,II,6.1,,500 g,E4,P002 IBC08,B4,MP10,T3,TP33,SGAH L4BH,TU15,2,W11,,CW13 CW28 CW31,CE9,60,
1660,,"NITRIC OXIDE, COMPRESSED",2,1TOC,,2.3+5.1+8,,0,E0,P200,,MP9,,,,,1,,,CW9 CW10 CW36,,265,
1661,,NITROANILINES,6.1,T2,II,6.1,279,500 g,E4,P002 IBC08,B4,MP10,T3,TP33,SGAH L4BH,TU15,2,W11,,CW13 CW28 CW31,CE9,60,"(o-, m-, p-)"
1662,,NITROBENZENE,6.1,T1,II,6.1,279,100 mL,E4,P001 IBC02,,MP15,T7,TP2,L4BH,TU15,2,,,CW13 CW28 CW31,CE5,60,
1663,,NITROPHENOLS,6.1,T2,III,6.1,279,5 kg,E1,P002 IBC08 LP02 R001,B3,MP10,T1,TP33,SGAH L4BH,TU15,2,,VC1 VC2 AP7,CW13 CW28 CW31,CE11,60,"(o-, m-, p-)"
1664,,"NITROTOLUENES, LIQUID",6.1,T1,II,6.1,,100 mL,E4,P001 IBC02,,MP15,T7,TP2,L4BH,TU15,2,,,CW13 CW28 CW31,CE5,60,
1665,,"NITROXYLENES, LIQUID",6.1,T1,II,6.1,,100 mL,E4,P001 IBC02,,MP15,T7,TP2,L4BH,TU15,2,,,CW13 CW28 CW31,CE5,60,
1669,,PENTACHLOROETHANE,6.1,T1,II,6.1,,100 mL,E4,P001 IBC02,,MP15,T7,TP2,L4BH,TU15,2,,,CW13 CW28 CW31,CE5,60,
1670,,PERCHLOROMETHYL MERCAPTAN,6.1,T1,I,6.1,354,0,E0,P602,,MP8 MP17,T20,TP2,L10CH,TU14 TU15 TU38 TE21 TE22,1,,,CW13 CW28 CW31,,66,
1671,,"PHENOL, SOLID",6.1,T2,II,6.1,279,500 g,E4,P002 IBC08,B4,MP10,T3,TP33,SGAH,TU15,2,W11,,CW13 CW28 CW31,CE9,60,
1672,,PHENYLCARBYLAMINE CHLORIDE,6.1,T1,I,6.1,,0,E0,P602,,MP8 MP17,T14,TP2,L10CH,TU14 TU15 TU38 TE21 TE22,1,,,CW13 CW28 CW31,,66,
1673,,PHENYLENEDIAMINES,6.1,T2,III,6.1,279,5 kg,E1,P002 IBC08 LP02 R001,B3,MP10,T1,TP33,SGAH L4BH,TU15,2,,VC1 VC2 AP7,CW13 CW28 CW31,CE11,60,"(o-, m-, p-)"
1674,,PHENYLMERCURIC ACETATE,6.1,T3,II,6.1,43,500 g,E4,P002 IBC08,B4,MP10,T3,TP33,SGAH L4BH,TU15,2,W11,,CW13 CW28 CW31,CE9,60,
1677,,POTASSIUM ARSENATE,6.1,T5,II,6.1,,500 g,E4,P002 IBC08,B4,MP10,T3,TP33,SGAH,TU15,2,W11,,CW13 CW28 CW31,CE9,60,
1678,,POTASSIUM ARSENITE,6.1,T5,II,6.1,,500 g,E4,P002 IBC08,B4,MP10,T3,TP33,SGAH,TU15,2,W11,,CW13 CW28 CW31,CE9,60,
1679,,POTASSIUM CUPROCYANIDE,6.1,T5,II,6.1,,500 g,E4,P002 IBC08,B4,MP10,T3,TP33,SGAH,TU15,2,W11,,CW13 CW28 CW31,CE9,60,
1680,,"POTASSIUM CYANIDE, SOLID",6.1,T5,I,6.1,,0,E5,P002 IBC07,,MP18,T6,TP33,S10AH,TU15,1,W10,,CW13 CW28 CW31,,66,
1683,,SILVER ARSENITE,6.1,T5,II,6.1,,500 g,E4,P002 IBC08,B4,MP10,T3,TP33,SGAH,TU15,2,W11,,CW13 CW28 CW31,CE9,60,
1684,,SILVER CYANIDE,6.1,T5,II,6.1,,500 g,E4,P002 IBC08,B4,MP10,T3,TP33,SGAH,TU15,2,W11,,CW13 CW28 CW31,CE9,60,
1685,,SODIUM ARSENATE,6.1,T5,II,6.1,,500 g,E4,P002 IBC08,B4,MP10,T3,TP33,SGAH,TU15,2,W11,,CW13 CW28 CW31,CE9,60,
1686,a,"SODIUM ARSENITE, AQUEOUS SOLUTION",6.1,T4,II,6.1,43,100 mL,E4,P001 IBC02,,MP15,T7,TP2,L4BH,TU15,2,,,CW13 CW28 CW31,CE5,60,
1686,b,"SODIUM ARSENITE, AQUEOUS SOLUTION",6.1,T4,III,6.1,43,5 L,E1,P001 IBC03 LP01 R001,,MP19,T4,TP2,L4BH,TU15,2,W12,,CW13 CW28 CW31,CE8,60,
1687,,SODIUM AZIDE,6.1,T5,II,6.1,,500 g,E4,P002 IBC08,B4,MP10,,,,,2,W11,,CW13 CW28 CW31,CE9,60,
1688,,SODIUM CACODYLATE,6.1,T5,II,6.1,,500 g,E4,P002 IBC08,B4,MP10,T3,TP33,SGAH,TU15,2,W11,,CW13 CW28 CW31,CE9,60,
1689,,"SODIUM CYANIDE, SOLID",6.1,T5,I,6.1,,0,E5,P002 IBC07,,MP18,T6,TP33,S10AH,TU15,1,W10,,CW13 CW28 CW31,,66,
1690,,"SODIUM FLUORIDE, SOLID",6.1,T5,III,6.1,,5 kg,E1,P002 IBC08 LP02 R001,B3,MP10,T1,TP33,SGAH,TU15,2,,VC1 VC2 AP7,CW13 CW28 CW31,CE11,60,
1691,,STRONTIUM ARSENITE,6.1,T5,II,6.1,,500 g,E4,P002 IBC08,B4,MP10,T3,TP33,SGAH,TU15,2,W11,,CW13 CW28 CW31,CE9,60,
1692,a,STRYCHNINE,6.1,T2,I,6.1,,0,E5,P002 IBC07,,MP18,T6,TP33,S10AH,TU15,1,W10,,CW13 CW28 CW31,,66,
1692,b,STRYCHNINE SALTS,6.1,T2,I,6.1,,0,E5,P002 IBC07,,MP18,T6,TP33,S10AH,TU15,1,W10,,CW13 CW28 CW31,,66,
1693,a,"TEAR GAS SUBSTANCE, LIQUID, N.O.S.",6.1,T1,I,6.1,274,0,E0,P001,,MP8 MP17,,,L10CH,TU14 TU15 TU38 TE21 TE22,1,,,CW13 CW28 CW31,,66,
1693,b,"TEAR GAS SUBSTANCE, LIQUID, N.O.S.",6.1,T1,II,6.1,274,0,E0,P001 IBC02,,MP15,,,L4BH,TU15,2,,,CW13 CW28 CW31,CE5,60,
1694,,"BROMOBENZYL CYANIDES, LIQUID",6.1,T1,I,6.1,138,0,E0,P001,,MP8 MP17,T14,TP2,L10CH,TU14 TU15 TU38 TE21 TE22,1,,,CW13 CW28 CW31,,66,
1695,,"CHLOROACETONE, STABILIZED",6.1,TFC,I,6.1+3+8,354,0,E0,P602,,MP8 MP17,T20,TP2,L10CH,TU14 TU15 TU38 TE21 TE22,1,,,CW13 CW28 CW31,,663,
1697,,"CHLOROACETOPHENONE, SOLID",6.1,T2,II,6.1,,0,E0,P002 IBC08,B4,MP10,T3,TP33,SGAH L4BH,TU15,2,W11,,CW13 CW28 CW31,CE9,60,
1698,,DIPHENYLAMINE CHLOROARSINE,6.1,T3,I,6.1,,0,E0,P002,,MP18,T6,TP33,S10AH,TU15,1,,,CW13 CW28 CW31,,66,
1699,,"DIPHENYLCHLOROARSINE, LIQUID",6.1,T3,I,6.1,,0,E0,P001,,MP8 MP17,,,L10CH,TU14 TU15 TU38 TE21 TE22,1,,,CW13 CW28 CW31,,66,
1700,,TEAR GAS CANDLES,6.1,TF3,,6.1+4.1,,0,E0,P600,,,,,,,2,,,CW13 CW28 CW31,,64,
1701,,"XYLYL BROMIDE, LIQUID",6.1,T1,II,6.1,,0,E0,P001 IBC02,,MP15,T7,TP2,L4BH,TU15,2,,,CW13 CW28 CW31,CE5,60,
1702,,"1,1,2,2-TETRACHLOROETHANE",6.1,T1,II,6.1,,100 mL,E4,P001 IBC02,,MP15,T7,TP2,L4BH,TU15,2,,,CW13 CW28 CW31,CE5,60,
1704,,TETRAETHYL DITHIOPYROPHOSPHATE,6.1,T1,II,6.1,43,100 mL,E4,P001 IBC02,,MP15,T7,TP2,L4BH,TU15,2,,,CW13 CW28 CW31,CE5,60,
1707,,"THALLIUM COMPOUND, N.O.S.",6.1,T5,II,6.1,43 274,500 g,E4,P002 IBC08,B4,MP10,T3,TP33,SGAH L4BH,TU15,2,W11,,CW13 CW28 CW31,CE9,60,
1708,,"TOLUIDINES, LIQUID",6.1,T1,II,6.1,279,100 mL,E4,P001 IBC02,,MP15,T7,TP2,L4BH,TU15,2,,,CW13 CW28 CW31,CE5,60,
1709,,"2,4-TOLUYLENEDIAMINE, SOLID",6.1,T2,III,6.1,,5 kg,E1,P002 IBC08 LP02 R001,B3,MP10,T1,TP33,SGAH L4BH,TU15,2,,VC1 VC2 AP7,CW13 CW28 CW31,CE11,60,
1710,,TRICHLOROETHYLENE,6.1,T1,III,6.1,,5 L,E1,P001 IBC03 LP01 R001,,MP19,T4,TP1,L4BH,TU15,2,W12,,CW13 CW28 CW31,CE8,60,
1711,,"XYLIDINES, LIQUID",6.1,T1,II,6.1,,100 mL,E4,P001 IBC02,,MP15,T7,TP2,L4BH,TU15,2,,,CW13 CW28 CW31,CE5,60,
1712,a,ZINC ARSENATE,6.1,T5,II,6.1,,500 g,E4,P002 IBC08,B4,MP10,T3,TP33,SGAH,TU15,2,W11,,CW13 CW28 CW31,CE9,60,
1712,b,ZINC ARSENITE,6.1,T5,II,6.1,,500 g,E4,P002 IBC08,B4,MP10,T3,TP33,SGAH,TU15,2,W11,,CW13 CW28 CW31,CE9,60,
1712,c,ZINC ARSENATE AND ZINC ARSENITE MIXTURE,6.1,T5,II,6.1,,500 g,E4,P002 IBC08,B4,MP10,T3,TP33,SGAH,TU15,2,W11,,CW13 CW28 CW31,CE9,60,
1713,,ZINC CYANIDE,6.1,T5,I,6.1,,0,E5,P002 IBC07,,MP18,T6,TP33,S10AH,TU15,1,W10,,CW13 CW28 CW31,,66,
1714,,ZINC PHOSPHIDE,4.3,WT2,I,4.3+6.1,,0,E0,P403,,MP2,,,,,1,W1,,CW23 CW28,,X462,
1715,,ACETIC ANHYDRIDE,8,CF1,II,8+3,,1 L,E2,P001 IBC02,,MP15,T7,TP2,L4BN,,2,,,,CE6,83,
1716,,ACETYL BROMIDE,8,C3,II,8,,1 L,E2,P001 IBC02,,MP15,T8,TP2,L4BN,,2,,,,CE6,80,
1717,,ACETYL CHLORIDE,3,FC,II,3+8,,1 L,E2,P001 IBC02,,MP19,T8,TP2,L4BH,,2,,,,CE7,X338,
1718,,BUTYL ACID PHOSPHATE,8,C3,III,8,,5 L,E1,P001 IBC03 LP01 R001,,MP19,T4,TP1,L4BN,,3,W12,,,CE8,80,
1719,a,"CAUSTIC ALKALI LIQUID, N.O.S.",8,C5,II,8,274,1 L,E2,P001 IBC02,,MP15,T11,TP2 TP27,L4BN,,2,,,,CE6,80,
1719,b,"CAUSTIC ALKALI LIQUID, N.O.S.",8,C5,III,8,274,5 L,E1,P001 IBC03 R001,,MP19,T7,TP1 TP28,L4BN,,3,W12,,,CE8,80,
1722,,ALLYL CHLOROFORMATE,6.1,TFC,I,6.1+3+8,,0,E0,P001,,MP8 MP17,T14,TP2,L10CH,TU14 TU15 TU38 TE21 TE22,1,,,CW13 CW28 CW31,,668,
1723,,ALLYL IODIDE,3,FC,II,3+8,,1 L,E2,P001 IBC02,,MP19,T7,TP2,L4BH,,2,,,,CE7,338,
1724,,"ALLYLTRICHLOROSILANE, STABILIZED",8,CF1,II,8+3,386 676,0,E0,P010,,MP15,T10,TP2 TP7,L4BN,,2,,,,CE6,X839,
1725,,"ALUMINIUM BROMIDE, ANHYDROUS",8,C2,II,8,588,1 kg,E2,P002 IBC08,B4,MP10,T3,TP33,SGAN,,2,W11,,,CE10,80,
1726,,"ALUMINIUM CHLORIDE, ANHYDROUS",8,C2,II,8,588,1 kg,E2,P002 IBC08,B4,MP10,T3,TP33,SGAN,,2,W11,,,CE10,80,
1727,,"AMMONIUM HYDROGENDIFLUORIDE, SOLID",8,C2,II,8,,1 kg,E2,P002 IBC08,B4,MP10,T3,TP33,SGAN,,2,W11,,,CE10,80,
1728,,AMYLTRICHLOROSILANE,8,C3,II,8,,0,E0,P010,,MP15,T10,TP2 TP7,L4BN,,2,,,,CE6,X80,
1729,,ANISOYL CHLORIDE,8,C4,II,8,,1 kg,E2,P002 IBC08,B4,MP10,T3,TP33,SGAN L4BN,,2,W11,,,CE10,80,
1730,,"ANTIMONY PENTACHLORIDE, LIQUID",8,C1,II,8,,1 L,E2,P001 IBC02,,MP15,T7,TP2,L4BN,,2,,,,CE6,X80,
1731,a,ANTIMONY PENTACHLORIDE SOLUTION,8,C1,II,8,,1 L,E2,P001 IBC02,,MP15,T7,TP2,L4BN,,2,,,,CE6,80,
1731,b,ANTIMONY PENTACHLORIDE SOLUTION,8,C1,III,8,,5 L,E1,P001 IBC03 LP01 R001,,MP19,T4,TP1,L4BN,,3,W12,,,CE8,80,
1732,,ANTIMONY PENTAFLUORIDE,8,CT1,II,8+6.1,,1 L,E0,P001 IBC02,,MP15,T7,TP2,L4BN,,2,,,CW13 CW28,CE6,86,
1733,,ANTIMONY TRICHLORIDE,8,C2,II,8,,1 kg,E2,P002 IBC08,B4,MP10,T3,TP33,SGAN L4BN,,2,W11,,,CE10,80,
1736,,BENZOYL CHLORIDE,8,C3,II,8,,1 L,E2,P001 IBC02,,MP15,T8,TP2,L4BN,,2,,,,CE6,80,
1737,,BENZYL BROMIDE,6.1,TC1,II,6.1+8,,0,E4,P001 IBC02,,MP15,T8,TP2,L4BH,TU15,2,,,CW13 CW28 CW31,CE5,68,
1738,,BENZYL CHLORIDE,6.1,TC1,II,6.1+8,,0,E4,P001 IBC02,,MP15,T8,TP2,L4BH,TU15,2,,,CW13 CW28 CW31,CE5,68,
1739,,BENZYL CHLOROFORMATE,8,C9,I,8,,0,E0,P001,,MP8 MP17,T10,TP2,L10BH,TU38 TE22,1,,,,,88,
1740,a,"HYDROGENDIFLUORIDES, SOLID, N.O.S.",8,C2,II,8,517,1 kg,E2,P002 IBC08,B4,MP10,T3,TP33,SGAN,,2,W11,,,CE10,80,
1740,b,"HYDROGENDIFLUORIDES, SOLID, N.O.S.",8,C2,III,8,517,5 kg,E1,P002 IBC08 LP02 R001,B3,MP10,T1,TP33,SGAV,,3,,VC1 VC2 AP7,,CE11,80,
1741,,BORON TRICHLORIDE,2,2TC,,2.3+8,,0,E0,P200,,MP9,(M),,,,1,,,CW9 CW10 CW36,,268,
1742,,"BORON TRIFLUORIDE ACETIC ACID COMPLEX, LIQUID",8,C3,II,8,,1 L,E2,P001 IBC02,,MP15,T8,TP2,L4BN,,2,,,,CE6,80,
1743,,"BORON TRIFLUORIDE PROPIONIC ACID COMPLEX, LIQUID",8,C3,II,8,,1 L,E2,P001 IBC02,,MP15,T8,TP2,L4BN,,2,,,,CE6,80,
1744,a,BROMINE,8,CT1,I,8+6.1,,0,E0,P804,,MP2,T22,TP2 TP10,L21DH(+),TU14 TU33 TU38 TU43 TC5 TE21 TE22 TE25 TT2 TM3 TM5,1,,,CW13 CW28,,886,
1744,b,BROMINE SOLUTION,8,CT1,I,8+6.1,,0,E0,P804,,MP2,T22,TP2 TP10,L21DH(+),TU14 TU33 TU38 TU43 TC5 TE21 TE22 TE25 TT2 TM3 TM5,1,,,CW13 CW28,,886,
1745,,BROMINE PENTAFLUORIDE,5.1,OTC,I,5.1+6.1+8,,0,E0,P200,,MP2,T22,TP2,L10DH,TU3 TU38 TE16 TE22,1,,,CW24 CW28,,568,
1746,,BROMINE TRIFLUORIDE,5.1,OTC,I,5.1+6.1+8,,0,E0,P200,,MP2,T22,TP2,L10DH,TU3 TU38 TE16 TE22,1,,,CW24 CW28,,568,
1747,,BUTYLTRICHLOROSILANE,8,CF1,II,8+3,,0,E0,P010,,MP15,T10,TP2 TP7,L4BN,,2,,,,CE6,X83,
1748,a,"CALCIUM HYPOCHLORITE, DRY",5.1,O2,II,5.1,314,1 kg,E2,P002 IBC08,B4 B13,MP10,,,SGAN,TU3,2,W11,,CW24 CW35,CE10,50,with more than 39% available chlorine (8.8% available oxygen)
1748,b,"CALCIUM HYPOCHLORITE MIXTURE, DRY",5.1,O2,II,5.1,314,1 kg,E2,P002 IBC08,B4 B13,MP10,,,SGAN,TU3,2,W11,,CW24 CW35,CE10,50,with more than 39% available chlorine (8.8% available oxygen)
1748,c,"CALCIUM HYPOCHLORITE, DRY",5.1,O2,III,5.1,316,5 kg,E1,P002 IBC08 R001,B4 B13,MP10,,,SGAV,TU3,3,,,CW24 CW35,CE11,50,with more than 39% available chlorine (8.8% available oxygen)
1748,d,"CALCIUM HYPOCHLORITE MIXTURE, DRY",5.1,O2,III,5.1,316,5 kg,E1,P002 IBC08 R001,B4 B13,MP10,,,SGAV,TU3,3,,,CW24 CW35,CE11,50,with more than 39% available chlorine (8.8% available oxygen)
1749,,CHLORINE TRIFLUORIDE,2,2TOC,,2.3+5.1+8+13,,0,E0,P200,,MP9,(M),,PxBH(M),TU38 TE22 TE25 TA4 TT9 TM6,1,,,CW9 CW10 CW16 CW36,,265,
1750,,CHLOROACETIC ACID SOLUTION,6.1,TC1,II,6.1+8,,100 mL,E4,P001 IBC02,,MP15,T7,TP2,L4BH,TU15,2,,,CW13 CW28 CW31,CE5,68,
1751,,"CHLOROACETIC ACID, SOLID",6.1,TC2,II,6.1+8,,500 g,E4,P002 IBC08,B4,MP10,T3,TP33,SGAH,TU15,2,W11,,CW13 CW28 CW31,CE9,68,
1752,,CHLOROACETYL CHLORIDE,6.1,TC1,I,6.1+8,354,0,E0,P602,,MP8 MP17,T20,TP2,L10CH,TU14 TU15 TU38 TE21 TE22,1,,,CW13 CW28 CW31,,668,
1753,,CHLOROPHENYLTRICHLOROSILANE,8,C3,II,8,,0,E0,P010,,MP15,T10,TP2 TP7,L4BN,,2,,,,CE6,X80,
1754,,CHLOROSULPHONIC ACID,8,C1,I,8,,0,E0,P001,,MP8 MP17,T20,TP2,L10BH,TU38 TE22,1,,,,,X88,(with or without sulphur trioxide)
1755,a,CHROMIC ACID SOLUTION,8,C1,II,8,518,1 L,E2,P001 IBC02,,MP15,T8,TP2,L4BN,TU42,2,,,,CE6,80,
1755,b,CHROMIC ACID SOLUTION,8,C1,III,8,518,5 L,E1,P001 IBC02 LP01 R001,,MP19,T4,TP1,L4BN,TU42,3,,,,CE8,80,
1756,,"CHROMIC FLUORIDE, SOLID",8,C2,II,8,,1 kg,E2,P002 IBC08,B4,MP10,T3,TP33,SGAN,,2,W11,,,CE10,80,
1757,a,CHROMIC FLUORIDE SOLUTION,8,C1,II,8,,1 L,E2,P001 IBC02,,MP15,T7,TP2,L4BN,,2,,,,CE6,80,
1757,b,CHROMIC FLUORIDE SOLUTION,8,C1,III,8,,5 L,E1,P001 IBC03 LP01 R001,,MP19,T4,TP1,L4BN,,3,W12,,,CE8,80,
1758,,CHROMIUM OXYCHLORIDE,8,C1,I,8,,0,E0,P001,,MP8 MP17,T10,TP2,L10BH,TU38 TE22,1,,,,,X88,
1759,a,"CORROSIVE SOLID, N.O.S.",8,C10,I,8,274,0,E0,P002 IBC07,,MP18,T6,TP33,S10AN L10BH,TU38 TE22,1,W10,,,,88,
1759,b,"CORROSIVE SOLID, N.O.S.",8,C10,II,8,274,1 kg,E2,P002 IBC08,B4,MP10,T3,TP33,SGAN L4BN,,2,W11,,,CE10,80,
1759,c,"CORROSIVE SOLID, N.O.S.",8,C10,III,8,274,5 kg,E1,P002 IBC08 LP02 R001,B3,MP10,T1,TP33,SGAV L4BN,,3,,VC1 VC2 AP7,,CE11,80,
1760,a,"CORROSIVE LIQUID, N.O.S.",8,C9,I,8,274,0,E0,P001,,MP8 MP17,T14,TP2 TP27,L10BH,TU38 TE22,1,,,,,88,
1760,b,"CORROSIVE LIQUID, N.O.S.",8,C9,II,8,274,1 L,E2,P001 IBC02,,MP15,T11,TP2 TP27,L4BN,,2,,,,CE6,80,
1760,c,"CORROSIVE LIQUID, N.O.S.",8,C9,III,8,274,5 L,E1,P001 IBC03 LP01 R001,,MP19,T7,TP1 TP28,L4BN,,3,W12,,,CE8,80,
1761,a,CUPRIETHYLENEDIAMINE SOLUTION,8,CT1,II,8+6.1,,1 L,E2,P001 IBC02,,MP15,T7,TP2,L4BN,,2,,,CW13 CW28,CE6,86,
1761,b,CUPRIETHYLENEDIAMINE SOLUTION,8,CT1,III,8+6.1,,5 L,E1,P001 IBC03 R001,,MP19,T7,TP1 TP28,L4BN,,3,W12,,CW13 CW28,CE8,86,
1762,,CYCLOHEXENYLTRICHLOROSILANE,8,C3,II,8,,0,E0,P010,,MP15,T10,TP2 TP7,L4BN,,2,,,,CE6,X80,
1763,,CYCLOHEXYLTRICHLOROSILANE,8,C3,II,8,,0,E0,P010,,MP15,T10,TP2 TP7,L4BN,,2,,,,CE6,X80,
1764,,DICHLOROACETIC ACID,8,C3,II,8,,1 L,E2,P001 IBC02,,MP15,T8,TP2,L4BN,,2,,,,CE6,80,
1765,,DICHLOROACETYL CHLORIDE,8,C3,II,8,,1 L,E2,P001 IBC02,,MP15,T7,TP2,L4BN,,2,,,,CE6,X80,
1766,,DICHLOROPHENYLTRICHLOROSILANE,8,C3,II,8,,0,E0,P010,,MP15,T10,TP2 TP7,L4BN,,2,,,,CE6,X80,
1767,,DIETHYLDICHLOROSILANE,8,CF1,II,8+3,,0,E0,P010,,MP15,T10,TP2 TP7,L4BN,,2,,,,CE6,X83,
1768,,"DIFLUOROPHOSPHORIC ACID, ANHYDROUS",8,C1,II,8,,1 L,E2,P001 IBC02,,MP15,T8,TP2,L4BN,,2,,,,CE6,80,
1769,,DIPHENYLDICHLOROSILANE,8,C3,II,8,,0,E0,P010,,MP15,T10,TP2 TP7,L4BN,,2,,,,CE6,X80,
1770,,DIPHENYLMETHYL BROMIDE,8,C10,II,8,,1 kg,E2,P002 IBC08,B4,MP10,T3,TP33,SGAN L4BN,,2,W11,,,CE10,80,
1771,,DODECYLTRICHLOROSILANE,8,C3,II,8,,0,E0,P010,,MP15,T10,TP2 TP7,L4BN,,2,,,,CE6,X80,
1773,,"FERRIC CHLORIDE, ANHYDROUS",8,C2,III,8,590,5 kg,E1,P002 IBC08 LP02 R001,B3,MP10,T1,TP33,SGAV,,3,,VC1 VC2 AP7,,CE11,80,
1774,,FIRE EXTINGUISHER CHARGES,8,C11,II,8,,1 L,E0,P001,PP4,,,,,,2,,,,CE6,80,corrosive liquid
1775,,FLUOROBORIC ACID,8,C1,II,8,,1 L,E2,P001 IBC02,,MP15,T7,TP2,L4BN,,2,,,,CE6,80,
1776,,"FLUOROPHOSPHORIC ACID, ANHYDROUS",8,C1,II,8,,1 L,E2,P001 IBC02,,MP15,T8,TP2,L4BN,,2,,,,CE6,80,
1777,,FLUOROSULPHONIC ACID,8,C1,I,8,,0,E0,P001,,MP8 MP17,T10,TP2,L10BH,TU38 TE22,1,,,,,88,
1778,,FLUOROSILICIC ACID,8,C1,II,8,,1 L,E2,P001 IBC02,,MP15,T8,TP2,L4BN,TU42,2,,,,CE6,80,
1779,,FORMIC ACID,8,CF1,II,8+3,,1 L,E2,P001 IBC02,,MP15,T7,TP2,L4BN,TU42,2,,,,CE6,83,"with more than 85% acid, by mass"
1780,,FUMARYL CHLORIDE,8,C3,II,8,,1 L,E2,P001 IBC02,,MP15,T7,TP2,L4BN,,2,,,,CE6,80,
1781,,HEXADECYLTRICHLOROSILANE,8,C3,II,8,,0,E0,P010,,MP15,T10,TP2 TP7,L4BN,,2,,,,CE6,X80,
1782,,HEXAFLUOROPHOSPHORIC ACID,8,C1,II,8,,1 L,E2,P001 IBC02,,MP15,T8,TP2,L4BN,,2,,,,CE6,80,
1783,a,HEXAMETHYLENEDIAMINE SOLUTION,8,C7,II,8,,1 L,E2,P001 IBC02,,MP15,T7,TP2,L4BN,,2,,,,CE6,80,
1783,b,HEXAMETHYLENEDIAMINE SOLUTION,8,C7,III,8,,5 L,E1,P001 IBC03 LP01 R001,,MP19,T4,TP1,L4BN,,3,W12,,,CE8,80,
1784,,HEXYLTRICHLOROSILANE,8,C3,II,8,,0,E0,P010,,MP15,T10,TP2 TP7,L4BN,,2,,,,CE6,X80,
1786,,HYDROFLUORIC ACID AND SULPHURIC ACID MIXTURE,8,CT1,I,8+6.1,,0,E0,P001,,MP8 MP17,T10,TP2,L10DH,TU14 TU38 TE21 TE22,1,,,CW13 CW28,,886,
1787,a,HYDRIODIC ACID,8,C1,II,8,,1 L,E2,P001 IBC02,,MP15,T7,TP2,L4BN,,2,,,,CE6,80,
1787,b,HYDRIODIC ACID,8,C1,III,8,,5 L,E1,P001 IBC03 LP01 R001,,MP19,T4,TP1,L4BN,,3,W12,,,CE8,80,
1788,a,HYDROBROMIC ACID,8,C1,II,8,519,1 L,E2,P001 IBC02,,MP15,T7,TP2,L4BN,TU42,2,,,,CE6,80,
1788,b,HYDROBROMIC ACID,8,C1,III,8,519,5 L,E1,P001 IBC03 LP01 R001,,MP19,T4,TP1,L4BN,TU42,3,W12,,,CE8,80,
1789,a,HYDROCHLORIC ACID,8,C1,II,8,520,1 L,E2,P001 IBC02,,MP15,T8,TP2,L4BN,TU42,2,,,,CE6,80,
1789,b,HYDROCHLORIC ACID,8,C1,III,8,520,5 L,E1,P001 IBC03 LP01 R001,,MP19,T4,TP1,L4BN,TU42,3,W12,,,CE8,80,
1790,a,HYDROFLUORIC ACID,8,CT1,I,8+6.1,640I,0,E0,P802,,MP2,T10,TP2,L21DH(+),TU14 TU34 TU38 TC1 TE17 TE21 TE22 TE25 TA4 TT9 TM3,1,,,CW13 CW28,,886,with more than 85% hydrogen fluoride
1790,b,HYDROFLUORIC ACID,8,CT1,I,8+6.1,640J,0,E0,P001,PP81,MP8 MP17,T10,TP2,L10DH,TU14 TU38 TE21 TE22,1,,,CW13 CW28,,886,with more than 60% but not more than 85% hydrogen fluoride
1790,c,HYDROFLUORIC ACID,8,CT1,II,8+6.1,,1 L,E2,P001 IBC02,,MP15,T8,TP2,L4DH,TU14 TE17 TE21,2,,,CW13 CW28,CE6,86,with not more than 60% hydrogen fluoride
1791,a,HYPOCHLORITE SOLUTION,8,C9,II,8,521,1 L,E2,P001 IBC02,PP10 B5,MP15,T7,TP2 TP24,L4BV(+),TU42 TE11,2,,,,CE6,80,
1791,b,HYPOCHLORITE SOLUTION,8,C9,III,8,521,5 L,E1,P001 IBC02 LP01 R001,B5,MP19,T4,TP2 TP24,L4BV(+),TU42 TE11,3,,,,CE8,80,
1792,,"IODINE MONOCHLORIDE, SOLID",8,C2,II,8,,1 kg,E0,P002 IBC08,B4,MP10,T7,TP2,SGAN L4BN,,2,W11,,,CE10,80,
1793,,ISOPROPYL ACID PHOSPHATE,8,C3,III,8,,5 L,E1,P001 IBC02 LP01 R001,,MP19,T4,TP1,L4BN,,3,,,,CE8,80,
1794,,LEAD SULPHATE,8,C2,II,8,591,1 kg,E2,P002 IBC08,B4,MP10,T3,TP33,SGAN,,2,W11,VC1 VC2 AP7,,CE10,80,with more than 3% free acid
1796,a,NITRATING ACID MIXTURE,8,CO1,I,8+5.1,,0,E0,P001,,MP8 MP17,T10,TP2,L10BH,TU38 TC6 TE22 TT1,1,,,CW24,,885,with more than 50% nitric acid
1796,b,NITRATING ACID MIXTURE,8,C1,II,8,,1 L,E0,P001 IBC02,,MP15,T8,TP2,L4BN,,2,,,,CE6,80,with not more than 50% nitric acid
1798,,NITROHYDROCHLORIC ACID,8,COT,,,,,,,,,,,CARRIAGE PROHIBITED,,,,,,,,
1799,,NONYLTRICHLOROSILANE,8,C3,II,8,,0,E0,P010,,MP15,T10,TP2 TP7,L4BN,,2,,,,CE6,X80,
1800,,OCTADECYLTRICHLOROSILANE,8,C3,II,8,,0,E0,P010,,MP15,T10,TP2 TP7,L4BN,,2,,,,CE6,X80,
1801,,OCTYLTRICHLOROSILANE,8,C3,II,8,,0,E0,P010,,MP15,T10,TP2 TP7,L4BN,,2,,,,CE6,X80,
1802,,PERCHLORIC ACID,8,CO1,II,8+5.1,522,1 L,E0,P001 IBC02,,MP3,T7,TP2,L4BN,,2,,,CW24,CE6,85,"with not more than 50% acid, by mass"
1803,a,"PHENOLSULPHONIC ACID, LIQUID",8,C3,II,8,,1 L,E2,P001 IBC02,,MP15,T7,TP2,L4BN,TU42,2,,,,CE6,80,
1803,b,"PHENOLSULPHONIC ACID, LIQUID",8,C3,II,8,,1 L,E2,P001 IBC02,,MP15,T7,TP2,L4BN,TU42,2,,,,CE6,80,
1804,,PHENYLTRICHLOROSILANE,8,C3,II,8,,0,E0,P010,,MP15,T10,TP2 TP7,L4BN,,2,,,,CE6,X80,
1805,,PHOSPHORIC ACID SOLUTION,8,C1,III,8,,5 L,E1,P001 IBC03 LP01 R001,,MP19,T4,TP1,L4BN,TU42,3,W12,,,CE8,80,
1806,,PHOSPHORUS PENTACHLORIDE,8,C2,II,8,,1 kg,E0,P002 IBC08,B4,MP10,T3,TP33,SGAN,,2,W11,,,CE10,80,
1807,,PHOSPHORUS PENTOXIDE,8,C2,II,8,,1 kg,E2,P002 IBC08,B4,MP10,T3,TP33,SGAN,,2,W11,,,CE10,80,
1808,,PHOSPHORUS TRIBROMIDE,8,C1,II,8,,1 L,E0,P001 IBC02,,MP15,T7,TP2,L4BN,,2,,,,CE6,X80,
1809,,PHOSPHORUS TRICHLORIDE,6.1,TC3,I,6.1+8,354,0,E0,P602,,MP8 MP17,T20,TP2,L10CH,TU14 TU15 TU38 TE21 TE22,1,,,CW13 CW28 CW31,,668,
1810,,PHOSPHORUS OXYCHLORIDE,6.1,TC3,I,6.1+8,354,0,E0,P602,,MP8 MP17,T20,TP2,L10CH,TU14 TU15 TU38 TE21 TE22,1,,,CW13 CW28 CW31,,X668,
1811,,"POTASSIUM HYDROGEN DIFLUORIDE, SOLID",8,CT2,II,8+6.1,,1 kg,E2,P002 IBC08,B4,MP10,T3,TP33,SGAN,,2,W11,,CW13 CW28,CE10,86,
1812,,"POTASSIUM FLUORIDE, SOLID",6.1,T5,III,6.1,,5 kg,E1,P002 IBC08 LP02 R001,B3,MP10,T1,TP33,SGAH,TU15,2,,VC1 VC2 AP7,CW13 CW28 CW31,CE11,60,
1813,,"POTASSIUM HYDROXIDE, SOLID",8,C6,II,8,,1 kg,E2,P002 IBC08,B4,MP10,T3,TP33,SGAN,,2,W11,,,CE10,80,
1814,a,POTASSIUM HYDROXIDE SOLUTION,8,C5,II,8,,1 L,E2,P001 IBC02,,MP15,T7,TP2,L4BN,TU42,2,,,,CE6,80,
1814,b,POTASSIUM HYDROXIDE SOLUTION,8,C5,III,8,,5 L,E1,P001 IBC03 LP01 R001,,MP19,T4,TP1,L4BN,TU42,3,W12,,,CE8,80,
1815,,PROPIONYL CHLORIDE,3,FC,II,3+8,,1 L,E2,P001 IBC02,,MP19,T7,TP1,L4BH,,2,,,,CE7,338,
1816,,PROPYLTRICHLOROSILANE,8,CF1,II,8+3,,0,E0,P010,,MP15,T10,TP2 TP7,L4BN,,2,,,,CE6,X83,
1817,,PYROSULPHURYL CHLORIDE,8,C1,II,8,,1 L,E2,P001 IBC02,,MP15,T8,TP2,L4BN,,2,,,,CE6,X80,
1818,,SILICON TETRACHLORIDE,8,C1,II,8,,0,E0,P010,,MP15,T10,TP2 TP7,L4BN,,2,,,,CE6,X80,
1819,a,SODIUM ALUMINATE SOLUTION,8,C5,II,8,,1 L,E2,P001 IBC02,,MP15,T7,TP2,L4BN,TU42,2,,,,CE6,80,
1819,b,SODIUM ALUMINATE SOLUTION,8,C5,III,8,,5 L,E1,P001 IBC03 LP01 R001,,MP19,T4,TP1,L4BN,TU42,3,W12,,,CE8,80,
1823,,"SODIUM HYDROXIDE, SOLID",8,C6,II,8,,1 kg,E2,P002 IBC08,B4,MP10,T3,TP33,SGAN,,2,W11,,,CE10,80,
1824,a,SODIUM HYDROXIDE SOLUTION,8,C5,II,8,,1 L,E2,P001 IBC02,,MP15,T7,TP2,L4BN,TU42,2,,,,CE6,80,
1824,b,SODIUM HYDROXIDE SOLUTION,8,C5,III,8,,5 L,E1,P001 IBC03 LP01 R001,,MP19,T4,TP1,L4BN,TU42,3,W12,,,CE8,80,
1825,,SODIUM MONOXIDE,8,C6,II,8,,1 kg,E2,P002 IBC08,B4,MP10,T3,TP33,SGAN,,2,W11,,,CE10,80,
1826,a,"NITRATING ACID MIXTURE, SPENT",8,CO1,I,8+5.1,113,0,E0,P001,,MP8 MP17,T10,TP2,L10BH,TU38 TE22,1,,,CW24,,885,with more than 50% nitric acid
1826,b,"NITRATING ACID MIXTURE, SPENT",8,C1,II,8,113,1 L,E0,P001 IBC02,,MP15,T8,TP2,L4BN,,2,,,,CE6,80,with not more than 50% nitric acid
1827,,"STANNIC CHLORIDE, ANHYDROUS",8,C1,II,8,,1 L,E2,P001 IBC02,,MP15,T7,TP2,L4BN,,2,,,,CE6,X80,
1828,,SULPHUR CHLORIDES,8,C1,I,8,,0,E0,P602,,MP8 MP17,T20,TP2,L10BH,TU38 TE22,1,,,,,X88,
1829,,"SULPHUR TRIOXIDE, STABILIZED",8,C1,I,8,386 623 676,0,E0,P001,,MP8 MP17,T20,TP4 TP26,L10BH,TU32 TU38 TE13 TE22 TT5 TM3,1,,,,,X88,
1830,a,SULPHURIC ACID,8,C1,II,8,,1 L,E2,P001 IBC02,,MP15,T8,TP2,L4BN,TU42,2,,,,CE6,80,with more than 51% acid
1830,b,SULPHURIC ACID,8,C1,II,8,,1 L,E2,P001 IBC02,,MP15,T8,TP2,L4BN,TU42,2,,,,CE6,80,with more than 51% acid
1831,a,"SULPHURIC ACID, FUMING",8,CT1,I,8+6.1,,0,E0,P602,,MP8 MP17,T20,TP2,L10BH,TU38 TE22,1,,,CW13 CW28,,X886,
1831,b,"SULPHURIC ACID, FUMING",8,CT1,I,8+6.1,,0,E0,P602,,MP8 MP17,T20,TP2,L10BH,TU38 TE22,1,,,CW13 CW28,,X886,
1832,a,"SULPHURIC ACID, SPENT",8,C1,II,8,113,1 L,E0,P001 IBC02,,MP15,T8,TP2,L4BN,TU42,2,,,,CE6,80,
1832,b,"SULPHURIC ACID, SPENT",8,C1,II,8,113,1 L,E0,P001 IBC02,,MP15,T8,TP2,L4BN,TU42,2,,,,CE6,80,
1833,,SULPHUROUS ACID,8,C1,II,8,,1 L,E2,P001 IBC02,,MP15,T7,TP2,L4BN,,2,,,,CE6,80,
1834,,SULPHURYL CHLORIDE,6.1,TC3,I,6.1+8,354,0,E0,P602,,MP8 MP17,T20,TP2,L10CH,TU14 TU15 TU38 TE21 TE22,1,,,CW13 CW28 CW31,,X668,
1835,a,TETRAMETHYLAMMONIUM HYDROXIDE SOLUTION,8,C7,II,8,,1 L,E2,P001 IBC02,,MP15,T7,TP2,L4BN,,2,,,,CE6,80,
1835,b,TETRAMETHYLAMMONIUM HYDROXIDE SOLUTION,8,C7,III,8,,5 L,E1,P001 IBC03 LP01 R001,,MP19,T7,TP2,L4BN,,3,W12,,,CE8,80,
1836,,THIONYL CHLORIDE,8,C1,I,8,,0,E0,P802,,MP8 MP17,T10,TP2,L10BH,TU38 TE22,1,,,,,X88,
1837,,THIOPHOSPHORYL CHLORIDE,8,C1,II,8,,1 L,E0,P001 IBC02,,MP15,T7,TP2,L4BN,,2,,,,CE6,X80,
1838,,TITANIUM TETRACHLORIDE,6.1,TC3,I,6.1+8,354,0,E0,P602,,MP8 MP17,T20,TP2,L10CH,TU14 TU15 TU38 TE21 TE22,1,,,CW13 CW28 CW31,,X668,
1839,,TRICHLOROACETIC ACID,8,C4,II,8,,1 kg,E2,P002 IBC08,B4,MP10,T3,TP33,SGAN L4BN,,2,W11,,,CE10,80,
1840,,ZINC CHLORIDE SOLUTION,8,C1,III,8,,5 L,E1,P001 IBC03 LP01 R001,,MP19,T4,TP1,L4BN,TU42,3,W12,,,CE8,80,
1841,,ACETALDEHYDE AMMONIA,9,M11,III,9,,5 kg,E1,P002 IBC08 LP02 R001,B3 B6,MP10,T1,TP33,SGAV,,3,,VC1 VC2,CW31,CE11,90,
1843,,"AMMONIUM DINITRO-o-CRESOLATE, SOLID",6.1,T2,II,6.1,,500 g,E4,P002 IBC08,B4,MP10,T3,TP33,SGAH,TU15,2,W11,,CW13 CW28 CW31,CE9,60,
1845,a,"CARBON DIOXIDE, SOLID",9,M11,,,,,,,,,,,NOT SUBJECT TO RID except for 5.5.3,,,,,,,,
1845,b,DRY ICE,9,M11,,,,,,,,,,,NOT SUBJECT TO RID except for 5.5.3,,,,,,,,
1846,,CARBON TETRACHLORIDE,6.1,T1,II,6.1,,100 mL,E4,P001 IBC02,,MP15,T7,TP2,L4BH,TU15,2,,,CW13 CW28 CW31,CE5,60,
1847,,"POTASSIUM SULPHIDE, HYDRATED",8,C6,II,8,523,1 kg,E2,P002 IBC08,B4,MP10,T3,TP33,SGAN L4BN,,2,W11,,,CE10,80,with not less than 30% water of crystallization
1848,,PROPIONIC ACID,8,C3,III,8,,5 L,E1,P001 IBC03 LP01 R001,,MP19,T4,TP1,L4BN,,3,W12,,,CE8,80,"with not less than 10% and less than 90% acid, by mass"
1849,,"SODIUM SULPHIDE, HYDRATED",8,C6,II,8,523,1 kg,E2,P002 IBC08,B4,MP10,T3,TP33,SGAN L4BN,,2,W11,,,CE10,80,with not less than 30% water
1851,a,"MEDICINE, LIQUID, TOXIC, N.O.S.",6.1,T1,II,6.1,221 601,100 mL,E4,P001,,MP15,,,L4BH,TU15,2,,,CW13 CW28 CW31,CE5,60,
1851,b,"MEDICINE, LIQUID, TOXIC, N.O.S.",6.1,T1,III,6.1,221 601,5 L,E1,P001 LP01 R001,,MP19,,,L4BH,TU15,2,,,CW13 CW28 CW31,CE8,60,
1854,,"BARIUM ALLOYS, PYROPHORIC",4.2,S4,I,4.2,,0,E0,P404,,MP13,T21,TP7 TP33,,,0,W1,,,,43,
1855,a,"CALCIUM, PYROPHORIC",4.2,S4,I,4.2,,0,E0,P404,,MP13,,,,,0,W1,,,,43,
1855,b,"CALCIUM ALLOYS, PYROPHORIC",4.2,S4,I,4.2,,0,E0,P404,,MP13,,,,,0,W1,,,,43,
1856,,"RAGS, OILY",4.2,S2,,,,,,,,,,,NOT SUBJECT TO RID,,,,,,,,
1857,,"TEXTILE WASTE, WET",4.2,S2,,,,,,,,,,,NOT SUBJECT TO RID,,,,,,,,
1858,a,HEXAFLUOROPROPYLENE,2,2A,,2.2+13,662,120 mL,E1,P200,,MP9,T50 (M),,PxBN(M),TA4 TT9 TM6,3,,,CW9 CW10 CW36,CE3,20,
1858,b,REFRIGERANT GAS R 1216,2,2A,,2.2+13,662,120 mL,E1,P200,,MP9,T50 (M),,PxBN(M),TA4 TT9 TM6,3,,,CW9 CW10 CW36,CE3,20,
1859,,SILICON TETRAFLUORIDE,2,2TC,,2.3+8+13,,0,E0,P200,,MP9,(M),,PxBH(M),TU38 TE22 TE25 TA4 TT9 TM6,1,,,CW9 CW10 CW36,,268,
1860,,"VINYL FLUORIDE, STABILIZED",2,2F,,2.1+13,386 662 676,0,E0,P200,,MP9,(M),,PxBN(M),TU38 TE22 TA4 TT9 TM6,2,,,CW9 CW10 CW36,CE3,239,
1862,,ETHYL CROTONATE,3,F1,II,3,,1 L,E2,P001 IBC02 R001,,MP19,T4,TP2,LGBF,,2,,,,CE7,33,
1863,a,"FUEL, AVIATION, TURBINE ENGINE",3,F1,I,3,,500 mL,E3,P001,,MP7 MP17,T11,TP1 TP8 TP28,L4BN,,1,,,,,33,
1863,b,"FUEL, AVIATION, TURBINE ENGINE",3,F1,II,3,640C/D,1 L,E2,P001 IBC02* R001*,,MP19,T4,TP1 TP8,L1.5BN/LGBF,,2,,,,CE7,33,
1863,c,"FUEL, AVIATION, TURBINE ENGINE",3,F1,III,3,,5 L,E1,P001 IBC03 LP01 R001,,MP19,T2,TP1,LGBF,,3,W12,,,CE4,30,
1865,,n-PROPYL NITRATE,3,F1,II,3,,1 L,E2,P001 IBC02 R001,B7,MP19,,,,,2,,,,CE7,33,
1866,a,RESIN SOLUTION,3,F1,I,3,,500 mL,E3,P001,,MP7 MP17,T11,TP1 TP8 TP28,L4BN,,1,,,,,33,flammable
1866,b,RESIN SOLUTION,3,F1,II,3,640C/D,5 L,E2,P001 IBC02* R001*,PP1,MP19,T4,TP1 TP8,L1.5BN/LGBF,,2,,,,CE7,33,flammable
1866,c,RESIN SOLUTION,3,F1,III,3,,5 L,E1,P001 IBC* LP01 R001,PP1,MP19,T2,TP1,L*,,3,W12*,,,CE4,30 or 33,flammable
1868,,DECABORANE,4.1,FT2,II,4.1+6.1,,1 kg,E0,P002 IBC06,,MP10,T3,TP33,SGAN,,2,W1,,CW28,CE10,46,
1869,a,MAGNESIUM,4.1,F3,III,4.1,59,5 kg,E1,P002 IBC08 LP02 R001,B3,MP11,T1,TP33,SGAV,,3,W1,VC1 VC2,,CE11,40,"in pellets, turnings or ribbons"
1869,b,MAGNESIUM ALLOYS,4.1,F3,III,4.1,59,5 kg,E1,P002 IBC08 LP02 R001,B3,MP11,T1,TP33,SGAV,,3,W1,VC1 VC2,,CE11,40,"with more than 50% magnesium in pellets, turnings or ribbons"
1870,,POTASSIUM BOROHYDRIDE,4.3,W2,I,4.3,,0,E0,P403,,MP2,,,,,1,W1,,CW23,,X423,
1871,,TITANIUM HYDRIDE,4.1,F3,II,4.1,,1 kg,E2,P410 IBC04,PP40,MP11,T3,TP33,SGAN,,2,W1,,,CE10,40,
1872,,LEAD DIOXIDE,5.1,O2,III,5.1,,5 kg,E1,P002 IBC08 LP02 R001,B3,MP2,T1,TP33,SGAV,TU3,3,,VC1 VC2 AP6 AP7,CW24,CE11,50,
1873,,PERCHLORIC ACID,5.1,OC1,I,5.1+8,60,0,E0,P502,PP28,MP3,T10,TP1,L4DN(+),TU3 TU28 TE16,1,,,CW24,,558,"with more than 50% but not more than 72% acid, by mass"
1884,,BARIUM OXIDE,6.1,T5,III,6.1,,5 kg,E1,P002 IBC08 LP02 R001,B3,MP10,T1,TP33,SGAH L4BH,TU15,2,,VC1 VC2 AP7,CW13 CW28 CW31,CE11,60,
1885,,BENZIDINE,6.1,T2,II,6.1,,500 g,E4,P002 IBC08,B4,MP10,T3,TP33,SGAH L4BH,TU15,2,W11,,CW13 CW28 CW31,CE9,60,
1886,,BENZYLIDENE CHLORIDE,6.1,T1,II,6.1,,100 mL,E4,P001 IBC02,,MP15,T7,TP2,L4BH,TU15,2,,,CW13 CW28 CW31,CE5,60,
1887,,BROMOCHLOROMETHANE,6.1,T1,III,6.1,,5 L,E1,P001 IBC03 LP01 R001,,MP19,T4,TP1,L4BH,TU15,2,W12,,CW13 CW28 CW31,CE8,60,
1888,,CHLOROFORM,6.1,T1,III,6.1,,5 L,E1,P001 IBC03 LP01 R001,,MP19,T7,TP2,L4BH,TU15,2,W12,,CW13 CW28 CW31,CE8,60,
1889,,CYANOGEN BROMIDE,6.1,TC2,I,6.1+8,,0,E0,P002,,MP18,T6,TP33,S10AH L10CH,TU14 TU15 TU38 TE21 TE22,1,,,CW13 CW28 CW31,,668,
1891,,ETHYL BROMIDE,3,FT1,II,3+6.1,,1 L,E2,P001 IBC02,B8,MP19,T7,TP2,L4BH,TU15,2,,,CW13 CW28,CE7,336,
1892,,ETHYLDICHLOROARSINE,6.1,T3,I,6.1,354,0,E0,P602,,MP8 MP17,T20,TP2,L10CH,TU14 TU15 TU38 TE21 TE22,1,,,CW13 CW28 CW31,,66,
1894,,PHENYLMERCURIC HYDROXIDE,6.1,T3,II,6.1,,500 g,E4,P002 IBC08,B4,MP10,T3,TP33,SGAH,TU15,2,W11,,CW13 CW28 CW31,CE9,60,
1895,,PHENYLMERCURIC NITRATE,6.1,T3,II,6.1,,500 g,E4,P002 IBC08,B4,MP10,T3,TP33,SGAH,TU15,2,W11,,CW13 CW28 CW31,CE9,60,
1897,,TETRACHLOROETHYLENE,6.1,T1,III,6.1,,5 L,E1,P001 IBC03 LP01 R001,,MP19,T4,TP1,L4BH,TU15,2,W12,,CW13 CW28 CW31,CE8,60,
1898,,ACETYL IODIDE,8,C3,II,8,,1 L,E2,P001 IBC02,,MP15,T7,TP2,L4BN,,2,,,,CE6,80,
1902,,DIISOOCTYL ACID PHOSPHATE,8,C3,III,8,,5 L,E1,P001 IBC03 LP01 R001,,MP19,T4,TP1,L4BN,,3,W12,,,CE8,80,
1903,a,"DISINFECTANT, LIQUID, CORROSIVE, N.O.S.",8,C9,I,8,274,0,E0,P001,,MP8 MP17,,,L10BH,TU38 TE22,1,,,,,88,
1903,b,"DISINFECTANT, LIQUID, CORROSIVE, N.O.S.",8,C9,II,8,274,1 L,E2,P001 IBC02,,MP15,,,L4BN,,2,,,,CE6,80,
1903,c,"DISINFECTANT, LIQUID, CORROSIVE, N.O.S.",8,C9,III,8,274,5 L,E1,P001 IBC03 LP01 R001,,MP19,,,L4BN,,3,W12,,,CE8,80,
1905,,SELENIC ACID,8,C2,I,8,,0,E0,P002 IBC07,,MP18,T6,TP33,S10AN,,1,W10,,,,88,
1906,a,SLUDGE ACID,8,C1,II,8,,1 L,E0,P001 IBC02,,MP15,T8,TP2 TP28,L4BN,TU42,2,,,,CE6,80,
1906,b,SLUDGE ACID,8,C1,II,8,,1 L,E0,P001 IBC02,,MP15,T8,TP2 TP28,L4BN,TU42,2,,,,CE6,80,
1907,,SODA LIME,8,C6,III,8,62,5 kg,E1,P002 IBC08 LP02 R001,B3,MP10,T1,TP33,SGAV,,3,,VC1 VC2 AP7,,CE11,80,with more than 4% sodium hydroxide
1908,a,CHLORITE SOLUTION,8,C9,II,8,521,1 L,E2,P001 IBC02,,MP15,T7,TP2 TP24,L4BV(+),TE11,2,,,,CE6,80,
1908,b,CHLORITE SOLUTION,8,C9,III,8,521,5 L,E1,P001 IBC03 LP01 R001,,MP19,T4,TP2 TP24,L4BV(+),TE11,3,W12,,,CE8,80,
1910,,CALCIUM OXIDE,8,C6,,,,,,,,,,,NOT SUBJECT TO RID,,,,,,,,
1911,,DIBORANE,2,2TF,,2.3+2.1,,0,E0,P200,,MP9,,,,,1,,,CW9 CW10 CW36,,263,
1912,,METHYL CHLORIDE AND METHYLENE CHLORIDE MIXTURE,2,2F,,2.1+13,228 662,0,E0,P200,,MP9,T50 (M),,PxBN(M),TU38 TE22 TA4 TT9 TM6,2,,,CW9 CW10 CW36,CE3,23,
1913,,"NEON, REFRIGERATED LIQUID",2,3A,,2.2+13,593,120 mL,E1,P203,,MP9,T75,TP5,RxBN,TU19 TA4 TT9 TM6,3,W5,,CW9 CW11 CW36,CE2,22,
1914,,BUTYL PROPIONATES,3,F1,III,3,,5 L,E1,P001 IBC03 LP01 R001,,MP19,T2,TP1,LGBF,,3,W12,,,CE4,30,
1915,,CYCLOHEXANONE,3,F1,III,3,,5 L,E1,P001 IBC03 LP01 R001,,MP19,T2,TP1,LGBF,,3,W12,,,CE4,30,
1916,,"2,2'-DICHLORODIETHYL ETHER",6.1,TF1,II,6.1+3,,100 mL,E4,P001 IBC02,,MP15,T7,TP2,L4BH,TU15,2,,,CW13 CW28 CW31,CE5,63,
1917,,"ETHYL ACRYLATE, STABILIZED",3,F1,II,3,386 676,1 L,E2,P001 IBC02 R001,,MP19,T4,TP1,LGBF,,2,,,,CE7,339,
1918,,ISOPROPYLBENZENE,3,F1,III,3,,5 L,E1,P001 IBC03 LP01 R001,,MP19,T2,TP1,LGBF,,3,W12,,,CE4,30,
1919,,"METHYL ACRYLATE, STABILIZED",3,F1,II,3,386 676,1 L,E2,P001 IBC02 R001,,MP19,T4,TP1,LGBF,,2,,,,CE7,339,
1920,,NONANES,3,F1,III,3,,5 L,E1,P001 IBC03 LP01 R001,,MP19,T2,TP1,LGBF,,3,W12,,,CE4,30,
1921,,"PROPYLENEIMINE, STABILIZED",3,FT1,I,3+6.1,386 676,0,E0,P001,,MP2,T14,TP2,L15CH,TU14 TU15 TU38 TE21 TE22 TE25,1,,,CW13 CW28,,336,
1922,,PYRROLIDINE,3,FC,II,3+8,,1 L,E2,P001 IBC02,,MP19,T7,TP1,L4BH,,2,,,,CE7,338,
1923,a,CALCIUM DITHIONITE,4.2,S4,II,4.2,,0,E2,P410 IBC06,,MP14,T3,TP33,SGAN,,2,W1,,,CE10,40,
1923,b,CALCIUM HYDROSULPHITE,4.2,S4,II,4.2,,0,E2,P410 IBC06,,MP14,T3,TP33,SGAN,,2,W1,,,CE10,40,
1928,,METHYL MAGNESIUM BROMIDE IN ETHYL ETHER,4.3,WF1,I,4.3+3,,0,E0,P402,RR8,MP2,,,L10DH,TU4 TU14 TU22 TU38 TE21 TE22 TM2,0,W1,,CW23,,X323,
1929,a,POTASSIUM DITHIONITE,4.2,S4,II,4.2,,0,E2,P410 IBC06,,MP14,T3,TP33,SGAN,,2,W1,,,CE10,40,
1929,b,POTASSIUM HYDROSULPHITE,4.2,S4,II,4.2,,0,E2,P410 IBC06,,MP14,T3,TP33,SGAN,,2,W1,,,CE10,40,
1931,a,ZINC DITHIONITE,9,M11,III,9,,5 kg,E1,P002 IBC08 LP02 R001,B3,MP10,T1,TP33,SGAV,,3,,VC1 VC2,CW31,CE11,90,
1931,b,ZINC HYDROSULPHITE,9,M11,III,9,,5 kg,E1,P002 IBC08 LP02 R001,B3,MP10,T1,TP33,SGAV,,3,,VC1 VC2,CW31,CE11,90,
1932,,"ZIRCONIUM, SCRAP",4.2,S4,III,4.2,524 592,0,E0,P002 IBC08 LP02 R001,B3,MP14,T1,TP33,SGAN,,3,W1,VC1 VC2 AP1,,CE11,40,
1935,a,"CYANIDE SOLUTION, N.O.S.",6.1,T4,I,6.1,274 525,0,E5,P001,,MP8 MP17,T14,TP2 TP27,L10CH,TU14 TU15 TU38 TE21 TE22,1,,,CW13 CW28 CW31,,66,
1935,b,"CYANIDE SOLUTION, N.O.S.",6.1,T4,II,6.1,274 525,100 mL,E4,P001 IBC02,,MP15,T11,TP2 TP27,L4BH,TU15,2,,,CW13 CW28 CW31,CE5,60,
1935,c,"CYANIDE SOLUTION, N.O.S.",6.1,T4,III,6.1,274 525,5 L,E1,P001 IBC03 LP01 R001,,MP19,T7,TP2 TP28,L4BH,TU15,2,W12,,CW13 CW28 CW31,CE8,60,
1938,a,BROMOACETIC ACID SOLUTION,8,C3,II,8,,1 L,E2,P001 IBC02,,MP15,T7,TP2,L4BN,,2,,,,CE6,80,
1938,b,BROMOACETIC ACID SOLUTION,8,C3,III,8,,5 L,E1,P001 IBC02 LP01 R001,,MP19,T7,TP2,L4BN,,3,,,,CE8,80,
1939,,PHOSPHORUS OXYBROMIDE,8,C2,II,8,,1 kg,E0,P002 IBC08,B4,MP10,T3,TP33,SGAN,,2,W11,,,CE10,80,
1940,,THIOGLYCOLIC ACID,8,C3,II,8,,1 L,E2,P001 IBC02,,MP15,T7,TP2,L4BN,,2,,,,CE6,80,
1941,,DIBROMODIFLUOROMETHANE,9,M11,III,9,,5 L,E1,P001 LP01 R001,,MP15,T11,TP2,L4BN,,3,,,CW31,CE8,90,
1942,a,AMMONIUM NITRATE,5.1,O2,III,5.1,306 611,5 kg,E1,P002 IBC08 LP02 R001,B3,MP10,T1 BK1 BK2 BK3,TP33,SGAV,TU3,3,,VC1 VC2 AP6 AP7,CW24,CE11,50,"with not more than 0.2% combustible substances, including any organic substance calculated as carbon, to the exclusion of any other added substance"
1942,b,AMMONIUM NITRATE,5.1,O2,III,5.1,306 611,5 kg,E1,P002 IBC08 LP02 R001,B3,MP10,T1 BK1 BK2 BK3,TP33,SGAV,TU3,3,,VC1 VC2 AP6 AP7,CW24,CE11,50,"with not more than 0.2% combustible substances, including any organic substance calculated as carbon, to the exclusion of any other added substance"
1944,,"MATCHES, SAFETY",4.1,F1,III,4.1,293,5 kg,E1,P407 R001,,MP11,,,,,4,W1,,,CE11,40,"(book, card or strike on box)"
1945,,"MATCHES, WAX 'VESTA'",4.1,F1,III,4.1,293,5 kg,E1,P407 R001,,MP11,,,,,4,W1,,,CE11,40,
1950,a,AEROSOLS,2,,,,,,,,,,,,(not listed in RID),,,,,,,,above 1 L
1950,b,AEROSOLS,2,,,,,,,,,,,,(not listed in RID),,,,,,,,above 1 L
1950,c,AEROSOLS,2,,,,,,,,,,,,(not listed in RID),,,,,,,,above 1 L
1950,d,AEROSOLS,2,,,,,,,,,,,,(not listed in RID),,,,,,,,above 1 L
1950,e,AEROSOLS,2,,,,,,,,,,,,(not listed in RID),,,,,,,,above 1 L
1950,f,AEROSOLS,2,,,,,,,,,,,,(not listed in RID),,,,,,,,above 1 L
1950,g,AEROSOLS,2,,,,,,,,,,,,(not listed in RID),,,,,,,,above 1 L
1950,h,AEROSOLS,2,,,,,,,,,,,,(not listed in RID),,,,,,,,above 1 L
1950,i,AEROSOLS,2,5F,,2.1,190 327 344 625,1 L,E0,P207 LP200,PP87 RR6 L2,MP9,,,,,2,W14,,CW9 CW12,CE2,23,flammable
1950,j,AEROSOLS,2,5FC,,2.1+8,190 327 344 625,1 L,E0,P207 LP200,PP87 RR6 L2,MP9,,,,,1,W14,,CW9 CW12,CE2,238,"flammable, corrosive"
1950,k,AEROSOLS,2,5TF,,2.1+6.1,190 327 344 625,120 mL,E0,P207 LP200,PP87 RR6 L2,MP9,,,,,1,W14,,CW9 CW12 CW28,,263,"toxic, flammable"
1950,l,AEROSOLS,2,5TFC,,2.1+6.1+8,190 327 344 625,120 mL,E0,P207 LP200,PP87 RR6 L2,MP9,,,,,1,W14,,CW9 CW12 CW28,,263,"toxic, flammable, corrosive"
1950,m,AEROSOLS,2,5A,,2.2,190 327 344 625,1 L,E0,P207 LP200,PP87 RR6 L2,MP9,,,,,3,W14,,CW9 CW12,CE2,20,asphyxiant
1950,n,AEROSOLS,2,5C,,2.2+8,190 327 344 625,1 L,E0,P207 LP200,PP87 RR6 L2,MP9,,,,,1,W14,,CW9 CW12,CE2,28,corrosive
1950,o,AEROSOLS,2,5T,,2.2+6.1,190 327 344 625,120 mL,E0,P207 LP200,PP87 RR6 L2,MP9,,,,,1,W14,,CW9 CW12 CW28,,26,toxic
1950,p,AEROSOLS,2,5TC,,2.2+6.1+8,190 327 344 625,120 mL,E0,P207 LP200,PP87 RR6 L2,MP9,,,,,1,W14,,CW9 CW12 CW28,,268,"toxic, corrosive"
1950,q,WASTE AEROSOLS,2,5F,,2.1,190 327 344 625,1 L,E0,P207 LP200,PP87 RR6 L2,MP9,,,,,2,W14,,CW9 CW12,CE2,23,flammable
1950,r,WASTE AEROSOLS,2,5FC,,2.1+8,190 327 344 625,1 L,E0,P207 LP200,PP87 RR6 L2,MP9,,,,,1,W14,,CW9 CW12,CE2,238,"flammable, corrosive"
1950,s,WASTE AEROSOLS,2,5TF,,2.1+6.1,190 327 344 625,120 mL,E0,P207 LP200,PP87 RR6 L2,MP9,,,,,1,W14,,CW9 CW12 CW28,,263,"toxic, flammable"
1950,t,WASTE AEROSOLS,2,5TFC,,2.1+6.1+8,190 327 344 625,120 mL,E0,P207 LP200,PP87 RR6 L2,MP9,,,,,1,W14,,CW9 CW12 CW28,,263,"toxic, flammable, corrosive"
1950,u,WASTE AEROSOLS,2,5A,,2.2,190 327 344 625,1 L,E0,P207 LP200,PP87 RR6 L2,MP9,,,,,3,W14,,CW9 CW12,CE2,20,asphyxiant
1950,v,WASTE AEROSOLS,2,5C,,2.2+8,190 327 344 625,1 L,E0,P207 LP200,PP87 RR6 L2,MP9,,,,,1,W14,,CW9 CW12,CE2,28,corrosive
1950,w,WASTE AEROSOLS,2,5T,,2.2+6.1,190 327 344 625,120 mL,E0,P207 LP200,PP87 RR6 L2,MP9,,,,,1,W14,,CW9 CW12 CW28,,26,toxic
1950,x,WASTE AEROSOLS,2,5TC,,2.2+6.1+8,190 327 344 625,120 mL,E0,P207 LP200,PP87 RR6 L2,MP9,,,,,1,W14,,CW9 CW12 CW28,,268,"toxic, corrosive"
1950,y,AEROSOLS,2,,,,,,,,,,,,(not listed in RID),,,,,,,,"oxidizing, above 1 L"
1950,za,AEROSOLS,2,5O,,2.2+5.1,190 327 344 625,1 L,E0,P207 LP200,PP87 RR6 L2,MP9,,,,,3,W14,,CW9 CW12,CE2,25,oxidizing
1950,zb,WASTE AEROSOLS,2,5O,,2.2+5.1,190 327 344 625,1 L,E0,P207 LP200,PP87 RR6 L2,MP9,,,,,3,W14,,CW9 CW12,CE2,25,oxidizing
1951,,"ARGON, REFRIGERATED LIQUID",2,3A,,2.2+13,593,120 mL,E1,P203,,MP9,T75,TP5,RxBN,TU19 TA4 TT9 TM6,3,W5,,CW9 CW11 CW36,CE2,22,
1952,,ETHYLENE OXIDE AND CARBON DIOXIDE MIXTURE,2,2A,,2.2+13,392 662,120 mL,E1,P200,,MP9,(M),,PxBN(M),TA4 TT9 TM6,3,,,CW9 CW10 CW36,CE3,20,with not more than 9% ethylene oxide
1953,,"COMPRESSED GAS, TOXIC, FLAMMABLE, N.O.S.",2,1TF,,2.3+2.1+13,274,0,E0,P200,,MP9,(M),,CxBH(M),TU6 TU38 TE22 TE25 TA4 TT9,1,,,CW9 CW10 CW36,,263,
1954,,"COMPRESSED GAS, FLAMMABLE, N.O.S.",2,1F,,2.1+13,274 392 662,0,E0,P200,,MP9,(M),,CxBN(M),TU38 TE22 TA4 TT9,2,,,CW9 CW10 CW36,CE3,23,
1955,,"COMPRESSED GAS, TOXIC, N.O.S.",2,1T,,2.3+13,274,0,E0,P200,,MP9,(M),,CxBH(M),TU6 TU38 TE22 TE25 TA4 TT9,1,,,CW9 CW10 CW36,,26,
1956,,"COMPRESSED GAS, N.O.S.",2,1A,,2.2+13,274 378 392 655 662,120 mL,E1,P200,,MP9,(M),,CxBN(M),TA4 TT9,3,,,CW9 CW10 CW36,CE3,20,
1957,,"DEUTERIUM, COMPRESSED",2,1F,,2.1+13,662,0,E0,P200,,MP9,(M),,CxBN(M),TU38 TE22 TA4 TT9,2,,,CW9 CW10 CW36,CE3,23,
1958,a,"1,2-DICHLORO-1,1,2,2-TETRAFLUOROETHANE",2,2A,,2.2+13,662,120 mL,E1,P200,,MP9,T50 (M),,PxBN(M),TA4 TT9 TM6,3,,,CW9 CW10 CW36,CE3,20,
1958,b,REFRIGERANT GAS R 114,2,2A,,2.2+13,662,120 mL,E1,P200,,MP9,T50 (M),,PxBN(M),TA4 TT9 TM6,3,,,CW9 CW10 CW36,CE3,20,
1959,a,"1,1-DIFLUOROETHYLENE",2,2F,,2.1+13,662,0,E0,P200,,MP9,(M),,PxBN(M),TU38 TE22 TA4 TT9 TM6,2,,,CW9 CW10 CW36,CE3,239,
1959,b,REFRIGERANT GAS R 1132a,2,2F,,2.1+13,662,0,E0,P200,,MP9,(M),,PxBN(M),TU38 TE22 TA4 TT9 TM6,2,,,CW9 CW10 CW36,CE3,239,
1961,,"ETHANE, REFRIGERATED LIQUID",2,3F,,2.1+13,,0,E0,P203,,MP9,T75,TP5,RxBN,TU18 TU38 TE22 TE26 TA4 TT9 TM6,2,W5,,CW9 CW11 CW36,CE2,223,
1962,,ETHYLENE,2,2F,,2.1+13,662,0,E0,P200,,MP9,(M),,PxBN(M),TU38 TE22 TA4 TT9 TM6,2,,,CW9 CW10 CW36,CE3,23,
1963,,"HELIUM, REFRIGERATED LIQUID",2,3A,,2.2+13,593,120 mL,E1,P203,,MP9,T75,TP5 TP34,RxBN,TU19 TA4 TT9 TM6,3,W5,,CW9 CW11 CW36,CE2,22,
1964,,"HYDROCARBON GAS MIXTURE, COMPRESSED, N.O.S.",2,1F,,2.1+13,274 662,0,E0,P200,,MP9,(M),,CxBN(M),TU38 TE22 TA4 TT9,2,,,CW9 CW10 CW36,CE3,23,
1965,,"HYDROCARBON GAS MIXTURE, LIQUEFIED, N.O.S.",2,2F,,2.1+13,274 392 583 662 674,0,E0,P200,,MP9,T50 (M),,PxBN(M),TU38 TE22 TA4 TT9 TM6,2,,,CW9 CW10 CW36,CE3,23,"such as mixtures A, A01, A02, A0, A1, B1, B2, B or C"
1966,,"HYDROGEN, REFRIGERATED LIQUID",2,3F,,2.1+13,,0,E0,P203,,MP9,T75,TP5 TP34,RxBN,TU18 TU38 TE22 TE26 TA4 TT9 TM6,2,W5,,CW9 CW11 CW36,CE2,223,
1967,,"INSECTICIDE GAS, TOXIC, N.O.S.",2,2T,,2.3+13,274,0,E0,P200,,MP9,(M),,PxBH(M),TU6 TU38 TE22 TE25 TA4 TT9 TM6,1,,,CW9 CW10 CW36,,26,
1968,,"INSECTICIDE GAS, N.O.S.",2,2A,,2.2+13,274 662,120 mL,E1,P200,,MP9,(M),,PxBN(M),TA4 TT9 TM6,3,,,CW9 CW10 CW36,CE3,20,
1969,,ISOBUTANE,2,2F,,2.1+13,392 657 662 674,0,E0,P200,,MP9,T50 (M),,PxBN(M),TU38 TE22 TA4 TT9 TM6,2,,,CW9 CW10 CW36,CE3,23,
1970,,"KRYPTON, REFRIGERATED LIQUID",2,3A,,2.2+13,593,120 mL,E1,P203,,MP9,T75,TP5,RxBN,TU19 TA4 TT9 TM6,3,W5,,CW9 CW11 CW36,CE2,22,
1971,a,"METHANE, COMPRESSED",2,1F,,2.1+13,392 662,0,E0,P200,,MP9,(M),,CxBN(M),TU38 TE22 TA4 TT9,2,,,CW9 CW10 CW36,CE3,23,
1971,b,"NATURAL GAS, COMPRESSED",2,1F,,2.1+13,392 662,0,E0,P200,,MP9,(M),,CxBN(M),TU38 TE22 TA4 TT9,2,,,CW9 CW10 CW36,CE3,23,with high methane content
1972,a,"METHANE, REFRIGERATED LIQUID",2,3F,,2.1+13,392,0,E0,P203,,MP9,T75,TP5,RxBN,TU18 TU38 TE22 TE26 TA4 TT9 TM6,2,W5,,CW9 CW11 CW36,CE2,223,
1972,b,"NATURAL GAS, REFRIGERATED LIQUID",2,3F,,2.1+13,392,0,E0,P203,,MP9,T75,TP5,RxBN,TU18 TU38 TE22 TE26 TA4 TT9 TM6,2,W5,,CW9 CW11 CW36,CE2,223,with high methane content
1973,a,CHLORODIFLUOROMETHANE AND CHLOROPENTAFLUOROETHANE MIXTURE,2,2A,,2.2+13,662,120 mL,E1,P200,,MP9,T50 (M),,PxBN(M),TA4 TT9 TM6,3,,,CW9 CW10 CW36,CE3,20,"with a fixed boiling point, with approximately 49% chlorodifluoromethane"
1973,b,REFRIGERANT GAS R 502,2,2A,,2.2+13,662,120 mL,E1,P200,,MP9,T50 (M),,PxBN(M),TA4 TT9 TM6,3,,,CW9 CW10 CW36,CE3,20,
1974,a,CHLORODIFLUOROBROMOMETHANE,2,2A,,2.2+13,662,120 mL,E1,P200,,MP9,T50 (M),,PxBN(M),TA4 TT9 TM6,3,,,CW9 CW10 CW36,CE3,20,
1974,b,REFRIGERANT GAS R 12B1,2,2A,,2.2+13,662,120 mL,E1,P200,,MP9,T50 (M),,PxBN(M),TA4 TT9 TM6,3,,,CW9 CW10 CW36,CE3,20,
1975,a,NITRIC OXIDE AND DINITROGEN TETROXIDE MIXTURE,2,2TOC,,2.3+5.1+8,,0,E0,P200,,MP9,,,,,1,,,CW9 CW10 CW36,,265,
1975,b,NITRIC OXIDE AND NITROGEN DIOXIDE MIXTURE,2,2TOC,,2.3+5.1+8,,0,E0,P200,,MP9,,,,,1,,,CW9 CW10 CW36,,265,
1976,a,OCTAFLUOROCYCLOBUTANE,2,2A,,2.2+13,662,120 mL,E1,P200,,MP9,T50 (M),,PxBN(M),TA4 TT9 TM6,3,,,CW9 CW10 CW36,CE3,20,
1976,b,REFRIGERANT GAS RC 318,2,2A,,2.2+13,662,120 mL,E1,P200,,MP9,T50 (M),,PxBN(M),TA4 TT9 TM6,3,,,CW9 CW10 CW36,CE3,20,
1977,,"NITROGEN, REFRIGERATED LIQUID",2,3A,,2.2+13,345 346 593,120 mL,E1,P203,,MP9,T75,TP5,RxBN,TU19 TA4 TT9 TM6,3,W5,,CW9 CW11 CW36,CE2,22,
1978,,PROPANE,2,2F,,2.1+13,392 657 662 674,0,E0,P200,,MP9,T50 (M),,PxBN(M),TU38 TE22 TA4 TT9 TM6,2,,,CW9 CW10 CW36,CE3,23,
1982,a,TETRAFLUOROMETHANE,2,2A,,2.2+13,662,120 mL,E1,P200,,MP9,(M),,PxBN(M),TA4 TT9 TM6,3,,,CW9 CW10 CW36,CE3,20,
1982,b,REFRIGERANT GAS R 14,2,2A,,2.2+13,662,120 mL,E1,P200,,MP9,(M),,PxBN(M),TA4 TT9 TM6,3,,,CW9 CW10 CW36,CE3,20,
1983,a,"1-CHLORO-2,2,2-TRIFLUOROETHANE",2,2A,,2.2+13,662,120 mL,E1,P200,,MP9,T50 (M),,PxBN(M),TA4 TT9 TM6,3,,,CW9 CW10 CW36,CE3,20,
1983,b,REFRIGERANT GAS R 133a,2,2A,,2.2+13,662,120 mL,E1,P200,,MP9,T50 (M),,PxBN(M),TA4 TT9 TM6,3,,,CW9 CW10 CW36,CE3,20,
1984,a,TRIFLUOROMETHANE,2,2A,,2.2+13,662,120 mL,E1,P200,,MP9,(M),,PxBN(M),TA4 TT9 TM6,3,,,CW9 CW10 CW36,CE3,20,
1984,b,REFRIGERANT GAS R 23,2,2A,,2.2+13,662,120 mL,E1,P200,,MP9,(M),,PxBN(M),TA4 TT9 TM6,3,,,CW9 CW10 CW36,CE3,20,
1986,a,"ALCOHOLS, FLAMMABLE, TOXIC, N.O.S.",3,FT1,I,3+6.1,274,0,E0,P001,,MP7 MP17,T14,TP2 TP27,L10CH,TU14 TU15 TU38 TE21 TE22,1,,,CW13 CW28,,336,
1986,b,"ALCOHOLS, FLAMMABLE, TOXIC, N.O.S.",3,FT1,II,3+6.1,274,1 L,E2,P001 IBC02,,MP19,T11,TP2 TP27,L4BH,TU15,2,,,CW13 CW28,CE7,336,
1986,c,"ALCOHOLS, FLAMMABLE, TOXIC, N.O.S.",3,FT1,III,3+6.1,274,5 L,E1,P001 IBC03 R001,,MP19,T7,TP1 TP28,L4BH,TU15,3,W12,,CW13 CW28,CE4,36,
1987,a,"ALCOHOLS, N.O.S.",3,F1,II,3,274 601 640C/D,1 L,E2,P001 IBC02* R001*,,MP19,T7,TP1 TP8 TP28,L1.5BN/LGBF,,2,,,,CE7,33,
1987,b,"ALCOHOLS, N.O.S.",3,F1,III,3,274 601,5 L,E1,P001 IBC03 LP01 R001,,MP19,T4,TP1 TP29,LGBF,,3,W12,,,CE4,30,
1988,a,"ALDEHYDES, FLAMMABLE, TOXIC, N.O.S.",3,FT1,I,3+6.1,274,0,E0,P001,,MP7 MP17,T14,TP2 TP27,L10CH,TU14 TU15 TU38 TE21 TE22,1,,,CW13 CW28,,336,
1988,b,"ALDEHYDES, FLAMMABLE, TOXIC, N.O.S.",3,FT1,II,3+6.1,274,1 L,E2,P001 IBC02,,MP19,T11,TP2 TP27,L4BH,TU15,2,,,CW13 CW28,CE7,336,
1988,c,"ALDEHYDES, FLAMMABLE, TOXIC, N.O.S.",3,FT1,III,3+6.1,274,5 L,E1,P001 IBC03 R001,,MP19,T7,TP1 TP28,L4BH,TU15,3,W12,,CW13 CW28,CE4,36,
1989,a,"ALDEHYDES, N.O.S.",3,F1,I,3,274,0,E3,P001,,MP7 MP17,T11,TP1 TP27,L4BN,,1,,,,,33,
1989,b,"ALDEHYDES, N.O.S.",3,F1,II,3,274 640C/D,1 L,E2,P001 IBC02* R001*,,MP19,T7,TP1 TP8 TP28,L1.5BN/LGBF,,2,,,,CE7,33,
1989,c,"ALDEHYDES, N.O.S.",3,F1,III,3,274,5 L,E1,P001 IBC03 LP01 R001,,MP19,T4,TP1 TP29,LGBF,,3,W12,,,CE4,33,
1990,,BENZALDEHYDE,9,M11,III,9,,5 L,E1,P001 IBC03 LP01 R001,,MP15,T2,TP1,LGBV,,3,W12,,CW31,CE8,90,
1991,,"CHLOROPRENE, STABILIZED",3,FT1,I,3+6.1,386 676,0,E0,P001,,MP7 MP17,T14,TP2 TP6,L10CH,TU14 TU15 TU38 TE21 TE22,1,,,CW13 CW28,,336,
1992,a,"FLAMMABLE LIQUID, TOXIC, N.O.S.",3,FT1,I,3+6.1,274,0,E0,P001,,MP7 MP17,T14,TP2 TP27,L10CH,TU14 TU15 TU38 TE21 TE22,1,,,CW13 CW28,,336,
1992,b,"FLAMMABLE LIQUID, TOXIC, N.O.S.",3,FT1,II,3+6.1,274,1 L,E2,P001 IBC02,,MP19,T7,TP2,L4BH,TU15,2,,,CW13 CW28,CE7,336,
1992,c,"FLAMMABLE LIQUID, TOXIC, N.O.S.",3,FT1,III,3+6.1,274,5 L,E1,P001 IBC03 R001,,MP19,T7,TP1 TP28,L4BH,TU15,3,W12,,CW13 CW28,CE4,36,
1993,a,"FLAMMABLE LIQUID, N.O.S.",3,F1,I,3,274,0,E3,P001,,MP7 MP17,T11,TP1 TP27,L4BN,,1,,,,,33,
1993,b,"FLAMMABLE LIQUID, N.O.S.",3,F1,II,3,274 601 640C/D,1 L,E2,P001 IBC02* R001*,,MP19,T7,TP1 TP8 TP28,L1.5BN/LGBF,,2,,,,CE7,33,
1993,c,"FLAMMABLE LIQUID, N.O.S.",3,F1,III,3,274 601,5 L,E1,P001 IBC* LP01 R001,,MP19,T4,TP1 TP29,L*,,3,W12*,,,CE4,33,
1994,,IRON PENTACARBONYL,6.1,TF1,I,6.1+3,354,0,E0,P601,,MP2,T22,TP2,L15CH,TU14 TU15 TU31 TU38 TE21 TE22 TE25 TM3,1,,,CW13 CW28 CW31,,663,
1999,a,"TARS, LIQUID",3,F1,II,3,640C/D,5 L,E2,P001 IBC02* R001*,,MP19,T3,TP3 TP29,L1.5BN/LGBF,,2,,,,CE7,33,"including road oils, and cutback bitumens"
1999,b,"TARS, LIQUID",3,F1,III,3,,5 L,E1,P001 IBC* LP01 R001,,MP19,T1,TP3,L*,,3,W12*,,,CE4,33,"including road oils, and cutback bitumens"
2000,,CELLULOID,4.1,F1,III,4.1,383 502,5 kg,E1,P002 LP02 R001,PP7,MP11,,,,,3,W1,,,CE11,40,"in block, rods, rolls, sheets, tubes, etc., except scrap"
2001,,"COBALT NAPHTHENATES, POWDER",4.1,F3,III,4.1,,5 kg,E1,P002 IBC08 LP02 R001,B3,MP11,T1,TP33,SGAV,,3,W1,VC1 VC2,,CE11,40,
2002,,"CELLULOID, SCRAP",4.2,S2,III,4.2,526 592,0,E0,P002 IBC08 LP02 R001,PP8 B3,MP14,,,,,3,W1,,,CE11,40,
2004,,MAGNESIUM DIAMIDE,4.2,S4,II,4.2,,0,E2,P410 IBC06,,MP14,T3,TP33,SGAN,,2,W1,,,CE10,40,
2006,,"PLASTICS, NITROCELLULOSE-BASED, SELF-HEATING, N.O.S.",4.2,S2,III,4.2,274 528,0,E0,P002 R001,,MP14,,,,,3,W1,,,CE11,40,
2008,a,"ZIRCONIUM POWDER, DRY",4.2,S4,I,4.2,524 540,0,E0,P404,,MP13,T21,TP7 TP33,,,0,W1,,,,43,
2008,b,"ZIRCONIUM POWDER, DRY",4.2,S4,II,4.2,524 540,0,E2,P410 IBC06,,MP14,T3,TP33,SGAN,,2,W1,,,CE10,40,
2008,c,"ZIRCONIUM POWDER, DRY",4.2,S4,III,4.2,524 540,0,E1,P002 IBC08 LP02 R001,B3,MP14,T1,TP33,SGAN,,3,W1,VC1 VC2 AP1,,CE11,40,
2009,,"ZIRCONIUM, DRY",4.2,S4,III,4.2,524 592,0,E1,P002 LP02 R001,,MP14,,,,,3,W1,VC1 VC2 AP1,,CE11,40,"finished sheets, strip or coiled wire"
2010,,MAGNESIUM HYDRIDE,4.3,W2,I,4.3,,0,E0,P403,,MP2,,,,,1,W1,,CW23,,X423,
2011,,MAGNESIUM PHOSPHIDE,4.3,WT2,I,4.3+6.1,,0,E0,P403,,MP2,,,,,1,W1,,CW23 CW28,,X462,
2012,,POTASSIUM PHOSPHIDE,4.3,WT2,I,4.3+6.1,,0,E0,P403,,MP2,,,,,1,W1,,CW23 CW28,,X462,
2013,,STRONTIUM PHOSPHIDE,4.3,WT2,I,4.3+6.1,,0,E0,P403,,MP2,,,,,1,W1,,CW23 CW28,,X462,
2014,,"HYDROGEN PEROXIDE, AQUEOUS SOLUTION",5.1,OC1,II,5.1+8,,1 L,E2,P504 IBC02,PP10 B5,MP15,T7,TP2 TP6 TP24,L4BV(+),TU3 TC2 TE8 TE11 TT1,2,,,CW24,CE6,58,with not less than 20% but not more than 60% hydrogen peroxide (stabilized as necessary)
2015,a,"HYDROGEN PEROXIDE, STABILIZED",5.1,OC1,I,5.1+8,640N,0,E0,P501,,MP2,T9,TP2 TP6 TP24,L4DV(+),TU3 TU28 TC2 TE8 TE9 TE16 TT1,1,W5,,CW24,,559,with more than 70% hydrogen peroxide
2015,b,"HYDROGEN PEROXIDE, AQUEOUS SOLUTION, STABILIZED",5.1,OC1,I,5.1+8,640N,0,E0,P501,,MP2,T9,TP2 TP6 TP24,L4DV(+),TU3 TU28 TC2 TE8 TE9 TE16 TT1,1,W5,,CW24,,559,with more than 70% hydrogen peroxide
2015,c,"HYDROGEN PEROXIDE, AQUEOUS SOLUTION, STABILIZED",5.1,OC1,I,5.1+8,640O,0,E0,P501,,MP2,T9,TP2 TP6 TP24,L4BV(+),TU3 TU28 TC2 TE7 TE8 TE9 TE16 TT1,1,W5,,CW24,,559,with more than 60% hydrogen peroxide and not more than 70% hydrogen peroxide
2016,,"AMMUNITION, TOXIC, NON-EXPLOSIVE",6.1,T2,,6.1,,0,E0,P600,,MP10,,,,,2,,,CW13 CW28 CW31,CE9,60,"without burster or expelling charge, non-fuzed"
2017,,"AMMUNITION, TEAR-PRODUCING, NON-EXPLOSIVE",6.1,TC2,,6.1+8,,0,E0,P600,,,,,,,2,,,CW13 CW28 CW31,,68,"without burster or expelling charge, non-fuzed"
2018,,"CHLOROANILINES, SOLID",6.1,T2,II,6.1,,500 g,E4,P002 IBC08,B4,MP10,T3,TP33,SGAH L4BH,TU15,2,W11,,CW13 CW28 CW31,CE9,60,
2019,,"CHLOROANILINES, LIQUID",6.1,T1,II,6.1,,100 mL,E4,P001 IBC02,,MP15,T7,TP2,L4BH,TU15,2,,,CW13 CW28 CW31,CE5,60,
2020,,"CHLOROPHENOLS, SOLID",6.1,T2,III,6.1,205,5 kg,E1,P002 IBC08 LP02 R001,B3,MP10,T1,TP33,SGAH,TU15,2,,VC1 VC2 AP7,CW13 CW28 CW31,CE11,60,
2021,,"CHLOROPHENOLS, LIQUID",6.1,T1,III,6.1,,5 L,E1,P001 IBC03 LP01 R001,,MP19,T4,TP1,L4BH,TU15,2,W12,,CW13 CW28 CW31,CE8,60,
2022,,CRESYLIC ACID,6.1,TC1,II,6.1+8,,100 mL,E4,P001 IBC02,,MP15,T7,TP2,L4BH,TU15,2,,,CW13 CW28 CW31,CE5,68,
2023,,EPICHLOROHYDRIN,6.1,TF1,II,6.1+3,279,100 mL,E4,P001 IBC02,,MP15,T7,TP2,L4BH,TU15,2,,,CW13 CW28 CW31,CE5,63,
2024,a,"MERCURY COMPOUND, LIQUID, N.O.S.",6.1,T4,I,6.1,43 274,0,E5,P001,,MP8 MP17,,,L10CH,TU14 TU15 TU38 TE21 TE22,1,,,CW13 CW28 CW31,,66,
2024,b,"MERCURY COMPOUND, LIQUID, N.O.S.",6.1,T4,II,6.1,43 274,100 mL,E4,P001 IBC02,,MP15,,,L4BH,TU15,2,,,CW13 CW28 CW31,CE5,60,
2024,c,"MERCURY COMPOUND, LIQUID, N.O.S.",6.1,T4,III,6.1,43 274,5 L,E1,P001 IBC03 LP01 R001,,MP19,,,L4BH,TU15,2,W12,,CW13 CW28 CW31,CE8,60,
2025,a,"MERCURY COMPOUND, SOLID, N.O.S.",6.1,T5,I,6.1,43 66 274 529,0,E5,P002 IBC07,,MP18,T6,TP33,S10AH,TU15,1,W10,,CW13 CW28 CW31,,66,
2025,b,"MERCURY COMPOUND, SOLID, N.O.S.",6.1,T5,II,6.1,43 66 274 529,500 g,E4,P002 IBC08,B4,MP10,T3,TP33,SGAH,TU15,2,W11,,CW13 CW28 CW31,CE9,60,
2025,c,"MERCURY COMPOUND, SOLID, N.O.S.",6.1,T5,III,6.1,43 66 274 529,5 kg,E1,P002 IBC08 LP02 R001,B3,MP10,T1,TP33,SGAH,TU15,2,,VC1 VC2 AP7,CW13 CW28 CW31,CE11,60,
2026,a,"PHENYLMERCURIC COMPOUND, N.O.S.",6.1,T3,I,6.1,43 274,0,E5,P002 IBC07,,MP18,T6,TP33,S10AH L10CH,TU14 TU15 TU38 TE21 TE22,1,W10,,CW13 CW28 CW31,,66,
2026,b,"PHENYLMERCURIC COMPOUND, N.O.S.",6.1,T3,II,6.1,43 274,500 g,E4,P002 IBC08,B4,MP10,T3,TP33,SGAH L4BH,TU15,2,W11,,CW13 CW28 CW31,CE9,60,
2026,c,"PHENYLMERCURIC COMPOUND, N.O.S.",6.1,T3,III,6.1,43 274,5 kg,E1,P002 IBC08 LP02 R001,B3,MP10,T1,TP33,SGAH L4BH,TU15,2,,VC1 VC2 AP7,CW13 CW28 CW31,CE11,60,
2027,,"SODIUM ARSENITE, SOLID",6.1,T5,II,6.1,43,500 g,E4,P002 IBC08,B4,MP10,T3,TP33,SGAH,TU15,2,W11,,CW13 CW28 CW31,CE9,60,
2028,,"BOMBS, SMOKE, NON-EXPLOSIVE",8,C11,II,8,,0,E0,P803,,,,,,,2,,,,,80,"with corrosive liquid, without initiating device"
2029,,"HYDRAZINE, ANHYDROUS",8,CFT,I,8+3+6.1,,0,E0,P001,,MP8 MP17,,,,,1,,,CW13 CW28,,886,
2030,a,"HYDRAZINE, AQUEOUS SOLUTION",8,CT1,I,8+6.1,530,0,E0,P001,,MP8 MP17,T10,TP2,L10BH,TU38 TE22,1,,,CW13 CW28,,886,"with more than 37% hydrazine, by mass"
2030,b,"HYDRAZINE, AQUEOUS SOLUTION",8,CT1,II,8+6.1,530,1 L,E0,P001 IBC02,,MP15,T7,TP2,L4BN,,2,,,CW13 CW28,CE6,86,"with more than 37% hydrazine, by mass"
2030,c,"HYDRAZINE, AQUEOUS SOLUTION",8,CT1,III,8+6.1,530,5 L,E1,P001 IBC03 LP01 R001,,MP19,T4,TP1,L4BN,,3,W12,,CW13 CW28,CE6,86,"with more than 37% hydrazine, by mass"
2031,a,NITRIC ACID,8,CO1,I,8+5.1,,0,E0,P001,PP81,MP8 MP17,T10,TP2,L10BH,TU38 TC6 TE22 TT1,1,,,CW24,,885,"other than red fuming, with more than 70% nitric acid"
2031,b,NITRIC ACID,8,CO1,II,8+5.1,,1 L,E2,P001 IBC02,PP81 B15,MP15,T8,TP2,L4BN,TU42,2,,,CW24,CE6,85,"other than red fuming, with at least 65%, but not more than 70% nitric acid"
2031,c,NITRIC ACID,8,C1,II,8,,1 L,E2,P001 IBC02,PP81 B15,MP15,T8,TP2,L4BN,TU42,2,,,,CE6,80,"other than red fuming, with less than 65% nitric acid"
2032,,"NITRIC ACID, RED FUMING",8,COT,I,8+5.1+6.1,,0,E0,P602,,MP8 MP17,T20,TP2,L10BH,TU38 TC6 TE22 TT1,1,,,CW13 CW24 CW28,,856,
2033,,POTASSIUM MONOXIDE,8,C6,II,8,,1 kg,E2,P002 IBC08,B4,MP10,T3,TP33,SGAN,,2,W11,,,CE10,80,
2034,,"HYDROGEN AND METHANE MIXTURE, COMPRESSED",2,1F,,2.1+13,662,0,E0,P200,,MP9,(M),,CxBN(M),TU38 TE22 TA4 TT9,2,,,CW9 CW10 CW36,CE3,23,
2035,a,"1,1,1-TRIFLUOROETHANE",2,2F,,2.1+13,662,0,E0,P200,,MP9,T50 (M),,PxBN(M),TU38 TE22 TA4 TT9 TM6,2,,,CW9 CW10 CW36,CE3,23,
2035,b,REFRIGERANT GAS R 143a,2,2F,,2.1+13,662,0,E0,P200,,MP9,T50 (M),,PxBN(M),TU38 TE22 TA4 TT9 TM6,2,,,CW9 CW10 CW36,CE3,23,
2036,,XENON,2,2A,,2.2+13,378 392 662,120 mL,E1,P200,,MP9,(M),,PxBN(M),TA4 TT9 TM6,3,,,CW9 CW10 CW36,CE3,20,
2037,a,"RECEPTACLES, SMALL, CONTAINING GAS",2,5F,,2.1,191 303 327 344,1 L,E0,P003 LP200,PP17 PP96 RR6 L2,MP9,,,,,2,,,CW9 CW12,CE2,23,"without a release device, non refillable"
2037,b,"RECEPTACLES, SMALL, CONTAINING GAS",2,5A,,2.2,191 303 327 344,1 L,E0,P003 LP200,PP17 PP96 RR6 L2,MP9,,,,,3,,,CW9 CW12,CE2,20,"without a release device, non refillable"
2037,c,"RECEPTACLES, SMALL, CONTAINING GAS",2,5O,,2.2+5.1,191 303 327 344,1 L,E0,P003 LP200,PP17 PP96 RR6 L2,MP9,,,,,3,,,CW9 CW12,CE2,25,"without a release device, non refillable"
2037,d,"RECEPTACLES, SMALL, CONTAINING GAS",2,5T,,2.3,303 327 344,120 mL,E0,P003 LP200,PP17 PP96 RR6 L2,MP9,,,,,1,,,CW9 CW12,,26,"without a release device, non refillable"
2037,e,"RECEPTACLES, SMALL, CONTAINING GAS",2,5TF,,2.3+2.1,303 327 344,120 mL,E0,P003 LP200,PP17 PP96 RR6 L2,MP9,,,,,1,,,CW9 CW12,,263,"without a release device, non refillable"
2037,f,"RECEPTACLES, SMALL, CONTAINING GAS",2,5TO,,2.3+5.1,303 327 344,120 mL,E0,P003 LP200,PP17 PP96 RR6 L2,MP9,,,,,1,,,CW9 CW12,,265,"without a release device, non refillable"
2037,g,"RECEPTACLES, SMALL, CONTAINING GAS",2,5TOC,,2.3+5.1+8,303 327 344,120 mL,E0,P003 LP200,PP17 PP96 RR6 L2,MP9,,,,,1,,,CW9 CW12,,265,"without a release device, non refillable"
2037,h,"RECEPTACLES, SMALL, CONTAINING GAS",2,5TC,,2.3+8,303 327 344,120 mL,E0,P003 LP200,PP17 PP96 RR6 L2,MP9,,,,,1,,,CW9 CW12,,268,"without a release device, non refillable"
2037,i,"RECEPTACLES, SMALL, CONTAINING GAS",2,5TFC,,2.3+2.1+8,303 327 344,120 mL,E0,P003 LP200,PP17 PP96 RR6 L2,MP9,,,,,1,,,CW9 CW12,,263,"without a release device, non refillable"
2037,j,"WASTE RECEPTACLES, SMALL, CONTAINING GAS",2,5F,,2.1,191 303 327 344,1 L,E0,P003 LP200,PP17 PP96 RR6 L2,MP9,,,,,2,,,CW9 CW12,CE2,23,"without a release device, non refillable"
2037,k,"WASTE RECEPTACLES, SMALL, CONTAINING GAS",2,5A,,2.2,191 303 327 344,1 L,E0,P003 LP200,PP17 PP96 RR6 L2,MP9,,,,,3,,,CW9 CW12,CE2,20,"without a release device, non refillable"
2037,l,"WASTE RECEPTACLES, SMALL, CONTAINING GAS",2,5O,,2.2+5.1,191 303 327 344,1 L,E0,P003 LP200,PP17 PP96 RR6 L2,MP9,,,,,3,,,CW9 CW12,CE2,25,"without a release device, non refillable"
2037,m,"WASTE RECEPTACLES, SMALL, CONTAINING GAS",2,5T,,2.3,303 327 344,120 mL,E0,P003 LP200,PP17 PP96 RR6 L2,MP9,,,,,1,,,CW9 CW12,,26,"without a release device, non refillable"
2037,n,"WASTE RECEPTACLES, SMALL, CONTAINING GAS",2,5TF,,2.3+2.1,303 327 344,120 mL,E0,P003 LP200,PP17 PP96 RR6 L2,MP9,,,,,1,,,CW9 CW12,,263,"without a release device, non refillable"
2037,o,"WASTE RECEPTACLES, SMALL, CONTAINING GAS",2,5TO,,2.3+5.1,303 327 344,120 mL,E0,P003 LP200,PP17 PP96 RR6 L2,MP9,,,,,1,,,CW9 CW12,,265,"without a release device, non refillable"
2037,p,"WASTE RECEPTACLES, SMALL, CONTAINING GAS",2,5TOC,,2.3+5.1+8,303 327 344,120 mL,E0,P003 LP200,PP17 PP96 RR6 L2,MP9,,,,,1,,,CW9 CW12,,265,"without a release device, non refillable"
2037,q,"WASTE RECEPTACLES, SMALL, CONTAINING GAS",2,5TC,,2.3+8,303 327 344,120 mL,E0,P003 LP200,PP17 PP96 RR6 L2,MP9,,,,,1,,,CW9 CW12,,268,"without a release device, non refillable"
2037,r,"WASTE RECEPTACLES, SMALL, CONTAINING GAS",2,5TFC,,2.3+2.1+8,303 327 344,120 mL,E0,P003 LP200,PP17 PP96 RR6 L2,MP9,,,,,1,,,CW9 CW12,,263,"without a release device, non refillable"
2037,s,GAS CARTRIDGES,2,5F,,2.1,191 303 327 344,1 L,E0,P003 LP200,PP17 PP96 RR6 L2,MP9,,,,,2,,,CW9 CW12,CE2,23,"without a release device, non refillable"
2037,t,GAS CARTRIDGES,2,5A,,2.2,191 303 327 344,1 L,E0,P003 LP200,PP17 PP96 RR6 L2,MP9,,,,,3,,,CW9 CW12,CE2,20,"without a release device, non refillable"
2037,u,GAS CARTRIDGES,2,5O,,2.2+5.1,191 303 327 344,1 L,E0,P003 LP200,PP17 PP96 RR6 L2,MP9,,,,,3,,,CW9 CW12,CE2,25,"without a release device, non refillable"
2037,v,GAS CARTRIDGES,2,5T,,2.3,303 327 344,120 mL,E0,P003 LP200,PP17 PP96 RR6 L2,MP9,,,,,1,,,CW9 CW12,,26,"without a release device, non refillable"
2037,w,GAS CARTRIDGES,2,5TF,,2.3+2.1,303 327 344,120 mL,E0,P003 LP200,PP17 PP96 RR6 L2,MP9,,,,,1,,,CW9 CW12,,263,"without a release device, non refillable"
2037,x,GAS CARTRIDGES,2,5TO,,2.3+5.1,303 327 344,120 mL,E0,P003 LP200,PP17 PP96 RR6 L2,MP9,,,,,1,,,CW9 CW12,,265,"without a release device, non refillable"
2037,y,GAS CARTRIDGES,2,5TOC,,2.3+5.1+8,303 327 344,120 mL,E0,P003 LP200,PP17 PP96 RR6 L2,MP9,,,,,1,,,CW9 CW12,,265,"without a release device, non refillable"
2037,za,GAS CARTRIDGES,2,5TC,,2.3+8,303 327 344,120 mL,E0,P003 LP200,PP17 PP96 RR6 L2,MP9,,,,,1,,,CW9 CW12,,268,"without a release device, non refillable"
2037,zb,GAS CARTRIDGES,2,5TFC,,2.3+2.1+8,303 327 344,120 mL,E0,P003 LP200,PP17 PP96 RR6 L2,MP9,,,,,1,,,CW9 CW12,,263,"without a release device, non refillable"
2037,zc,WASTE GAS CARTRIDGES,2,5F,,2.1,191 303 327 344,1 L,E0,P003 LP200,PP17 PP96 RR6 L2,MP9,,,,,2,,,CW9 CW12,CE2,23,"without a release device, non refillable"
2037,zd,WASTE GAS CARTRIDGES,2,5A,,2.2,191 303 327 344,1 L,E0,P003 LP200,PP17 PP96 RR6 L2,MP9,,,,,3,,,CW9 CW12,CE2,20,"without a release device, non refillable"
2037,ze,WASTE GAS CARTRIDGES,2,5O,,2.2+5.1,191 303 327 344,1 L,E0,P003 LP200,PP17 PP96 RR6 L2,MP9,,,,,3,,,CW9 CW12,CE2,25,"without a release device, non refillable"
2037,zf,WASTE GAS CARTRIDGES,2,5T,,2.3,303 327 344,120 mL,E0,P003 LP200,PP17 PP96 RR6 L2,MP9,,,,,1,,,CW9 CW12,,26,"without a release device, non refillable"
2037,zg,WASTE GAS CARTRIDGES,2,5TF,,2.3+2.1,303 327 344,120 mL,E0,P003 LP200,PP17 PP96 RR6 L2,MP9,,,,,1,,,CW9 CW12,,263,"without a release device, non refillable"
2037,zh,WASTE GAS CARTRIDGES,2,5TO,,2.3+5.1,303 327 344,120 mL,E0,P003 LP200,PP17 PP96 RR6 L2,MP9,,,,,1,,,CW9 CW12,,265,"without a release device, non refillable"
2037,zi,WASTE GAS CARTRIDGES,2,5TOC,,2.3+5.1+8,303 327 344,120 mL,E0,P003 LP200,PP17 PP96 RR6 L2,MP9,,,,,1,,,CW9 CW12,,265,"without a release device, non refillable"
2037,zj,WASTE GAS CARTRIDGES,2,5TC,,2.3+8,303 327 344,120 mL,E0,P003 LP200,PP17 PP96 RR6 L2,MP9,,,,,1,,,CW9 CW12,,268,"without a release device, non refillable"
2037,zk,WASTE GAS CARTRIDGES,2,5TFC,,2.3+2.1+8,303 327 344,120 mL,E0,P003 LP200,PP17 PP96 RR6 L2,MP9,,,,,1,,,CW9 CW12,,263,"without a release device, non refillable"
2038,,"DINITROTOLUENES, LIQUID",6.1,T1,II,6.1,,100 mL,E4,P001 IBC02,,MP15,T7,TP2,L4BH,TU15,2,,,CW13 CW28 CW31,CE5,60,
2044,,"2,2-DIMETHYLPROPANE",2,2F,,2.1+13,662,0,E0,P200,,MP9,(M),,PxBN(M),TU38 TE22 TA4 TT9 TM6,2,,,CW9 CW10 CW36,CE3,23,
2045,a,ISOBUTYL ALDEHYDE,3,F1,II,3,,1 L,E2,P001 IBC02 R001,,MP19,T4,TP1,LGBF,,2,,,,CE7,33,
2045,b,ISOBUTYRALDEHYDE,3,F1,II,3,,1 L,E2,P001 IBC02 R001,,MP19,T4,TP1,LGBF,,2,,,,CE7,33,
2046,,CYMENES,3,F1,III,3,,5 L,E1,P001 IBC03 LP01 R001,,MP19,T2,TP1,LGBF,,3,W12,,,CE4,30,
2047,a,DICHLOROPROPENES,3,F1,II,3,,1 L,E2,P001 IBC02 R001,,MP19,T4,TP1,LGBF,,2,,,,CE7,33,
2047,b,DICHLOROPROPENES,3,F1,III,3,,5 L,E1,P001 IBC03 LP01 R001,,MP19,T2,TP1,LGBF,,3,W12,,,CE4,30,
2048,,DICYCLOPENTADIENE,3,F1,III,3,,5 L,E1,P001 IBC03 LP01 R001,,MP19,T2,TP1,LGBF,,3,W12,,,CE4,30,
2049,,DIETHYLBENZENE,3,F1,III,3,,5 L,E1,P001 IBC03 LP01 R001,,MP19,T2,TP1,LGBF,,3,W12,,,CE4,30,
2050,,"DIISOBUTYLENE, ISOMERIC COMPOUNDS",3,F1,II,3,,1 L,E2,P001 IBC02 R001,,MP19,T4,TP1,LGBF,,2,,,,CE7,33,
2051,,2-DIMETHYLAMINOETHANOL,8,CF1,II,8+3,,1 L,E2,P001 IBC02,,MP15,T7,TP2,L4BN,,2,,,,CE6,83,
2052,,DIPENTENE,3,F1,III,3,,5 L,E1,P001 IBC03 LP01 R001,,MP19,T2,TP1,LGBF,,3,W12,,,CE4,30,
2053,,METHYL ISOBUTYL CARBINOL,3,F1,III,3,,5 L,E1,P001 IBC03 LP01 R001,,MP19,T2,TP1,LGBF,,3,W12,,,CE4,30,
2054,,MORPHOLINE,8,CF1,I,8+3,,0,E0,P001,,MP8 MP17,T10,TP2,L10BH,TU38 TE22,1,,,,,883,
2055,,"STYRENE MONOMER, STABILIZED",3,F1,III,3,386 676,5 L,E1,P001 IBC03 LP01 R001,,MP19,T2,TP1,LGBF,,3,W12,,,CE4,39,
2056,,TETRAHYDROFURAN,3,F1,II,3,,1 L,E2,P001 IBC02 R001,,MP19,T4,TP1,LGBF,,2,,,,CE7,33,
2057,a,TRIPROPYLENE,3,F1,II,3,,1 L,E2,P001 IBC02 R001,,MP19,T4,TP1,LGBF,,2,,,,CE7,33,
2057,b,TRIPROPYLENE,3,F1,III,3,,5 L,E1,P001 IBC03 LP01 R001,,MP19,T2,TP1,LGBF,,3,W12,,,CE4,30,
2058,,VALERALDEHYDE,3,F1,II,3,,1 L,E2,P001 IBC02 R001,,MP19,T4,TP1,LGBF,,2,,,,CE7,33,
2059,a,"NITROCELLULOSE SOLUTION, FLAMMABLE",3,D,I,3,198 531,0,E0,P001,,MP7 MP17,T11,TP1 TP8 TP27,L4BN,,1,,,,,33,"with not more than 12.6% nitrogen, by dry mass, and not more than 55% nitrocellulose"
2059,b,"NITROCELLULOSE SOLUTION, FLAMMABLE",3,D,II,3,198 531 640C/D,1 L,E0,P001 IBC02 R001*,,MP19,T4,TP1 TP8,L1.5BN/LGBF,,2,,,,CE7,33,"with not more than 12.6% nitrogen, by dry mass, and not more than 55% nitrocellulose"
2059,c,"NITROCELLULOSE SOLUTION, FLAMMABLE",3,D,III,3,198 531,5 L,E0,P001 IBC03 LP01 R001,,MP19,T2,TP1,LGBF,,3,W12,,,CE4,30,"with not more than 12.6% nitrogen, by dry mass, and not more than 55% nitrocellulose"
2067,a,AMMONIUM NITRATE BASED FERTILIZER,5.1,O2,III,5.1,306 307,5 kg,E1,P002 IBC08 LP02 R001,B3,MP10,T1 BK1 BK2 BK3,TP33,SGAV,TU3,3,,VC1 VC2 AP6 AP7,CW24,CE11,50,
2067,b,AMMONIUM NITRATE BASED FERTILIZER,5.1,O2,III,5.1,306 307,5 kg,E1,P002 IBC08 LP02 R001,B3,MP10,T1 BK1 BK2 BK3,TP33,SGAV,TU3,3,,VC1 VC2 AP6 AP7,CW24,CE11,50,
2071,,AMMONIUM NITRATE BASED FERTILIZER,9,M11,,,193,,,,,,,,,,,,,,,,
2073,,AMMONIA SOLUTION,2,4A,,2.2+13,532,120 mL,E0,P200,,MP9,(M),,PxBN(M),TA4 TT9 TM6,3,,,CW9 CW10,CE2,20,"relative density less than 0.880 at 15°C in water, with more than 35% but not more than 50% ammonia"
2074,,"ACRYLAMIDE, SOLID",6.1,T2,III,6.1,,5 kg,E1,P002 IBC08 LP02 R001,B3,MP10,T1,TP33,SGAH L4BH,TU15,2,,VC1 VC2 AP7,CW13 CW28 CW31,CE11,60,
2075,,"CHLORAL, ANHYDROUS, STABILIZED",6.1,T1,II,6.1,,100 mL,E4,P001 IBC02,,MP15,T7,TP2,L4BH,TU15,2,,,CW13 CW28 CW31,CE5,69,
2076,,"CRESOLS, LIQUID",6.1,TC1,II,6.1+8,,100 mL,E4,P001 IBC02,,MP15,T7,TP2,L4BH,TU15,2,,,CW13 CW28 CW31,CE5,68,
2077,,alpha-NAPHTHYLAMINE,6.1,T2,III,6.1,,5 kg,E1,P002 IBC08 LP02 R001,B3,MP10,T1,TP33,SGAH L4BH,TU15,2,,VC1 VC2 AP7,CW13 CW28 CW31,CE11,60,
2078,,TOLUENE DIISOCYANATE,6.1,T1,II,6.1,279,100 mL,E4,P001 IBC02,,MP15,T7,TP2,L4BH,TU15,2,,,CW13 CW28 CW31,CE5,60,
2079,,DIETHYLENETRIAMINE,8,C7,II,8,,1 L,E2,P001 IBC02,,MP15,T7,TP2,L4BN,,2,,,,CE6,80,
2186,,"HYDROGEN CHLORIDE, REFRIGERATED LIQUID",2,3TC,,,,,,,,,,,CARRIAGE PROHIBITED,,,,,,,,
2187,,"CARBON DIOXIDE, REFRIGERATED LIQUID",2,3A,,2.2+13,,120 mL,E1,P203,,MP9,T75,TP5,RxBN,TU19 TA4 TT9 TM6,3,W5,,CW9 CW11 CW36,CE2,22,
2188,,ARSINE,2,2TF,,2.3+2.1,,0,E0,P200,,MP9,,,,,1,,,CW9 CW10 CW36,,263,
2189,,DICHLOROSILANE,2,2TFC,,2.3+2.1+8+13,,0,E0,P200,,MP9,(M),,PxBH(M),TU38 TE22 TE25 TA4 TT9 TM6,1,,,CW9 CW10 CW36,,263,
2190,,"OXYGEN DIFLUORIDE, COMPRESSED",2,1TOC,,2.3+5.1+8,,0,E0,P200,,MP9,,,,,1,,,CW9 CW10 CW36,,265,
2191,,SULPHURYL FLUORIDE,2,2T,,2.3+13,,0,E0,P200,,MP9,(M),,PxBH(M),TU38 TE22 TE25 TA4 TT9 TM6,1,,,CW9 CW10 CW36,,26,
2192,,GERMANE,2,2TF,,2.3+2.1,632,0,E0,P200,,MP9,(M),,,,1,,,CW9 CW10 CW36,,263,
2193,a,HEXAFLUOROETHANE,2,2A,,2.2+13,662,120 mL,E1,P200,,MP9,(M),,PxBN(M),TA4 TT9 TM6,3,,,CW9 CW10 CW36,CE3,20,
2193,b,REFRIGERANT GAS R 116,2,2A,,2.2+13,662,120 mL,E1,P200,,MP9,(M),,PxBN(M),TA4 TT9 TM6,3,,,CW9 CW10 CW36,CE3,20,
2194,,SELENIUM HEXAFLUORIDE,2,2TC,,2.3+8,,0,E0,P200,,MP9,,,,,1,,,CW9 CW10 CW36,,268,
2195,,TELLURIUM HEXAFLUORIDE,2,2TC,,2.3+8,,0,E0,P200,,MP9,,,,,1,,,CW9 CW10 CW36,,268,
2196,,TUNGSTEN HEXAFLUORIDE,2,2TC,,2.3+8,,0,E0,P200,,MP9,,,,,1,,,CW9 CW10 CW36,,268,
2197,,"HYDROGEN IODIDE, ANHYDROUS",2,2TC,,2.3+8+13,,0,E0,P200,,MP9,(M),,PxBH(M),TU38 TE22 TE25 TA4 TT9 TM6,1,,,CW9 CW10 CW36,,268,
2198,,PHOSPHORUS PENTAFLUORIDE,2,2TC,,2.3+8,,0,E0,P200,,MP9,,,,,1,,,CW9 CW10 CW36,,268,
2199,,PHOSPHINE,2,2TF,,2.3+2.1,632,0,E0,P200,,MP9,,,,,1,,,CW9 CW10 CW36,,263,
2200,,"PROPADIENE, STABILIZED",2,2F,,2.1+13,386 662 676,0,E0,P200,,MP9,(M),,PxBN(M),TU38 TE22 TA4 TT9 TM6,2,,,CW9 CW10 CW36,CE3,239,
2201,,"NITROUS OXIDE, REFRIGERATED LIQUID",2,3O,,2.2+5.1+13,,0,E0,P203,,MP9,T75,TP5 TP22,RxBN,TU7 TU19 TA4 TT9 TM6,3,W5,,CW9 CW11 CW36,CE2,225,
2202,,"HYDROGEN SELENIDE, ANHYDROUS",2,2TF,,2.3+2.1,,0,E0,P200,,MP9,,,,,1,,,CW9 CW10 CW36,,263,
2203,,SILANE,2,2F,,2.1+13,632 662,0,E0,P200,,MP9,(M),,PxBN(M),TU38 TE22 TA4 TT9 TM6,2,,,CW9 CW10 CW36,,23,
2204,,CARBONYL SULPHIDE,2,2TF,,2.3+2.1+13,,0,E0,P200,,MP9,(M),,PxBH(M),TU38 TE22 TE25 TA4 TT9 TM6,1,,,CW9 CW10 CW36,,263,
2205,,ADIPONITRILE,6.1,T1,III,6.1,,5 L,E1,P001 IBC03 LP01 R001,,MP19,T3,TP1,L4BH,TU15,2,W12,,CW13 CW28 CW31,CE8,60,
2206,a,"ISOCYANATES, TOXIC, N.O.S.",6.1,T1,II,6.1,274 551,100 mL,E4,P001 IBC02,,MP15,T11,TP2 TP27,L4BH,TU15,2,,,CW13 CW28 CW31,CE5,60,
2206,b,"ISOCYANATE SOLUTION, TOXIC, N.O.S.",6.1,T1,II,6.1,274 551,100 mL,E4,P001 IBC02,,MP15,T11,TP2 TP27,L4BH,TU15,2,,,CW13 CW28 CW31,CE5,60,
2206,c,"ISOCYANATES, TOXIC, N.O.S.",6.1,T1,III,6.1,274 551,5 L,E1,P001 IBC03 LP01 R001,,MP19,T7,TP1 TP28,L4BH,TU15,2,W12,,CW13 CW28 CW31,CE8,60,
2206,d,"ISOCYANATE SOLUTION, TOXIC, N.O.S.",6.1,T1,III,6.1,274 551,5 L,E1,P001 IBC03 LP01 R001,,MP19,T7,TP1 TP28,L4BH,TU15,2,W12,,CW13 CW28 CW31,CE8,60,
2208,,"CALCIUM HYPOCHLORITE MIXTURE, DRY",5.1,O2,III,5.1,314,5 kg,E1,P002 IBC08 LP02 R001,B3 B13 L3,MP10,,,SGAN,TU3,3,,,CW24 CW35,CE11,50,with more than 10% but not more than 39% available chlorine
2209,,FORMALDEHYDE SOLUTION,8,C9,III,8,533,5 L,E1,P001 IBC03 LP01 R001,,MP19,T4,TP1,L4BN,,3,W12,,,CE8,80,with not less than 25% formaldehyde
2210,a,MANEB,4.2,SW,III,4.2+4.3,273,0,E1,P002 IBC06 R001,,MP14,T1,TP33,SGAN,,3,W1,VC1 VC2 AP1,,CE11,40,
2210,b,MANEB PREPARATION,4.2,SW,III,4.2+4.3,273,0,E1,P002 IBC06 R001,,MP14,T1,TP33,SGAN,,3,W1,VC1 VC2 AP1,,CE11,40,with not less than 60% maneb
2211,,"POLYMERIC BEADS, EXPANDABLE",9,M3,III,None,382 633 675,5 kg,E1,P002 IBC08 R001,PP14 B3 B6,MP10,T1,TP33,SGAN,TE20,3,,VC1 VC2 AP2,CW31 CW36,CE11,90,evolving flammable vapour
2212,,"ASBESTOS, AMPHIBOLE",9,M1,II,9,168 274 542,1 kg,E0,P002 IBC08,PP37 B4,MP10,T3,TP33,SGAH,TU15,2,W11,,CW13 CW28 CW31,CE9,90,"(amosite, tremolite, actinolite, anthophyllite, crocidolite)"
2213,,PARAFORMALDEHYDE,4.1,F1,III,4.1,,5 kg,E1,P002 IBC08 LP02 R001,PP12 B3,MP10,T1 BK1 BK2 BK3,TP33,SGAV,,3,W1 W13,VC1 VC2,,CE11,40,
2214,,PHTHALIC ANHYDRIDE,8,C4,III,8,169,5 kg,E1,P002 IBC08 LP02 R001,B3,MP10,T1,TP33,SGAV L4BN,,3,,VC1 VC2 AP7,,CE11,80,with more than 0.05% of maleic anhydride
2215,a,MALEIC ANHYDRIDE,8,C4,III,8,,5 kg,E1,P002 IBC08 R001,B3,MP10,T1,TP33,SGAV,,3,,VC1 VC2 AP7,,CE11,80,
2215,b,"MALEIC ANHYDRIDE, MOLTEN",8,C3,III,8,,0,E0,,,,T4,TP3,L4BN,,0,,,,CE8,80,
2216,a,"FISHMEAL, STABILIZED",9,M11,,,,,,,,,,,NOT SUBJECT TO RID,,,,,,,,
2216,b,"FISHSCRAP, STABILIZED",9,M11,,,,,,,,,,,NOT SUBJECT TO RID,,,,,,,,
2217,,SEED CAKE,4.2,S2,III,4.2,142,0,E0,P002 IBC08 LP02 R001,PP20 B3 B6,MP14,BK2,,,,3,W1,VC1 VC2 AP1,,CE11,40,with not more than 1.5% oil and not more than 11% moisture
2218,,"ACRYLIC ACID, STABILIZED",8,CF1,II,8+3,386 676,1 L,E2,P001 IBC02,,MP15,T7,TP2,L4BN,,2,,,,CE6,839,
2219,,ALLYL GLYCIDYL ETHER,3,F1,III,3,,5 L,E1,P001 IBC03 LP01 R001,,MP19,T2,TP1,LGBF,,3,W12,,,CE4,30,
2222,,ANISOLE,3,F1,III,3,,5 L,E1,P001 IBC03 LP01 R001,,MP19,T2,TP1,LGBF,,3,W12,,,CE4,30,
2224,,BENZONITRILE,6.1,T1,II,6.1,,100 mL,E4,P001 IBC02,,MP15,T7,TP2,L4BH,TU15,2,,,CW13 CW28 CW31,CE5,60,
2225,,BENZENESULPHONYL CHLORIDE,8,C3,III,8,,5 L,E1,P001 IBC03 LP01 R001,,MP19,T4,TP1,L4BN,,3,W12,,,CE8,80,
2226,,BENZOTRICHLORIDE,8,C9,II,8,,1 L,E2,P001 IBC02,,MP15,T7,TP2,L4BN,,2,,,,CE6,80,
2227,,"n-BUTYL METHACRYLATE, STABILIZED",3,F1,III,3,386 676,5 L,E1,P001 IBC03 LP01 R001,,MP19,T2,TP1,LGBF,,3,W12,,,CE4,39,
2232,,2-CHLOROETHANAL,6.1,T1,I,6.1,354,0,E0,P602,,MP8 MP17,T20,TP2,L10CH,TU14 TU15 TU38 TE21 TE22,1,,,CW13 CW28 CW31,,66,
2233,,CHLOROANISIDINES,6.1,T2,III,6.1,,5 kg,E1,P002 IBC08 LP02 R001,B3,MP10,T1,TP33,SGAH L4BH,TU15,2,,VC1 VC2 AP7,CW13 CW28 CW31,CE11,60,
2234,,CHLOROBENZOTRIFLUORIDES,3,F1,III,3,,5 L,E1,P001 IBC03 LP01 R001,,MP19,T2,TP1,LGBF,,3,W12,,,CE4,30,
2235,,"CHLOROBENZYL CHLORIDES, LIQUID",6.1,T1,III,6.1,,5 L,E1,P001 IBC03 LP01 R001,,MP19,T4,TP1,L4BH,TU15,2,W12,,CW13 CW28 CW31,CE8,60,
2236,,"3-CHLORO-4-METHYLPHENYL ISOCYANATE, LIQUID",6.1,T1,II,6.1,,100 mL,E4,P001 IBC02,,MP15,,,L4BH,TU15,2,,,CW13 CW28 CW31,CE5,60,
2237,,CHLORONITROANILINES,6.1,T2,III,6.1,,5 kg,E1,P002 IBC08 LP02 R001,B3,MP10,T1,TP33,SGAH L4BH,TU15,2,,VC1 VC2 AP7,CW13 CW28 CW31,CE11,60,
2238,,CHLOROTOLUENES,3,F1,III,3,,5 L,E1,P001 IBC03 LP01 R001,,MP19,T2,TP1,LGBF,,3,W12,,,CE4,30,
2239,,"CHLOROTOLUIDINES, SOLID",6.1,T2,III,6.1,,5 kg,E1,P002 IBC08 LP02 R001,B3,MP10,T1,TP33,SGAH L4BH,TU15,2,,VC1 VC2 AP7,CW13 CW28 CW31,CE11,60,
2240,,CHROMOSULPHURIC ACID,8,C1,I,8,,0,E0,P001,,MP8 MP17,T10,TP2,L10BH,TU38 TE22,1,,,,,88,
2241,,CYCLOHEPTANE,3,F1,II,3,,1 L,E2,P001 IBC02 R001,,MP19,T4,TP1,LGBF,,2,,,,CE7,33,
2242,,CYCLOHEPTENE,3,F1,II,3,,1 L,E2,P001 IBC02 R001,,MP19,T4,TP1,LGBF,,2,,,,CE7,33,
2243,,CYCLOHEXYL ACETATE,3,F1,III,3,,5 L,E1,P001 IBC03 LP01 R001,,MP19,T2,TP1,LGBF,,3,W12,,,CE4,30,
2244,,CYCLOPENTANOL,3,F1,III,3,,5 L,E1,P001 IBC03 LP01 R001,,MP19,T2,TP1,LGBF,,3,W12,,,CE4,30,
2245,,CYCLOPENTANONE,3,F1,III,3,,5 L,E1,P001 IBC03 LP01 R001,,MP19,T2,TP1,LGBF,,3,W12,,,CE4,30,
2246,,CYCLOPENTENE,3,F1,II,3,,1 L,E2,P001 IBC02,B8,MP19,T7,TP2,L1.5BN,,2,,,,CE7,33,
2247,,n-DECANE,3,F1,III,3,,5 L,E1,P001 IBC03 LP01 R001,,MP19,T2,TP1,LGBF,,3,W12,,,CE4,30,
2248,,DI-n-BUTYLAMINE,8,CF1,II,8+3,,1 L,E2,P001 IBC02,,MP15,T7,TP2,L4BN,,2,,,,CE6,83,
2249,,"DICHLORODIMETHYL ETHER, SYMMETRICAL",6.1,TF1,,,,,,,,,,,CARRIAGE PROHIBITED,,,,,,,,
2250,,DICHLOROPHENYL ISOCYANATES,6.1,T2,II,6.1,,500 g,E4,P002 IBC08,B4,MP10,T3,TP33,SGAH L4BH,TU15,2,W11,,CW13 CW28 CW31,CE9,60,
2251,a,"BICYCLO[2.2.1]HEPTA-2,5-DIENE, STABILIZED",3,F1,II,3,386 676,1 L,E2,P001 IBC02 R001,,MP19,T7,TP2,LGBF,,2,,,,CE7,339,
2251,b,"2,5-NORBORNADIENE, STABILIZED",3,F1,II,3,386 676,1 L,E2,P001 IBC02 R001,,MP19,T7,TP2,LGBF,,2,,,,CE7,339,
2252,,"1,2-DIMETHOXYETHANE",3,F1,II,3,,1 L,E2,P001 IBC02 R001,,MP19,T4,TP1,LGBF,,2,,,,CE7,33,
2253,,"N,N-DIMETHYLANILINE",6.1,T1,II,6.1,,100 mL,E4,P001 IBC02,,MP15,T7,TP2,L4BH,TU15,2,,,CW13 CW28 CW31,CE5,60,
2254,,"MATCHES, FUSEE",4.1,F1,III,4.1,293,5 kg,E0,P407 R001,,MP11,,,,,4,W1,,,CE11,40,
2256,,CYCLOHEXENE,3,F1,II,3,,1 L,E2,P001 IBC02 R001,,MP19,T4,TP1,LGBF,,2,,,,CE7,33,
2257,,POTASSIUM,4.3,W2,I,4.3,,0,E0,P403 IBC04,,MP2,T9,TP7 TP33,L10BN(+),TU1 TE5 TT3 TM2,1,W1,,CW23,,X423,
2258,,"1,2-PROPYLENEDIAMINE",8,CF1,II,8+3,,1 L,E2,P001 IBC02,,MP15,T7,TP2,L4BN,,2,,,,CE6,83,
2259,,TRIETHYLENETETRAMINE,8,C7,II,8,,1 L,E2,P001 IBC02,,MP15,T7,TP2,L4BN,,2,,,,CE6,80,
2260,,TRIPROPYLAMINE,3,FC,III,3+8,,5 L,E1,P001 IBC03 R001,,MP19,T4,TP1,L4BN,,3,W12,,,CE4,38,
2261,,"XYLENOLS, SOLID",6.1,T2,II,6.1,,500 g,E4,P002 IBC08,B4,MP10,T3,TP33,SGAH L4BH,TU15,2,W11,,CW13 CW28 CW31,CE9,60,
2262,,DIMETHYLCARBAMOYL CHLORIDE,8,C3,II,8,,1 L,E2,P001 IBC02,,MP15,T7,TP2,L4BN,,2,,,,CE6,80,
2263,,DIMETHYLCYCLOHEXANES,3,F1,II,3,,1 L,E2,P001 IBC02 R001,,MP19,T4,TP1,LGBF,,2,,,,CE7,33,
2264,,"N,N-DIMETHYLCYCLOHEXYLAMINE",8,CF1,II,8+3,,1 L,E2,P001 IBC02,,MP15,T7,TP2,L4BN,,2,,,,CE6,83,
2265,,"N,N-DIMETHYLFORMAMIDE",3,F1,III,3,,5 L,E1,P001 IBC03 LP01 R001,,MP19,T2,TP2,LGBF,,3,W12,,,CE4,30,
2266,,DIMETHYL-N-PROPYLAMINE,3,FC,II,3+8,,1 L,E2,P001 IBC02,,MP19,T7,TP2,L4BH,,2,,,,CE7,338,
2267,,DIMETHYL THIOPHOSPHORYL CHLORIDE,6.1,TC1,II,6.1+8,,100 mL,E4,P001 IBC02,,MP15,T7,TP2,L4BH,TU15,2,,,CW13 CW28 CW31,CE5,68,
2269,,"3,3'-IMINODIPROPYLAMINE",8,C7,III,8,,5 L,E1,P001 IBC03 LP01 R001,,MP19,T4,TP2,L4BN,,3,W12,,,CE8,80,
2270,,"ETHYLAMINE, AQUEOUS SOLUTION",3,FC,II,3+8,,1 L,E2,P001 IBC02,,MP19,T7,TP1,L4BH,,2,,,,CE7,338,with not less than 50% but not more than 70% ethylamine
2271,,ETHYL AMYL KETONE,3,F1,III,3,,5 L,E1,P001 IBC03 LP01 R001,,MP19,T2,TP1,LGBF,,3,W12,,,CE4,30,
2272,,N-ETHYLANILINE,6.1,T1,III,6.1,,5 L,E1,P001 IBC03 LP01 R001,,MP19,T4,TP1,L4BH,TU15,2,W12,,CW13 CW28 CW31,CE8,60,
2273,,2-ETHYLANILINE,6.1,T1,III,6.1,,5 L,E1,P001 IBC03 LP01 R001,,MP19,T4,TP1,L4BH,TU15,2,W12,,CW13 CW28 CW31,CE8,60,
2274,,N-ETHYL-N-BENZYLANILINE,6.1,T1,III,6.1,,5 L,E1,P001 IBC03 LP01 R001,,MP19,T4,TP1,L4BH,TU15,2,W12,,CW13 CW28 CW31,CE8,60,
2275,,2-ETHYLBUTANOL,3,F1,III,3,,5 L,E1,P001 IBC03 LP01 R001,,MP19,T2,TP1,LGBF,,3,W12,,,CE4,30,
2276,,2-ETHYLHEXYLAMINE,3,FC,III,3+8,,5 L,E1,P001 IBC03 R001,,MP19,T4,TP1,L4BN,,3,W12,,,CE4,38,
2277,,"ETHYL METHACRYLATE, STABILIZED",3,F1,II,3,386 676,1 L,E2,P001 IBC02 R001,,MP19,T4,TP1,LGBF,,2,,,,CE7,339,
2278,,n-HEPTENE,3,F1,II,3,,1 L,E2,P001 IBC02 R001,,MP19,T4,TP1,LGBF,,2,,,,CE7,33,
2279,,HEXACHLOROBUTADIENE,6.1,T1,III,6.1,,5 L,E1,P001 IBC03 LP01 R001,,MP19,T4,TP1,L4BH,TU15,2,W12,,CW13 CW28 CW31,CE8,60,
2280,a,"HEXAMETHYLENEDIAMINE, MOLTEN",8,,,,,,,,,,,,(only listed as solid),,,,,,,80,
2280,b,"HEXAMETHYLENEDIAMINE, SOLID",8,C8,III,8,,5 kg,E1,P002 IBC08 LP02 R001,B3,MP10,T1,TP33,SGAV L4BN,,3,,VC1 VC2 AP7,,CE11,80,
2281,,HEXAMETHYLENE DIISOCYANATE,6.1,T1,II,6.1,,100 mL,E4,P001 IBC02,,MP15,T7,TP2,L4BH,TU15,2,,,CW13 CW28 CW31,CE5,60,
2282,,HEXANOLS,3,F1,III,3,,5 L,E1,P001 IBC03 LP01 R001,,MP19,T2,TP1,LGBF,,3,W12,,,CE4,30,
2283,,"ISOBUTYL METHACRYLATE, STABILIZED",3,F1,III,3,386 676,5 L,E1,P001 IBC03 LP01 R001,,MP19,T2,TP1,LGBF,,3,W12,,,CE4,39,
2284,,ISOBUTYRONITRILE,3,FT1,II,3+6.1,,1 L,E2,P001 IBC02,,MP19,T7,TP2,L4BH,TU15,2,,,CW13 CW28,CE7,336,
2285,,ISOCYANATOBENZOTRIFLUORIDES,6.1,TF1,II,6.1+3,,100 mL,E4,P001 IBC02,,MP15,T7,TP2,L4BH,TU15,2,,,CW13 CW28 CW31,CE5,63,
2286,,PENTAMETHYLHEPTANE,3,F1,III,3,,5 L,E1,P001 IBC03 LP01 R001,,MP19,T2,TP1,LGBF,,3,W12,,,CE4,30,
2287,,ISOHEPTENE,3,F1,II,3,,1 L,E2,P001 IBC02 R001,,MP19,T4,TP1,LGBF,,2,,,,CE7,33,
2288,,ISOHEXENE,3,F1,II,3,,1 L,E2,P001 IBC02 R001,B8,MP19,T11,TP1,LGBF,,2,,,,CE7,33,
2289,,ISOPHORONEDIAMINE,8,C7,III,8,,5 L,E1,P001 IBC03 LP01 R001,,MP19,T4,TP1,L4BN,,3,W12,,,CE8,80,
2290,,ISOPHORONE DIISOCYANATE,6.1,T1,III,6.1,,5 L,E1,P001 IBC03 LP01 R001,,MP19,T4,TP2,L4BH,TU15,2,W12,,CW13 CW28 CW31,CE8,60,
2291,,"LEAD COMPOUND, SOLUBLE, N.O.S.",6.1,T5,III,6.1,199 274 535,5 kg,E1,P002 IBC08 LP02 R001,B3,MP10,T1,TP33,SGAH L4BH,TU15,2,,VC1 VC2 AP7,CW13 CW28 CW31,CE11,60,
2293,,4-METHOXY-4-METHYLPENTAN-2-ONE,3,F1,III,3,,5 L,E1,P001 IBC03 LP01 R001,,MP19,T2,TP1,LGBF,,3,W12,,,CE4,30,
2294,,N-METHYLANILINE,6.1,T1,III,6.1,,5 L,E1,P001 IBC03 LP01 R001,,MP19,T4,TP1,L4BH,TU15,2,W12,,CW13 CW28 CW31,CE8,60,
2295,,METHYL CHLOROACETATE,6.1,TF1,I,6.1+3,,0,E0,P001,,MP8 MP17,T14,TP2,L10CH,TU14 TU15 TU38 TE21 TE22,1,,,CW13 CW28 CW31,,663,
2296,,METHYLCYCLOHEXANE,3,F1,II,3,,1 L,E2,P001 IBC02 R001,,MP19,T4,TP1,LGBF,,2,,,,CE7,33,
2297,,METHYLCYCLOHEXANONE,3,F1,III,3,,5 L,E1,P001 IBC03 LP01 R001,,MP19,T2,TP1,LGBF,,3,W12,,,CE4,30,
2298,,METHYLCYCLOPENTANE,3,F1,II,3,,1 L,E2,P001 IBC02 R001,,MP19,T4,TP1,LGBF,,2,,,,CE7,33,
2299,,METHYL DICHLOROACETATE,6.1,T1,III,6.1,,5 L,E1,P001 IBC03 LP01 R001,,MP19,T4,TP1,L4BH,TU15,2,W12,,CW13 CW28 CW31,CE8,60,
2300,,2-METHYL-5-ETHYLPYRIDINE,6.1,T1,III,6.1,,5 L,E1,P001 IBC03 LP01 R001,,MP19,T4,TP1,L4BH,TU15,2,W12,,CW13 CW28 CW31,CE8,60,
2301,,2-METHYLFURAN,3,F1,II,3,,1 L,E2,P001 IBC02 R001,,MP19,T4,TP1,LGBF,,2,,,,CE7,33,
2302,,5-METHYLHEXAN-2-ONE,3,F1,III,3,,5 L,E1,P001 IBC03 LP01 R001,,MP19,T2,TP1,LGBF,,3,W12,,,CE4,30,
2303,,ISOPROPENYLBENZENE,3,F1,III,3,,5 L,E1,P001 IBC03 LP01 R001,,MP19,T2,TP1,LGBF,,3,W12,,,CE4,30,
2304,,"NAPHTHALENE, MOLTEN",4.1,F2,III,4.1,536,0,E0,,,,T1,TP3,LGBV,TU27 TE4 TE6,3,,,,,44,
2305,,NITROBENZENESULPHONIC ACID,8,C4,II,8,,1 kg,E2,P002 IBC08,B4,MP10,T3,TP33,SGAN L4BN,,2,W11,,,CE10,80,
2306,,"NITROBENZOTRIFLUORIDES, LIQUID",6.1,T1,II,6.1,,100 mL,E4,P001 IBC02,,MP15,T7,TP2,L4BH,TU15,2,,,CW13 CW28 CW31,CE5,60,
2307,,3-NITRO-4-CHLOROBENZOTRIFLUORIDE,6.1,T1,II,6.1,,100 mL,E4,P001 IBC02,,MP10,T7,TP2,L4BH,TU15,2,,,CW13 CW28 CW31,CE9,60,
2308,,"NITROSYLSULPHURIC ACID, LIQUID",8,C1,II,8,,1 L,E2,P001 IBC02,,MP15,T8,TP2,L4BN,,2,,,,CE6,X80,
2309,,OCTADIENES,3,F1,II,3,,1 L,E2,P001 IBC02 R001,,MP19,T4,TP1,LGBF,,2,,,,CE7,33,
2310,,"PENTANE-2,4-DIONE",3,FT1,III,3+6.1,,5 L,E1,P001 IBC03 R001,,MP19,T4,TP1,L4BH,TU15,3,W12,,CW13 CW28,CE4,36,
2311,,PHENETIDINES,6.1,T1,III,6.1,279,5 L,E1,P001 IBC03 LP01 R001,,MP19,T4,TP1,L4BH,TU15,2,W12,,CW13 CW28 CW31,CE8,60,
2312,,"PHENOL, MOLTEN",6.1,T1,II,6.1,,0,E0,,,,T7,TP3,L4BH,TU15,0,,,CW13 CW31,,60,
2313,,PICOLINES,3,F1,III,3,,5 L,E1,P001 IBC03 LP01 R001,,MP19,T4,TP1,LGBF,,3,W12,,,CE4,30,
2315,,"POLYCHLORINATED BIPHENYLS, LIQUID",9,M2,II,9,305,1 L,E2,P906 IBC02,,MP15,T4,TP1,L4BH,TU15,0,,VC1 VC2 AP9,CW13 CW28 CW31,CE5,90,
2316,,"SODIUM CUPROCYANIDE, SOLID",6.1,T5,I,6.1,,0,E5,P002 IBC07,,MP18,T6,TP33,S10AH,TU15,1,W10,,CW13 CW28 CW31,,66,
2317,,SODIUM CUPROCYANIDE SOLUTION,6.1,T4,I,6.1,,0,E5,P001,,MP8 MP17,T14,TP2,L10CH,TU14 TU15 TU38 TE21 TE22,1,,,CW13 CW28 CW31,,66,
2318,,SODIUM HYDROSULPHIDE,4.2,S4,II,4.2,504,0,E2,P410 IBC06,,MP14,T3,TP33,SGAN,,2,W1,,,CE10,40,with less than 25% water of crystallization
2319,,"TERPENE HYDROCARBONS, N.O.S.",3,F1,III,3,,5 L,E1,P001 IBC03 LP01 R001,,MP19,T4,TP1 TP29,LGBF,,3,W12,,,CE4,30,
2320,,TETRAETHYLENEPENTAMINE,8,C7,III,8,,5 L,E1,P001 IBC03 LP01 R001,,MP19,T4,TP1,L4BN,,3,W12,,,CE8,80,
2321,,"TRICHLOROBENZENES, LIQUID",6.1,T1,III,6.1,,5 L,E1,P001 IBC03 LP01 R001,,MP19,T4,TP1,L4BH,TU15,2,W12,,CW13 CW28 CW31,CE8,60,
2322,,TRICHLOROBUTENE,6.1,T1,II,6.1,,100 mL,E4,P001 IBC02,,MP15,T7,TP2,L4BH,TU15,2,,,CW13 CW28 CW31,CE5,60,
2323,,TRIETHYL PHOSPHITE,3,F1,III,3,,5 L,E1,P001 IBC03 LP01 R001,,MP19,T2,TP1,LGBF,,3,W12,,,CE4,30,
2324,,TRIISOBUTYLENE,3,F1,III,3,,5 L,E1,P001 IBC03 LP01 R001,,MP19,T4,TP1,LGBF,,3,W12,,,CE4,30,
2325,,"1,3,5-TRIMETHYLBENZENE",3,F1,III,3,,5 L,E1,P001 IBC03 LP01 R001,,MP19,T2,TP1,LGBF,,3,W12,,,CE4,30,
2326,,TRIMETHYLCYCLOHEXYLAMINE,8,C7,III,8,,5 L,E1,P001 IBC03 LP01 R001,,MP19,T4,TP1,L4BN,,3,W12,,,CE8,80,
2327,,TRIMETHYLHEXAMETHYLENEDIAMINES,8,C7,III,8,,5 L,E1,P001 IBC03 LP01 R001,,MP19,T4,TP1,L4BN,,3,W12,,,CE8,80,
2328,,TRIMETHYLHEXAMETHYLENE DIISOCYANATE,6.1,T1,III,6.1,,5 L,E1,P001 IBC03 LP01 R001,,MP19,T4,TP2,L4BH,TU15,2,W12,,CW13 CW28 CW31,CE8,60,
2329,,TRIMETHYL PHOSPHITE,3,F1,III,3,,5 L,E1,P001 IBC03 LP01 R001,,MP19,T2,TP1,LGBF,,3,W12,,,CE4,30,
2330,,UNDECANE,3,F1,III,3,,5 L,E1,P001 IBC03 LP01 R001,,MP19,T2,TP1,LGBF,,3,W12,,,CE4,30,
2331,,"ZINC CHLORIDE, ANHYDROUS",8,C2,III,8,,5 kg,E1,P002 IBC08 LP02 R001,B3,MP10,T1,TP33,SGAV,,3,,VC1 VC2 AP7,,CE11,80,
2332,,ACETALDEHYDE OXIME,3,F1,III,3,,5 L,E1,P001 IBC03 LP01 R001,,MP19,T4,TP1,LGBF,,3,W12,,,CE4,30,
2333,,ALLYL ACETATE,3,FT1,II,3+6.1,,1 L,E2,P001 IBC02,,MP19,T7,TP1,L4BH,TU15,2,,,CW13 CW28,CE7,336,
2334,,ALLYLAMINE,6.1,TF1,I,6.1+3,354,0,E0,P602,,MP8 MP17,T20,TP2,L10CH,TU14 TU15 TU38 TE21 TE22,1,,,CW13 CW28 CW31,,663,
2335,,ALLYL ETHYL ETHER,3,FT1,II,3+6.1,,1 L,E2,P001 IBC02,,MP19,T7,TP1,L4BH,TU15,2,,,CW13 CW28,CE7,336,
2336,,ALLYL FORMATE,3,FT1,I,3+6.1,,0,E0,P001,,MP7 MP17,T14,TP2,L10CH,TU14 TU15 TU38 TE21 TE22,1,,,CW13 CW28,,336,
2337,,PHENYL MERCAPTAN,6.1,TF1,I,6.1+3,354,0,E0,P602,,MP8 MP17,T20,TP2,L10CH,TU14 TU15 TU38 TE21 TE22,1,,,CW13 CW28 CW31,,663,
2338,,BENZOTRIFLUORIDE,3,F1,II,3,,1 L,E2,P001 IBC02 R001,,MP19,T4,TP1,LGBF,,2,,,,CE7,33,
2339,,2-BROMOBUTANE,3,F1,II,3,,1 L,E2,P001 IBC02 R001,,MP19,T4,TP1,LGBF,,2,,,,CE7,33,
2340,,2-BROMOETHYL ETHYL ETHER,3,F1,II,3,,1 L,E2,P001 IBC02 R001,,MP19,T4,TP1,LGBF,,2,,,,CE7,33,
2341,,1-BROMO-3-METHYLBUTANE,3,F1,III,3,,5 L,E1,P001 IBC03 LP01 R001,,MP19,T2,TP1,LGBF,,3,W12,,,CE4,30,
2342,,BROMOMETHYLPROPANES,3,F1,II,3,,1 L,E2,P001 IBC02 R001,,MP19,T4,TP1,LGBF,,2,,,,CE7,33,
2343,,2-BROMOPENTANE,3,F1,II,3,,1 L,E2,P001 IBC02 R001,,MP19,T4,TP1,LGBF,,2,,,,CE7,33,
2344,a,BROMOPROPANES,3,F1,II,3,,1 L,E2,P001 IBC02 R001,,MP19,T4,TP1,LGBF,,2,,,,CE7,33,
2344,b,BROMOPROPANES,3,F1,III,3,,5 L,E1,P001 IBC03 LP01 R001,,MP19,T2,TP1,LGBF,,3,W12,,,CE4,30,
2345,,3-BROMOPROPYNE,3,F1,II,3,,1 L,E2,P001 IBC02 R001,,MP19,T4,TP1,LGBF,,2,,,,CE7,33,
2346,,BUTANEDIONE,3,F1,II,3,,1 L,E2,P001 IBC02 R001,,MP19,T4,TP1,LGBF,,2,,,,CE7,33,
2347,,BUTYL MERCAPTAN,3,F1,II,3,,1 L,E2,P001 IBC02 R001,,MP19,T4,TP1,LGBF,,2,,,,CE7,33,
2348,,"BUTYL ACRYLATES, STABILIZED",3,F1,III,3,386 676,5 L,E1,P001 IBC03 LP01 R001,,MP19,T2,TP1,LGBF,,3,W12,,,CE4,39,
2350,,BUTYL METHYL ETHER,3,F1,II,3,,1 L,E2,P001 IBC02 R001,,MP19,T4,TP1,LGBF,,2,,,,CE7,33,
2351,a,BUTYL NITRITES,3,F1,II,3,,1 L,E2,P001 IBC02 R001,,MP19,T4,TP1,LGBF,,2,,,,CE7,33,
2351,b,BUTYL NITRITES,3,F1,III,3,,5 L,E1,P001 IBC03 LP01 R001,,MP19,T2,TP1,LGBF,,3,W12,,,CE4,30,
2352,,"BUTYL VINYL ETHER, STABILIZED",3,F1,II,3,386 676,1 L,E2,P001 IBC02 R001,,MP19,T4,TP1,LGBF,,2,,,,CE7,339,
2353,,BUTYRYL CHLORIDE,3,FC,II,3+8,,1 L,E2,P001 IBC02,,MP19,T8,TP2,L4BH,,2,,,,CE7,338,
2354,,CHLOROMETHYL ETHYL ETHER,3,FT1,II,3+6.1,,1 L,E2,P001 IBC02,,MP19,T7,TP1,L4BH,TU15,2,,,CW13 CW28,CE7,336,
2356,,2-CHLOROPROPANE,3,F1,I,3,,0,E3,P001,,MP7 MP17,T11,TP2,L4BN,,1,,,,,33,
2357,,CYCLOHEXYLAMINE,8,CF1,II,8+3,,1 L,E2,P001 IBC02,,MP15,T7,TP2,L4BN,,2,,,,CE6,83,
2358,,CYCLOOCTATETRAENE,3,F1,II,3,,1 L,E2,P001 IBC02 R001,,MP19,T4,TP1,LGBF,,2,,,,CE7,33,
2359,,DIALLYLAMINE,3,FTC,II,3+6.1+8,,1 L,E2,P001 IBC02,,MP19,T7,TP1,L4BH,TU15,2,,,CW13 CW28,CE7,338,
2360,,DIALLYL ETHER,3,FT1,II,3+6.1,,1 L,E2,P001 IBC02,,MP19,T7,TP1,L4BH,TU15,2,,,CW13 CW28,CE7,336,
2361,,DIISOBUTYLAMINE,3,FC,III,3+8,,5 L,E1,P001 IBC03 R001,,MP19,T4,TP1,L4BN,,3,W12,,,CE4,38,
2362,,"1,1-DICHLOROETHANE",3,F1,II,3,,1 L,E2,P001 IBC02 R001,,MP19,T4,TP1,LGBF,,2,,,,CE7,33,
2363,,ETHYL MERCAPTAN,3,F1,I,3,,0,E0,P001,,MP7 MP17,T11,TP2,L4BN,,1,,,,,33,
2364,,n-PROPYLBENZENE,3,F1,III,3,,5 L,E1,P001 IBC03 LP01 R001,,MP19,T2,TP1,LGBF,,3,W12,,,CE4,30,
2366,,DIETHYL CARBONATE,3,F1,III,3,,5 L,E1,P001 IBC03 LP01 R001,,MP19,T2,TP1,LGBF,,3,W12,,,CE4,30,
2367,,alpha-METHYLVALERALDEHYDE,3,F1,II,3,,1 L,E2,P001 IBC02 R001,,MP19,T4,TP1,LGBF,,2,,,,CE7,33,
2368,,alpha-PINENE,3,F1,III,3,,5 L,E1,P001 IBC03 LP01 R001,,MP19,T2,TP1,LGBF,,3,W12,,,CE4,30,
2370,,1-HEXENE,3,F1,II,3,,1 L,E2,P001 IBC02 R001,,MP19,T4,TP1,LGBF,,2,,,,CE7,33,
2371,,ISOPENTENES,3,F1,I,3,,0,E3,P001,,MP7 MP17,T11,TP2,L4BN,,1,,,,,33,
2372,,"1,2-DI-(DIMETHYLAMINO) ETHANE",3,F1,II,3,,1 L,E2,P001 IBC02 R001,,MP19,T4,TP1,LGBF,,2,,,,CE7,33,
2373,,DIETHOXYMETHANE,3,F1,II,3,,1 L,E2,P001 IBC02 R001,,MP19,T4,TP1,LGBF,,2,,,,CE7,33,
2374,,"3,3-DIETHOXYPROPENE",3,F1,II,3,,1 L,E2,P001 IBC02 R001,,MP19,T4,TP1,LGBF,,2,,,,CE7,33,
2375,,DIETHYL SULPHIDE,3,F1,II,3,,1 L,E2,P001 IBC02 R001,,MP19,T7,TP1,LGBF,,2,,,,CE7,33,
2376,,"2,3-DIHYDROPYRAN",3,F1,II,3,,1 L,E2,P001 IBC02 R001,,MP19,T4,TP1,LGBF,,2,,,,CE7,33,
2377,,"1,1-DIMETHOXYETHANE",3,F1,II,3,,1 L,E2,P001 IBC02 R001,,MP19,T7,TP1,LGBF,,2,,,,CE7,33,
2378,,2-DIMETHYLAMINOACETONITRILE,3,FT1,II,3+6.1,,1 L,E2,P001 IBC02,,MP19,T7,TP1,L4BH,TU15,2,,,CW13 CW28,CE7,336,
2379,,"1,3-DIMETHYLBUTYLAMINE",3,FC,II,3+8,,1 L,E2,P001 IBC02,,MP19,T7,TP1,L4BH,,2,,,,CE7,338,
2380,,DIMETHYLDIETHOXYSILANE,3,F1,II,3,,1 L,E2,P001 IBC02 R001,,MP19,T4,TP1,LGBF,,2,,,,CE7,33,
2381,,DIMETHYL DISULPHIDE,3,FT1,II,3+6.1,,1 L,E0,P001 IBC02,,MP19,T7,TP2,L4BH,TU15,2,,,CW13 CW28,CE7,336,
2382,,"DIMETHYLHYDRAZINE, SYMMETRICAL",6.1,TF1,I,6.1+3,354,0,E0,P602,,MP8 MP17,T20,TP2,L10CH,TU14 TU15 TU38 TE21 TE22,1,,,CW13 CW28 CW31,,663,
2383,,DIPROPYLAMINE,3,FC,II,3+8,,1 L,E2,P001 IBC02,,MP19,T7,TP1,L4BH,,2,,,,CE7,338,
2384,,DI-n-PROPYL ETHER,3,F1,II,3,,1 L,E2,P001 IBC02 R001,,MP19,T4,TP1,LGBF,,2,,,,CE7,33,
2385,,ETHYL ISOBUTYRATE,3,F1,II,3,,1 L,E2,P001 IBC02 R001,,MP19,T4,TP1,LGBF,,2,,,,CE7,33,
2386,,1-ETHYLPIPERIDINE,3,FC,II,3+8,,1 L,E2,P001 IBC02,,MP19,T7,TP1,L4BH,,2,,,,CE7,338,
2387,,FLUOROBENZENE,3,F1,II,3,,1 L,E2,P001 IBC02 R001,,MP19,T4,TP1,LGBF,,2,,,,CE7,33,
2388,,FLUOROTOLUENES,3,F1,II,3,,1 L,E2,P001 IBC02 R001,,MP19,T4,TP1,LGBF,,2,,,,CE7,33,
2389,,FURAN,3,F1,I,3,,0,E3,P001,,MP7 MP17,T12,TP2,L4BN,,1,,,,,33,
2390,,2-IODOBUTANE,3,F1,II,3,,1 L,E2,P001 IBC02 R001,,MP19,T4,TP1,LGBF,,2,,,,CE7,33,
2391,,IODOMETHYLPROPANES,3,F1,II,3,,1 L,E2,P001 IBC02 R001,,MP19,T4,TP1,LGBF,,2,,,,CE7,33,
2392,,IODOPROPANES,3,F1,III,3,,5 L,E1,P001 IBC03 LP01 R001,,MP19,T2,TP1,LGBF,,3,W12,,,CE4,30,
2393,,ISOBUTYL FORMATE,3,F1,II,3,,1 L,E2,P001 IBC02 R001,,MP19,T4,TP1,LGBF,,2,,,,CE7,33,
2394,,ISOBUTYL PROPIONATE,3,F1,III,3,,5 L,E1,P001 IBC03 LP01 R001,,MP19,T2,TP1,LGBF,,3,W12,,,CE4,30,
2395,,ISOBUTYRYL CHLORIDE,3,FC,II,3+8,,1 L,E2,P001 IBC02,,MP19,T7,TP2,L4BH,,2,,,,CE7,338,
2396,,"METHACRYLALDEHYDE, STABILIZED",3,FT1,II,3+6.1,386 676,1 L,E2,P001 IBC02,,MP19,T7,TP1,L4BH,TU15,2,,,CW13 CW28,CE7,336,
2397,,3-METHYLBUTAN-2-ONE,3,F1,II,3,,1 L,E2,P001 IBC02 R001,,MP19,T4,TP1,LGBF,,2,,,,CE7,33,
2398,,METHYL tert-BUTYL ETHER,3,F1,II,3,,1 L,E2,P001 IBC02 R001,,MP19,T7,TP1,LGBF,,2,,,,CE7,33,
2399,,1-METHYLPIPERIDINE,3,FC,II,3+8,,1 L,E2,P001 IBC02,,MP19,T7,TP1,L4BH,,2,,,,CE7,338,
2400,,METHYL ISOVALERATE,3,F1,II,3,,1 L,E2,P001 IBC02 R001,,MP19,T4,TP1,LGBF,,2,,,,CE7,33,
2401,,PIPERIDINE,8,CF1,I,8+3,,0,E0,P001,,MP8 MP17,T10,TP2,L10BH,TU38 TE22,1,,,,,883,
2402,,PROPANETHIOLS,3,F1,II,3,,1 L,E2,P001 IBC02 R001,,MP19,T4,TP1,LGBF,,2,,,,CE7,33,
2403,,ISOPROPENYL ACETATE,3,F1,II,3,,1 L,E2,P001 IBC02 R001,,MP19,T4,TP1,LGBF,,2,,,,CE7,33,
2404,,PROPIONITRILE,3,FT1,II,3+6.1,,1 L,E0,P001 IBC02,,MP19,T7,TP1,L4BH,TU15,2,,,CW13 CW28,CE7,336,
2405,,ISOPROPYL BUTYRATE,3,F1,III,3,,5 L,E1,P001 IBC03 LP01 R001,,MP19,T2,TP1,LGBF,,3,W12,,,CE4,30,
2406,,ISOPROPYL ISOBUTYRATE,3,F1,II,3,,1 L,E2,P001 IBC02 R001,,MP19,T4,TP1,LGBF,,2,,,,CE7,33,
2407,,ISOPROPYL CHLOROFORMATE,6.1,TFC,I,6.1+3+8,354,0,E0,P602,,MP8 MP17,,,,,1,,,CW13 CW28 CW31,,663,
2409,,ISOPROPYL PROPIONATE,3,F1,II,3,,1 L,E2,P001 IBC02 R001,,MP19,T4,TP1,LGBF,,2,,,,CE7,33,
2410,,"1,2,3,6-TETRAHYDROPYRIDINE",3,F1,II,3,,1 L,E2,P001 IBC02 R001,,MP19,T4,TP1,LGBF,,2,,,,CE7,33,
2411,,BUTYRONITRILE,3,FT1,II,3+6.1,,1 L,E2,P001 IBC02,,MP19,T7,TP1,L4BH,TU15,2,,,CW13 CW28,CE7,336,
2412,,TETRAHYDROTHIOPHENE,3,F1,II,3,,1 L,E2,P001 IBC02 R001,,MP19,T4,TP1,LGBF,,2,,,,CE7,33,
2413,,TETRAPROPYL ORTHOTITANATE,3,F1,III,3,,5 L,E1,P001 IBC03 LP01 R001,,MP19,T4,TP1,LGBF,,3,W12,,,CE4,30,
2414,,THIOPHENE,3,F1,II,3,,1 L,E2,P001 IBC02 R001,,MP19,T4,TP1,LGBF,,2,,,,CE7,33,
2416,,TRIMETHYL BORATE,3,F1,II,3,,1 L,E2,P001 IBC02 R001,,MP19,T7,TP1,LGBF,,2,,,,CE7,33,
2417,,CARBONYL FLUORIDE,2,2TC,,2.3+8+13,,0,E0,P200,,MP9,(M),,PxBH(M),TU38 TE22 TE25 TA4 TT9 TM6,1,,,CW9 CW10 CW36,,268,
2418,,SULPHUR TETRAFLUORIDE,2,2TC,,2.3+8,,0,E0,P200,,MP9,,,,,1,,,CW9 CW10 CW36,,268,
2419,,BROMOTRIFLUOROETHYLENE,2,2F,,2.1+13,662,0,E0,P200,,MP9,(M),,PxBN(M),TU38 TE22 TA4 TT9 TM6,2,,,CW9 CW10 CW36,CE3,23,
2420,,HEXAFLUOROACETONE,2,2TC,,2.3+8+13,,0,E0,P200,,MP9,(M),,PxBH(M),TU38 TE22 TE25 TA4 TT9 TM6,1,,,CW9 CW10 CW36,,268,
2421,,NITROGEN TRIOXIDE,2,2TOC,,,,,,,,,,,CARRIAGE PROHIBITED,,,,,,,,
2422,a,OCTAFLUOROBUT-2-ENE,2,2A,,2.2+13,662,120 mL,E1,P200,,MP9,(M),,PxBN(M),TA4 TT9 TM6,3,,,CW9 CW10 CW36,CE3,20,
2422,b,REFRIGERANT GAS R 1318,2,2A,,2.2+13,662,120 mL,E1,P200,,MP9,(M),,PxBN(M),TA4 TT9 TM6,3,,,CW9 CW10 CW36,CE3,20,
2424,a,OCTAFLUOROPROPANE,2,2A,,2.2+13,662,120 mL,E1,P200,,MP9,T50 (M),,PxBN(M),TA4 TT9 TM6,3,,,CW9 CW10 CW36,CE3,20,
2424,b,REFRIGERANT GAS R 218,2,2A,,2.2+13,662,120 mL,E1,P200,,MP9,T50 (M),,PxBN(M),TA4 TT9 TM6,3,,,CW9 CW10 CW36,CE3,20,
2426,,"AMMONIUM NITRATE, LIQUID",5.1,O1,,5.1,252 644,0,E0,,,,T7,TP1 TP16 TP17,L4BV(+),TU3 TU12 TU29 TC3 TE9 TE10 TA1,0,,,,,59,(hot concentrated solution)
2427,a,"POTASSIUM CHLORATE, AQUEOUS SOLUTION",5.1,O1,II,5.1,,1 L,E2,P504 IBC02,,MP2,T4,TP1,L4BN,TU3,2,,,CW24,CE6,50,
2427,b,"POTASSIUM CHLORATE, AQUEOUS SOLUTION",5.1,O1,III,5.1,,5 L,E1,P504 IBC02 R001,,MP2,T4,TP1,LGBV,TU3,3,,,CW24,CE8,50,
2428,a,"SODIUM CHLORATE, AQUEOUS SOLUTION",5.1,O1,II,5.1,,1 L,E2,P504 IBC02,,MP2,T4,TP1,L4BN,TU3,2,,,CW24,CE6,50,
2428,b,"SODIUM CHLORATE, AQUEOUS SOLUTION",5.1,O1,III,5.1,,5 L,E1,P504 IBC02 R001,,MP2,T4,TP1,LGBV,TU3,3,,,CW24,CE8,50,
2429,a,"CALCIUM CHLORATE, AQUEOUS SOLUTION",5.1,O1,II,5.1,,1 L,E2,P504 IBC02,,MP2,T4,TP1,L4BN,TU3,2,,,CW24,CE6,50,
2429,b,"CALCIUM CHLORATE, AQUEOUS SOLUTION",5.1,O1,III,5.1,,5 L,E1,P504 IBC02 R001,,MP2,T4,TP1,LGBV,TU3,3,,,CW24,CE8,50,
2430,a,"ALKYLPHENOLS, SOLID, N.O.S.",8,C4,I,8,,0,E0,P002 IBC07,,MP18,T6,TP33,S10AN L10BH,TU38 TE22,1,W10,,,,88,(including C2-C12 homologues)
2430,b,"ALKYLPHENOLS, SOLID, N.O.S.",8,C4,II,8,,1 kg,E2,P002 IBC08,B4,MP10,T3,TP33,SGAN L4BN,,2,W11,,,CE10,80,(including C2-C12 homologues)
2430,c,"ALKYLPHENOLS, SOLID, N.O.S.",8,C4,III,8,,5 kg,E1,P002 IBC08 LP02 R001,B3,MP10,T1,TP33,SGAV L4BN,,3,,VC1 VC2 AP7,,CE11,80,(including C2-C12 homologues)
2431,,ANISIDINES,6.1,T1,III,6.1,,5 L,E1,P001 IBC03 LP01 R001,,MP19,T4,TP1,L4BH,TU15,2,W12,,CW13 CW28 CW31,CE8,60,
2432,,"N,N-DIETHYLANILINE",6.1,T1,III,6.1,279,5 L,E1,P001 IBC03 LP01 R001,,MP19,T4,TP1,L4BH,TU15,2,W12,,CW13 CW28 CW31,CE8,60,
2433,,"CHLORONITROTOLUENES, LIQUID",6.1,T1,III,6.1,,5 L,E1,P001 IBC03 LP01 R001,,MP19,T4,TP1,L4BH,TU15,2,W12,,CW13 CW28 CW31,CE8,60,
2434,,DIBENZYLDICHLOROSILANE,8,C3,II,8,,0,E0,P010,,MP15,T10,TP2 TP7,L4BN,,2,,,,CE6,X80,
2435,,ETHYLPHENYLDICHLOROSILANE,8,C3,II,8,,0,E0,P010,,MP15,T10,TP2 TP7,L4BN,,2,,,,CE6,X80,
2436,,THIOACETIC ACID,3,F1,II,3,,1 L,E2,P001 IBC02 R001,,MP19,T4,TP1,LGBF,,2,,,,CE7,33,
2437,,METHYLPHENYLDICHLOROSILANE,8,C3,II,8,,0,E0,P010,,MP15,T10,TP2 TP7,L4BN,,2,,,,CE6,X80,
2438,,TRIMETHYLACETYL CHLORIDE,6.1,TFC,I,6.1+3+8,,0,E0,P001,,MP8 MP17,T14,TP2,L10CH,TU14 TU15 TU38 TE21 TE22,1,,,CW13 CW28 CW31,,663,
2439,,SODIUM HYDROGENDIFLUORIDE,8,C2,II,8,,1 kg,E2,P002 IBC08,B4,MP10,T3,TP33,SGAN,,2,W11,,,CE10,80,
2440,,STANNIC CHLORIDE PENTAHYDRATE,8,C2,III,8,,5 kg,E1,P002 IBC08 LP02 R001,B3,MP10,T1,TP33,SGAV,,3,,VC1 VC2 AP7,,CE11,80,
2441,a,"TITANIUM TRICHLORIDE, PYROPHORIC",4.2,SC4,I,4.2+8,537,0,E0,P404,,MP13,,,,,0,W1,,,,48,
2441,b,"TITANIUM TRICHLORIDE MIXTURE, PYROPHORIC",4.2,SC4,I,4.2+8,537,0,E0,P404,,MP13,,,,,0,W1,,,,48,
2442,,TRICHLOROACETYL CHLORIDE,8,C3,II,8,,0,E0,P001,,MP15,T7,TP2,L4BN,,2,,,,CE6,X80,
2443,,VANADIUM OXYTRICHLORIDE,8,C1,II,8,,1 L,E0,P001 IBC02,,MP15,T7,TP2,L4BN,,2,,,,CE6,80,
2444,,VANADIUM TETRACHLORIDE,8,C1,I,8,,0,E0,P802,,MP8 MP17,T10,TP2,L10BH,TU38 TE22,1,,,,,X88,
2446,,"NITROCRESOLS, SOLID",6.1,T2,III,6.1,,5 kg,E1,P002 IBC08 LP02 R001,B3,MP10,T1,TP33,SGAH L4BH,TU15,2,,VC1 VC2 AP7,CW13 CW28 CW31,CE11,60,
2447,,"PHOSPHORUS, WHITE, MOLTEN",4.2,ST3,I,4.2+6.1,,0,E0,,,,T21,TP3 TP7 TP26,L10DH(+),TU14 TU16 TU21 TU38 TE3 TE21 TE22,0,,,,,446,
2448,,"SULPHUR, MOLTEN",4.1,F3,III,4.1,538,0,E0,,,,T1,TP3,LGBV(+),TU27 TE4 TE6,3,,,,,44,
2451,,NITROGEN TRIFLUORIDE,2,2O,,2.2+5.1+13,662,0,E0,P200,,MP9,(M),,PxBN(M),TA4 TT9 TM6,3,,,CW9 CW10 CW36,CE3,25,
2452,,"ETHYLACETYLENE, STABILIZED",2,2F,,2.1+13,386 662 676,0,E0,P200,,MP9,(M),,PxBN(M),TU38 TE22 TA4 TT9 TM6,2,,,CW9 CW10 CW36,CE3,239,
2453,a,ETHYL FLUORIDE,2,2F,,2.1+13,662,0,E0,P200,,MP9,(M),,PxBN(M),TU38 TE22 TA4 TT9 TM6,2,,,CW9 CW10 CW36,CE3,23,
2453,b,REFRIGERANT GAS R 161,2,2F,,2.1+13,662,0,E0,P200,,MP9,(M),,PxBN(M),TU38 TE22 TA4 TT9 TM6,2,,,CW9 CW10 CW36,CE3,23,
2454,a,METHYL FLUORIDE,2,2F,,2.1+13,662,0,E0,P200,,MP9,(M),,PxBN(M),TU38 TE22 TA4 TT9 TM6,2,,,CW9 CW10 CW36,CE3,23,
2454,b,REFRIGERANT GAS R 41,2,2F,,2.1+13,662,0,E0,P200,,MP9,(M),,PxBN(M),TU38 TE22 TA4 TT9 TM6,2,,,CW9 CW10 CW36,CE3,23,
2455,,METHYL NITRITE,2,2A,,,,,,,,,,,CARRIAGE PROHIBITED,,,,,,,,
2456,,2-CHLOROPROPENE,3,F1,I,3,,0,E3,P001,,MP7 MP17,T11,TP2,L4BN,,1,,,,,33,
2457,,"2,3-DIMETHYLBUTANE",3,F1,II,3,,1 L,E2,P001 IBC02 R001,,MP19,T7,TP1,LGBF,,2,,,,CE7,33,
2458,,HEXADIENES,3,F1,II,3,,1 L,E2,P001 IBC02 R001,,MP19,T4,TP1,LGBF,,2,,,,CE7,33,
2459,,2-METHYL-1-BUTENE,3,F1,I,3,,0,E3,P001,,MP7 MP17,T11,TP2,L4BN,,1,,,,,33,
2460,,2-METHYL-2-BUTENE,3,F1,II,3,,1 L,E2,P001 IBC02,B8,MP19,T7,TP1,L1.5BN,,2,,,,CE7,33,
2461,,METHYLPENTADIENE,3,F1,II,3,,1 L,E2,P001 IBC02 R001,,MP19,T4,TP1,LGBF,,2,,,,CE7,33,
2463,,ALUMINIUM HYDRIDE,4.3,W2,I,4.3,,0,E0,P403,,MP2,,,,,1,W1,,CW23,,X423,
2464,,BERYLLIUM NITRATE,5.1,OT2,II,5.1+6.1,,1 kg,E2,P002 IBC08,B4,MP2,T3,TP33,SGAN,TU3,2,W11,,CW24 CW28,CE10,56,
2465,a,"DICHLOROISOCYANURIC ACID, DRY",5.1,O2,II,5.1,135,1 kg,E2,P002 IBC08,B4,MP10,T3,TP33,SGAN,TU3,2,W11,,CW24,CE10,50,
2465,b,DICHLOROISOCYANURIC ACID SALTS,5.1,O2,II,5.1,135,1 kg,E2,P002 IBC08,B4,MP10,T3,TP33,SGAN,TU3,2,W11,,CW24,CE10,50,
2466,,POTASSIUM SUPEROXIDE,5.1,O2,I,5.1,,0,E0,P503 IBC06,,MP2,,,,,1,W10,,CW24,,55,
2468,,"TRICHLOROISOCYANURIC ACID, DRY",5.1,O2,II,5.1,,1 kg,E2,P002 IBC08,B4,MP10,T3,TP33,SGAN,TU3,2,W11,,CW24,CE10,50,
2469,,ZINC BROMATE,5.1,O2,III,5.1,,5 kg,E1,P002 IBC08 LP02 R001,B3,MP10,T1,TP33,SGAV,TU3,3,,VC1 VC2 AP6 AP7,CW24,CE11,50,
2470,,"PHENYLACETONITRILE, LIQUID",6.1,T1,III,6.1,,5 L,E1,P001 IBC03 LP01 R001,,MP19,T4,TP1,L4BH,TU15,2,W12,,CW13 CW28 CW31,CE8,60,
2471,,OSMIUM TETROXIDE,6.1,T5,I,6.1,,0,E5,P002 IBC07,PP30,MP18,T6,TP33,S10AH,TU15,1,W10,,CW13 CW28 CW31,,66,
2473,,SODIUM ARSANILATE,6.1,T3,III,6.1,,5 kg,E1,P002 IBC08 LP02 R001,B3,MP10,T1,TP33,SGAH L4BH,TU15,2,,VC1 VC2 AP7,CW13 CW28 CW31,CE11,60,
2474,,THIOPHOSGENE,6.1,T1,I,6.1,279 354,0,E0,P602,,MP8 MP17,T20,TP2,L10CH,TU14 TU15 TU38 TE21 TE22,1,,,CW13 CW28 CW31,,66,
2475,,VANADIUM TRICHLORIDE,8,C2,III,8,,5 kg,E1,P002 IBC08 LP02 R001,B3,MP10,T1,TP33,SGAV,,3,,VC1 VC2 AP7,,CE11,80,
2477,,METHYL ISOTHIOCYANATE,6.1,TF1,I,6.1+3,354,0,E0,P602,,MP8 MP17,T20,TP2,L10CH,TU14 TU15 TU38 TE21 TE22,1,,,CW13 CW28 CW31,,663,
2478,a,"ISOCYANATES, FLAMMABLE, TOXIC, N.O.S.",3,FT1,II,3+6.1,274 539,1 L,E2,P001 IBC02,,MP19,T11,TP2 TP27,L4BH,TU15,2,,,CW13 CW28,CE7,336,
2478,b,"ISOCYANATE SOLUTION, FLAMMABLE, TOXIC, N.O.S.",3,FT1,II,3+6.1,274 539,1 L,E2,P001 IBC02,,MP19,T11,TP2 TP27,L4BH,TU15,2,,,CW13 CW28,CE7,336,
2478,c,"ISOCYANATES, FLAMMABLE, TOXIC, N.O.S.",3,FT1,III,3+6.1,274,5 L,E1,P001 IBC03 R001,,MP19,T7,TP1 TP28,L4BH,TU15,3,W12,,CW13 CW28,CE4,36,
2478,d,"ISOCYANATE SOLUTION, FLAMMABLE, TOXIC, N.O.S.",3,FT1,III,3+6.1,274,5 L,E1,P001 IBC03 R001,,MP19,T7,TP1 TP28,L4BH,TU15,3,W12,,CW13 CW28,CE4,36,
2480,,METHYL ISOCYANATE,6.1,TF1,I,6.1+3,354,0,E0,P601,,MP2,T22,TP2,L15CH,TU14 TU15 TU38 TE21 TE22 TE25,1,,,CW13 CW28 CW31,,663,
2481,,ETHYL ISOCYANATE,6.1,TF1,I,6.1+3,354,0,E0,P602,,MP8 MP17,T20,TP2,L15CH,TU14 TU15 TU38 TE21 TE22 TE25,1,,,CW13 CW28 CW31,,663,
2482,,n-PROPYL ISOCYANATE,6.1,TF1,I,6.1+3,354,0,E0,P602,,MP8 MP17,T20,TP2,L10CH,TU14 TU15 TU38 TE21 TE22,1,,,CW13 CW28 CW31,,663,
2483,,ISOPROPYL ISOCYANATE,6.1,TF1,I,6.1+3,354,0,E0,P602,,MP8 MP17,T20,TP2,L10CH,TU14 TU15 TU38 TE21 TE22,1,,,CW13 CW28 CW31,,663,
2484,,tert-BUTYL ISOCYANATE,6.1,TF1,I,6.1+3,354,0,E0,P602,,MP8 MP17,T20,TP2,L10CH,TU14 TU15 TU38 TE21 TE22,1,,,CW13 CW28 CW31,,663,
2485,,n-BUTYL ISOCYANATE,6.1,TF1,I,6.1+3,354,0,E0,P602,,MP8 MP17,T20,TP2,L10CH,TU14 TU15 TU38 TE21 TE22,1,,,CW13 CW28 CW31,,663,
2486,,ISOBUTYL ISOCYANATE,6.1,TF1,I,6.1+3,354,0,E0,P602,,MP8 MP17,T20,TP2,L10CH,TU14 TU15 TU38 TE21 TE22,1,,,CW13 CW28 CW31,,663,
2487,,PHENYL ISOCYANATE,6.1,TF1,I,6.1+3,354,0,E0,P602,,MP8 MP17,T20,TP2,L10CH,TU14 TU15 TU38 TE21 TE22,1,,,CW13 CW28 CW31,,663,
2488,,CYCLOHEXYL ISOCYANATE,6.1,TF1,I,6.1+3,354,0,E0,P602,,MP8 MP17,T20,TP2,L10CH,TU14 TU15 TU38 TE21 TE22,1,,,CW13 CW28 CW31,,663,
2490,,DICHLOROISOPROPYL ETHER,6.1,T1,II,6.1,,100 mL,E4,P001 IBC02,,MP15,T7,TP2,L4BH,TU15,2,,,CW13 CW28 CW31,CE5,60,
2491,a,ETHANOLAMINE,8,C7,III,8,,5 L,E1,P001 IBC03 LP01 R001,,MP19,T4,TP1,L4BN,,3,W12,,,CE8,80,
2491,b,ETHANOLAMINE SOLUTION,8,C7,III,8,,5 L,E1,P001 IBC03 LP01 R001,,MP19,T4,TP1,L4BN,,3,W12,,,CE8,80,
2493,,HEXAMETHYLENEIMINE,3,FC,II,3+8,,1 L,E2,P001 IBC02,,MP19,T7,TP1,L4BH,,2,,,,CE7,338,
2495,,IODINE PENTAFLUORIDE,5.1,OTC,I,5.1+6.1+8,,0,E0,P200,,MP2,,,L10DH,TU3 TU38 TE16 TE22,1,,,CW24 CW28,,568,
2496,,PROPIONIC ANHYDRIDE,8,C3,III,8,,5 L,E1,P001 IBC03 LP01 R001,,MP19,T4,TP1,L4BN,,3,W12,,,CE8,80,
2498,,"1,2,3,6-TETRAHYDROBENZALDEHYDE",3,F1,III,3,,5 L,E1,P001 IBC03 LP01 R001,,MP19,T2,TP1,LGBF,,3,W12,,,CE4,30,
2501,a,TRIS-(1-AZIRIDINYL)PHOSPHINE OXIDE SOLUTION,6.1,T1,II,6.1,,100 mL,E4,P001 IBC02,,MP15,T7,TP2,L4BH,TU15,2,,,CW13 CW28 CW31,CE5,60,
2501,b,TRIS-(1-AZIRIDINYL)PHOSPHINE OXIDE SOLUTION,6.1,T1,III,6.1,,5 L,E1,P001 IBC03 LP01 R001,,MP19,T4,TP1,L4BH,TU15,2,W12,,CW13 CW28 CW31,CE8,60,
2502,,VALERYL CHLORIDE,8,CF1,II,8+3,,1 L,E2,P001 IBC02,,MP15,T7,TP2,L4BN,,2,,,,CE6,83,
2503,,ZIRCONIUM TETRACHLORIDE,8,C2,III,8,,5 kg,E1,P002 IBC08 LP02 R001,B3,MP10,T1,TP33,SGAV,,3,,VC1 VC2 AP7,,CE11,80,
2504,,TETRABROMOETHANE,6.1,T1,III,6.1,,5 L,E1,P001 IBC03 LP01 R001,,MP19,T4,TP1,L4BH,TU15,2,W12,,CW13 CW28 CW31,CE8,60,
2505,,AMMONIUM FLUORIDE,6.1,T5,III,6.1,,5 kg,E1,P002 IBC08 LP02 R001,B3,MP10,T1,TP33,SGAH,TU15,2,,VC1 VC2 AP7,CW13 CW28 CW31,CE11,60,
2506,,AMMONIUM HYDROGEN SULPHATE,8,C2,II,8,,1 kg,E2,P002 IBC08,B4,MP10,T3,TP33,SGAV,,2,W11,VC1 VC2 AP7,,CE10,80,
2507,,"CHLOROPLATINIC ACID, SOLID",8,C2,III,8,,5 kg,E1,P002 IBC08 LP02 R001,B3,MP10,T1,TP33,SGAV,,3,,VC1 VC2 AP7,,CE11,80,
2508,,MOLYBDENUM PENTACHLORIDE,8,C2,III,8,,5 kg,E1,P002 IBC08 LP02 R001,B3,MP10,T1,TP33,SGAV,,3,,VC1 VC2 AP7,,CE11,80,
2509,,POTASSIUM HYDROGEN SULPHATE,8,C2,II,8,,1 kg,E2,P002 IBC08,B4,MP10,T3,TP33,SGAV,,2,W11,VC1 VC2 AP7,,CE10,80,
2511,,2-CHLOROPROPIONIC ACID,8,C3,III,8,,5 L,E1,P001 IBC03 LP01 R001,,MP19,T4,TP2,L4BN,,3,W12,,,CE8,80,
2512,,AMINOPHENOLS,6.1,T2,III,6.1,279,5 kg,E1,P002 IBC08 LP02 R001,B3,MP10,T1,TP33,SGAH L4BH,TU15,2,,VC1 VC2 AP7,CW13 CW28 CW31,CE11,60,"(o-, m-, p-)"
2513,,BROMOACETYL BROMIDE,8,C3,II,8,,1 L,E2,P001 IBC02,,MP15,T8,TP2,L4BN,,2,,,,CE6,X80,
2514,,BROMOBENZENE,3,F1,III,3,,5 L,E1,P001 IBC03 LP01 R001,,MP19,T2,TP1,LGBF,,3,W12,,,CE4,30,
2515,,BROMOFORM,6.1,T1,III,6.1,,5 L,E1,P001 IBC03 LP01 R001,,MP19,T4,TP1,L4BH,TU15,2,W12,,CW13 CW28 CW31,CE8,60,
2516,,CARBON TETRABROMIDE,6.1,T2,III,6.1,,5 kg,E1,P002 IBC08 LP02 R001,B3,MP10,T1,TP33,SGAH L4BH,TU15,2,,VC1 VC2 AP7,CW13 CW28 CW31,CE11,60,
2517,a,"1-CHLORO-1,1-DIFLUOROETHANE",2,2F,,2.1+13,662,0,E0,P200,,MP9,T50 (M),,PxBN(M),TU38 TE22 TA4 TT9 TM6,2,,,CW9 CW10 CW36,CE3,23,
2517,b,REFRIGERANT GAS R 142b,2,2F,,2.1+13,662,0,E0,P200,,MP9,T50 (M),,PxBN(M),TU38 TE22 TA4 TT9 TM6,2,,,CW9 CW10 CW36,CE3,23,
2518,,"1,5,9-CYCLODODECATRIENE",6.1,T1,III,6.1,,5 L,E1,P001 IBC03 LP01 R001,,MP19,T4,TP1,L4BH,TU15,2,W12,,CW13 CW28 CW31,CE8,60,
2520,,CYCLOOCTADIENES,3,F1,III,3,,5 L,E1,P001 IBC03 LP01 R001,,MP19,T2,TP1,LGBF,,3,W12,,,CE4,30,
2521,,"DIKETENE, STABILIZED",6.1,TF1,I,6.1+3,354 386 676,0,E0,P602,,MP8 MP17,T20,TP2,L10CH,TU14 TU15 TU38 TE21 TE22,1,,,CW13 CW28 CW31,,663,
2522,,"2-DIMETHYLAMINOETHYL METHACRYLATE, STABILIZED",6.1,T1,II,6.1,386 676,100 mL,E4,P001 IBC02,,MP15,T7,TP2,L4BH,TU15,2,,,CW13 CW28 CW31,CE5,69,
2524,,ETHYL ORTHOFORMATE,3,F1,III,3,,5 L,E1,P001 IBC03 LP01 R001,,MP19,T2,TP1,LGBF,,3,W12,,,CE4,30,
2525,,ETHYL OXALATE,6.1,T1,III,6.1,,5 L,E1,P001 IBC03 LP01 R001,,MP19,T4,TP1,L4BH,TU15,2,W12,,CW13 CW28 CW31,CE8,60,
2526,,FURFURYLAMINE,3,FC,III,3+8,,5 L,E1,P001 IBC03 R001,,MP19,T4,TP1,L4BN,,3,W12,,,CE4,38,
2527,,"ISOBUTYL ACRYLATE, STABILIZED",3,F1,III,3,386 676,5 L,E1,P001 IBC03 LP01 R001,,MP19,T2,TP1,LGBF,,3,W12,,,CE4,39,
2528,,ISOBUTYL ISOBUTYRATE,3,F1,III,3,,5 L,E1,P001 IBC03 LP01 R001,,MP19,T2,TP1,LGBF,,3,W12,,,CE4,30,
2529,,ISOBUTYRIC ACID,3,FC,III,3+8,,5 L,E1,P001 IBC03 R001,,MP19,T4,TP1,L4BN,,3,W12,,,CE4,38,
2531,,"METHACRYLIC ACID, STABILIZED",8,C3,II,8,386 676,1 L,E2,P001 IBC02 LP01,,MP15,T7,TP2 TP18 TP30,L4BN,,2,,,,CE8,89,
2533,,METHYL TRICHLOROACETATE,6.1,T1,III,6.1,,5 L,E1,P001 IBC03 LP01 R001,,MP19,T4,TP1,L4BH,TU15,2,W12,,CW13 CW28 CW31,CE8,60,
2534,,METHYLCHLOROSILANE,2,2TFC,,2.3+2.1+8,,0,E0,P200,,MP9,(M),,,,1,,,CW9 CW10 CW36,,263,
2535,a,4-METHYLMORPHOLINE,3,FC,II,3+8,,1 L,E2,P001 IBC02,,MP19,T7,TP1,L4BH,,2,,,,CE7,338,
2535,b,N-METHYLMORPHOLINE,3,FC,II,3+8,,1 L,E2,P001 IBC02,,MP19,T7,TP1,L4BH,,2,,,,CE7,338,
2536,,METHYLTETRAHYDROFURAN,3,F1,II,3,,1 L,E2,P001 IBC02 R001,,MP19,T4,TP1,LGBF,,2,,,,CE7,33,
2538,,NITRONAPHTHALENE,4.1,F1,III,4.1,,5 kg,E1,P002 IBC08 LP02 R001,B3,MP10,T1,TP33,SGAV,,3,W1,VC1 VC2,,CE11,40,
2541,,TERPINOLENE,3,F1,III,3,,5 L,E1,P001 IBC03 LP01 R001,,MP19,T2,TP1,LGBF,,3,W12,,,CE4,30,
2542,,TRIBUTYLAMINE,6.1,T1,II,6.1,,100 mL,E4,P001 IBC02,,MP15,T7,TP2,L4BH,TU15,2,,,CW13 CW28 CW31,CE5,60,
2545,a,"HAFNIUM POWDER, DRY",4.2,S4,I,4.2,540,0,E0,P404,,MP13,,,,,0,W1,,,,43,
2545,b,"HAFNIUM POWDER, DRY",4.2,S4,II,4.2,540,0,E2,P410 IBC06,,MP14,T3,TP33,SGAN,,2,W1,,,CE10,40,
2545,c,"HAFNIUM POWDER, DRY",4.2,S4,III,4.2,540,0,E1,P002 IBC08 LP02 R001,B3,MP14,T1,TP33,SGAN,,3,W1,VC1 VC2 AP1,,CE11,40,
2546,a,"TITANIUM POWDER, DRY",4.2,S4,I,4.2,540,0,E0,P404,,MP13,,,,,0,W1,,,,43,
2546,b,"TITANIUM POWDER, DRY",4.2,S4,II,4.2,540,0,E2,P410 IBC06,,MP14,T3,TP33,SGAN,,2,W1,,,CE10,40,
2546,c,"TITANIUM POWDER, DRY",4.2,S4,III,4.2,540,0,E1,P002 IBC08 LP02 R001,B3,MP14,T1,TP33,SGAN,,3,W1,VC1 VC2 AP1,,CE11,40,
2547,,SODIUM SUPEROXIDE,5.1,O2,I,5.1,,0,E0,P503 IBC06,,MP2,,,,,1,W10,,CW24,,55,
2548,,CHLORINE PENTAFLUORIDE,2,2TOC,,2.3+5.1+8,,0,E0,P200,,MP9,,,,,1,,,CW9 CW10 CW36,,265,
2552,,"HEXAFLUOROACETONE HYDRATE, LIQUID",6.1,T1,II,6.1,,100 mL,E4,P001 IBC02,,MP15,T7,TP2,L4BH,TU15,2,,,CW13 CW28 CW31,CE5,60,
2554,,METHYLALLYL CHLORIDE,3,F1,II,3,,1 L,E2,P001 IBC02 R001,,MP19,T4,TP1,LGBF,,2,,,,CE7,33,
2555,,NITROCELLULOSE WITH WATER,4.1,D,II,4.1,394 541,0,E0,P406,,MP2,,,,,2,W1,,,CE10,40,"(not less than 25% water, by mass)"
2556,,NITROCELLULOSE WITH ALCOHOL,4.1,D,II,4.1,394 541,0,E0,P406,,MP2,,,,,2,W1,,,CE10,40,"(not less than 25% alcohol, by mass, and not more than 12.6% nitrogen, by dry mass)"
2557,a,"NITROCELLULOSE MIXTURE WITH PLASTICIZER, WITH PIGMENT",4.1,D,II,4.1,241 394 541,0,E0,P406,,MP2,,,,,2,W1,,,CE10,40,"with not more than 12.6% nitrogen, by dry mass"
2557,b,"NITROCELLULOSE MIXTURE WITHOUT PLASTICIZER, WITH PIGMENT",4.1,D,II,4.1,241 394 541,0,E0,P406,,MP2,,,,,2,W1,,,CE10,40,"with not more than 12.6% nitrogen, by dry mass"
2557,c,"NITROCELLULOSE MIXTURE WITH PLASTICIZER, WITHOUT PIGMENT",4.1,D,II,4.1,241 394 541,0,E0,P406,,MP2,,,,,2,W1,,,CE10,40,"with not more than 12.6% nitrogen, by dry mass"
2557,d,"NITROCELLULOSE MIXTURE WITHOUT PLASTICIZER, WITHOUT PIGMENT",4.1,D,II,4.1,241 394 541,0,E0,P406,,MP2,,,,,2,W1,,,CE10,40,"with not more than 12.6% nitrogen, by dry mass"
2558,,EPIBROMOHYDRIN,6.1,TF1,I,6.1+3,,0,E0,P001,,MP8 MP17,T14,TP2,L10CH,TU14 TU15 TU38 TE21 TE22,1,,,CW13 CW28 CW31,,663,
2560,,2-METHYLPENTAN-2-OL,3,F1,III,3,,5 L,E1,P001 IBC03 LP01 R001,,MP19,T2,TP1,LGBF,,3,W12,,,CE4,30,
2561,,3-METHYL-1-BUTENE,3,F1,I,3,,0,E3,P001,,MP7 MP17,T11,TP2,L4BN,,1,,,,,33,
2564,a,TRICHLOROACETIC ACID SOLUTION,8,C3,II,8,,1 L,E2,P001 IBC02,,MP15,T7,TP2,L4BN,,2,,,,CE6,80,
2564,b,TRICHLOROACETIC ACID SOLUTION,8,C3,III,8,,5 L,E1,P001 IBC03 LP01 R001,,MP19,T4,TP1,L4BN,,3,W12,,,CE8,80,
2565,,DICYCLOHEXYLAMINE,8,C7,III,8,,5 L,E1,P001 IBC03 LP01 R001,,MP19,T4,TP1,L4BN,,3,W12,,,CE8,80,
2567,,SODIUM PENTACHLOROPHENATE,6.1,T2,II,6.1,,500 g,E4,P002 IBC08,B4,MP10,T3,TP33,SGAH,TU15,2,W11,,CW13 CW28 CW31,CE9,60,
2570,a,CADMIUM COMPOUND,6.1,T5,I,6.1,274 596,0,E5,P002 IBC07,,MP18,T6,TP33,S10AH L10CH,TU14 TU15 TU38 TE21 TE22,1,W10,,CW13 CW28 CW31,,66,
2570,b,CADMIUM COMPOUND,6.1,T5,II,6.1,274 596,500 g,E4,P002 IBC08,B4,MP10,T3,TP33,SGAH L4BH,TU15,2,W11,,CW13 CW28 CW31,CE9,60,
2570,c,CADMIUM COMPOUND,6.1,T5,III,6.1,274 596,5 kg,E1,P002 IBC08 LP02 R001,B3,MP10,T1,TP33,SGAH L4BH,TU15,2,,VC1 VC2 AP7,CW13 CW28 CW31,CE11,60,
2571,a,ALKYLSULPHURIC ACIDS,8,C3,II,8,,1 L,E2,P001 IBC02,,MP15,T8,TP2 TP28,L4BN,,2,,,,CE6,80,
2571,b,ALKYLSULPHURIC ACIDS,8,C3,II,8,,1 L,E2,P001 IBC02,,MP15,T8,TP2 TP28,L4BN,,2,,,,CE6,80,
2572,,PHENYLHYDRAZINE,6.1,T1,II,6.1,,100 mL,E4,P001 IBC02,,MP15,T7,TP2,L4BH,TU15,2,,,CW13 CW28 CW31,CE5,60,
2573,,THALLIUM CHLORATE,5.1,OT2,II,5.1+6.1,,1 kg,E2,P002 IBC06,,MP2,T3,TP33,SGAN,TU3,2,W11,,CW24 CW28,CE10,56,
2574,,TRICRESYL PHOSPHATE,6.1,T1,II,6.1,,100 mL,E4,P001 IBC02,,MP15,T7,TP2,L4BH,TU15,2,,,CW13 CW28 CW31,CE5,60,with more than 3% ortho-isomer
2576,,"PHOSPHORUS OXYBROMIDE, MOLTEN",8,C1,II,8,,0,E0,,,,T7,TP3,L4BN,,2,,,,,80,
2577,,PHENYLACETYL CHLORIDE,8,C3,II,8,,1 L,E2,P001 IBC02,,MP15,T7,TP2,L4BN,,2,,,,CE6,80,
2578,,PHOSPHORUS TRIOXIDE,8,C2,III,8,,5 kg,E1,P002 IBC08 LP02 R001,B3,MP10,T1,TP33,SGAV,,3,,VC1 VC2 AP7,,CE11,80,
2579,,PIPERAZINE,8,C8,III,8,,5 kg,E1,P002 IBC08 LP02 R001,B3,MP10,T1,TP33,SGAV L4BN,,3,,VC1 VC2 AP7,,CE11,80,
2580,,ALUMINIUM BROMIDE SOLUTION,8,C1,III,8,,5 L,E1,P001 IBC03 LP01 R001,,MP19,T4,TP1,L4BN,,3,W12,,,CE8,80,
2581,,ALUMINIUM CHLORIDE SOLUTION,8,C1,III,8,,5 L,E1,P001 IBC03 LP01 R001,,MP19,T4,TP1,L4BN,TU42,3,W12,,,CE8,80,
2582,,FERRIC CHLORIDE SOLUTION,8,C1,III,8,,5 L,E1,P001 IBC03 LP01 R001,,MP19,T4,TP1,L4BN,TU42,3,W12,,,CE8,80,
2583,a,"ALKYLSULPHONIC ACIDS, SOLID",8,C2,II,8,,1 kg,E2,P002 IBC08,B4,MP10,T3,TP33,SGAN L4BN,,2,W11,,,CE10,80,with more than 5% free sulphuric acid
2583,b,"ARYLSULPHONIC ACIDS, SOLID",8,C2,II,8,,1 kg,E2,P002 IBC08,B4,MP10,T3,TP33,SGAN L4BN,,2,W11,,,CE10,80,with more than 5% free sulphuric acid
2584,a,"ALKYLSULPHONIC ACIDS, LIQUID",8,C1,II,8,,1 L,E2,P001 IBC02,,MP15,T8,TP2,L4BN,,2,,,,CE6,80,with more than 5% free sulphuric acid
2584,b,"ARYLSULPHONIC ACIDS, LIQUID",8,C1,II,8,,1 L,E2,P001 IBC02,,MP15,T8,TP2,L4BN,,2,,,,CE6,80,with more than 5% free sulphuric acid
2585,a,"ALKYLSULPHONIC ACIDS, SOLID",8,C4,III,8,,5 kg,E1,P002 IBC08 LP02 R001,B3,MP10,T1,TP33,SGAV,,3,,VC1 VC2 AP7,,CE11,80,with not more than 5% free sulphuric acid
2585,b,"ARYLSULPHONIC ACIDS, SOLID",8,C4,III,8,,5 kg,E1,P002 IBC08 LP02 R001,B3,MP10,T1,TP33,SGAV,,3,,VC1 VC2 AP7,,CE11,80,with not more than 5% free sulphuric acid
2586,a,"ALKYLSULPHONIC ACIDS, LIQUID",8,C3,III,8,,5 L,E1,P001 IBC03 LP01 R001,,MP19,T4,TP1,L4BN,TU42,3,W12,,,CE8,80,with not more than 5% free sulphuric acid
2586,b,"ARYLSULPHONIC ACIDS, LIQUID",8,C3,III,8,,5 L,E1,P001 IBC03 LP01 R001,,MP19,T4,TP1,L4BN,TU42,3,W12,,,CE8,80,with not more than 5% free sulphuric acid
2587,,BENZOQUINONE,6.1,T2,II,6.1,,500 g,E4,P002 IBC08,B4,MP10,T3,TP33,SGAH L4BH,TU15,2,W11,,CW13 CW28 CW31,CE9,60,
2588,a,"PESTICIDE, SOLID, TOXIC, N.O.S.",6.1,T7,I,6.1,61 274 648,0,E5,P002 IBC02,,MP18,T6,TP33,S10AH L10CH,TU14 TU15 TU38 TE21 TE22,1,,,CW13 CW28 CW31,CE12,66,
2588,b,"PESTICIDE, SOLID, TOXIC, N.O.S.",6.1,T7,II,6.1,61 274 648,500 g,E4,P002 IBC08,B4,MP10,T3,TP33,SGAH L4BH,TU15,2,W11,,CW13 CW28 CW31,CE9 CE12,60,
2588,c,"PESTICIDE, SOLID, TOXIC, N.O.S.",6.1,T7,III,6.1,61 274 648,5 kg,E1,P002 IBC08 LP02 R001,B3,MP10,T1,TP33,SGAH L4BH,TU15,2,,VC1 VC2 AP7,CW13 CW28 CW31,CE11 CE12,60,
2589,,VINYL CHLOROACETATE,6.1,TF1,II,6.1+3,,100 mL,E4,P001 IBC02,,MP15,T7,TP2,L4BH,TU15,2,,,CW13 CW28 CW31,CE5,63,
2590,,"ASBESTOS, CHRYSOTILE",9,M1,III,9,168,5 kg,E1,P002 IBC08 R001,PP37 B4,MP10,T1,TP33,SGAH,TU15,3,W11,,CW13 CW28 CW31,CE11,90,
2591,,"XENON, REFRIGERATED LIQUID",2,3A,,2.2+13,593,120 mL,E1,P203,,MP9,T75,TP5,RxBN,TU19 TA4 TT9 TM6,3,W5,,CW9 CW11 CW36,CE2,22,
2599,a,"CHLOROTRIFLUOROMETHANE AND TRIFLUOROMETHANE, AZEOTROPIC MIXTURE",2,2A,,2.2+13,662,120 mL,E1,P200,,MP9,(M),,PxBN(M),TA4 TT9 TM6,3,,,CW9 CW10 CW36,CE3,20,with approximately 60% chlorotrifluoromethane
2599,b,REFRIGERANT GAS R 503,2,2A,,2.2+13,662,120 mL,E1,P200,,MP9,(M),,PxBN(M),TA4 TT9 TM6,3,,,CW9 CW10 CW36,CE3,20,
2601,,CYCLOBUTANE,2,2F,,2.1+13,662,0,E0,P200,,MP9,(M),,PxBN(M),TU38 TE22 TA4 TT9 TM6,2,,,CW9 CW10 CW36,CE3,23,
2602,a,"DICHLORODIFLUOROMETHANE AND DIFLUOROETHANE, AZEOTROPIC MIXTURE",2,2A,,2.2+13,662,120 mL,E1,P200,,MP9,T50 (M),,PxBN(M),TA4 TT9 TM6,3,,,CW9 CW10 CW36,CE3,20,with approximately 74% dichlorodifluoromethane
2602,b,REFRIGERANT GAS R 500,2,2A,,2.2+13,662,120 mL,E1,P200,,MP9,T50 (M),,PxBN(M),TA4 TT9 TM6,3,,,CW9 CW10 CW36,CE3,20,
2603,,CYCLOHEPTATRIENE,3,FT1,II,3+6.1,,1 L,E2,P001 IBC02,,MP19,T7,TP1,L4BH,TU15,2,,,CW13 CW28,CE7,336,
2604,,BORON TRIFLUORIDE DIETHYL ETHERATE,8,CF1,I,8+3,,0,E0,P001,,MP8 MP17,T10,TP2,L10BH,TU38 TE22,1,,,,,883,
2605,,METHOXYMETHYL ISOCYANATE,6.1,TF1,I,6.1+3,354,0,E0,P602,,MP8 MP17,T20,TP2,L10CH,TU14 TU15 TU38 TE21 TE22,1,,,CW13 CW28 CW31,,663,
2606,,METHYL ORTHOSILICATE,6.1,TF1,I,6.1+3,354,0,E0,P602,,MP8 MP17,T20,TP2,L10CH,TU14 TU15 TU38 TE21 TE22,1,,,CW13 CW28 CW31,,663,
2607,,"ACROLEIN DIMER, STABILIZED",3,F1,III,3,386 676,5 L,E1,P001 IBC03 LP01 R001,,MP19,T2,TP1,LGBF,,3,W12,,,CE4,39,
2608,,NITROPROPANES,3,F1,III,3,,5 L,E1,P001 IBC03 LP01 R001,,MP19,T2,TP1,LGBF,,3,W12,,,CE4,30,
2609,,TRIALLYL BORATE,6.1,T1,III,6.1,,5 L,E1,P001 IBC03 LP01 R001,,MP19,,,L4BH,TU15,2,W12,,CW13 CW28 CW31,CE8,60,
2610,,TRIALLYLAMINE,3,FC,III,3+8,,5 L,E1,P001 IBC03 R001,,MP19,T4,TP1,L4BN,,3,W12,,,CE4,38,
2611,,PROPYLENE CHLOROHYDRIN,6.1,TF1,II,6.1+3,,100 mL,E4,P001 IBC02,,MP15,T7,TP2,L4BH,TU15,2,,,CW13 CW28 CW31,CE5,63,
2612,,METHYL PROPYL ETHER,3,F1,II,3,,1 L,E2,P001 IBC02,B8,MP19,T7,TP2,L1.5BN,,2,,,,CE7,33,
2614,,METHALLYL ALCOHOL,3,F1,III,3,,5 L,E1,P001 IBC03 LP01 R001,,MP19,T2,TP1,LGBF,,3,W12,,,CE4,30,
2615,,ETHYL PROPYL ETHER,3,F1,II,3,,1 L,E2,P001 IBC02 R001,,MP19,T4,TP1,LGBF,,2,,,,CE7,33,
2616,a,TRIISOPROPYL BORATE,3,F1,II,3,,1 L,E2,P001 IBC02 R001,,MP19,T4,TP1,LGBF,,2,,,,CE7,33,
2616,b,TRIISOPROPYL BORATE,3,F1,III,3,,5 L,E1,P001 IBC03 LP01 R001,,MP19,T2,TP1,LGBF,,3,W12,,,CE4,30,
2617,,METHYLCYCLOHEXANOLS,3,F1,III,3,,5 L,E1,P001 IBC03 LP01 R001,,MP19,T2,TP1,LGBF,,3,W12,,,CE4,30,flammable
2618,,"VINYLTOLUENES, STABILIZED",3,F1,III,3,386 676,5 L,E1,P001 IBC03 LP01 R001,,MP19,T2,TP1,LGBF,,3,W12,,,CE4,39,
2619,,BENZYLDIMETHYLAMINE,8,CF1,II,8+3,,1 L,E2,P001 IBC02,,MP15,T7,TP2,L4BN,,2,,,,CE6,83,
2620,,AMYL BUTYRATES,3,F1,III,3,,5 L,E1,P001 IBC03 LP01 R001,,MP19,T2,TP1,LGBF,,3,W12,,,CE4,30,
2621,,ACETYL METHYL CARBINOL,3,F1,III,3,,5 L,E1,P001 IBC03 LP01 R001,,MP19,T2,TP1,LGBF,,3,W12,,,CE4,30,
2622,,GLYCIDALDEHYDE,3,FT1,II,3+6.1,,1 L,E2,P001 IBC02,B8,MP19,T7,TP1,L4BH,TU15,2,,,CW13 CW28,CE7,336,
2623,,"FIRELIGHTERS, SOLID",4.1,F1,III,4.1,,5 kg,E1,P002 LP02 R001,PP15,MP11,,,,,4,W1,,,CE11,40,with flammable liquid
2624,,MAGNESIUM SILICIDE,4.3,W2,II,4.3,,500 g,E2,P410 IBC07,,MP14,T3,TP33,SGAN,,2,W1,,CW23,CE10,423,
2626,,"CHLORIC ACID, AQUEOUS SOLUTION",5.1,O1,II,5.1,613,1 L,E0,P504 IBC02,,MP2,T4,TP1,L4BN,TU3,2,,,CW24,CE6,50,with not more than 10% chloric acid
2627,,"NITRITES, INORGANIC, N.O.S.",5.1,O2,II,5.1,103 274,1 kg,E2,P002 IBC08,B4,MP10,T3,TP33,SGAN,TU3,2,W11,,CW24,CE10,50,
2628,,POTASSIUM FLUOROACETATE,6.1,T2,I,6.1,,0,E5,P002 IBC07,,MP18,T6,TP33,S10AH,TU15,1,W10,,CW13 CW28 CW31,,66,
2629,,SODIUM FLUOROACETATE,6.1,T2,I,6.1,,0,E5,P002 IBC07,,MP18,T6,TP33,S10AH,TU15,1,W10,,CW13 CW28 CW31,,66,
2630,a,SELENATES,6.1,T5,I,6.1,274,0,E5,P002 IBC07,,MP18,T6,TP33,S10AH L10CH,TU14 TU15 TU38 TE21 TE22,1,W10,,CW13 CW28 CW31,,66,
2630,b,SELENITES,6.1,T5,I,6.1,274,0,E5,P002 IBC07,,MP18,T6,TP33,S10AH L10CH,TU14 TU15 TU38 TE21 TE22,1,W10,,CW13 CW28 CW31,,66,
2642,,FLUOROACETIC ACID,6.1,T2,I,6.1,,0,E5,P002 IBC07,,MP18,T6,TP33,S10AH L10CH,TU14 TU15 TU38 TE21 TE22,1,W10,,CW13 CW28 CW31,,66,
2643,,METHYL BROMOACETATE,6.1,T1,II,6.1,,100 mL,E4,P001 IBC02,,MP15,T7,TP2,L4BH,TU15,2,,,CW13 CW28 CW31,CE5,60,
2644,,METHYL IODIDE,6.1,T1,I,6.1,354,0,E0,P602,,MP8 MP17,T20,TP2,L10CH,TU14 TU15 TU38 TE21 TE22,1,,,CW13 CW28 CW31,,66,
2645,,PHENACYL BROMIDE,6.1,T2,II,6.1,,500 g,E4,P002 IBC08,B4,MP10,T3,TP33,SGAH L4BH,TU15,2,W11,,CW13 CW28 CW31,CE9,60,
2646,,HEXACHLOROCYCLOPENTADIENE,6.1,T1,I,6.1,354,0,E0,P602,,MP8 MP17,T20,TP2,L10CH,TU14 TU15 TU38 TE21 TE22,1,,,CW13 CW28 CW31,,66,
2647,,MALONONITRILE,6.1,T2,II,6.1,,500 g,E4,P002 IBC08,B4,MP10,T3,TP33,SGAH L4BH,TU15,2,W11,,CW13 CW28 CW31,CE9,60,
2648,,"1,2-DIBROMOBUTAN-3-ONE",6.1,T1,II,6.1,,100 mL,E4,P001 IBC02,,MP15,,,L4BH,TU15,2,,,CW13 CW28 CW31,CE5,60,
2649,,"1,3-DICHLOROACETONE",6.1,T2,II,6.1,,500 g,E4,P002 IBC08,B4,MP10,T3,TP33,SGAH L4BH,TU15,2,W11,,CW13 CW28 CW31,CE9,60,
2650,,"1,1-DICHLORO-1-NITROETHANE",6.1,T1,II,6.1,,100 mL,E4,P001 IBC02,,MP15,T7,TP2,L4BH,TU15,2,,,CW13 CW28 CW31,CE5,60,
2651,,"4,4'-DIAMINODIPHENYLMETHANE",6.1,T2,III,6.1,,5 kg,E1,P002 IBC08 LP02 R001,B3,MP10,T1,TP33,SGAH L4BH,TU15,2,,VC1 VC2 AP7,CW13 CW28 CW31,CE11,60,
2653,,BENZYL IODIDE,6.1,T1,II,6.1,,100 mL,E4,P001 IBC02,,MP15,T7,TP2,L4BH,TU15,2,,,CW13 CW28 CW31,CE5,60,
2655,,POTASSIUM FLUOROSILICATE,6.1,T5,III,6.1,,5 kg,E1,P002 IBC08 LP02 R001,B3,MP10,T1,TP33,SGAH L4BH,TU15,2,,VC1 VC2 AP7,CW13 CW28 CW31,CE11,60,
2656,,QUINOLINE,6.1,T1,III,6.1,,5 L,E1,P001 IBC03 LP01 R001,,MP19,T4,TP1,L4BH,TU15,2,W12,,CW13 CW28 CW31,CE8,60,
2657,,SELENIUM DISULPHIDE,6.1,T5,II,6.1,,500 g,E4,P002 IBC08,B4,MP10,T3,TP33,SGAH L4BH,TU15,2,W11,,CW13 CW28 CW31,CE9,60,
2659,,SODIUM CHLOROACETATE,6.1,T2,III,6.1,,5 kg,E1,P002 IBC08 LP02 R001,B3,MP10,T1,TP33,SGAH,TU15,2,,VC1 VC2 AP7,CW13 CW28 CW31,CE11,60,
2660,,NITROTOLUIDINES (MONO),6.1,T2,III,6.1,,5 kg,E1,P002 IBC08 LP02 R001,B3,MP10,T1,TP33,SGAH L4BH,TU15,2,,VC1 VC2 AP7,CW13 CW28 CW31,CE11,60,
2661,,HEXACHLOROACETONE,6.1,T1,III,6.1,,5 L,E1,P001 IBC03 LP01 R001,,MP19,T4,TP1,L4BH,TU15,2,W12,,CW13 CW28 CW31,CE8,60,
2664,,DIBROMOMETHANE,6.1,T1,III,6.1,,5 L,E1,P001 IBC03 LP01 R001,,MP19,T4,TP1,L4BH,TU15,2,W12,,CW13 CW28 CW31,CE8,60,
2667,,BUTYLTOLUENES,6.1,T1,III,6.1,,5 L,E1,P001 IBC03 LP01 R001,,MP19,T4,TP1,L4BH,TU15,2,W12,,CW13 CW28 CW31,CE8,60,
2668,,CHLOROACETONITRILE,6.1,TF1,I,6.1+3,354,0,E0,P602,,MP8 MP17,T20,TP2,L10CH,TU14 TU15 TU38 TE21 TE22,1,,,CW13 CW28 CW31,,663,
2669,a,CHLOROCRESOLS SOLUTION,6.1,T1,II,6.1,,100 mL,E4,P001 IBC02,,MP15,T7,TP2,L4BH,TU15,2,,,CW13 CW28 CW31,CE5,60,
2669,b,CHLOROCRESOLS SOLUTION,6.1,T1,III,6.1,,5 L,E1,P001 IBC03 LP01 R001,,MP19,T7,TP2,L4BH,TU15,2,W12,,CW13 CW28 CW31,CE8,60,
2670,,CYANURIC CHLORIDE,8,C4,II,8,,1 kg,E2,P002 IBC08,B4,MP10,T3,TP33,SGAN L4BN,,2,W11,,,CE10,80,
2671,,AMINOPYRIDINES,6.1,T2,II,6.1,,500 g,E4,P002 IBC08,B4,MP10,T3,TP33,SGAH L4BH,TU15,2,W11,,CW13 CW28 CW31,CE9,60,"(o-, m-, p-)"
2672,,AMMONIA SOLUTION,8,C5,III,8,543,5 L,E1,P001 IBC03 LP01 R001,,MP19,T7,TP1,L4BN,,3,W12,,,CE8,80,"relative density between 0.880 and 0.957 at 15°C in water, with more than 10% but not more than 35% ammonia"
2673,,2-AMINO-4-CHLOROPHENOL,6.1,T2,II,6.1,,500 g,E4,P002 IBC08,B4,MP10,T3,TP33,SGAH L4BH,TU15,2,W11,,CW13 CW28 CW31,CE9,60,
2674,,SODIUM FLUOROSILICATE,6.1,T5,III,6.1,,5 kg,E1,P002 IBC08 LP02 R001,B3,MP10,T1,TP33,SGAH L4BH,TU15,2,,VC1 VC2 AP7,CW13 CW28 CW31,CE11,60,
2676,,STIBINE,2,2TF,,2.3+2.1,,0,E0,P200,,MP9,,,,,1,,,CW9 CW10 CW36,,263,
2677,a,RUBIDIUM HYDROXIDE SOLUTION,8,C5,II,8,,1 L,E2,P001 IBC02,,MP15,T7,TP2,L4BN,,2,,,,CE6,80,
2677,b,RUBIDIUM HYDROXIDE SOLUTION,8,C5,III,8,,5 L,E1,P001 IBC03 LP01 R001,,MP19,T4,TP1,L4BN,,3,W12,,,CE8,80,
2678,,RUBIDIUM HYDROXIDE,8,C6,II,8,,1 kg,E2,P002 IBC08,B4,MP10,T3,TP33,SGAN,,2,W11,,,CE10,80,
2679,a,LITHIUM HYDROXIDE SOLUTION,8,C5,II,8,,1 L,E2,P001 IBC02,,MP15,T7,TP2,L4BN,,2,,,,CE6,80,
2679,b,LITHIUM HYDROXIDE SOLUTION,8,C5,III,8,,5 L,E1,P001 IBC03 LP01 R001,,MP19,T4,TP2,L4BN,,3,W12,,,CE8,80,
2680,,LITHIUM HYDROXIDE,8,C6,II,8,,1 kg,E2,P002 IBC08,B4,MP10,T3,TP33,SGAN,,2,W11,,,CE10,80,
2681,a,CAESIUM HYDROXIDE SOLUTION,8,C5,II,8,,1 L,E2,P001 IBC02,,MP15,T7,TP2,L4BN,,2,,,,CE6,80,
2681,b,CAESIUM HYDROXIDE SOLUTION,8,C5,III,8,,5 L,E1,P001 IBC03 LP01 R001,,MP19,T4,TP1,L4BN,,3,W12,,,CE8,80,
2682,,CAESIUM HYDROXIDE,8,C6,II,8,,1 kg,E2,P002 IBC08,B4,MP10,T3,TP33,SGAN,,2,W11,,,CE10,80,
2683,a,AMMONIUM SULPHIDE SOLUTION,8,CFT,II,8+3+6.1,,1 L,E2,P001 IBC01,,MP15,T7,TP2,L4BN,,2,,,CW13 CW28,CE6,836,
2683,b,AMMONIUM SULPHIDE SOLUTION,8,CFT,II,8+3+6.1,,1 L,E2,P001 IBC01,,MP15,T7,TP2,L4BN,,2,,,CW13 CW28,CE6,836,
2684,,3-DIETHYLAMINOPROPYLAMINE,3,FC,III,3+8,,5 L,E1,P001 IBC03 R001,,MP19,T4,TP1,L4BN,,3,W12,,,CE4,38,
2685,,"N,N-DIETHYLETHYLENEDIAMINE",8,CF1,II,8+3,,1 L,E2,P001 IBC02,,MP15,T7,TP2,L4BN,,2,,,,CE6,83,
2686,,2-DIETHYLAMINOETHANOL,8,CF1,II,8+3,,1 L,E2,P001 IBC02,,MP15,T7,TP2,L4BN,,2,,,,CE6,83,
2687,,DICYCLOHEXYLAMMONIUM NITRITE,4.1,F3,III,4.1,,5 kg,E1,P002 IBC08 LP02 R001,B3,MP11,T1,TP33,SGAV,,3,W1,VC1 VC2,,CE11,40,
2688,,1-BROMO-3-CHLOROPROPANE,6.1,T1,III,6.1,,5 L,E1,P001 IBC03 LP01 R001,,MP19,T4,TP1,L4BH,TU15,2,W12,,CW13 CW28 CW31,CE8,60,
2689,,GLYCEROL alpha-MONOCHLOROHYDRIN,6.1,T1,III,6.1,,5 L,E1,P001 IBC03 LP01 R001,,MP19,T4,TP1,L4BH,TU15,2,W12,,CW13 CW28 CW31,CE8,60,
2690,,"N,n-BUTYLIMIDAZOLE",6.1,T1,II,6.1,,100 mL,E4,P001 IBC02,,MP15,T7,TP2,L4BH,TU15,2,,,CW13 CW28 CW31,CE5,60,
2691,,PHOSPHORUS PENTABROMIDE,8,C2,II,8,,1 kg,E0,P002 IBC08,B4,MP10,T3,TP33,SGAN,,2,W11,,,CE10,80,
2692,,BORON TRIBROMIDE,8,C1,I,8,,0,E0,P602,,MP8 MP17,T20,TP2,L10BH,TU38 TE22,1,,,,,X88,
2693,,"BISULPHITES, AQUEOUS SOLUTION, N.O.S.",8,C1,III,8,274,5 L,E1,P001 IBC03 LP01 R001,,MP19,T7,TP1 TP28,L4BN,TU42,3,W12,,,CE8,80,
2698,,TETRAHYDROPHTHALIC ANHYDRIDES,8,C4,III,8,169,5 kg,E1,P002 IBC08 LP02 R001,PP14 B3,MP10,T1,TP33,SGAV L4BN,,3,,VC1 VC2 AP7,,CE11,80,with more than 0.05% of maleic anhydride
2699,,TRIFLUOROACETIC ACID,8,C3,I,8,,0,E0,P001,,MP8 MP17,T10,TP2,L10BH,TU38 TE22,1,,,,,88,
2705,,1-PENTOL,8,C9,II,8,,1 L,E2,P001 IBC02,,MP15,T7,TP2,L4BN,,2,,,,CE6,80,
2707,a,DIMETHYLDIOXANES,3,F1,II,3,,1 L,E2,P001 IBC02 R001,,MP19,T4,TP1,LGBF,,2,,,,CE7,33,
2707,b,DIMETHYLDIOXANES,3,F1,III,3,,5 L,E1,P001 IBC03 LP01 R001,,MP19,T2,TP1,LGBF,,3,W12,,,CE4,30,
2709,,BUTYLBENZENES,3,F1,III,3,,5 L,E1,P001 IBC03 LP01 R001,,MP19,T2,TP1,LGBF,,3,W12,,,CE4,30,
2710,,DIPROPYL KETONE,3,F1,III,3,,5 L,E1,P001 IBC03 LP01 R001,,MP19,T2,TP1,LGBF,,3,W12,,,CE4,30,
2713,,ACRIDINE,6.1,T2,III,6.1,,5 kg,E1,P002 IBC08 LP02 R001,B3,MP10,T1,TP33,SGAH L4BH,TU15,2,,VC1 VC2 AP7,CW13 CW28 CW31,CE11,60,
2714,,ZINC RESINATE,4.1,F3,III,4.1,,5 kg,E1,P002 IBC06 R001,,MP11,T1,TP33,SGAV,,3,W1,VC1 VC2,,CE11,40,
2715,,ALUMINIUM RESINATE,4.1,F3,III,4.1,,5 kg,E1,P002 IBC06 R001,,MP11,T1,TP33,SGAV,,3,W1,VC1 VC2,,CE11,40,
2716,,"1,4-BUTYNEDIOL",6.1,T2,III,6.1,,5 kg,E1,P002 IBC08 LP02 R001,B3,MP10,T1,TP33,SGAH L4BH,TU15,2,,VC1 VC2 AP7,CW13 CW28 CW31,CE11,60,
2717,,CAMPHOR,4.1,F1,III,4.1,,5 kg,E1,P002 IBC08 LP02 R001,B3,MP10,T1,TP33,SGAV,,3,W1,VC1 VC2,,CE11,40,synthetic
2719,,BARIUM BROMATE,5.1,OT2,II,5.1+6.1,,1 kg,E2,P002 IBC08,B4,MP2,T3,TP33,SGAN,TU3,2,W11,,CW24 CW28,CE10,56,
2720,,CHROMIUM NITRATE,5.1,O2,III,5.1,,5 kg,E1,P002 IBC08 LP02 R001,B3,MP10,T1,TP33,SGAV,TU3,3,,VC1 VC2 AP6 AP7,CW24,CE11,50,
2721,,COPPER CHLORATE,5.1,O2,II,5.1,,1 kg,E2,P002 IBC08,B4,MP2,T3,TP33,SGAV,TU3,2,W11,VC1 VC2 AP6 AP7,CW24,CE10,50,
2722,,LITHIUM NITRATE,5.1,O2,III,5.1,,5 kg,E1,P002 IBC08 LP02 R001,B3,MP10,T1,TP33,SGAV,TU3,3,,VC1 VC2 AP6 AP7,CW24,CE11,50,
2723,,MAGNESIUM CHLORATE,5.1,O2,II,5.1,,1 kg,E2,P002 IBC08,B4,MP2,T3,TP33,SGAV,TU3,2,W11,VC1 VC2 AP6 AP7,CW24,CE10,50,
2724,,MANGANESE NITRATE,5.1,O2,III,5.1,,5 kg,E1,P002 IBC08 LP02 R001,B3,MP10,T1,TP33,SGAV,TU3,3,,VC1 VC2 AP6 AP7,CW24,CE11,50,
2725,,NICKEL NITRATE,5.1,O2,III,5.1,,5 kg,E1,P002 IBC08 LP02 R001,B3,MP10,T1,TP33,SGAV,TU3,3,,VC1 VC2 AP6 AP7,CW24,CE11,50,
2726,,NICKEL NITRITE,5.1,O2,III,5.1,,5 kg,E1,P002 IBC08 LP02 R001,B3,MP10,T1,TP33,SGAV,TU3,3,,VC1 VC2 AP6 AP7,CW24,CE11,50,
2727,,THALLIUM NITRATE,6.1,TO2,II,6.1+5.1,,500 g,E4,P002 IBC06,,MP10,T3,TP33,SGAH,TU15,2,W11,,CW13 CW28 CW31,CE9,65,
2728,,ZIRCONIUM NITRATE,5.1,O2,III,5.1,,5 kg,E1,P002 IBC08 LP02 R001,B3,MP10,T1,TP33,SGAV,TU3,3,,VC1 VC2 AP6 AP7,CW24,CE11,50,
2729,,HEXACHLOROBENZENE,6.1,T2,III,6.1,,5 kg,E1,P002 IBC08 LP02 R001,B3,MP10,T1,TP33,SGAH,TU15,2,,VC1 VC2 AP7,CW13 CW28 CW31,CE11,60,
2730,,"NITROANISOLES, LIQUID",6.1,T1,III,6.1,279,5 L,E1,P001 IBC03 LP01 R001,,MP19,T4,TP1,L4BH,TU15,2,W12,,CW13 CW28 CW31,CE8,60,
2732,,"NITROBROMOBENZENES, LIQUID",6.1,T1,III,6.1,,5 L,E1,P001 IBC03 LP01 R001,,MP19,T4,TP1,L4BH,TU15,2,W12,,CW13 CW28 CW31,CE8,60,
2733,a,"AMINES, FLAMMABLE, CORROSIVE, N.O.S.",3,FC,I,3+8,274 544,0,E0,P001,,MP7 MP17,T14,TP1 TP27,L10CH,TU14 TU38 TE21 TE22,1,,,,,338,
2733,b,"POLYAMINES, FLAMMABLE, CORROSIVE, N.O.S.",3,FC,I,3+8,274 544,0,E0,P001,,MP7 MP17,T14,TP1 TP27,L10CH,TU14 TU38 TE21 TE22,1,,,,,338,
2733,c,"AMINES, FLAMMABLE, CORROSIVE, N.O.S.",3,FC,II,3+8,274 544,1 L,E2,P001 IBC02,,MP19,T11,TP1 TP27,L4BH,,2,,,,CE7,338,
2733,d,"POLYAMINES, FLAMMABLE, CORROSIVE, N.O.S.",3,FC,II,3+8,274 544,1 L,E2,P001 IBC02,,MP19,T11,TP1 TP27,L4BH,,2,,,,CE7,338,
2733,e,"AMINES, FLAMMABLE, CORROSIVE, N.O.S.",3,FC,III,3+8,274 544,5 L,E1,P001 IBC03 R001,,MP19,T7,TP1 TP28,L4BN,,3,W12,,,CE4,38,
2733,f,"POLYAMINES, FLAMMABLE, CORROSIVE, N.O.S.",3,FC,III,3+8,274 544,5 L,E1,P001 IBC03 R001,,MP19,T7,TP1 TP28,L4BN,,3,W12,,,CE4,38,
2734,a,"AMINES, LIQUID, CORROSIVE, FLAMMABLE, N.O.S.",8,CF1,I,8+3,274,0,E0,P001,,MP8 MP17,T14,TP2 TP27,L10BH,TU38 TE22,1,,,,,883,
2734,b,"POLYAMINES, LIQUID, CORROSIVE, FLAMMABLE, N.O.S.",8,CF1,I,8+3,274,0,E0,P001,,MP8 MP17,T14,TP2 TP27,L10BH,TU38 TE22,1,,,,,883,
2734,c,"AMINES, LIQUID, CORROSIVE, FLAMMABLE, N.O.S.",8,CF1,II,8+3,274,1 L,E2,P001 IBC02,,MP15,T11,TP2 TP27,L4BN,,2,,,,CE6,83,
2734,d,"POLYAMINES, LIQUID, CORROSIVE, FLAMMABLE, N.O.S.",8,CF1,II,8+3,274,1 L,E2,P001 IBC02,,MP15,T11,TP2 TP27,L4BN,,2,,,,CE6,83,
2735,a,"AMINES, LIQUID, CORROSIVE, N.O.S.",8,C7,I,8,274,0,E0,P001,,MP8 MP17,T14,TP2 TP27,L10BH,TU38 TE22,1,,,,,88,
2735,b,"POLYAMINES, LIQUID, CORROSIVE, N.O.S.",8,C7,I,8,274,0,E0,P001,,MP8 MP17,T14,TP2 TP27,L10BH,TU38 TE22,1,,,,,88,
2735,c,"AMINES, LIQUID, CORROSIVE, N.O.S.",8,C7,II,8,274,1 L,E2,P001 IBC02,,MP15,T11,TP1 TP27,L4BN,,2,,,,CE6,80,
2735,d,"POLYAMINES, LIQUID, CORROSIVE, N.O.S.",8,C7,II,8,274,1 L,E2,P001 IBC02,,MP15,T11,TP1 TP27,L4BN,,2,,,,CE6,80,
2735,e,"AMINES, LIQUID, CORROSIVE, N.O.S.",8,C7,III,8,274,5 L,E1,P001 IBC03 LP01 R001,,MP19,T7,TP1 TP28,L4BN,,3,W12,,,CE8,80,
2735,f,"POLYAMINES, LIQUID, CORROSIVE, N.O.S.",8,C7,III,8,274,5 L,E1,P001 IBC03 LP01 R001,,MP19,T7,TP1 TP28,L4BN,,3,W12,,,CE8,80,
2738,,N-BUTYLANILINE,6.1,T1,II,6.1,,100 mL,E4,P001 IBC02,,MP15,T7,TP2,L4BH,TU15,2,,,CW13 CW28 CW31,CE5,60,
2739,,BUTYRIC ANHYDRIDE,8,C3,III,8,,5 L,E1,P001 IBC03 LP01 R001,,MP19,T4,TP1,L4BN,,3,W12,,,CE8,80,
2740,,n-PROPYL CHLOROFORMATE,6.1,TFC,I,6.1+3+8,,0,E0,P602,,MP8 MP17,T20,TP2,L10CH,TU14 TU15 TU38 TE21 TE22,1,,,CW13 CW28 CW31,,668,
2741,,BARIUM HYPOCHLORITE,5.1,OT2,II,5.1+6.1,,1 kg,E2,P002 IBC08,B4,MP2,T3,TP33,SGAN,TU3,2,W11,,CW24 CW28,CE10,56,with more than 22% available chlorine
2742,,"CHLOROFORMATES, TOXIC, CORROSIVE, FLAMMABLE, N.O.S.",6.1,TFC,II,6.1+3+8,274 561,100 mL,E4,P001 IBC01,,MP15,,,L4BH,TU15,2,,,CW13 CW28 CW31,CE5,638,
2743,,n-BUTYL CHLOROFORMATE,6.1,TFC,II,6.1+3+8,,100 mL,E0,P001,,MP15,T20,TP2,L4BH,TU15,2,,,CW13 CW28 CW31,CE5,638,
2744,,CYCLOBUTYL CHLOROFORMATE,6.1,TFC,II,6.1+3+8,,100 mL,E4,P001 IBC01,,MP15,T7,TP2,L4BH,TU15,2,,,CW13 CW28 CW31,CE5,638,
2745,,CHLOROMETHYL CHLOROFORMATE,6.1,TC1,II,6.1+8,,100 mL,E4,P001 IBC02,,MP15,T7,TP2,L4BH,TU15,2,,,CW13 CW28 CW31,CE5,68,
2746,,PHENYL CHLOROFORMATE,6.1,TC1,II,6.1+8,,100 mL,E4,P001 IBC02,,MP15,T7,TP2,L4BH,TU15,2,,,CW13 CW28 CW31,CE5,68,
2747,,tert-BUTYLCYCLOHEXYL CHLOROFORMATE,6.1,T1,III,6.1,,5 L,E1,P001 IBC03 LP01 R001,,MP19,T4,TP1,L4BH,TU15,2,W12,,CW13 CW28 CW31,CE8,60,
2748,,2-ETHYLHEXYL CHLOROFORMATE,6.1,TC1,II,6.1+8,,100 mL,E4,P001 IBC02,,MP15,T7,TP2,L4BH,TU15,2,,,CW13 CW28 CW31,CE5,68,
2749,,TETRAMETHYLSILANE,3,F1,I,3,,0,E0,P001,,MP7 MP17,T14,TP2,L4BN,,1,,,,,33,
2750,,"1,3-DICHLOROPROPANOL-2",6.1,T1,II,6.1,,100 mL,E4,P001 IBC02,,MP15,T7,TP2,L4BH,TU15,2,,,CW13 CW28 CW31,CE5,60,
2751,,DIETHYLTHIOPHOSPHORYL CHLORIDE,8,C3,II,8,,1 L,E2,P001 IBC02,,MP15,T7,TP2,L4BN,,2,,,,CE6,80,
2752,,"1,2-EPOXY-3-ETHOXYPROPANE",3,F1,III,3,,5 L,E1,P001 IBC03 LP01 R001,,MP19,T2,TP1,LGBF,,3,W12,,,CE4,30,
2753,,"N-ETHYLBENZYLTOLUIDINES, LIQUID",6.1,T1,III,6.1,,5 L,E1,P001 IBC03 LP01 R001,,MP19,T7,TP1,L4BH,TU15,2,W12,,CW13 CW28 CW31,CE8,60,
2754,,N-ETHYLTOLUIDINES,6.1,T1,II,6.1,,100 mL,E4,P001 IBC02,,MP15,T7,TP2,L4BH,TU15,2,,,CW13 CW28 CW31,CE5,60,
2757,a,"CARBAMATE PESTICIDE, SOLID, TOXIC",6.1,T7,I,6.1,61 274 648,0,E5,P002 IBC07,,MP18,T6,TP33,S10AH L10CH,TU14 TU15 TU38 TE21 TE22,1,W10,,CW13 CW28 CW31,CE12,66,
2757,b,"CARBAMATE PESTICIDE, SOLID, TOXIC",6.1,T7,II,6.1,61 274 648,500 g,E4,P002 IBC08,B4,MP10,T3,TP33,SGAH L4BH,TU15,2,W11,,CW13 CW28 CW31,CE9 CE12,60,
2757,c,"CARBAMATE PESTICIDE, SOLID, TOXIC",6.1,T7,III,6.1,61 274 648,5 kg,E1,P002 IBC08 LP02 R001,B3,MP10,T1,TP33,SGAH L4BH,TU15,2,,VC1 VC2 AP7,CW13 CW28 CW31,CE11 CE12,60,
2758,a,"CARBAMATE PESTICIDE, LIQUID, FLAMMABLE, TOXIC",3,FT2,I,3+6.1,61 274,0,E0,P001,,MP7 MP17,T14,TP2 TP27,L10CH,TU14 TU15 TU38 TE21 TE22,1,,,CW13 CW28,,336,flashpoint less than 23°C
2758,b,"CARBAMATE PESTICIDE, LIQUID, FLAMMABLE, TOXIC",3,FT2,II,3+6.1,61 274,1 L,E2,P001 IBC02 R001,,MP19,T11,TP2 TP27,L4BH,TU15,2,,,CW13 CW28,CE7,336,flashpoint less than 23°C
2759,a,"ARSENICAL PESTICIDE, SOLID, TOXIC",6.1,T7,I,6.1,61 274 648,0,E5,P002 IBC07,,MP18,T6,TP33,S10AH L10CH,TU14 TU15 TU38 TE21 TE22,1,W10,,CW13 CW28 CW31,CE12,66,
2759,b,"ARSENICAL PESTICIDE, SOLID, TOXIC",6.1,T7,II,6.1,61 274 648,500 g,E4,P002 IBC08,B4,MP10,T3,TP33,SGAH L4BH,TU15,2,W11,,CW13 CW28 CW31,CE9 CE12,60,
2759,c,"ARSENICAL PESTICIDE, SOLID, TOXIC",6.1,T7,III,6.1,61 274 648,5 kg,E1,P002 IBC08 LP02 R001,B3,MP10,T1,TP33,SGAH L4BH,TU15,2,,VC1 VC2 AP7,CW13 CW28 CW31,CE11 CE12,60,
2760,a,"ARSENICAL PESTICIDE, LIQUID, FLAMMABLE, TOXIC",3,FT2,I,3+6.1,61 274,0,E0,P001,,MP7 MP17,T14,TP2 TP27,L10CH,TU14 TU15 TU38 TE21 TE22,1,,,CW13 CW28,,336,flashpoint less than 23°C
2760,b,"ARSENICAL PESTICIDE, LIQUID, FLAMMABLE, TOXIC",3,FT2,II,3+6.1,61 274,1 L,E2,P001 IBC02 R001,,MP19,T11,TP2 TP27,L4BH,TU15,2,,,CW13 CW28,CE7,336,flashpoint less than 23°C
2761,a,"ORGANOCHLORINE PESTICIDE, SOLID, TOXIC",6.1,T7,I,6.1,61 274 648,0,E5,P002 IBC07,,MP18,T6,TP33,S10AH L10CH,TU14 TU15 TU38 TE21 TE22,1,W10,,CW13 CW28 CW31,CE12,66,
2761,b,"ORGANOCHLORINE PESTICIDE, SOLID, TOXIC",6.1,T7,II,6.1,61 274 648,500 g,E4,P002 IBC08,B4,MP10,T3,TP33,SGAH L4BH,TU15,2,W11,,CW13 CW28 CW31,CE9 CE12,60,
2761,c,"ORGANOCHLORINE PESTICIDE, SOLID, TOXIC",6.1,T7,III,6.1,61 274 648,5 kg,E1,P002 IBC08 LP02 R001,B3,MP10,T1,TP33,SGAH L4BH,TU15,2,,VC1 VC2 AP7,CW13 CW28 CW31,CE11 CE12,60,
2762,a,"ORGANOCHLORINE PESTICIDE, LIQUID, FLAMMABLE, TOXIC",3,FT2,I,3+6.1,61 274,0,E0,P001,,MP7 MP17,T14,TP2 TP27,L10CH,TU14 TU15 TU38 TE21 TE22,1,,,CW13 CW28,,336,flashpoint less than 23°C
2762,b,"ORGANOCHLORINE PESTICIDE, LIQUID, FLAMMABLE, TOXIC",3,FT2,II,3+6.1,61 274,1 L,E2,P001 IBC02 R001,,MP19,T11,TP2 TP27,L4BH,TU15,2,,,CW13 CW28,CE7,336,flashpoint less than 23°C
2763,a,"TRIAZINE PESTICIDE, SOLID, TOXIC",6.1,T7,I,6.1,61 274 648,0,E5,P002 IBC07,,MP18,T6,TP33,S10AH L10CH,TU14 TU15 TU38 TE21 TE22,1,W10,,CW13 CW28 CW31,CE12,66,
2763,b,"TRIAZINE PESTICIDE, SOLID, TOXIC",6.1,T7,II,6.1,61 274 648,500 g,E4,P002 IBC08,B4,MP10,T3,TP33,SGAH L4BH,TU15,2,W11,,CW13 CW28 CW31,CE9 CE12,60,
2763,c,"TRIAZINE PESTICIDE, SOLID, TOXIC",6.1,T7,III,6.1,61 274 648,5 kg,E1,P002 IBC08 R001,B3,MP10,T1,TP33,SGAH L4BH,TU15,2,,VC1 VC2 AP7,CW13 CW28 CW31,CE11 CE12,60,
2764,a,"TRIAZINE PESTICIDE, LIQUID, FLAMMABLE, TOXIC",3,FT2,I,3+6.1,61 274,0,E0,P001,,MP7 MP17,T14,TP2 TP27,L10CH,TU14 TU15 TU38 TE21 TE22,1,,,CW13 CW28,,336,flashpoint less than 23°C
2764,b,"TRIAZINE PESTICIDE, LIQUID, FLAMMABLE, TOXIC",3,FT2,II,3+6.1,61 274,1 L,E2,P001 IBC02 R001,,MP19,T11,TP2 TP27,L4BH,TU15,2,,,CW13 CW28,CE7,336,flashpoint less than 23°C
2771,a,"THIOCARBAMATE PESTICIDE, SOLID, TOXIC",6.1,T7,I,6.1,61 274 648,0,E5,P002 IBC07,,MP18,T6,TP33,S10AH L10CH,TU14 TU15 TU38 TE21 TE22,1,W10,,CW13 CW28 CW31,CE12,66,
2771,b,"THIOCARBAMATE PESTICIDE, SOLID, TOXIC",6.1,T7,II,6.1,61 274 648,500 g,E4,P002 IBC08,B4,MP10,T3,TP33,SGAH L4BH,TU15,2,W11,,CW13 CW28 CW31,CE9 CE12,60,
2771,c,"THIOCARBAMATE PESTICIDE, SOLID, TOXIC",6.1,T7,III,6.1,61 274 648,5 kg,E1,P002 IBC08 LP02 R001,B3,MP10,T1,TP33,SGAH L4BH,TU15,2,,VC1 VC2 AP7,CW13 CW28 CW31,CE11 CE12,60,
2772,a,"THIOCARBAMATE PESTICIDE, LIQUID, FLAMMABLE, TOXIC",3,FT2,I,3+6.1,61 274,0,E0,P001,,MP7 MP17,T14,TP2 TP27,L10CH,TU14 TU15 TU38 TE21 TE22,1,,,CW13 CW28,,336,flashpoint less than 23°C
2772,b,"THIOCARBAMATE PESTICIDE, LIQUID, FLAMMABLE, TOXIC",3,FT2,II,3+6.1,61 274,1 L,E2,P001 IBC02 R001,,MP19,T11,TP2 TP27,L4BH,TU15,2,,,CW13 CW28,CE7,336,flashpoint less than 23°C
2775,a,"COPPER BASED PESTICIDE, SOLID, TOXIC",6.1,T7,I,6.1,61 274 648,0,E5,P002 IBC07,,MP18,T6,TP33,S10AH L10CH,TU14 TU15 TU38 TE21 TE22,1,W10,,CW13 CW28 CW31,CE12,66,
2775,b,"COPPER BASED PESTICIDE, SOLID, TOXIC",6.1,T7,II,6.1,61 274 648,500 g,E4,P002 IBC08,B4,MP10,T3,TP33,SGAH L4BH,TU15,2,W11,,CW13 CW28 CW31,CE9 CE12,60,
2775,c,"COPPER BASED PESTICIDE, SOLID, TOXIC",6.1,T7,III,6.1,61 274 648,5 kg,E1,P002 IBC08 LP02 R001,B3,MP10,T1,TP33,SGAH L4BH,TU15,2,,VC1 VC2 AP7,CW13 CW28 CW31,CE11 CE12,60,
2776,a,"COPPER BASED PESTICIDE, LIQUID, FLAMMABLE, TOXIC",3,FT2,I,3+6.1,61 274,0,E0,P001,,MP7 MP17,T14,TP2 TP27,L10CH,TU14 TU15 TU38 TE21 TE22,1,,,CW13 CW28,,336,flashpoint less than 23°C
2776,b,"COPPER BASED PESTICIDE, LIQUID, FLAMMABLE, TOXIC",3,FT2,II,3+6.1,61 274,1 L,E2,P001 IBC02 R001,,MP19,T11,TP2 TP27,L4BH,TU15,2,,,CW13 CW28,CE7,336,flashpoint less than 23°C
2777,a,"MERCURY BASED PESTICIDE, SOLID, TOXIC",6.1,T7,I,6.1,61 274 648,0,E5,P002 IBC07,,MP18,T6,TP33,S10AH L10CH,TU14 TU15 TU38 TE21 TE22,1,W10,,CW13 CW28 CW31,CE12,66,
2777,b,"MERCURY BASED PESTICIDE, SOLID, TOXIC",6.1,T7,II,6.1,61 274 648,500 g,E4,P002 IBC08,B4,MP10,T3,TP33,SGAH L4BH,TU15,2,W11,,CW13 CW28 CW31,CE9 CE12,60,
2777,c,"MERCURY BASED PESTICIDE, SOLID, TOXIC",6.1,T7,III,6.1,61 274 648,5 kg,E1,P002 IBC08 LP02 R001,B3,MP10,T1,TP33,SGAH L4BH,TU15,2,,VC1 VC2 AP7,CW13 CW28 CW31,CE11 CE12,60,
2778,a,"MERCURY BASED PESTICIDE, LIQUID, FLAMMABLE, TOXIC",3,FT2,I,3+6.1,61 274,0,E0,P001,,MP7 MP17,T14,TP2 TP27,L10CH,TU14 TU15 TU38 TE21 TE22,1,,,CW13 CW28,,336,flashpoint less than 23°C
2778,b,"MERCURY BASED PESTICIDE, LIQUID, FLAMMABLE, TOXIC",3,FT2,II,3+6.1,61 274,1 L,E2,P001 IBC02 R001,,MP19,T11,TP2 TP27,L4BH,TU15,2,,,CW13 CW28,CE7,336,flashpoint less than 23°C
2779,a,"SUBSTITUTED NITROPHENOL PESTICIDE, SOLID, TOXIC",6.1,T7,I,6.1,61 274 648,0,E5,P002 IBC07,,MP18,T6,TP33,S10AH L10CH,TU14 TU15 TU38 TE21 TE22,1,W10,,CW13 CW28 CW31,CE12,66,
2779,b,"SUBSTITUTED NITROPHENOL PESTICIDE, SOLID, TOXIC",6.1,T7,II,6.1,61 274 648,500 g,E4,P002 IBC08,B4,MP10,T3,TP33,SGAH L4BH,TU15,2,W11,,CW13 CW28 CW31,CE9 CE12,60,
2779,c,"SUBSTITUTED NITROPHENOL PESTICIDE, SOLID, TOXIC",6.1,T7,III,6.1,61 274 648,5 kg,E1,P002 IBC08 LP02 R001,B3,MP10,T1,TP33,SGAH L4BH,TU15,2,,VC1 VC2 AP7,CW13 CW28 CW31,CE11 CE12,60,
2780,a,"SUBSTITUTED NITROPHENOL PESTICIDE, LIQUID, FLAMMABLE, TOXIC",3,FT2,I,3+6.1,61 274,0,E0,P001,,MP7 MP17,T14,TP2 TP27,L10CH,TU14 TU15 TU38 TE21 TE22,1,,,CW13 CW28,,336,flashpoint less than 23°C
2780,b,"SUBSTITUTED NITROPHENOL PESTICIDE, LIQUID, FLAMMABLE, TOXIC",3,FT2,II,3+6.1,61 274,1 L,E2,P001 IBC02 R001,,MP19,T11,TP2 TP27,L4BH,TU15,2,,,CW13 CW28,CE7,336,flashpoint less than 23°C
2781,a,"BIPYRIDILIUM PESTICIDE, SOLID, TOXIC",6.1,T7,I,6.1,61 274 648,0,E5,P002 IBC07,,MP18,T6,TP33,S10AH L10CH,TU14 TU15 TU38 TE21 TE22,1,W10,,CW13 CW28 CW31,CE12,66,
2781,b,"BIPYRIDILIUM PESTICIDE, SOLID, TOXIC",6.1,T7,II,6.1,61 274 648,500 g,E4,P002 IBC08,B4,MP10,T3,TP33,SGAH L4BH,TU15,2,W11,,CW13 CW28 CW31,CE9 CE12,60,
2781,c,"BIPYRIDILIUM PESTICIDE, SOLID, TOXIC",6.1,T7,III,6.1,61 274 648,5 kg,E1,P002 IBC08 LP02 R001,B3,MP10,T1,TP33,SGAH L4BH,TU15,2,,VC1 VC2 AP7,CW13 CW28 CW31,CE11 CE12,60,
2782,a,"BIPYRIDILIUM PESTICIDE, LIQUID, FLAMMABLE, TOXIC",3,FT2,I,3+6.1,61 274,0,E0,P001,,MP7 MP17,T14,TP2 TP27,L10CH,TU14 TU15 TU38 TE21 TE22,1,,,CW13 CW28,,336,flashpoint less than 23°C
2782,b,"BIPYRIDILIUM PESTICIDE, LIQUID, FLAMMABLE, TOXIC",3,FT2,II,3+6.1,61 274,1 L,E2,P001 IBC02 R001,,MP19,T11,TP2 TP27,L4BH,TU15,2,,,CW13 CW28,CE7,336,flashpoint less than 23°C
2783,a,"ORGANOPHOSPHORUS PESTICIDE, SOLID, TOXIC",6.1,T7,I,6.1,61 274 648,0,E5,P002 IBC07,,MP18,T6,TP33,S10AH L10CH,TU14 TU15 TU38 TE21 TE22,1,W10,,CW13 CW28 CW31,CE12,66,
2783,b,"ORGANOPHOSPHORUS PESTICIDE, SOLID, TOXIC",6.1,T7,II,6.1,61 274 648,500 g,E4,P002 IBC08,B4,MP10,T3,TP33,SGAH L4BH,TU15,2,W11,,CW13 CW28 CW31,CE9 CE12,60,
2783,c,"ORGANOPHOSPHORUS PESTICIDE, SOLID, TOXIC",6.1,T7,III,6.1,61 274 648,5 kg,E1,P002 IBC08 LP02 R001,B3,MP10,T1,TP33,SGAH L4BH,TU15,2,,VC1 VC2 AP7,CW13 CW28 CW31,CE11 CE12,60,
2784,a,"ORGANOPHOSPHORUS PESTICIDE, LIQUID, FLAMMABLE, TOXIC",3,FT2,I,3+6.1,61 274,0,E0,P001,,MP7 MP17,T14,TP2 TP27,L10CH,TU14 TU15 TU38 TE21 TE22,1,,,CW13 CW28,,336,flashpoint less than 23°C
2784,b,"ORGANOPHOSPHORUS PESTICIDE, LIQUID, FLAMMABLE, TOXIC",3,FT2,II,3+6.1,61 274,1 L,E2,P001 IBC02 R001,,MP19,T11,TP2 TP27,L4BH,TU15,2,,,CW13 CW28,CE7,336,flashpoint less than 23°C
2785,,4-THIAPENTANAL,6.1,T1,III,6.1,,5 L,E1,P001 IBC03 LP01 R001,,MP19,T4,TP1,L4BH,TU15,2,W12,,CW13 CW28 CW31,CE8,60,
2786,a,"ORGANOTIN PESTICIDE, SOLID, TOXIC",6.1,T7,I,6.1,61 274 648,0,E5,P002 IBC07,,MP18,T6,TP33,S10AH L10CH,TU14 TU15 TU38 TE21 TE22,1,W10,,CW13 CW28 CW31,CE12,66,
2786,b,"ORGANOTIN PESTICIDE, SOLID, TOXIC",6.1,T7,II,6.1,61 274 648,500 g,E4,P002 IBC08,B4,MP10,T3,TP33,SGAH L4BH,TU15,2,W11,,CW13 CW28 CW31,CE9 CE12,60,
2786,c,"ORGANOTIN PESTICIDE, SOLID, TOXIC",6.1,T7,III,6.1,61 274 648,5 kg,E1,P002 IBC08 LP02 R001,B3,MP10,T1,TP33,SGAH L4BH,TU15,2,,VC1 VC2 AP7,CW13 CW28 CW31,CE11 CE12,60,
2787,a,"ORGANOTIN PESTICIDE, LIQUID, FLAMMABLE, TOXIC",3,FT2,I,3+6.1,61 274,0,E0,P001,,MP7 MP17,T14,TP2 TP27,L10CH,TU14 TU15 TU38 TE21 TE22,1,,,CW13 CW28,,336,flashpoint less than 23°C
2787,b,"ORGANOTIN PESTICIDE, LIQUID, FLAMMABLE, TOXIC",3,FT2,II,3+6.1,61 274,1 L,E2,P001 IBC02 R001,,MP19,T11,TP2 TP27,L4BH,TU15,2,,,CW13 CW28,CE7,336,flashpoint less than 23°C
2788,a,"ORGANOTIN COMPOUND, LIQUID, N.O.S.",6.1,T3,I,6.1,43 274,0,E5,P001,,MP8 MP17,T14,TP2 TP27,L10CH,TU14 TU15 TU38 TE21 TE22,1,,,CW13 CW28 CW31,,66,
2788,b,"ORGANOTIN COMPOUND, LIQUID, N.O.S.",6.1,T3,II,6.1,43 274,100 mL,E4,P001 IBC02,,MP15,T11,TP2 TP27,L4BH,TU15,2,,,CW13 CW28 CW31,CE5,60,
2788,c,"ORGANOTIN COMPOUND, LIQUID, N.O.S.",6.1,T3,III,6.1,43 274,5 L,E1,P001 IBC03 LP01 R001,,MP19,T7,TP2 TP28,L4BH,TU15,2,W12,,CW13 CW28 CW31,CE8,60,
2789,a,"ACETIC ACID, GLACIAL",8,CF1,II,8+3,,1 L,E2,P001 IBC02,,MP15,T7,TP2,L4BN,,2,,,,CE6,83,
2789,b,ACETIC ACID SOLUTION,8,CF1,II,8+3,,1 L,E2,P001 IBC02,,MP15,T7,TP2,L4BN,,2,,,,CE6,83,"more than 80% acid, by mass"
2790,a,ACETIC ACID SOLUTION,8,C3,II,8,,1 L,E2,P001 IBC02,,MP15,T7,TP2,L4BN,,2,,,,CE6,80,"not less than 50% but not more than 80% acid, by mass"
2790,b,ACETIC ACID SOLUTION,8,C3,III,8,597 647,5 L,E1,P001 IBC03 LP01 R001,,MP19,T4,TP1,L4BN,,3,W12,,,CE8,80,"more than 10% and less than 50% acid, by mass"
2793,a,FERROUS METAL BORINGS,4.2,S4,III,4.2,592,0,E1,P003 IBC08 LP02 R001,PP20 B3 B6,MP14,BK2,,,,3,W1,VC1 VC2 AP1,,CE11,40,in a form liable to self-heating
2793,b,FERROUS METAL SHAVINGS,4.2,S4,III,4.2,592,0,E1,P003 IBC08 LP02 R001,PP20 B3 B6,MP14,BK2,,,,3,W1,VC1 VC2 AP1,,CE11,40,in a form liable to self-heating
2793,c,FERROUS METAL TURNINGS,4.2,S4,III,4.2,592,0,E1,P003 IBC08 LP02 R001,PP20 B3 B6,MP14,BK2,,,,3,W1,VC1 VC2 AP1,,CE11,40,in a form liable to self-heating
2793,d,FERROUS METAL CUTTINGS,4.2,S4,III,4.2,592,0,E1,P003 IBC08 LP02 R001,PP20 B3 B6,MP14,BK2,,,,3,W1,VC1 VC2 AP1,,CE11,40,in a form liable to self-heating
2794,a,"BATTERIES, WET, FILLED WITH ACID",8,C11,,8,295 598,1 L,E0,P801,,,,,,,3,,VC1 VC2 AP8,,CE8,80,electric storage
2794,b,"BATTERIES, WET, FILLED WITH ACID",8,C11,,8,295 598,1 L,E0,P801,,,,,,,3,,VC1 VC2 AP8,,CE8,80,electric storage
2795,a,"BATTERIES, WET, FILLED WITH ALKALI",8,C11,,8,295 598,1 L,E0,P801,,,,,,,3,,VC1 VC2 AP8,,CE8,80,electric storage
2795,b,"BATTERIES, WET, FILLED WITH ALKALI",8,C11,,8,295 598,1 L,E0,P801,,,,,,,3,,VC1 VC2 AP8,,CE8,80,electric storage
2796,a,SULPHURIC ACID,8,C1,II,8,,1 L,E2,P001 IBC02,,MP15,T8,TP2,L4BN,TU42,2,,,,CE6,80,with not more than 51% acid
2796,b,"BATTERY FLUID, ACID",8,C1,II,8,,1 L,E2,P001 IBC02,,MP15,T8,TP2,L4BN,TU42,2,,,,CE6,80,
2797,,"BATTERY FLUID, ALKALI",8,C5,II,8,,1 L,E2,P001 IBC02,,MP15,T7,TP2 TP28,L4BN,,2,,,,CE6,80,
2798,,PHENYLPHOSPHORUS DICHLORIDE,8,C3,II,8,,1 L,E0,P001 IBC02,,MP15,T7,TP2,L4BN,,2,,,,CE6,80,
2799,,PHENYLPHOSPHORUS THIODICHLORIDE,8,C3,II,8,,1 L,E0,P001 IBC02,,MP15,T7,TP2,L4BN,,2,,,,CE6,80,
2800,,"BATTERIES, WET, NON-SPILLABLE",8,C11,,8,238 295 598,1 L,E0,P003 P801,PP16,,,,,,3,,VC1 VC2 AP8,,CE8,80,electric storage
2801,a,"DYE, LIQUID, CORROSIVE, N.O.S.",8,C9,I,8,274,0,E0,P001,,MP8 MP17,T14,TP2 TP27,L10BH,TU38 TE22,1,,,,,88,
2801,b,"DYE INTERMEDIATE, LIQUID, CORROSIVE, N.O.S.",8,C9,I,8,274,0,E0,P001,,MP8 MP17,T14,TP2 TP27,L10BH,TU38 TE22,1,,,,,88,
2801,c,"DYE, LIQUID, CORROSIVE, N.O.S.",8,C9,II,8,274,1 L,E2,P001 IBC02,,MP15,T11,TP2 TP27,L4BN,,2,,,,CE6,80,
2801,d,"DYE INTERMEDIATE, LIQUID, CORROSIVE, N.O.S.",8,C9,II,8,274,1 L,E2,P001 IBC02,,MP15,T11,TP2 TP27,L4BN,,2,,,,CE6,80,
2801,e,"DYE, LIQUID, CORROSIVE, N.O.S.",8,C9,III,8,274,5 L,E1,P001 IBC03 LP01 R001,,MP19,T7,TP1 TP28,L4BN,,3,W12,,,CE8,80,
2801,f,"DYE INTERMEDIATE, LIQUID, CORROSIVE, N.O.S.",8,C9,III,8,274,5 L,E1,P001 IBC03 LP01 R001,,MP19,T7,TP1 TP28,L4BN,,3,W12,,,CE8,80,
2802,,COPPER CHLORIDE,8,C2,III,8,,5 kg,E1,P002 IBC08 LP02 R001,B3,MP10,T1,TP33,SGAV,,3,,VC1 VC2 AP7,,CE11,80,
2803,,GALLIUM,8,C10,III,8,,5 kg,E0,P800,PP41,MP10,T1,TP33,SGAV L4BN,,3,,VC1 VC2 AP7,,CE11,80,
2805,,"LITHIUM HYDRIDE, FUSED SOLID",4.3,W2,II,4.3,,500 g,E2,P410 IBC04,PP40,MP14,T3,TP33,SGAN,,2,W1,,CW23,CE10,423,
2806,,LITHIUM NITRIDE,4.3,W2,I,4.3,,0,E0,P403 IBC04,,MP2,,,,,1,W1,,CW23,,X423,
2807,,MAGNETIZED MATERIAL,9,M11,,,,,,,,,,,NOT SUBJECT TO RID,,,,,,,,
2809,,MERCURY,8,CT1,III,8+6.1,365,5 kg,E0,P800,,MP15,,,L4BN,,3,,,CW13 CW28,CE8,86,
2810,a,"TOXIC LIQUID, ORGANIC, N.O.S.",6.1,T1,I,6.1,274 315 614,0,E5,P001,,MP8 MP17,T14,TP2 TP27,L10CH,TU14 TU15 TU38 TE21 TE22,1,,,CW13 CW28 CW31,,66,
2810,b,"TOXIC LIQUID, ORGANIC, N.O.S.",6.1,T1,II,6.1,274 614,100 mL,E4,P001 IBC02,,MP15,T11,TP2 TP27,L4BH,TU15,2,,,CW13 CW28 CW31,CE5,60,
2810,c,"TOXIC LIQUID, ORGANIC, N.O.S.",6.1,T1,III,6.1,274 614,5 L,E1,P001 IBC03 LP01 R001,,MP19,T7,TP1 TP28,L4BH,TU15,2,W12,,CW13 CW28 CW31,CE8,60,
2811,a,"TOXIC SOLID, ORGANIC, N.O.S.",6.1,T2,I,6.1,274 614,0,E5,P002 IBC07,,MP18,T6,TP33,S10AH L10CH,TU15 TU38 TE22,1,W10,,CW13 CW28 CW31,,66,
2811,b,"TOXIC SOLID, ORGANIC, N.O.S.",6.1,T2,II,6.1,274 614,500 g,E4,P002 IBC08,B4,MP10,T3,TP33,SGAH L4BH,TU15,2,W11,,CW13 CW28 CW31,CE9,60,
2811,c,"TOXIC SOLID, ORGANIC, N.O.S.",6.1,T2,III,6.1,274 614,5 kg,E1,P002 IBC08 LP02 R001,B3,MP10,T1,TP33,SGAH L4BH,TU15,2,,VC1 VC2 AP7,CW13 CW28 CW31,CE11,60,
2812,,"SODIUM ALUMINATE, SOLID",8,C6,,,,,,,,,,,NOT SUBJECT TO RID,,,,,,,,
2813,a,"WATER-REACTIVE SOLID, N.O.S.",4.3,W2,I,4.3,274,0,E0,P403 IBC99,,MP2,T9,TP7 TP33,S10AN L10DH,TU4 TU14 TU22 TU38 TE21 TE22 TM2,0,W1,,CW23,,X423,
2813,b,"WATER-REACTIVE SOLID, N.O.S.",4.3,W2,II,4.3,274,500 g,E2,P410 IBC07,,MP14,T3,TP33,SGAN,,0,W1,,CW23,CE10,423,
2813,c,"WATER-REACTIVE SOLID, N.O.S.",4.3,W2,III,4.3,274,1 kg,E1,P410 IBC08 R001,B4,MP14,T1,TP33,SGAN,,0,W1,VC1 VC2 AP3 AP4 AP5,CW23,CE11,423,
2814,,"INFECTIOUS SUBSTANCE, AFFECTING HUMANS",6.2,I1,,6.2,318,0,E0,P620,,MP5,,,,,0,W9,,CW13 CW18 CW26 CW28,CE14,606,
2815,,N-AMINOETHYLPIPERAZINE,8,CT1,III,8+6.1,,5 L,E1,P001 IBC03 LP01 R001,,MP19,T4,TP1,L4BN,,3,W12,,,CE8,86,
2817,a,AMMONIUM HYDROGENDIFLUORIDE SOLUTION,8,CT1,II,8+6.1,,1 L,E2,P001 IBC02,,MP15,T8,TP2,L4DH,TU14 TE17 TE21,2,,,CW13 CW28,CE6,86,
2817,b,AMMONIUM HYDROGENDIFLUORIDE SOLUTION,8,CT1,III,8+6.1,,5 L,E1,P001 IBC03 R001,,MP19,T4,TP1,L4DH,TU14 TE21,3,W12,,CW13 CW28,CE8,86,
2818,a,AMMONIUM POLYSULPHIDE SOLUTION,8,CT1,II,8+6.1,,1 L,E2,P001 IBC02,,MP15,T7,TP2,L4BN,,2,,,CW13 CW28,CE6,86,
2818,b,AMMONIUM POLYSULPHIDE SOLUTION,8,CT1,III,8+6.1,,5 L,E1,P001 IBC03 R001,,MP19,T4,TP1,L4BN,,3,W12,,CW13 CW28,CE8,86,
2819,,AMYL ACID PHOSPHATE,8,C3,III,8,,5 L,E1,P001 IBC03 LP01 R001,,MP19,T4,TP1,L4BN,,3,W12,,,CE8,80,
2820,,BUTYRIC ACID,8,C3,III,8,,5 L,E1,P001 IBC03 LP01 R001,,MP19,T4,TP1,L4BN,,3,W12,,,CE8,80,
2821,a,PHENOL SOLUTION,6.1,T1,II,6.1,,100 mL,E4,P001 IBC02,,MP15,T7,TP2,L4BH,TU15,2,,,CW13 CW28 CW31,CE5,60,
2821,b,PHENOL SOLUTION,6.1,T1,III,6.1,,5 L,E1,P001 IBC03 LP01 R001,,MP19,T4,TP1,L4BH,TU15,2,W12,,CW13 CW28 CW31,CE8,60,
2822,,2-CHLOROPYRIDINE,6.1,T1,II,6.1,,100 mL,E4,P001 IBC02,,MP15,T7,TP2,L4BH,TU15,2,,,CW13 CW28 CW31,CE5,60,
2823,,"CROTONIC ACID, SOLID",8,C4,III,8,,5 kg,E1,P002 IBC08 LP02 R001,B3,MP10,T1,TP33,SGAV L4BN,,3,,VC1 VC2 AP7,,CE11,80,
2826,,ETHYL CHLOROTHIOFORMATE,8,CF1,II,8+3,,0,E0,P001,,MP15,T7,TP2,L4BN,,2,,,,CE6,83,
2829,,CAPROIC ACID,8,C3,III,8,,5 L,E1,P001 IBC03 LP01 R001,,MP19,T4,TP1,L4BN,,3,W12,,,CE8,80,
2830,,LITHIUM FERROSILICON,4.3,W2,II,4.3,,500 g,E2,P410 IBC07,,MP14,T3,TP33,SGAN,,2,W1,,CW23,CE10,423,
2831,,"1,1,1-TRICHLOROETHANE",6.1,T1,III,6.1,,5 L,E1,P001 IBC03 LP01 R001,,MP19,T4,TP1,L4BH,TU15,2,W12,,CW13 CW28 CW31,CE8,60,
2834,,PHOSPHOROUS ACID,8,C2,III,8,,5 kg,E1,P002 IBC08 LP02 R001,B3,MP10,T1,TP33,SGAV,,3,,VC1 VC2 AP7,,CE11,80,
2835,,SODIUM ALUMINIUM HYDRIDE,4.3,W2,II,4.3,,500 g,E0,P410 IBC04,,MP14,T3,TP33,SGAN,,2,W1,,CW23,CE10,423,
2837,a,"BISULPHATES, AQUEOUS SOLUTION",8,C1,II,8,,1 L,E2,P001 IBC02,,MP15,T7,TP2,L4BN,,2,,,,CE6,80,
2837,b,"BISULPHATES, AQUEOUS SOLUTION",8,C1,III,8,,5 L,E1,P001 IBC03 LP01 R001,,MP19,T4,TP1,L4BN,,3,W12,,,CE8,80,
2838,,"VINYL BUTYRATE, STABILIZED",3,F1,II,3,386 676,1 L,E2,P001 IBC02 R001,,MP19,T4,TP1,LGBF,,2,,,,CE7,339,
2839,,ALDOL,6.1,T1,II,6.1,,100 mL,E4,P001 IBC02,,MP15,T7,TP2,L4BH,TU15,2,,,CW13 CW28 CW31,CE5,60,
2840,,BUTYRALDOXIME,3,F1,III,3,,5 L,E1,P001 IBC03 LP01 R001,,MP19,T2,TP1,LGBF,,3,W12,,,CE4,30,
2841,,DI-n-AMYLAMINE,3,FT1,III,3+6.1,,5 L,E1,P001 IBC03 R001,,MP19,T4,TP1,L4BH,TU15,3,W12,,CW13 CW28,CE4,36,
2842,,NITROETHANE,3,F1,III,3,,5 L,E1,P001 IBC03 LP01 R001,,MP19,T2,TP1,LGBF,,3,W12,,,CE4,30,
2844,,CALCIUM MANGANESE SILICON,4.3,W2,III,4.3,,1 kg,E1,P410 IBC08 R001,B4,MP14,T1,TP33,SGAN,,3,W1,VC1 VC2 AP3 AP4 AP5,CW23,CE11,423,
2845,,"PYROPHORIC LIQUID, ORGANIC, N.O.S.",4.2,S1,I,4.2,274,0,E0,P400,,MP2,T22,TP2 TP7,L21DH,TU14 TU38 TC1 TE21 TE22 TE25 TM1,0,W1,,,,333,
2846,,"PYROPHORIC SOLID, ORGANIC, N.O.S.",4.2,S2,I,4.2,274,0,E0,P404,,MP13,,,,,0,W1,,,,43,
2849,,3-CHLOROPROPANOL-1,6.1,T1,III,6.1,,5 L,E1,P001 IBC03 LP01 R001,,MP19,T4,TP1,L4BH,TU15,2,W12,,CW13 CW28 CW31,CE8,60,
2850,,PROPYLENE TETRAMER,3,F1,III,3,,5 L,E1,P001 IBC03 LP01 R001,,MP19,T2,TP1,LGBF,,3,W12,,,CE4,30,
2851,,BORON TRIFLUORIDE DIHYDRATE,8,C1,II,8,,1 L,E2,P001 IBC02,,MP15,T7,TP2,L4BN,,2,,,,CE6,80,
2852,,"DIPICRYL SULPHIDE, WETTED",4.1,D,I,4.1,545,0,E0,P406,PP24,MP2,,,,,1,W1,,,,40,"with not less than 10% water, by mass"
2853,,MAGNESIUM FLUOROSILICATE,6.1,T5,III,6.1,,5 kg,E1,P002 IBC08 LP02 R001,B3,MP10,T1,TP33,SGAH L4BH,TU15,2,,VC1 VC2 AP7,CW13 CW28 CW31,CE11,60,
2854,,AMMONIUM FLUOROSILICATE,6.1,T5,III,6.1,,5 kg,E1,P002 IBC08 LP02 R001,B3,MP10,T1,TP33,SGAH L4BH,TU15,2,,VC1 VC2 AP7,CW13 CW28 CW31,CE11,60,
2855,,ZINC FLUOROSILICATE,6.1,T5,III,6.1,,5 kg,E1,P002 IBC08 LP02 R001,B3,MP10,T1,TP33,SGAH L4BH,TU15,2,,VC1 VC2 AP7,CW13 CW28 CW31,CE11,60,
2856,,"FLUOROSILICATES, N.O.S.",6.1,T5,III,6.1,274,5 kg,E1,P002 IBC08 LP02 R001,B3,MP10,T1,TP33,SGAH L4BH,TU15,2,,VC1 VC2 AP7,CW13 CW28 CW31,CE11,60,
2857,,REFRIGERATING MACHINES,2,6A,,2.2,119,0,E0,P003,PP32,MP9,,,,,3,,,CW9,CE2,20,"containing non-flammable, non-toxic gases or ammonia solutions (UN 2672)"
2858,,"ZIRCONIUM, DRY",4.1,F3,III,4.1,546,5 kg,E1,P002 LP02 R001,,MP11,,,,,3,W1,VC1 VC2,,CE11,40,"coiled wire, finished metal sheets, strip (thinner than 254 microns but not thinner than 18 microns)"
2859,,AMMONIUM METAVANADATE,6.1,T5,II,6.1,,500 g,E4,P002 IBC08,B4,MP10,T3,TP33,SGAH,TU15,2,W11,,CW13 CW28 CW31,CE9,60,
2861,,AMMONIUM POLYVANADATE,6.1,T5,II,6.1,,500 g,E4,P002 IBC08,B4,MP10,T3,TP33,SGAH,TU15,2,W11,,CW13 CW28 CW31,CE9,60,
2862,,VANADIUM PENTOXIDE,6.1,T5,III,6.1,600,5 kg,E1,P002 IBC08 LP02 R001,B3,MP10,T1,TP33,SGAH,TU15,2,,VC1 VC2 AP7,CW13 CW28 CW31,CE11,60,non-fused form
2863,,SODIUM AMMONIUM VANADATE,6.1,T5,II,6.1,,500 g,E4,P002 IBC08,B4,MP10,T3,TP33,SGAH,TU15,2,W11,,CW13 CW28 CW31,CE9,60,
2864,,POTASSIUM METAVANADATE,6.1,T5,II,6.1,,500 g,E4,P002 IBC08,B4,MP10,T3,TP33,SGAH,TU15,2,W11,,CW13 CW28 CW31,CE9,60,
2865,,HYDROXYLAMINE SULPHATE,8,C2,III,8,,5 kg,E1,P002 IBC08 LP02 R001,B3,MP10,T1,TP33,SGAV,,3,,VC1 VC2 AP7,,CE11,80,
2869,a,TITANIUM TRICHLORIDE MIXTURE,8,C2,II,8,,1 kg,E2,P002 IBC08,B4,MP10,T3,TP33,SGAN,,2,W11,,,CE10,80,
2869,b,TITANIUM TRICHLORIDE MIXTURE,8,C2,III,8,,5 kg,E1,P002 IBC08 LP02 R001,B3,MP10,T1,TP33,SGAV,,3,,VC1 VC2 AP7,,CE11,80,
2870,a,ALUMINIUM BOROHYDRIDE,4.2,SW,I,4.2+4.3,,0,E0,P400,,MP2,T21,TP7 TP33,L21DH,TU14 TU38 TC1 TE21 TE22 TE25 TM1,0,W1,,,,X333,
2870,b,ALUMINIUM BOROHYDRIDE IN DEVICES,4.2,SW,I,4.2+4.3,,0,E0,P002,PP13,MP2,,,,,0,W1,,,,X333,
2871,,ANTIMONY POWDER,6.1,T5,III,6.1,,5 kg,E1,P002 IBC08 LP02 R001,B3,MP10,T1,TP33,SGAH L4BH,TU15,2,,VC1 VC2 AP7,CW13 CW28 CW31,CE11,60,
2872,a,DIBROMOCHLOROPROPANES,6.1,T1,II,6.1,,100 mL,E4,P001 IBC02,,MP15,T7,TP2,L4BH,TU15,2,,,CW13 CW28 CW31,CE5,60,
2872,b,DIBROMOCHLOROPROPANES,6.1,T1,III,6.1,,5 L,E1,P001 IBC03 LP01 R001,,MP19,T4,TP1,L4BH,TU15,2,W12,,CW13 CW28 CW31,CE8,60,
2873,,DIBUTYLAMINOETHANOL,6.1,T1,III,6.1,,5 L,E1,P001 IBC03 LP01 R001,,MP19,T4,TP1,L4BH,TU15,2,W12,,CW13 CW28 CW31,CE8,60,
2874,,FURFURYL ALCOHOL,6.1,T1,III,6.1,,5 L,E1,P001 IBC03 LP01 R001,,MP19,T4,TP1,L4BH,TU15,2,W12,,CW13 CW28 CW31,CE8,60,
2875,,HEXACHLOROPHENE,6.1,T2,III,6.1,,5 kg,E1,P002 IBC08 LP02 R001,B3,MP10,T1,TP33,SGAH L4BH,TU15,2,,VC1 VC2 AP7,CW13 CW28 CW31,CE11,60,
2876,,RESORCINOL,6.1,T2,III,6.1,,5 kg,E1,P002 IBC08 LP02 R001,B3,MP10,T1,TP33,SGAH L4BH,TU15,2,,VC1 VC2 AP7,CW13 CW28 CW31,CE11,60,
2878,a,TITANIUM SPONGE GRANULES,4.1,F3,III,4.1,,5 kg,E1,P002 IBC08 LP02 R001,B3,MP11,T1,TP33,SGAV,,3,W1,VC1 VC2,,CE11,40,
2878,b,TITANIUM SPONGE POWDERS,4.1,F3,III,4.1,,5 kg,E1,P002 IBC08 LP02 R001,B3,MP11,T1,TP33,SGAV,,3,W1,VC1 VC2,,CE11,40,
2879,,SELENIUM OXYCHLORIDE,8,CT1,I,8+6.1,,0,E0,P001,,MP8 MP17,T10,TP2,L10BH,TU38 TE22,1,,,CW13 CW28,,X886,
2880,a,"CALCIUM HYPOCHLORITE, HYDRATED",5.1,O2,II,5.1,314 322,1 kg,E2,P002 IBC08,B4 B13,MP10,,,SGAN,TU3,2,W11,,CW24 CW35,CE10,50,with not less than 5.5% but not more than 16% water
2880,b,"CALCIUM HYPOCHLORITE, HYDRATED MIXTURE",5.1,O2,II,5.1,314 322,1 kg,E2,P002 IBC08,B4 B13,MP10,,,SGAN,TU3,2,W11,,CW24 CW35,CE10,50,with not less than 5.5% but not more than 16% water
2880,c,"CALCIUM HYPOCHLORITE, HYDRATED",5.1,O2,III,5.1,314,5 kg,E1,P002 IBC08 R001,B4 B13,MP10,,,SGAV,TU3,3,,VC1 VC2 AP6 AP7,CW24 CW35,CE11,50,with not less than 5.5% but not more than 16% water
2880,d,"CALCIUM HYPOCHLORITE, HYDRATED MIXTURE",5.1,O2,III,5.1,314,5 kg,E1,P002 IBC08 R001,B4 B13,MP10,,,SGAV,TU3,3,,VC1 VC2 AP6 AP7,CW24 CW35,CE11,50,with not less than 5.5% but not more than 16% water
2881,a,"METAL CATALYST, DRY",4.2,S4,I,4.2,274,0,E0,P404,,MP13,T21,TP7 TP33,,,0,W1,,,,43,
2881,b,"METAL CATALYST, DRY",4.2,S4,II,4.2,274,0,E0,P410 IBC06,,MP14,T3,TP33,SGAN,,2,W1,,,CE10,40,
2881,c,"METAL CATALYST, DRY",4.2,S4,III,4.2,274,0,E1,P002 IBC08 LP02 R001,B3,MP14,T1,TP33,SGAN,,3,W1,VC1 VC2 AP1,,CE11,40,
2900,,"INFECTIOUS SUBSTANCE, AFFECTING ANIMALS",6.2,I2,,6.2,318,0,E0,P620,,MP5,,,,,0,W9,,CW13 CW18 CW26 CW28,CE14,606,only
2901,,BROMINE CHLORIDE,2,2TOC,,2.3+5.1+8+13,,0,E0,P200,,MP9,(M),,PxBH(M),TU38 TE22 TE25 TA4 TT9 TM6,1,,,CW9 CW10 CW36,,265,
2902,a,"PESTICIDE, LIQUID, TOXIC, N.O.S.",6.1,T6,I,6.1,61 274 648,0,E5,P001,,MP8 MP17,T14,TP2 TP27,L10CH,TU14 TU15 TU38 TE21 TE22,1,,,CW13 CW28 CW31,CE12,66,
2902,b,"PESTICIDE, LIQUID, TOXIC, N.O.S.",6.1,T6,II,6.1,61 274 648,100 mL,E4,P001 IBC02,,MP15,T11,TP2 TP27,L4BH,TU15,2,,,CW13 CW28 CW31,CE5 CE12,60,
2902,c,"PESTICIDE, LIQUID, TOXIC, N.O.S.",6.1,T6,III,6.1,61 274 648,5 L,E1,P001 IBC03 LP01 R001,,MP19,T7,TP2 TP28,L4BH,TU15,2,W12,,CW13 CW28 CW31,CE8 CE12,60,
2903,a,"PESTICIDE, LIQUID, TOXIC, FLAMMABLE, N.O.S.",6.1,TF2,I,6.1+3,61 274,0,E5,P001,,MP8 MP17,T14,TP2 TP27,L10CH,TU14 TU15 TU38 TE21 TE22,1,,,CW13 CW28 CW31,CE12,663,flashpoint not less than 23°C
2903,b,"PESTICIDE, LIQUID, TOXIC, FLAMMABLE, N.O.S.",6.1,TF2,II,6.1+3,61 274,100 mL,E4,P001 IBC02,,MP15,T11,TP2 TP27,L4BH,TU15,2,,,CW13 CW28 CW31,CE5 CE12,63,flashpoint not less than 23°C
2903,c,"PESTICIDE, LIQUID, TOXIC, FLAMMABLE, N.O.S.",6.1,TF2,III,6.1+3,61 274,5 L,E1,P001 IBC03 R001,,MP19,T7,TP2,L4BH,TU15,2,W12,,CW13 CW28 CW31,CE8 CE12,63,flashpoint not less than 23°C
2904,a,"CHLOROPHENOLATES, LIQUID",8,C9,III,8,,5 L,E1,P001 IBC03 LP01 R001,,MP19,,,L4BN,,3,W12,,,CE8,80,
2904,b,"PHENOLATES, LIQUID",8,C9,III,8,,5 L,E1,P001 IBC03 LP01 R001,,MP19,,,L4BN,,3,W12,,,CE8,80,
2905,a,"CHLOROPHENOLATES, SOLID",8,C10,III,8,,5 kg,E1,P002 IBC08 LP02 R001,B3,MP10,T1,TP33,SGAV L4BN,,3,,VC1 VC2 AP7,,CE11,80,
2905,b,"PHENOLATES, SOLID",8,C10,III,8,,5 kg,E1,P002 IBC08 LP02 R001,B3,MP10,T1,TP33,SGAV L4BN,,3,,VC1 VC2 AP7,,CE11,80,
2907,,ISOSORBIDE DINITRATE MIXTURE,4.1,D,II,4.1,127,0,E0,P406 IBC06,PP26 PP80 B12,MP2,,,,,2,W1,,,CE10,40,"with not less than 60% lactose, mannose, starch, or calcium hydrogen phosphate"
2908,,"RADIOACTIVE MATERIAL, EXCEPTED PACKAGE - EMPTY PACKAGING",7,,,,290 368,0,E0,see 1.7,see 4.1.9.1.3,,,,,,4,,,CW33 (see 1.7.1.5.1),CE15,70,
2909,a,"RADIOACTIVE MATERIAL, EXCEPTED PACKAGE - ARTICLES MANUFACTURED FROM NATURAL URANIUM",7,,,,290,0,E0,see 1.7,see 4.1.9.1.3,,,,,,4,,,CW33 (see 1.7.1.5.1),CE15,70,
2909,b,"RADIOACTIVE MATERIAL, EXCEPTED PACKAGE - ARTICLES MANUFACTURED FROM DEPLETED URANIUM",7,,,,290,0,E0,see 1.7,see 4.1.9.1.3,,,,,,4,,,CW33 (see 1.7.1.5.1),CE15,70,
2909,c,"RADIOACTIVE MATERIAL, EXCEPTED PACKAGE - ARTICLES MANUFACTURED FROM NATURAL THORIUM",7,,,,290,0,E0,see 1.7,see 4.1.9.1.3,,,,,,4,,,CW33 (see 1.7.1.5.1),CE15,70,
2910,,"RADIOACTIVE MATERIAL, EXCEPTED PACKAGE - LIMITED QUANTITY OF MATERIAL",7,,,,290 368,0,E0,see 1.7,see 4.1.9.1.3,,,,,,4,,,CW33 (see 1.7.1.5.1),CE15,70,
2911,a,"RADIOACTIVE MATERIAL, EXCEPTED PACKAGE - INSTRUMENTS",7,,,,290,0,E0,see 1.7,see 4.1.9.1.3,,,,,,4,,,CW33 (see 1.7.1.5.1),CE15,70,
2911,b,"RADIOACTIVE MATERIAL, EXCEPTED PACKAGE - ARTICLES",7,,,,290,0,E0,see 1.7,see 4.1.9.1.3,,,,,,4,,,CW33 (see 1.7.1.5.1),CE15,70,
2912,a,"RADIOACTIVE MATERIAL, LOW SPECIFIC ACTIVITY (LSA-I)",7,,,7X,172 317 325,0,E0,see 2.2.7 and 4.1.9,see 4.1.9.1.3,,T5 see 4.1.9.2.4,TP4,S2.65AN(+) L2.65CN(+),TU36 TT7 TM7,0,,see 4.1.9.2.4,CW33,CE15,70,non fissile or fissile-excepted
2912,b,"RADIOACTIVE MATERIAL, LOW SPECIFIC ACTIVITY (LSA-I)",7,,,7X,172 317 325,0,E0,see 2.2.7 and 4.1.9,see 4.1.9.1.3,,T5 see 4.1.9.2.4,TP4,S2.65AN(+) L2.65CN(+),TU36 TT7 TM7,0,,see 4.1.9.2.4,CW33,CE15,70,non fissile or fissile-excepted
2912,c,"RADIOACTIVE MATERIAL, LOW SPECIFIC ACTIVITY (LSA-I)",7,,,7X,172 317 325,0,E0,see 2.2.7 and 4.1.9,see 4.1.9.1.3,,T5 see 4.1.9.2.4,TP4,S2.65AN(+) L2.65CN(+),TU36 TT7 TM7,0,,see 4.1.9.2.4,CW33,CE15,70,non fissile or fissile-excepted
2912,d,"RADIOACTIVE MATERIAL, LOW SPECIFIC ACTIVITY (LSA-I)",7,,,7X,172 317 325,0,E0,see 2.2.7 and 4.1.9,see 4.1.9.1.3,,T5 see 4.1.9.2.4,TP4,S2.65AN(+) L2.65CN(+),TU36 TT7 TM7,0,,see 4.1.9.2.4,CW33,CE15,70,non fissile or fissile-excepted
2912,e,"RADIOACTIVE MATERIAL, LOW SPECIFIC ACTIVITY (LSA-I)",7,,,7X,172 317 325,0,E0,see 2.2.7 and 4.1.9,see 4.1.9.1.3,,T5 see 4.1.9.2.4,TP4,S2.65AN(+) L2.65CN(+),TU36 TT7 TM7,0,,see 4.1.9.2.4,CW33,CE15,70,non fissile or fissile-excepted
2913,a,"RADIOACTIVE MATERIAL, SURFACE CONTAMINATED OBJECTS (SCO-I)",7,,,7X,172 317 325,0,E0,see 2.2.7 and 4.1.9,see 4.1.9.1.3,,see 4.1.9.2.4,,,,0,,see 4.1.9.2.4,CW33,CE15,70,non fissile or fissile-excepted
2913,b,"RADIOACTIVE MATERIAL, SURFACE CONTAMINATED OBJECTS (SCO-II)",7,,,7X,172 317 325,0,E0,see 2.2.7 and 4.1.9,see 4.1.9.1.3,,see 4.1.9.2.4,,,,0,,see 4.1.9.2.4,CW33,CE15,70,non fissile or fissile-excepted
2915,a,"RADIOACTIVE MATERIAL, TYPE A PACKAGE",7,,,7X,172 317 325,0,E0,see 2.2.7 and 4.1.9,see 4.1.9.1.3,,,,,,0,,,CW33,CE15,70,"non-special form, non fissile or fissile-excepted"
2915,b,"RADIOACTIVE MATERIAL, TYPE A PACKAGE",7,,,7X,172 317 325,0,E0,see 2.2.7 and 4.1.9,see 4.1.9.1.3,,,,,,0,,,CW33,CE15,70,"non-special form, non fissile or fissile-excepted"
2915,c,"RADIOACTIVE MATERIAL, TYPE A PACKAGE",7,,,7X,172 317 325,0,E0,see 2.2.7 and 4.1.9,see 4.1.9.1.3,,,,,,0,,,CW33,CE15,70,"non-special form, non fissile or fissile-excepted"
2915,d,"RADIOACTIVE MATERIAL, TYPE A PACKAGE",7,,,7X,172 317 325,0,E0,see 2.2.7 and 4.1.9,see 4.1.9.1.3,,,,,,0,,,CW33,CE15,70,"non-special form, non fissile or fissile-excepted"
2916,a,"RADIOACTIVE MATERIAL, TYPE B(U) PACKAGE",7,,,7X,172 317 325 337,0,E0,see 2.2.7 and 4.1.9,see 4.1.9.1.3,,,,,,0,,,CW33,CE15,70,non fissile or fissile-excepted
2916,b,"RADIOACTIVE MATERIAL, TYPE B(U) PACKAGE",7,,,7X,172 317 325 337,0,E0,see 2.2.7 and 4.1.9,see 4.1.9.1.3,,,,,,0,,,CW33,CE15,70,non fissile or fissile-excepted
2916,c,"RADIOACTIVE MATERIAL, TYPE B(U) PACKAGE",7,,,7X,172 317 325 337,0,E0,see 2.2.7 and 4.1.9,see 4.1.9.1.3,,,,,,0,,,CW33,CE15,70,non fissile or fissile-excepted
2916,d,"RADIOACTIVE MATERIAL, TYPE B(U) PACKAGE",7,,,7X,172 317 325 337,0,E0,see 2.2.7 and 4.1.9,see 4.1.9.1.3,,,,,,0,,,CW33,CE15,70,non fissile or fissile-excepted
2917,a,"RADIOACTIVE MATERIAL, TYPE B(M) PACKAGE",7,,,7X,172 317 325 337,0,E0,see 2.2.7 and 4.1.9,see 4.1.9.1.3,,,,,,0,,,CW33,CE15,70,non fissile or fissile-excepted
2917,b,"RADIOACTIVE MATERIAL, TYPE B(M) PACKAGE",7,,,7X,172 317 325 337,0,E0,see 2.2.7 and 4.1.9,see 4.1.9.1.3,,,,,,0,,,CW33,CE15,70,non fissile or fissile-excepted
2917,c,"RADIOACTIVE MATERIAL, TYPE B(M) PACKAGE",7,,,7X,172 317 325 337,0,E0,see 2.2.7 and 4.1.9,see 4.1.9.1.3,,,,,,0,,,CW33,CE15,70,non fissile or fissile-excepted
2917,d,"RADIOACTIVE MATERIAL, TYPE B(M) PACKAGE",7,,,7X,172 317 325 337,0,E0,see 2.2.7 and 4.1.9,see 4.1.9.1.3,,,,,,0,,,CW33,CE15,70,non fissile or fissile-excepted
2919,,RADIOACTIVE MATERIAL TRANSPORTED UNDER SPECIAL ARRANGEMENT,7,,,7X,172 317 325,0,E0,see 2.2.7 and 4.1.9,see 4.1.9.1.3,,,,,,0,,,CW33,CE15,70,non fissile or fissile-excepted
2920,a,"CORROSIVE LIQUID, FLAMMABLE, N.O.S.",8,CF1,I,8+3,274,0,E0,P001,,MP8 MP17,T14,TP2 TP27,L10BH,TU38 TE22,1,,,,,883,
2920,b,"CORROSIVE LIQUID, FLAMMABLE, N.O.S.",8,CF1,II,8+3,274,1 L,E2,P001 IBC02,,MP15,T11,TP2 TP27,L4BN,,2,,,,CE6,83,
2921,a,"CORROSIVE SOLID, FLAMMABLE, N.O.S.",8,CF2,I,8+4.1,274,0,E0,P002 IBC05,,MP18,T6,TP33,S10AN L10BH,TU38 TE22,1,W10,,,,884,
2921,b,"CORROSIVE SOLID, FLAMMABLE, N.O.S.",8,CF2,II,8+4.1,274,1 kg,E2,P002 IBC08,B4,MP10,T3,TP33,SGAN L4BN,,2,W11,,,CE10,84,
2922,a,"CORROSIVE LIQUID, TOXIC, N.O.S.",8,CT1,I,8+6.1,274,0,E0,P001,,MP8 MP17,T14,TP2 TP27,L10BH,TU38 TE22,1,,,CW13 CW28,,886,
2922,b,"CORROSIVE LIQUID, TOXIC, N.O.S.",8,CT1,II,8+6.1,274,1 L,E2,P001 IBC02,,MP15,T7,TP2,L4BN,,2,,,CW13 CW28,CE6,86,
2922,c,"CORROSIVE LIQUID, TOXIC, N.O.S.",8,CT1,III,8+6.1,274,5 L,E1,P001 IBC03 R001,,MP19,T7,TP1 TP28,L4BN,,3,W12,,CW13 CW28,CE8,86,
2923,a,"CORROSIVE SOLID, TOXIC, N.O.S.",8,CT2,I,8+6.1,274,0,E0,P002 IBC05,,MP18,T6,TP33,S10AN L10BH,TU38 TE22,1,W10,,CW13 CW28,,886,
2923,b,"CORROSIVE SOLID, TOXIC, N.O.S.",8,CT2,II,8+6.1,274,1 kg,E2,P002 IBC08,B4,MP10,T3,TP33,SGAN L4BN,,2,W11,,CW13 CW28,CE10,86,
2923,c,"CORROSIVE SOLID, TOXIC, N.O.S.",8,CT2,III,8+6.1,274,5 kg,E1,P002 IBC08 R001,B3,MP10,T1,TP33,SGAV L4BN,,3,,VC1 VC2 AP7,CW13 CW28,CE11,86,
2924,a,"FLAMMABLE LIQUID, CORROSIVE, N.O.S.",3,FC,I,3+8,274,0,E0,P001,,MP7 MP17,T14,TP2,L10CH,TU14 TU38 TE21 TE22,1,,,,,338,
2924,b,"FLAMMABLE LIQUID, CORROSIVE, N.O.S.",3,FC,II,3+8,274,1 L,E2,P001 IBC02,,MP19,T11,TP2 TP27,L4BH,,2,,,,CE7,338,
2924,c,"FLAMMABLE LIQUID, CORROSIVE, N.O.S.",3,FC,III,3+8,274,5 L,E1,P001 IBC03 R001,,MP19,T7,TP1 TP28,L4BN,,3,W12,,,CE4,38,
2925,a,"FLAMMABLE SOLID, CORROSIVE, ORGANIC, N.O.S.",4.1,FC1,II,4.1+8,274,1 kg,E2,P002 IBC06,,MP10,T3,TP33,SGAN,,2,W1,,,CE10,48,
2925,b,"FLAMMABLE SOLID, CORROSIVE, ORGANIC, N.O.S.",4.1,FC1,III,4.1+8,274,5 kg,E1,P002 IBC06 R001,,MP10,T1,TP33,SGAN,,3,W1,,,CE11,48,
2926,a,"FLAMMABLE SOLID, TOXIC, ORGANIC, N.O.S.",4.1,FT1,II,4.1+6.1,274,1 kg,E2,P002 IBC06,,MP10,T3,TP33,SGAN,,2,W1,,CW28,CE10,46,
2926,b,"FLAMMABLE SOLID, TOXIC, ORGANIC, N.O.S.",4.1,FT1,III,4.1+6.1,274,5 kg,E1,P002 IBC06 R001,,MP10,T1,TP33,SGAN,,3,W1,,CW28,CE11,46,
2927,a,"TOXIC LIQUID, CORROSIVE, ORGANIC, N.O.S.",6.1,TC1,I,6.1+8,274 315,0,E5,P001,,MP8 MP17,T14,TP2 TP27,L10CH,TU14 TU15 TU38 TE21 TE22,1,,,CW13 CW28 CW31,,668,
2927,b,"TOXIC LIQUID, CORROSIVE, ORGANIC, N.O.S.",6.1,TC1,II,6.1+8,274,100 mL,E4,P001 IBC02,,MP15,T11,TP2 TP27,L4BH,TU15,2,,,CW13 CW28 CW31,CE5,68,
2928,a,"TOXIC SOLID, CORROSIVE, ORGANIC, N.O.S.",6.1,TC2,I,6.1+8,274,0,E5,P002 IBC05,,MP18,T6,TP33,S10AH,TU14 TU15 TE21,1,W10,,CW13 CW28 CW31,,668,
2928,b,"TOXIC SOLID, CORROSIVE, ORGANIC, N.O.S.",6.1,TC2,II,6.1+8,274,500 g,E4,P002 IBC06,,MP10,T3,TP33,SGAH L4BH,TU15,2,W11,,CW13 CW28 CW31,CE9,68,
2929,a,"TOXIC LIQUID, FLAMMABLE, ORGANIC, N.O.S.",6.1,TF1,I,6.1+3,274 315,0,E5,P001,,MP8 MP17,T14,TP2 TP27,L10CH,TU14 TU15 TU38 TE21 TE22,1,,,CW13 CW28 CW31,,663,
2929,b,"TOXIC LIQUID, FLAMMABLE, ORGANIC, N.O.S.",6.1,TF1,II,6.1+3,274,100 mL,E4,P001 IBC02,,MP15,T11,TP2 TP27,L4BH,TU15,2,,,CW13 CW28 CW31,CE5,63,
2930,a,"TOXIC SOLID, FLAMMABLE, ORGANIC, N.O.S.",6.1,TF3,I,6.1+4.1,274,0,E5,P002 IBC05,,MP18,T6,TP33,,,1,W10,,CW13 CW28 CW31,,664,
2930,b,"TOXIC SOLID, FLAMMABLE, ORGANIC, N.O.S.",6.1,TF3,II,6.1+4.1,274,500 g,E4,P002 IBC08,B4,MP10,T3,TP33,SGAH L4BH,TU15,2,W11,,CW13 CW28 CW31,CE9,64,
2931,,VANADYL SULPHATE,6.1,T5,II,6.1,,500 g,E4,P002 IBC08,B4,MP10,T3,TP33,SGAH,TU15,2,W11,,CW13 CW28 CW31,CE9,60,
2933,,METHYL 2-CHLOROPROPIONATE,3,F1,III,3,,5 L,E1,P001 IBC03 LP01 R001,,MP19,T2,TP1,LGBF,,3,W12,,,CE4,30,
2934,,ISOPROPYL 2-CHLOROPROPIONATE,3,F1,III,3,,5 L,E1,P001 IBC03 LP01 R001,,MP19,T2,TP1,LGBF,,3,W12,,,CE4,30,
2935,,ETHYL 2-CHLOROPROPIONATE,3,F1,III,3,,5 L,E1,P001 IBC03 LP01 R001,,MP19,T2,TP1,LGBF,,3,W12,,,CE4,30,
2936,,THIOLACTIC ACID,6.1,T1,II,6.1,,100 mL,E4,P001 IBC02,,MP15,T7,TP2,L4BH,TU15,2,,,CW13 CW28 CW31,CE5,60,
2937,,"alpha-METHYLBENZYL ALCOHOL, LIQUID",6.1,T1,III,6.1,,5 L,E1,P001 IBC03 LP01 R001,,MP19,T4,TP1,L4BH,TU15,2,W12,,CW13 CW28 CW31,CE8,60,
2940,a,9-PHOSPHABICYCLONONANES,4.2,S2,II,4.2,,0,E2,P410 IBC06,,MP14,T3,TP33,SGAN,,2,W1,,,CE10,40,
2940,b,CYCLOOCTADIENE PHOSPHINES,4.2,S2,II,4.2,,0,E2,P410 IBC06,,MP14,T3,TP33,SGAN,,2,W1,,,CE10,40,
2941,,FLUOROANILINES,6.1,T1,III,6.1,,5 L,E1,P001 IBC03 LP01 R001,,MP19,T4,TP1,L4BH,TU15,2,W12,,CW13 CW28 CW31,CE8,60,
2942,,2-TRIFLUOROMETHYLANILINE,6.1,T1,III,6.1,,5 L,E1,P001 IBC03 LP01 R001,,MP19,,,L4BH,TU15,2,W12,,CW13 CW28 CW31,CE8,60,
2943,,TETRAHYDROFURFURYLAMINE,3,F1,III,3,,5 L,E1,P001 IBC03 LP01 R001,,MP19,T2,TP1,LGBF,,3,W12,,,CE4,30,
2945,,N-METHYLBUTYLAMINE,3,FC,II,3+8,,1 L,E2,P001 IBC02,,MP19,T7,TP1,L4BH,,2,,,,CE7,338,
2946,,2-AMINO-5-DIETHYLAMINOPENTANE,6.1,T1,III,6.1,,5 L,E1,P001 IBC03 LP01 R001,,MP19,T4,TP1,L4BH,TU15,2,W12,,CW13 CW28 CW31,CE8,60,
2947,,ISOPROPYL CHLOROACETATE,3,F1,III,3,,5 L,E1,P001 IBC03 LP01 R001,,MP19,T2,TP1,LGBF,,3,W12,,,CE4,30,
2948,,3-TRIFLUOROMETHYLANILINE,6.1,T1,II,6.1,,100 mL,E4,P001 IBC02,,MP15,T7,TP2,L4BH,TU15,2,,,CW13 CW28 CW31,CE5,60,
2949,,"SODIUM HYDROSULPHIDE, HYDRATED",8,C6,II,8,523,1 kg,E2,P002 IBC08,B4,MP10,T7,TP2,SGAN L4BN,,2,W11,,,CE10,80,with not less than 25% water of crystallization
2950,,"MAGNESIUM GRANULES, COATED",4.3,W2,III,4.3,,1 kg,E1,P410 IBC08 R001,B4,MP14,T1 BK2,TP33,SGAN,,3,W1,VC2 AP4 AP5,CW23,CE11,423,particle size not less than 149 microns
2956,a,"5-tert-BUTYL-2,4,6-TRINITRO-m-XYLENE",4.1,SR1,III,4.1,638,5 kg,E0,P409,,MP2,,,,,3,W1,,,CE11,40,
2956,b,MUSK XYLENE,4.1,SR1,III,4.1,638,5 kg,E0,P409,,MP2,,,,,3,W1,,,CE11,40,
2956,c,"5-tert-BUTYL-2,4,6-TRINITRO-m-XYLENE",4.1,SR1,III,4.1,638,5 kg,E0,P409,,MP2,,,,,3,W1,,,CE11,40,
2956,d,MUSK XYLENE,4.1,SR1,III,4.1,638,5 kg,E0,P409,,MP2,,,,,3,W1,,,CE11,40,
2965,,BORON TRIFLUORIDE DIMETHYL ETHERATE,4.3,WFC,I,4.3+3+8,,0,E0,P401,,MP2,T10,TP2 TP7,L10DH,TU4 TU14 TU22 TU38 TE21 TE22 TM2,0,W1,,CW23,,382,
2966,,THIOGLYCOL,6.1,T1,II,6.1,,100 mL,E4,P001 IBC02,,MP15,T7,TP2,L4BH,TU15,2,,,CW13 CW28 CW31,CE5,60,
2967,,SULPHAMIC ACID,8,C2,III,8,,5 kg,E1,P002 IBC08 LP02 R001,B3,MP10,T1,TP33,SGAV,,3,,VC1 VC2 AP7,,CE11,80,
2968,a,"MANEB, STABILIZED",4.3,W2,III,4.3,547,1 kg,E1,P002 IBC08 R001,B4,MP14,T1,TP33,SGAN,,0,W1,VC1 VC2 AP3 AP4 AP5,CW23,CE11,423,against self-heating
2968,b,"MANEB PREPARATION, STABILIZED",4.3,W2,III,4.3,547,1 kg,E1,P002 IBC08 R001,B4,MP14,T1,TP33,SGAN,,0,W1,VC1 VC2 AP3 AP4 AP5,CW23,CE11,423,against self-heating
2969,a,CASTOR BEANS,9,M11,II,9,141,5 kg,E2,P002 IBC08,PP34 B4,MP10,T3 BK1 BK2,TP33,SGAV,,2,W11,VC1 VC2,CW31,CE9,90,
2969,b,CASTOR MEAL,9,M11,II,9,141,5 kg,E2,P002 IBC08,PP34 B4,MP10,T3 BK1 BK2,TP33,SGAV,,2,W11,VC1 VC2,CW31,CE9,90,
2969,c,CASTOR POMACE,9,M11,II,9,141,5 kg,E2,P002 IBC08,PP34 B4,MP10,T3 BK1 BK2,TP33,SGAV,,2,W11,VC1 VC2,CW31,CE9,90,
2969,d,CASTOR FLAKE,9,M11,II,9,141,5 kg,E2,P002 IBC08,PP34 B4,MP10,T3 BK1 BK2,TP33,SGAV,,2,W11,VC1 VC2,CW31,CE9,90,
2977,,"RADIOACTIVE MATERIAL, URANIUM HEXAFLUORIDE, FISSILE",7,,,7X+7E+6.1+8,,0,E0,see 2.2.7 and 4.1.9,see 4.1.9.1.3,,,,,,0,,,CW33,,768,
2978,,"RADIOACTIVE MATERIAL, URANIUM HEXAFLUORIDE",7,,,7X+6.1+8,317,0,E0,see 2.2.7 and 4.1.9,see 4.1.9.1.3,,,,,,0,,,CW33,,768,non fissile or fissile-excepted
2983,,ETHYLENE OXIDE AND PROPYLENE OXIDE MIXTURE,3,FT1,I,3+6.1,,0,E0,P001,,MP7 MP17,T14,TP2 TP7,L10CH,TU14 TU15 TU38 TE21 TE22,1,,,CW13 CW28,,336,not more than 30% ethylene oxide
2984,,"HYDROGEN PEROXIDE, AQUEOUS SOLUTION",5.1,O1,III,5.1,65,5 L,E1,P504 IBC02 R001,PP10 B5,MP15,T4,TP1 TP6 TP24,LGBV,TU3 TC2 TE8 TE11 TT1,3,,,CW24,CE8,50,with not less than 8% but less than 20% hydrogen peroxide (stabilized as necessary)
2985,,"CHLOROSILANES, FLAMMABLE, CORROSIVE, N.O.S.",3,FC,II,3+8,548,0,E0,P010,,MP19,T14,TP2 TP7 TP27,L4BH,,2,,,,CE7,X338,
2986,,"CHLOROSILANES, CORROSIVE, FLAMMABLE, N.O.S.",8,CF1,II,8+3,548,0,E0,P010,,MP15,T14,TP2 TP7 TP27,L4BN,,2,,,,CE6,X83,
2987,,"CHLOROSILANES, CORROSIVE, N.O.S.",8,C3,II,8,548,0,E0,P010,,MP15,T14,TP2 TP7 TP27,L4BN,,2,,,,CE6,X80,
2988,,"CHLOROSILANES, WATER-REACTIVE, FLAMMABLE, CORROSIVE, N.O.S.",4.3,WFC,I,4.3+3+8,549,0,E0,P401,RR7,MP2,T14,TP2 TP7,L10DH,TU14 TU26 TU38 TE21 TE22 TM2 TM3,0,W1,,CW23,,X338,
2989,a,"LEAD PHOSPHITE, DIBASIC",4.1,F3,II,4.1,,1 kg,E2,P002 IBC08,B4,MP11,T3,TP33,SGAN,,2,W1,,,CE10,40,
2989,b,"LEAD PHOSPHITE, DIBASIC",4.1,F3,III,4.1,,5 kg,E1,P002 IBC08 LP02 R001,B3,MP11,T1,TP33,SGAV,,3,W1,VC1 VC2,,CE11,40,
2990,,"LIFE-SAVING APPLIANCES, SELF-INFLATING",9,M5,,9,296 635,0,E0,P905,,,,,,,3,,,,CE2,90,
2991,a,"CARBAMATE PESTICIDE, LIQUID, TOXIC, FLAMMABLE",6.1,TF2,I,6.1+3,61 274,0,E5,P001,,MP8 MP17,T14,TP2 TP27,L10CH,TU14 TU15 TU38 TE21 TE22,1,,,CW13 CW28 CW31,CE12,663,flashpoint not less than 23°C
2991,b,"CARBAMATE PESTICIDE, LIQUID, TOXIC, FLAMMABLE",6.1,TF2,II,6.1+3,61 274,100 mL,E4,P001 IBC02,,MP15,T11,TP2 TP27,L4BH,TU15,2,,,CW13 CW28 CW31,CE5 CE12,63,flashpoint not less than 23°C
2991,c,"CARBAMATE PESTICIDE, LIQUID, TOXIC, FLAMMABLE",6.1,TF2,III,6.1+3,61 274,5 L,E1,P001 IBC03 R001,,MP19,T7,TP2 TP28,L4BH,TU15,2,W12,,CW13 CW28 CW31,CE8 CE12,63,flashpoint not less than 23°C
2992,a,"CARBAMATE PESTICIDE, LIQUID, TOXIC",6.1,T6,I,6.1,61 274 648,0,E5,P001,,MP8 MP17,T14,TP2 TP27,L10CH,TU14 TU15 TU38 TE21 TE22,1,,,CW13 CW28 CW31,CE12,66,
2992,b,"CARBAMATE PESTICIDE, LIQUID, TOXIC",6.1,T6,II,6.1,61 274 648,100 mL,E4,P001 IBC02,,MP15,T11,TP2 TP27,L4BH,TU15,2,,,CW13 CW28 CW31,CE5 CE12,60,
2992,c,"CARBAMATE PESTICIDE, LIQUID, TOXIC",6.1,T6,III,6.1,61 274 648,5 L,E1,P001 IBC03 LP01 R001,,MP19,T7,TP2 TP28,L4BH,TU15,2,W12,,CW13 CW28 CW31,CE8 CE12,60,
2993,a,"ARSENICAL PESTICIDE, LIQUID, TOXIC, FLAMMABLE",6.1,TF2,I,6.1+3,61 274,0,E5,P001,,MP8 MP17,T14,TP2 TP27,L10CH,TU14 TU15 TU38 TE21 TE22,1,,,CW13 CW28 CW31,CE12,663,flashpoint not less than 23°C
2993,b,"ARSENICAL PESTICIDE, LIQUID, TOXIC, FLAMMABLE",6.1,TF2,II,6.1+3,61 274,100 mL,E4,P001 IBC02,,MP15,T11,TP2 TP27,L4BH,TU15,2,,,CW13 CW28 CW31,CE5 CE12,63,flashpoint not less than 23°C
2993,c,"ARSENICAL PESTICIDE, LIQUID, TOXIC, FLAMMABLE",6.1,TF2,III,6.1+3,61 274,5 L,E1,P001 IBC03 R001,,MP19,T7,TP2 TP28,L4BH,TU15,2,W12,,CW13 CW28 CW31,CE8 CE12,63,flashpoint not less than 23°C
2994,a,"ARSENICAL PESTICIDE, LIQUID, TOXIC",6.1,T6,I,6.1,61 274 648,0,E5,P001,,MP8 MP17,T14,TP2 TP27,L10CH,TU14 TU15 TU38 TE21 TE22,1,,,CW13 CW28 CW31,CE12,66,
2994,b,"ARSENICAL PESTICIDE, LIQUID, TOXIC",6.1,T6,II,6.1,61 274 648,100 mL,E4,P001 IBC02,,MP15,T11,TP2 TP27,L4BH,TU15,2,,,CW13 CW28 CW31,CE5 CE12,60,
2994,c,"ARSENICAL PESTICIDE, LIQUID, TOXIC",6.1,T6,III,6.1,61 274 648,5 L,E1,P001 IBC03 LP01 R001,,MP19,T7,TP2 TP28,L4BH,TU15,2,W12,,CW13 CW28 CW31,CE8 CE12,60,
2995,a,"ORGANOCHLORINE PESTICIDE, LIQUID, TOXIC, FLAMMABLE",6.1,TF2,I,6.1+3,61 274,0,E5,P001,,MP8 MP17,T14,TP2 TP27,L10CH,TU14 TU15 TU38 TE21 TE22,1,,,CW13 CW28 CW31,CE12,663,flashpoint not less than 23°C
2995,b,"ORGANOCHLORINE PESTICIDE, LIQUID, TOXIC, FLAMMABLE",6.1,TF2,II,6.1+3,61 274,100 mL,E4,P001 IBC02,,MP15,T11,TP2 TP27,L4BH,TU15,2,,,CW13 CW28 CW31,CE5 CE12,63,flashpoint not less than 23°C
2995,c,"ORGANOCHLORINE PESTICIDE, LIQUID, TOXIC, FLAMMABLE",6.1,TF2,III,6.1+3,61 274,5 L,E1,P001 IBC03 R001,,MP19,T7,TP2 TP28,L4BH,TU15,2,W12,,CW13 CW28 CW31,CE8 CE12,63,flashpoint not less than 23°C
2996,a,"ORGANOCHLORINE PESTICIDE, LIQUID, TOXIC",6.1,T6,I,6.1,61 274 648,0,E5,P001,,MP8 MP17,T14,TP2 TP27,L10CH,TU14 TU15 TU38 TE21 TE22,1,,,CW13 CW28 CW31,CE12,66,
2996,b,"ORGANOCHLORINE PESTICIDE, LIQUID, TOXIC",6.1,T6,II,6.1,61 274 648,100 mL,E4,P001 IBC02,,MP15,T11,TP2 TP27,L4BH,TU15,2,,,CW13 CW28 CW31,CE5 CE12,60,
2996,c,"ORGANOCHLORINE PESTICIDE, LIQUID, TOXIC",6.1,T6,III,6.1,61 274 648,5 L,E1,P001 IBC03 LP01 R001,,MP19,T7,TP2 TP28,L4BH,TU15,2,W12,,CW13 CW28 CW31,CE8 CE12,60,
2997,a,"TRIAZINE PESTICIDE, LIQUID, TOXIC, FLAMMABLE",6.1,TF2,I,6.1+3,61 274,0,E5,P001,,MP8 MP17,T14,TP2 TP27,L10CH,TU14 TU15 TU38 TE21 TE22,1,,,CW13 CW28 CW31,CE12,663,flashpoint not less than 23°C
2997,b,"TRIAZINE PESTICIDE, LIQUID, TOXIC, FLAMMABLE",6.1,TF2,II,6.1+3,61 274,100 mL,E4,P001 IBC02,,MP15,T11,TP2 TP27,L4BH,TU15,2,,,CW13 CW28 CW31,CE5 CE12,63,flashpoint not less than 23°C
2997,c,"TRIAZINE PESTICIDE, LIQUID, TOXIC, FLAMMABLE",6.1,TF2,III,6.1+3,61 274,5 L,E1,P001 IBC03 R001,,MP19,T7,TP2 TP28,L4BH,TU15,2,W12,,CW13 CW28 CW31,CE8 CE12,63,flashpoint not less than 23°C
2998,a,"TRIAZINE PESTICIDE, LIQUID, TOXIC",6.1,T6,I,6.1,61 274 648,0,E5,P001,,MP8 MP17,T14,TP2 TP27,L10CH,TU14 TU15 TU38 TE21 TE22,1,,,CW13 CW28 CW31,CE12,66,
2998,b,"TRIAZINE PESTICIDE, LIQUID, TOXIC",6.1,T6,II,6.1,61 274 648,100 mL,E4,P001 IBC02,,MP15,T11,TP2 TP27,L4BH,TU15,2,,,CW13 CW28 CW31,CE5 CE12,60,
2998,c,"TRIAZINE PESTICIDE, LIQUID, TOXIC",6.1,T6,III,6.1,61 274 648,5 L,E1,P001 IBC03 LP01 R001,,MP19,T7,TP2 TP28,L4BH,TU15,2,W12,,CW13 CW28 CW31,CE8 CE12,60,
3005,a,"THIOCARBAMATE PESTICIDE, LIQUID, TOXIC, FLAMMABLE",6.1,TF2,I,6.1+3,61 274,0,E5,P001,,MP8 MP17,T14,TP2,L10CH,TU14 TU15 TU38 TE21 TE22,1,,,CW13 CW28 CW31,CE12,663,flashpoint not less than 23°C
3005,b,"THIOCARBAMATE PESTICIDE, LIQUID, TOXIC, FLAMMABLE",6.1,TF2,II,6.1+3,61 274,100 mL,E4,P001 IBC02,,MP15,T11,TP2 TP27,L4BH,TU15,2,,,CW13 CW28 CW31,CE5 CE12,63,flashpoint not less than 23°C
3005,c,"THIOCARBAMATE PESTICIDE, LIQUID, TOXIC, FLAMMABLE",6.1,TF2,III,6.1+3,61 274,5 L,E1,P001 IBC03 R001,,MP19,T7,TP2 TP28,L4BH,TU15,2,W12,,CW13 CW28 CW31,CE8 CE12,63,flashpoint not less than 23°C
3006,a,"THIOCARBAMATE PESTICIDE, LIQUID, TOXIC",6.1,T6,I,6.1,61 274 648,0,E5,P001,,MP8 MP17,T14,TP2,L10CH,TU14 TU15 TU38 TE21 TE22,1,,,CW13 CW28 CW31,CE12,66,
3006,b,"THIOCARBAMATE PESTICIDE, LIQUID, TOXIC",6.1,T6,II,6.1,61 274 648,100 mL,E4,P001 IBC02,,MP15,T11,TP2 TP27,L4BH,TU15,2,,,CW13 CW28 CW31,CE5 CE12,60,
3006,c,"THIOCARBAMATE PESTICIDE, LIQUID, TOXIC",6.1,T6,III,6.1,61 274 648,5 L,E1,P001 IBC03 LP01 R001,,MP19,T7,TP2 TP28,L4BH,TU15,2,W12,,CW13 CW28 CW31,CE8 CE12,60,
3009,a,"COPPER BASED PESTICIDE, LIQUID, TOXIC, FLAMMABLE",6.1,TF2,I,6.1+3,61 274,0,E5,P001,,MP8 MP17,T14,TP2 TP27,L10CH,TU14 TU15 TU38 TE21 TE22,1,,,CW13 CW28 CW31,CE12,663,flashpoint not less than 23°C
3009,b,"COPPER BASED PESTICIDE, LIQUID, TOXIC, FLAMMABLE",6.1,TF2,II,6.1+3,61 274,100 mL,E4,P001 IBC02,,MP15,T11,TP2 TP27,L4BH,TU15,2,,,CW13 CW28 CW31,CE5 CE12,63,flashpoint not less than 23°C
3009,c,"COPPER BASED PESTICIDE, LIQUID, TOXIC, FLAMMABLE",6.1,TF2,III,6.1+3,61 274,5 L,E1,P001 IBC03 R001,,MP19,T7,TP2 TP28,L4BH,TU15,2,W12,,CW13 CW28 CW31,CE8 CE12,63,flashpoint not less than 23°C
3010,a,"COPPER BASED PESTICIDE, LIQUID, TOXIC",6.1,T6,I,6.1,61 274 648,0,E5,P001,,MP8 MP17,T14,TP2 TP27,L10CH,TU14 TU15 TU38 TE21 TE22,1,,,CW13 CW28 CW31,CE12,66,
3010,b,"COPPER BASED PESTICIDE, LIQUID, TOXIC",6.1,T6,II,6.1,61 274 648,100 mL,E4,P001 IBC02,,MP15,T11,TP2 TP27,L4BH,TU15,2,,,CW13 CW28 CW31,CE5 CE12,60,
3010,c,"COPPER BASED PESTICIDE, LIQUID, TOXIC",6.1,T6,III,6.1,61 274 648,5 L,E1,P001 IBC03 LP01 R001,,MP19,T7,TP2 TP28,L4BH,TU15,2,W12,,CW13 CW28 CW31,CE8 CE12,60,
3011,a,"MERCURY BASED PESTICIDE, LIQUID, TOXIC, FLAMMABLE",6.1,TF2,I,6.1+3,61 274,0,E5,P001,,MP8 MP17,T14,TP2 TP27,L10CH,TU14 TU15 TU38 TE21 TE22,1,,,CW13 CW28 CW31,CE12,663,flashpoint not less than 23°C
3011,b,"MERCURY BASED PESTICIDE, LIQUID, TOXIC, FLAMMABLE",6.1,TF2,II,6.1+3,61 274,100 mL,E4,P001 IBC02,,MP15,T11,TP2 TP27,L4BH,TU15,2,,,CW13 CW28 CW31,CE5 CE12,63,flashpoint not less than 23°C
3011,c,"MERCURY BASED PESTICIDE, LIQUID, TOXIC, FLAMMABLE",6.1,TF2,III,6.1+3,61 274,5 L,E1,P001 IBC03 R001,,MP19,T7,TP2 TP28,L4BH,TU15,2,W12,,CW13 CW28 CW31,CE8 CE12,63,flashpoint not less than 23°C
3012,a,"MERCURY BASED PESTICIDE, LIQUID, TOXIC",6.1,T6,I,6.1,61 274 648,0,E5,P001,,MP8 MP17,T14,TP2 TP27,L10CH,TU14 TU15 TU38 TE21 TE22,1,,,CW13 CW28 CW31,CE12,66,
3012,b,"MERCURY BASED PESTICIDE, LIQUID, TOXIC",6.1,T6,II,6.1,61 274 648,100 mL,E4,P001 IBC02,,MP15,T11,TP2 TP27,L4BH,TU15,2,,,CW13 CW28 CW31,CE5 CE12,60,
3012,c,"MERCURY BASED PESTICIDE, LIQUID, TOXIC",6.1,T6,III,6.1,61 274 648,5 L,E1,P001 IBC03 LP01 R001,,MP19,T7,TP2 TP28,L4BH,TU15,2,W12,,CW13 CW28 CW31,CE8 CE12,60,
3013,a,"SUBSTITUTED NITROPHENOL PESTICIDE, LIQUID, TOXIC, FLAMMABLE",6.1,TF2,I,6.1+3,61 274,0,E5,P001,,MP8 MP17,T14,TP2 TP27,L10CH,TU14 TU15 TU38 TE21 TE22,1,,,CW13 CW28 CW31,CE12,663,flashpoint not less than 23°C
3013,b,"SUBSTITUTED NITROPHENOL PESTICIDE, LIQUID, TOXIC, FLAMMABLE",6.1,TF2,II,6.1+3,61 274,100 mL,E4,P001 IBC02,,MP15,T11,TP2 TP27,L4BH,TU15,2,,,CW13 CW28 CW31,CE5 CE12,63,flashpoint not less than 23°C
3013,c,"SUBSTITUTED NITROPHENOL PESTICIDE, LIQUID, TOXIC, FLAMMABLE",6.1,TF2,III,6.1+3,61 274,5 L,E1,P001 IBC03 R001,,MP19,T7,TP2 TP28,L4BH,TU15,2,W12,,CW13 CW28 CW31,CE8 CE12,63,flashpoint not less than 23°C
3014,a,"SUBSTITUTED NITROPHENOL PESTICIDE, LIQUID, TOXIC",6.1,T6,I,6.1,61 274 648,0,E5,P001,,MP8 MP17,T14,TP2 TP27,L10CH,TU14 TU15 TU38 TE21 TE22,1,,,CW13 CW28 CW31,CE12,66,
3014,b,"SUBSTITUTED NITROPHENOL PESTICIDE, LIQUID, TOXIC",6.1,T6,II,6.1,61 274 648,100 mL,E4,P001 IBC02,,MP15,T11,TP2 TP27,L4BH,TU15,2,,,CW13 CW28 CW31,CE5 CE12,60,
3014,c,"SUBSTITUTED NITROPHENOL PESTICIDE, LIQUID, TOXIC",6.1,T6,III,6.1,61 274 648,5 L,E1,P001 IBC03 LP01 R001,,MP19,T7,TP2 TP28,L4BH,TU15,2,W12,,CW13 CW28 CW31,CE8 CE12,60,
3015,a,"BIPYRIDILIUM PESTICIDE, LIQUID, TOXIC, FLAMMABLE",6.1,TF2,I,6.1+3,61 274,0,E5,P001,,MP8 MP17,T14,TP2 TP27,L10CH,TU14 TU15 TU38 TE21 TE22,1,,,CW13 CW28 CW31,CE12,663,flashpoint not less than 23°C
3015,b,"BIPYRIDILIUM PESTICIDE, LIQUID, TOXIC, FLAMMABLE",6.1,TF2,II,6.1+3,61 274,100 mL,E4,P001 IBC02,,MP15,T11,TP2 TP27,L4BH,TU15,2,,,CW13 CW28 CW31,CE5 CE12,63,flashpoint not less than 23°C
3015,c,"BIPYRIDILIUM PESTICIDE, LIQUID, TOXIC, FLAMMABLE",6.1,TF2,III,6.1+3,61 274,5 L,E1,P001 IBC03 R001,,MP19,T7,TP2 TP28,L4BH,TU15,2,W12,,CW13 CW28 CW31,CE8 CE12,63,flashpoint not less than 23°C
3016,a,"BIPYRIDILIUM PESTICIDE, LIQUID, TOXIC",6.1,T6,I,6.1,61 274 648,0,E5,P001,,MP8 MP17,T14,TP2 TP27,L10CH,TU14 TU15 TU38 TE21 TE22,1,,,CW13 CW28 CW31,CE12,66,
3016,b,"BIPYRIDILIUM PESTICIDE, LIQUID, TOXIC",6.1,T6,II,6.1,61 274 648,100 mL,E4,P001 IBC02,,MP15,T11,TP2 TP27,L4BH,TU15,2,,,CW13 CW28 CW31,CE5 CE12,60,
3016,c,"BIPYRIDILIUM PESTICIDE, LIQUID, TOXIC",6.1,T6,III,6.1,61 274 648,5 L,E1,P001 IBC03 LP01 R001,,MP19,T7,TP2 TP28,L4BH,TU15,2,W12,,CW13 CW28 CW31,CE8 CE12,60,
3017,a,"ORGANOPHOSPHORUS PESTICIDE, LIQUID, TOXIC, FLAMMABLE",6.1,TF2,I,6.1+3,61 274,0,E5,P001,,MP8 MP17,T14,TP2 TP27,L10CH,TU14 TU15 TU38 TE21 TE22,1,,,CW13 CW28 CW31,CE12,663,flashpoint not less than 23°C
3017,b,"ORGANOPHOSPHORUS PESTICIDE, LIQUID, TOXIC, FLAMMABLE",6.1,TF2,II,6.1+3,61 274,100 mL,E4,P001 IBC02,,MP15,T11,TP2 TP27,L4BH,TU15,2,,,CW13 CW28 CW31,CE5 CE12,63,flashpoint not less than 23°C
3017,c,"ORGANOPHOSPHORUS PESTICIDE, LIQUID, TOXIC, FLAMMABLE",6.1,TF2,III,6.1+3,61 274,5 L,E1,P001 IBC03 R001,,MP19,T7,TP2 TP28,L4BH,TU15,2,W12,,CW13 CW28 CW31,CE8 CE12,63,flashpoint not less than 23°C
3018,a,"ORGANOPHOSPHORUS PESTICIDE, LIQUID, TOXIC",6.1,T6,I,6.1,61 274 648,0,E5,P001,,MP8 MP17,T14,TP2 TP27,L10CH,TU14 TU15 TU38 TE21 TE22,1,,,CW13 CW28 CW31,CE12,66,
3018,b,"ORGANOPHOSPHORUS PESTICIDE, LIQUID, TOXIC",6.1,T6,II,6.1,61 274 648,100 mL,E4,P001 IBC02,,MP15,T11,TP2 TP27,L4BH,TU15,2,,,CW13 CW28 CW31,CE5 CE12,60,
3018,c,"ORGANOPHOSPHORUS PESTICIDE, LIQUID, TOXIC",6.1,T6,III,6.1,61 274 648,5 L,E1,P001 IBC03 LP01 R001,,MP19,T7,TP2 TP28,L4BH,TU15,2,W12,,CW13 CW28 CW31,CE8 CE12,60,
3019,a,"ORGANOTIN PESTICIDE, LIQUID, TOXIC, FLAMMABLE",6.1,TF2,I,6.1+3,61 274,0,E5,P001,,MP8 MP17,T14,TP2 TP27,L10CH,TU14 TU15 TU38 TE21 TE22,1,,,CW13 CW28 CW31,CE12,663,flashpoint not less than 23°C
3019,b,"ORGANOTIN PESTICIDE, LIQUID, TOXIC, FLAMMABLE",6.1,TF2,II,6.1+3,61 274,100 mL,E4,P001 IBC02,,MP15,T11,TP2 TP27,L4BH,TU15,2,,,CW13 CW28 CW31,CE5 CE12,63,flashpoint not less than 23°C
3019,c,"ORGANOTIN PESTICIDE, LIQUID, TOXIC, FLAMMABLE",6.1,TF2,III,6.1+3,61 274,5 L,E1,P001 IBC03 R001,,MP19,T7,TP2 TP28,L4BH,TU15,2,W12,,CW13 CW28 CW31,CE8 CE12,63,flashpoint not less than 23°C
3020,a,"ORGANOTIN PESTICIDE, LIQUID, TOXIC",6.1,T6,I,6.1,61 274 648,0,E5,P001,,MP8 MP17,T14,TP2 TP27,L10CH,TU14 TU15 TU38 TE21 TE22,1,,,CW13 CW28 CW31,CE12,66,
3020,b,"ORGANOTIN PESTICIDE, LIQUID, TOXIC",6.1,T6,II,6.1,61 274 648,100 mL,E4,P001 IBC02,,MP15,T11,TP2 TP27,L4BH,TU15,2,,,CW13 CW28 CW31,CE5 CE12,60,
3020,c,"ORGANOTIN PESTICIDE, LIQUID, TOXIC",6.1,T6,III,6.1,61 274 648,5 L,E1,P001 IBC03 LP01 R001,,MP19,T7,TP2 TP28,L4BH,TU15,2,W12,,CW13 CW28 CW31,CE8 CE12,60,
3021,a,"PESTICIDE, LIQUID, FLAMMABLE, TOXIC, N.O.S.",3,FT2,I,3+6.1,61 274,0,E0,P001,,MP7 MP17,T14,TP2 TP27,L10CH,TU14 TU15 TU38 TE21 TE22,1,,,CW13 CW28,,336,flashpoint less than 23°C
3021,b,"PESTICIDE, LIQUID, FLAMMABLE, TOXIC, N.O.S.",3,FT2,II,3+6.1,61 274,1 L,E2,P001 IBC02 R001,,MP19,T11,TP2 TP27,L4BH,TU15,2,,,CW13 CW28,CE7,336,flashpoint less than 23°C
3022,,"1,2-BUTYLENE OXIDE, STABILIZED",3,F1,II,3,386 676,1 L,E2,P001 IBC02 R001,,MP19,T4,TP1,LGBF,,2,,,,CE7,339,
3023,,2-METHYL-2-HEPTANETHIOL,6.1,TF1,I,6.1+3,354,0,E0,P602,,MP8 MP17,T20,TP2,L10CH,TU14 TU15 TU38 TE21 TE22,1,,,CW13 CW28 CW31,,663,
3024,a,"COUMARIN DERIVATIVE PESTICIDE, LIQUID, FLAMMABLE, TOXIC",3,FT2,I,3+6.1,61 274,0,E0,P001,,MP7 MP17,T14,TP2 TP27,L10CH,TU14 TU15 TU38 TE21 TE22,1,,,CW13 CW28,,336,flashpoint less than 23°C
3024,b,"COUMARIN DERIVATIVE PESTICIDE, LIQUID, FLAMMABLE, TOXIC",3,FT2,II,3+6.1,61 274,1 L,E2,P001 IBC02 R001,,MP19,T11,TP2 TP27,L4BH,TU15,2,,,CW13 CW28,CE7,336,flashpoint less than 23°C
3025,a,"COUMARIN DERIVATIVE PESTICIDE, LIQUID, TOXIC, FLAMMABLE",6.1,TF2,I,6.1+3,61 274,0,E5,P001,,MP8 MP17,T14,TP2 TP27,L10CH,TU14 TU15 TU38 TE21 TE22,1,,,CW13 CW28 CW31,CE12,663,flashpoint not less than 23°C
3025,b,"COUMARIN DERIVATIVE PESTICIDE, LIQUID, TOXIC, FLAMMABLE",6.1,TF2,II,6.1+3,61 274,100 mL,E4,P001 IBC02,,MP15,T11,TP2 TP27,L4BH,TU15,2,,,CW13 CW28 CW31,CE5 CE12,63,flashpoint not less than 23°C
3025,c,"COUMARIN DERIVATIVE PESTICIDE, LIQUID, TOXIC, FLAMMABLE",6.1,TF2,III,6.1+3,61 274,5 L,E1,P001 IBC03 R001,,MP19,T7,TP1 TP28,L4BH,TU15,2,W12,,CW13 CW28 CW31,CE8 CE12,63,flashpoint not less than 23°C
3026,a,"COUMARIN DERIVATIVE PESTICIDE, LIQUID, TOXIC",6.1,T6,I,6.1,61 274 648,0,E5,P001,,MP8 MP17,T14,TP2 TP27,L10CH,TU14 TU15 TU38 TE21 TE22,1,,,CW13 CW28 CW31,CE12,66,
3026,b,"COUMARIN DERIVATIVE PESTICIDE, LIQUID, TOXIC",6.1,T6,II,6.1,61 274 648,100 mL,E4,P001 IBC02,,MP15,T11,TP2 TP27,L4BH,TU15,2,,,CW13 CW28 CW31,CE5 CE12,60,
3026,c,"COUMARIN DERIVATIVE PESTICIDE, LIQUID, TOXIC",6.1,T6,III,6.1,61 274 648,5 L,E1,P001 IBC03 LP01 R001,,MP19,T7,TP1 TP28,L4BH,TU15,2,W12,,CW13 CW28 CW31,CE8 CE12,60,
3027,a,"COUMARIN DERIVATIVE PESTICIDE, SOLID, TOXIC",6.1,T7,I,6.1,61 274 648,0,E5,P002 IBC07,,MP18,T6,TP33,S10AH L10CH,TU14 TU15 TU38 TE21 TE22,1,W10,,CW13 CW28 CW31,CE12,66,
3027,b,"COUMARIN DERIVATIVE PESTICIDE, SOLID, TOXIC",6.1,T7,II,6.1,61 274 648,500 g,E4,P002 IBC08,B4,MP10,T3,TP33,SGAH L4BH,TU15,2,W11,,CW13 CW28 CW31,CE9 CE12,60,
3027,c,"COUMARIN DERIVATIVE PESTICIDE, SOLID, TOXIC",6.1,T7,III,6.1,61 274 648,5 kg,E1,P002 IBC08 LP02 R001,B3,MP10,T1,TP33,SGAH L4BH,TU15,2,,VC1 VC2 AP7,CW13 CW28 CW31,CE11 CE12,60,
3028,,"BATTERIES, DRY, CONTAINING POTASSIUM HYDROXIDE, SOLID",8,C11,,8,295 304 598,2 kg,E0,P801,,,,,,,3,,VC1 VC2 AP8,,CE11,80,electric storage
3048,,ALUMINIUM PHOSPHIDE PESTICIDE,6.1,T7,I,6.1,153 648,0,E0,P002 IBC07,,MP18,T6,TP33,S10AH,TU15,1,W10,,CW13 CW28 CW31,,642,
3054,,CYCLOHEXYL MERCAPTAN,3,F1,III,3,,5 L,E1,P001 IBC03 LP01 R001,,MP19,T2,TP1,LGBF,,3,W12,,,CE4,30,
3055,,2-(2-AMINOETHOXY) ETHANOL,8,C7,III,8,,5 L,E1,P001 IBC03 LP01 R001,,MP19,T4,TP1,L4BN,,3,W12,,,CE8,80,
3056,,n-HEPTALDEHYDE,3,F1,III,3,,5 L,E1,P001 IBC03 LP01 R001,,MP19,T2,TP1,LGBF,,3,W12,,,CE4,30,
3057,,TRIFLUOROACETYL CHLORIDE,2,2TC,,2.3+8+13,,0,E0,P200,,MP9,T50,TP21,PxBH(M),TU38 TE22 TE25 TA4 TT9 TM6,1,,,CW9 CW10 CW36,,268,
3064,,NITROGLYCERIN SOLUTION IN ALCOHOL,3,D,II,3,359,0,E0,P300,,MP2,,,,,2,,,,,33,with more than 1% but not more than 5% nitroglycerin
3065,a,ALCOHOLIC BEVERAGES,3,F1,II,3,,5 L,E2,P001 IBC02 R001,PP2,MP19,T4,TP1,LGBF,,2,,,,CE7,33,with more than 70% alcohol by volume
3065,b,ALCOHOLIC BEVERAGES,3,F1,III,3,144 145 247,5 L,E1,P001 IBC03 R001,PP2,MP19,T2,TP1,LGBF,,3,W12,,,CE4,30,with more than 24% but not more than 70% alcohol by volume
3066,a,PAINT,8,C9,II,8,163 367,1 L,E2,P001 IBC02,,MP15,T7,TP2 TP28,L4BN,,2,,,,CE6,80,"(including paint, lacquer, enamel, stain, shellac, varnish, polish, liquid filler and liquid lacquer base)"
3066,b,PAINT RELATED MATERIAL,8,C9,II,8,163 367,1 L,E2,P001 IBC02,,MP15,T7,TP2 TP28,L4BN,,2,,,,CE6,80,(including paint thinning and reducing compound)
3066,c,PAINT,8,C9,III,8,163 367,5 L,E1,P001 IBC03 R001,,MP19,T4,TP1 TP29,L4BN,,3,W12,,,CE8,80,"(including paint, lacquer, enamel, stain, shellac, varnish, polish, liquid filler and liquid lacquer base)"
3066,d,PAINT RELATED MATERIAL,8,C9,III,8,163 367,5 L,E1,P001 IBC03 R001,,MP19,T4,TP1 TP29,L4BN,,3,W12,,,CE8,80,(including paint thinning and reducing compound)
3070,,ETHYLENE OXIDE AND DICHLORODIFLUOROMETHANE MIXTURE,2,2A,,2.2+13,392 662,120 mL,E1,P200,,MP9,T50 (M),,PxBN(M),TA4 TT9 TM6,3,,,CW9 CW10 CW36,CE3,20,with not more than 12.5% ethylene oxide
3071,a,"MERCAPTANS, LIQUID, TOXIC, FLAMMABLE, N.O.S.",6.1,TF1,II,6.1+3,274,100 mL,E4,P001 IBC02,,MP15,T11,TP2 TP27,L4BH,TU15,2,,,CW13 CW28 CW31,CE5,63,
3071,b,"MERCAPTAN MIXTURE, LIQUID, TOXIC, FLAMMABLE, N.O.S.",6.1,TF1,II,6.1+3,274,100 mL,E4,P001 IBC02,,MP15,T11,TP2 TP27,L4BH,TU15,2,,,CW13 CW28 CW31,CE5,63,
3072,,"LIFE-SAVING APPLIANCES, NOT SELF-INFLATING",9,M5,,9,296 635,0,E0,P905,,,,,,,3,,,,CE2,90,containing dangerous goods as equipment
3073,,"VINYLPYRIDINES, STABILIZED",6.1,TFC,II,6.1+3+8,386 676,100 mL,E4,P001 IBC01,,MP15,T7,TP2,L4BH,TU15,2,,,CW13 CW28 CW31,CE5,638,
3077,,"ENVIRONMENTALLY HAZARDOUS SUBSTANCE, SOLID, N.O.S.",9,M7,III,9,274 335 375 601,5 kg,E1,P002 IBC08 LP02 R001,PP12 B3,MP10,T1 BK1 BK2 BK3,TP33,SGAV LGBV,,3,W13,VC1 VC2,CW13 CW31,CE11,90,
3078,,CERIUM,4.3,W2,II,4.3,550,500 g,E2,P410 IBC07,,MP14,T3,TP33,SGAN,,2,W1,,CW23,CE10,423,turnings or gritty powder
3079,,"METHACRYLONITRILE, STABILIZED",6.1,TF1,I,6.1+3,354 386 676,0,E0,P602,,MP8 MP17,T20,TP2,L10CH,TU14 TU15 TU38 TE21 TE22,1,,,CW13 CW28 CW31,,663,
3080,a,"ISOCYANATES, TOXIC, FLAMMABLE, N.O.S.",6.1,TF1,II,6.1+3,274 551,100 mL,E4,P001 IBC02,,MP15,T11,TP2 TP27,L4BH,TU15,2,,,CW13 CW28 CW31,CE5,63,
3080,b,"ISOCYANATE SOLUTION, TOXIC, FLAMMABLE, N.O.S.",6.1,TF1,II,6.1+3,274 551,100 mL,E4,P001 IBC02,,MP15,T11,TP2 TP27,L4BH,TU15,2,,,CW13 CW28 CW31,CE5,63,
3082,,"ENVIRONMENTALLY HAZARDOUS SUBSTANCE, LIQUID, N.O.S.",9,M6,III,9,274 335 375 601,5 L,E1,P001 IBC03 LP01 R001,PP1,MP19,T4,TP1 TP29,LGBV,,3,W12,,CW13 CW31,CE8,90,
3083,,PERCHLORYL FLUORIDE,2,2TO,,2.3+5.1+13,,0,E0,P200,,MP9,(M),,PxBH(M),TU38 TE22 TE25 TA4 TT9 TM6,1,,,CW9 CW10 CW36,,265,
3084,a,"CORROSIVE SOLID, OXIDIZING, N.O.S.",8,CO2,I,8+5.1,274,0,E0,P002,,MP18,T6,TP33,S10AN L10BH,TU38 TE22,1,,,CW24,,885,
3084,b,"CORROSIVE SOLID, OXIDIZING, N.O.S.",8,CO2,II,8+5.1,274,1 kg,E2,P002 IBC06,,MP10,T3,TP33,SGAN L4BN,,2,W11,,CW24,CE10,85,
3085,a,"OXIDIZING SOLID, CORROSIVE, N.O.S.",5.1,OC2,I,5.1+8,274,0,E0,P503,,MP2,,,,,1,,,CW24,,558,
3085,b,"OXIDIZING SOLID, CORROSIVE, N.O.S.",5.1,OC2,II,5.1+8,274,1 kg,E2,P002 IBC06,,MP2,T3,TP33,SGAN,TU3,2,W11,,CW24,CE10,58,
3085,c,"OXIDIZING SOLID, CORROSIVE, N.O.S.",5.1,OC2,III,5.1+8,274,5 kg,E1,P002 IBC08 R001,B3,MP2,T1,TP33,SGAN,TU3,3,,,CW24,CE11,58,
3086,a,"TOXIC SOLID, OXIDIZING, N.O.S.",6.1,TO2,I,6.1+5.1,274,0,E5,P002,,MP18,T6,TP33,S10AH L10CH,TU14 TU15 TU38 TE21 TE22,1,,,CW13 CW28 CW31,,665,
3086,b,"TOXIC SOLID, OXIDIZING, N.O.S.",6.1,TO2,II,6.1+5.1,274,500 g,E4,P002 IBC06,,MP10,T3,TP33,SGAH L4BH,TU15,2,W11,,CW13 CW28 CW31,CE9,65,
3087,a,"OXIDIZING SOLID, TOXIC, N.O.S.",5.1,OT2,I,5.1+6.1,274,0,E0,P503,,MP2,,,,,1,,,CW24 CW28,,556,
3087,b,"OXIDIZING SOLID, TOXIC, N.O.S.",5.1,OT2,II,5.1+6.1,274,1 kg,E2,P002 IBC06,,MP2,T3,TP33,SGAN,TU3,2,W11,,CW24 CW28,CE10,56,
3087,c,"OXIDIZING SOLID, TOXIC, N.O.S.",5.1,OT2,III,5.1+6.1,274,5 kg,E1,P002 IBC08 R001,B3,MP2,T1,TP33,SGAN,TU3,3,,,CW24 CW28,CE11,56,
3088,a,"SELF-HEATING SOLID, ORGANIC, N.O.S.",4.2,S2,II,4.2,274,0,E2,P410 IBC06,,MP14,T3,TP33,SGAV,,2,W1,,,CE10,40,
3088,b,"SELF-HEATING SOLID, ORGANIC, N.O.S.",4.2,S2,III,4.2,274 665,0,E1,P002 IBC08 LP02 R001,B3,MP14,T1,TP33,SGAV,,3,W1,,,CE11,40,
3089,a,"METAL POWDER, FLAMMABLE, N.O.S.",4.1,F3,II,4.1,552,1 kg,E2,P002 IBC08,B4,MP11,T3,TP33,SGAN,,2,W1,,,CE10,40,
3089,b,"METAL POWDER, FLAMMABLE, N.O.S.",4.1,F3,III,4.1,552,5 kg,E1,P002 IBC08 R001,B4,MP11,T1,TP33,SGAV,,3,W1,VC1 VC2,,CE11,40,
3090,a,LITHIUM METAL BATTERIES,9,M4,,9A,188 230 310 376 377 387 636,0,E0,P903 P908 P909 P910 P911 LP903 LP904 LP905 LP906,,,,,,,2,,,,CE2,90,(including lithium alloy batteries)
3090,b,LITHIUM METAL BATTERIES DAMAGED/DEFECTIVE,9,M4,,9A,188 230 310 376 377 387 636,0,E0,P903 P908 P909 P910 P911 LP903 LP904 LP905 LP906,,,,,,,2,,,,CE2,90,(including lithium alloy batteries)
3090,c,LITHIUM METAL BATTERIES DAMAGED/DEFECTIVE,9,M4,,9A,188 230 310 376 377 387 636,0,E0,P903 P908 P909 P910 P911 LP903 LP904 LP905 LP906,,,,,,,2,,,,CE2,90,(including lithium alloy batteries)
3090,d,LITHIUM METAL BATTERIES FOR DISPOSAL,9,M4,,9A,188 230 310 376 377 387 636,0,E0,P903 P908 P909 P910 P911 LP903 LP904 LP905 LP906,,,,,,,2,,,,CE2,90,(including lithium alloy batteries)
3090,e,LITHIUM METAL BATTERIES FOR DISPOSAL,9,M4,,9A,188 230 310 376 377 387 636,0,E0,P903 P908 P909 P910 P911 LP903 LP904 LP905 LP906,,,,,,,2,,,,CE2,90,(including lithium alloy batteries)
3090,f,LITHIUM METAL BATTERIES FOR RECYCLING,9,M4,,9A,188 230 310 376 377 387 636,0,E0,P903 P908 P909 P910 P911 LP903 LP904 LP905 LP906,,,,,,,2,,,,CE2,90,(including lithium alloy batteries)
3090,g,LITHIUM METAL BATTERIES FOR RECYCLING,9,M4,,9A,188 230 310 376 377 387 636,0,E0,P903 P908 P909 P910 P911 LP903 LP904 LP905 LP906,,,,,,,2,,,,CE2,90,(including lithium alloy batteries)
3090,h,LITHIUM METAL BATTERIES,9,M4,,9A,188 230 310 376 377 387 636,0,E0,P903 P908 P909 P910 P911 LP903 LP904 LP905 LP906,,,,,,,2,,,,CE2,90,(including lithium alloy batteries)
3091,a,LITHIUM METAL BATTERIES CONTAINED IN EQUIPMENT,9,M4,,9A,188 230 310 360 376 377 387 390 670,0,E0,P903 P908 P909 P910 P911 LP903 LP904 LP905 LP906,,,,,,,2,,,,CE2,90,(including lithium alloy batteries)
3091,b,"LITHIUM METAL BATTERIES, DAMAGED/DEFECTIVE, CONTAINED IN EQUIPMENT",9,M4,,9A,188 230 310 360 376 377 387 390 670,0,E0,P903 P908 P909 P910 P911 LP903 LP904 LP905 LP906,,,,,,,2,,,,CE2,90,(including lithium alloy batteries)
3091,c,"LITHIUM METAL BATTERIES, DAMAGED/DEFECTIVE, CONTAINED IN EQUIPMENT",9,M4,,9A,188 230 310 360 376 377 387 390 670,0,E0,P903 P908 P909 P910 P911 LP903 LP904 LP905 LP906,,,,,,,2,,,,CE2,90,(including lithium alloy batteries)
3091,d,LITHIUM METAL BATTERIES FOR DISPOSAL CONTAINED IN EQUIPMENT,9,M4,,9A,188 230 310 360 376 377 387 390 670,0,E0,P903 P908 P909 P910 P911 LP903 LP904 LP905 LP906,,,,,,,2,,,,CE2,90,(including lithium alloy batteries)
3091,e,LITHIUM METAL BATTERIES FOR DISPOSAL CONTAINED IN EQUIPMENT,9,M4,,9A,188 230 310 360 376 377 387 390 670,0,E0,P903 P908 P909 P910 P911 LP903 LP904 LP905 LP906,,,,,,,2,,,,CE2,90,(including lithium alloy batteries)
3091,f,LITHIUM METAL BATTERIES FOR RECYCLING CONTAINED IN EQUIPMENT,9,M4,,9A,188 230 310 360 376 377 387 390 670,0,E0,P903 P908 P909 P910 P911 LP903 LP904 LP905 LP906,,,,,,,2,,,,CE2,90,(including lithium alloy batteries)
3091,g,LITHIUM METAL BATTERIES FOR RECYCLING CONTAINED IN EQUIPMENT,9,M4,,9A,188 230 310 360 376 377 387 390 670,0,E0,P903 P908 P909 P910 P911 LP903 LP904 LP905 LP906,,,,,,,2,,,,CE2,90,(including lithium alloy batteries)
3091,h,LITHIUM METAL BATTERIES CONTAINED IN EQUIPMENT,9,M4,,9A,188 230 310 360 376 377 387 390 670,0,E0,P903 P908 P909 P910 P911 LP903 LP904 LP905 LP906,,,,,,,2,,,,CE2,90,(including lithium alloy batteries)
3091,i,LITHIUM METAL BATTERIES PACKED WITH EQUIPMENT,9,M4,,9A,188 230 310 360 376 377 387 390 670,0,E0,P903 P908 P909 P910 P911 LP903 LP904 LP905 LP906,,,,,,,2,,,,CE2,90,(including lithium alloy batteries)
3091,j,"LITHIUM METAL BATTERIES, DAMAGED/DEFECTIVE, PACKED WITH EQUIPMENT",9,M4,,9A,188 230 310 360 376 377 387 390 670,0,E0,P903 P908 P909 P910 P911 LP903 LP904 LP905 LP906,,,,,,,2,,,,CE2,90,(including lithium alloy batteries)
3091,k,"LITHIUM METAL BATTERIES, DAMAGED/DEFECTIVE, PACKED WITH EQUIPMENT",9,M4,,9A,188 230 310 360 376 377 387 390 670,0,E0,P903 P908 P909 P910 P911 LP903 LP904 LP905 LP906,,,,,,,2,,,,CE2,90,(including lithium alloy batteries)
3091,l,LITHIUM METAL BATTERIES FOR DISPOSAL PACKED WITH EQUIPMENT,9,M4,,9A,188 230 310 360 376 377 387 390 670,0,E0,P903 P908 P909 P910 P911 LP903 LP904 LP905 LP906,,,,,,,2,,,,CE2,90,(including lithium alloy batteries)
3091,m,LITHIUM METAL BATTERIES FOR DISPOSAL PACKED WITH EQUIPMENT,9,M4,,9A,188 230 310 360 376 377 387 390 670,0,E0,P903 P908 P909 P910 P911 LP903 LP904 LP905 LP906,,,,,,,2,,,,CE2,90,(including lithium alloy batteries)
3091,n,LITHIUM METAL BATTERIES FOR RECYCLING PACKED WITH EQUIPMENT,9,M4,,9A,188 230 310 360 376 377 387 390 670,0,E0,P903 P908 P909 P910 P911 LP903 LP904 LP905 LP906,,,,,,,2,,,,CE2,90,(including lithium alloy batteries)
3091,o,LITHIUM METAL BATTERIES FOR RECYCLING PACKED WITH EQUIPMENT,9,M4,,9A,188 230 310 360 376 377 387 390 670,0,E0,P903 P908 P909 P910 P911 LP903 LP904 LP905 LP906,,,,,,,2,,,,CE2,90,(including lithium alloy batteries)
3091,p,LITHIUM METAL BATTERIES PACKED WITH EQUIPMENT,9,M4,,9A,188 230 310 360 376 377 387 390 670,0,E0,P903 P908 P909 P910 P911 LP903 LP904 LP905 LP906,,,,,,,2,,,,CE2,90,(including lithium alloy batteries)
3092,,1-METHOXY-2-PROPANOL,3,F1,III,3,,5 L,E1,P001 IBC03 LP01 R001,,MP19,T2,TP1,LGBF,,3,W12,,,CE4,30,
3093,a,"CORROSIVE LIQUID, OXIDIZING, N.O.S.",8,CO1,I,8+5.1,274,0,E0,P001,,MP8 MP17,,,L10BH,TU38 TE22,1,,,CW24,,885,
3093,b,"CORROSIVE LIQUID, OXIDIZING, N.O.S.",8,CO1,II,8+5.1,274,1 L,E2,P001 IBC02,,MP15,,,L4BN,,2,,,CW24,CE6,85,
3094,a,"CORROSIVE LIQUID, WATER-REACTIVE, N.O.S.",8,CW1,I,8+4.3,274,0,E0,P001,,MP8 MP17,,,L10BH,TU38 TE22,1,,,,,823,
3094,b,"CORROSIVE LIQUID, WATER-REACTIVE, N.O.S.",8,CW1,II,8+4.3,274,1 L,E2,P001,,MP15,,,L4BN,,2,,,,CE6,823,
3095,a,"CORROSIVE SOLID, SELF-HEATING, N.O.S.",8,CS2,I,8+4.2,274,0,E0,P002,,MP18,T6,TP33,S10AN,,1,,,,,884,
3095,b,"CORROSIVE SOLID, SELF-HEATING, N.O.S.",8,CS2,II,8+4.2,274,1 kg,E2,P002 IBC06,,MP10,T3,TP33,SGAN,,2,W11,,,CE10,84,
3096,a,"CORROSIVE SOLID, WATER-REACTIVE, N.O.S.",8,CW2,I,8+4.3,274,0,E0,P002,,MP18,T6,TP33,S10AN L10BH,TU38 TE22,1,,,,,842,
3096,b,"CORROSIVE SOLID, WATER-REACTIVE, N.O.S.",8,CW2,II,8+4.3,274,1 kg,E2,P002 IBC06,,MP10,T3,TP33,SGAN L4BN,,2,W11,,,CE10,842,
3097,a,"FLAMMABLE SOLID, OXIDIZING, N.O.S.",4.1,FO,,,,,,,,,,,CARRIAGE PROHIBITED,,,,,,,,
3097,b,"FLAMMABLE SOLID, OXIDIZING, N.O.S.",4.1,FO,,,,,,,,,,,CARRIAGE PROHIBITED,,,,,,,,
3098,a,"OXIDIZING LIQUID, CORROSIVE, N.O.S.",5.1,OC1,I,5.1+8,274,0,E0,P502,,MP2,,,,,1,,,CW24,,558,
3098,b,"OXIDIZING LIQUID, CORROSIVE, N.O.S.",5.1,OC1,II,5.1+8,274,1 L,E2,P504 IBC01,,MP2,,,,,2,,,CW24,CE6,58,
3098,c,"OXIDIZING LIQUID, CORROSIVE, N.O.S.",5.1,OC1,III,5.1+8,274,5 L,E1,P504 IBC02 R001,,MP2,,,,,3,,,CW24,CE8,58,
3099,a,"OXIDIZING LIQUID, TOXIC, N.O.S.",5.1,OT1,I,5.1+6.1,274,0,E0,P502,,MP2,,,,,1,,,CW24 CW28,,556,
3099,b,"OXIDIZING LIQUID, TOXIC, N.O.S.",5.1,OT1,II,5.1+6.1,274,1 L,E2,P504 IBC01,,MP2,,,,,2,,,CW24 CW28,CE6,56,
3099,c,"OXIDIZING LIQUID, TOXIC, N.O.S.",5.1,OT1,III,5.1+6.1,274,5 L,E1,P504 IBC02 R001,,MP2,,,,,3,,,CW24 CW28,CE8,56,
3100,a,"OXIDIZING SOLID, SELF-HEATING, N.O.S.",5.1,OS,,,,,,,,,,,CARRIAGE PROHIBITED,,,,,,,,
3100,b,"OXIDIZING SOLID, SELF-HEATING, N.O.S.",5.1,OS,,,,,,,,,,,CARRIAGE PROHIBITED,,,,,,,,
3101,a,"ORGANIC PEROXIDE TYPE B, LIQUID",5.2,P1,,5.2+1,122 181 274,25 mL,E0,P520,,MP4,,,,,1,W5 W7 W8,,CW22 CW24 CW29,,539,
3101,b,"ORGANIC PEROXIDE TYPE B, LIQUID",5.2,P1,,5.2+1,122 181 274,25 mL,E0,P520,,MP4,,,,,1,W5 W7 W8,,CW22 CW24 CW29,,539,
3101,c,"ORGANIC PEROXIDE TYPE B, LIQUID",5.2,P1,,5.2+1,122 181 274,25 mL,E0,P520,,MP4,,,,,1,W5 W7 W8,,CW22 CW24 CW29,,539,
3101,d,"ORGANIC PEROXIDE TYPE B, LIQUID",5.2,P1,,5.2+1,122 181 274,25 mL,E0,P520,,MP4,,,,,1,W5 W7 W8,,CW22 CW24 CW29,,539,
3102,a,"ORGANIC PEROXIDE TYPE B, SOLID",5.2,P1,,5.2+1,122 181 274,100 g,E0,P520,,MP4,,,,,1,W5 W7 W8,,CW22 CW24 CW29,,539,
3102,b,"ORGANIC PEROXIDE TYPE B, SOLID",5.2,P1,,5.2+1,122 181 274,100 g,E0,P520,,MP4,,,,,1,W5 W7 W8,,CW22 CW24 CW29,,539,
3103,a,"ORGANIC PEROXIDE TYPE C, LIQUID",5.2,P1,,5.2,122 274,25 mL,E0,P520,,MP4,,,,,1,W7,,CW22 CW24 CW29,CE6,539,
3103,b,"ORGANIC PEROXIDE TYPE C, LIQUID",5.2,P1,,5.2,122 274,25 mL,E0,P520,,MP4,,,,,1,W7,,CW22 CW24 CW29,CE6,539,
3104,a,"ORGANIC PEROXIDE TYPE C, SOLID",5.2,P1,,5.2,122 274,100 g,E0,P520,,MP4,,,,,1,W7,,CW22 CW24 CW29,CE10,539,
3104,b,"ORGANIC PEROXIDE TYPE C, SOLID",5.2,P1,,5.2,122 274,100 g,E0,P520,,MP4,,,,,1,W7,,CW22 CW24 CW29,CE10,539,
3105,a,"ORGANIC PEROXIDE TYPE D, LIQUID",5.2,P1,,5.2,122 274,125 mL,E0,P520,,MP4,,,,,2,W7,,CW22 CW24 CW29,CE6,539,
3105,b,"ORGANIC PEROXIDE TYPE D, LIQUID",5.2,P1,,5.2,122 274,125 mL,E0,P520,,MP4,,,,,2,W7,,CW22 CW24 CW29,CE6,539,
3105,c,"ORGANIC PEROXIDE TYPE D, LIQUID",5.2,P1,,5.2,122 274,125 mL,E0,P520,,MP4,,,,,2,W7,,CW22 CW24 CW29,CE6,539,
3106,,"ORGANIC PEROXIDE TYPE D, SOLID",5.2,P1,,5.2,122 274,500 g,E0,P520,,MP4,,,,,2,W7,,CW22 CW24 CW29,CE10,539,
3107,a,"ORGANIC PEROXIDE TYPE E, LIQUID",5.2,P1,,5.2,122 274,125 mL,E0,P520,,MP4,,,,,2,W7,,CW22 CW24 CW29,CE6,539,
3107,b,"ORGANIC PEROXIDE TYPE E, LIQUID",5.2,P1,,5.2,122 274,125 mL,E0,P520,,MP4,,,,,2,W7,,CW22 CW24 CW29,CE6,539,
3107,c,"ORGANIC PEROXIDE TYPE E, LIQUID",5.2,P1,,5.2,122 274,125 mL,E0,P520,,MP4,,,,,2,W7,,CW22 CW24 CW29,CE6,539,
3108,,"ORGANIC PEROXIDE TYPE E, SOLID",5.2,P1,,5.2,122 274,500 g,E0,P520,,MP4,,,,,2,W7,,CW22 CW24 CW29,CE10,539,
3109,a,"ORGANIC PEROXIDE TYPE F, LIQUID",5.2,P1,,5.2,122 274,125 mL,E0,P520 IBC520,,MP4,T23,,L4BN(+),TU3 TU13 TU30 TE12 TA2 TM4,2,W7,,CW22 CW24 CW29,CE6,539,
3109,b,"ORGANIC PEROXIDE TYPE F, LIQUID",5.2,P1,,5.2,122 274,125 mL,E0,P520 IBC520,,MP4,T23,,L4BN(+),TU3 TU13 TU30 TE12 TA2 TM4,2,W7,,CW22 CW24 CW29,CE6,539,
3109,c,"ORGANIC PEROXIDE TYPE F, LIQUID",5.2,P1,,5.2,122 274,125 mL,E0,P520 IBC520,,MP4,T23,,L4BN(+),TU3 TU13 TU30 TE12 TA2 TM4,2,W7,,CW22 CW24 CW29,CE6,539,
3110,,"ORGANIC PEROXIDE TYPE F, SOLID",5.2,P1,,5.2,122 274,500 g,E0,P520 IBC520,,MP4,T23,TP33,S4AN(+),TU3 TU13 TU30 TE12 TA2 TM4,2,W7,,CW22 CW24 CW29,CE10,539,
3111,a,"ORGANIC PEROXIDE TYPE B, LIQUID, TEMPERATURE CONTROLLED",5.2,P2,,,,,,,,,,,CARRIAGE PROHIBITED,,,,,,,,
3111,b,"ORGANIC PEROXIDE TYPE B, LIQUID, TEMPERATURE CONTROLLED",5.2,P2,,,,,,,,,,,CARRIAGE PROHIBITED,,,,,,,,
3112,a,"ORGANIC PEROXIDE TYPE B, SOLID, TEMPERATURE CONTROLLED",5.2,P2,,,,,,,,,,,CARRIAGE PROHIBITED,,,,,,,,
3112,b,"ORGANIC PEROXIDE TYPE B, SOLID, TEMPERATURE CONTROLLED",5.2,P2,,,,,,,,,,,CARRIAGE PROHIBITED,,,,,,,,
3113,,"ORGANIC PEROXIDE TYPE C, LIQUID, TEMPERATURE CONTROLLED",5.2,P2,,,,,,,,,,,CARRIAGE PROHIBITED,,,,,,,,
3114,,"ORGANIC PEROXIDE TYPE C, SOLID, TEMPERATURE CONTROLLED",5.2,P2,,,,,,,,,,,CARRIAGE PROHIBITED,,,,,,,,
3115,a,"ORGANIC PEROXIDE TYPE D, LIQUID, TEMPERATURE CONTROLLED",5.2,P2,,,,,,,,,,,CARRIAGE PROHIBITED,,,,,,,,
3115,b,"ORGANIC PEROXIDE TYPE D, LIQUID, TEMPERATURE CONTROLLED",5.2,P2,,,,,,,,,,,CARRIAGE PROHIBITED,,,,,,,,
3116,,"ORGANIC PEROXIDE TYPE D, SOLID, TEMPERATURE CONTROLLED",5.2,P2,,,,,,,,,,,CARRIAGE PROHIBITED,,,,,,,,
3117,,"ORGANIC PEROXIDE TYPE E, LIQUID, TEMPERATURE CONTROLLED",5.2,P2,,,,,,,,,,,CARRIAGE PROHIBITED,,,,,,,,
3118,,"ORGANIC PEROXIDE TYPE E, SOLID, TEMPERATURE CONTROLLED",5.2,P2,,,,,,,,,,,CARRIAGE PROHIBITED,,,,,,,,
3119,a,"ORGANIC PEROXIDE TYPE F, LIQUID, TEMPERATURE CONTROLLED",5.2,P2,,,,,,,,,,,CARRIAGE PROHIBITED,,,,,,,,
3119,b,"ORGANIC PEROXIDE TYPE F, LIQUID, TEMPERATURE CONTROLLED",5.2,P2,,,,,,,,,,,CARRIAGE PROHIBITED,,,,,,,,
3120,,"ORGANIC PEROXIDE TYPE F, SOLID, TEMPERATURE CONTROLLED",5.2,P2,,,,,,,,,,,CARRIAGE PROHIBITED,,,,,,,,
3121,a,"OXIDIZING SOLID, WATER-REACTIVE, N.O.S.",5.1,OW,,,,,,,,,,,CARRIAGE PROHIBITED,,,,,,,,
3121,b,"OXIDIZING SOLID, WATER-REACTIVE, N.O.S.",5.1,OW,,,,,,,,,,,CARRIAGE PROHIBITED,,,,,,,,
3122,a,"TOXIC LIQUID, OXIDIZING, N.O.S.",6.1,TO1,I,6.1+5.1,274 315,0,E0,P001,,MP8 MP17,,,L10CH,TU14 TU15 TU38 TE21 TE22,1,,,CW13 CW28 CW31,,665,
3122,b,"TOXIC LIQUID, OXIDIZING, N.O.S.",6.1,TO1,II,6.1+5.1,274,100 mL,E4,P001 IBC02,,MP15,,,L4BH,TU15,2,,,CW13 CW28 CW31,CE5,65,
3123,a,"TOXIC LIQUID, WATER-REACTIVE, N.O.S.",6.1,TW1,I,6.1+4.3,274 315,0,E0,P099,,MP8 MP17,,,L10CH,TU14 TU15 TU38 TE21 TE22,1,,,CW13 CW28 CW31,,623,
3123,b,"TOXIC LIQUID, WATER-REACTIVE, N.O.S.",6.1,TW1,II,6.1+4.3,274,100 mL,E4,P001 IBC02,,MP15,,,L4BH,TU15,2,,,CW13 CW28 CW31,CE5,623,
3124,a,"TOXIC SOLID, SELF-HEATING, N.O.S.",6.1,TS,I,6.1+4.2,274,0,E5,P002,,MP18,T6,TP33,S10AH L10CH,TU14 TU15 TU38 TE21 TE22,1,,,CW13 CW28 CW31,,664,
3124,b,"TOXIC SOLID, SELF-HEATING, N.O.S.",6.1,TS,II,6.1+4.2,274,0,E4,P002 IBC06,,MP10,T3,TP33,SGAH L4BH,TU15,2,W11,,CW13 CW28 CW31,CE9,64,
3125,a,"TOXIC SOLID, WATER-REACTIVE, N.O.S.",6.1,TW2,I,6.1+4.3,274,0,E5,P099,,MP18,T6,TP33,S10AH L10CH,TU14 TU15 TU38 TE21 TE22,1,,,CW13 CW28 CW31,,642,
3125,b,"TOXIC SOLID, WATER-REACTIVE, N.O.S.",6.1,TW2,II,6.1+4.3,274,500 g,E4,P002 IBC06,,MP10,T3,TP33,SGAH L4BH,TU15,2,W11,,CW13 CW28 CW31,CE9,642,
3126,a,"SELF-HEATING SOLID, CORROSIVE, ORGANIC, N.O.S.",4.2,SC2,II,4.2+8,274,0,E2,P410 IBC05,,MP14,T3,TP33,SGAN,,2,W1,,,CE10,48,
3126,b,"SELF-HEATING SOLID, CORROSIVE, ORGANIC, N.O.S.",4.2,SC2,III,4.2+8,274,0,E1,P002 IBC08 R001,B3,MP14,T1,TP33,SGAN,,3,W1,,,CE11,48,
3127,a,"SELF-HEATING SOLID, OXIDIZING, N.O.S.",4.2,SO,,,,,,,,,,,CARRIAGE PROHIBITED,,,,,,,,
3127,b,"SELF-HEATING SOLID, OXIDIZING, N.O.S.",4.2,SO,,,,,,,,,,,CARRIAGE PROHIBITED,,,,,,,,
3128,a,"SELF-HEATING SOLID, TOXIC, ORGANIC, N.O.S.",4.2,ST2,II,4.2+6.1,274,0,E2,P410 IBC05,,MP14,T3,TP33,SGAN,,2,W1,,CW28,CE10,46,
3128,b,"SELF-HEATING SOLID, TOXIC, ORGANIC, N.O.S.",4.2,ST2,III,4.2+6.1,274,0,E1,P002 IBC08 R001,B3,MP14,T1,TP33,SGAN,,3,W1,,CW28,CE11,46,
3129,a,"WATER-REACTIVE LIQUID, CORROSIVE, N.O.S.",4.3,WC1,I,4.3+8,274,0,E0,P402,RR7 RR8,MP2,T14,TP2 TP7,L10DH,TU14 TU38 TE21 TE22 TM2,0,W1,,CW23,,X382,
3129,b,"WATER-REACTIVE LIQUID, CORROSIVE, N.O.S.",4.3,WC1,II,4.3+8,274,500 mL,E0,P402 IBC01,RR7 RR8,MP15,T11,TP2 TP7,L4DH,TU14 TE21 TM2,0,W1,,CW23,CE7,382,
3129,c,"WATER-REACTIVE LIQUID, CORROSIVE, N.O.S.",4.3,WC1,III,4.3+8,274,1 L,E1,P001 IBC02 R001,,MP15,T7,TP2 TP7,L4DH,TU14 TE21 TM2,0,W1,,CW23,CE8,382,
3130,a,"WATER-REACTIVE LIQUID, TOXIC, N.O.S.",4.3,WT1,I,4.3+6.1,274,0,E0,P402,RR4 RR8,MP2,,,L10DH,TU14 TU38 TE21 TE22 TM2,0,W1,,CW23 CW28,,X362,
3130,b,"WATER-REACTIVE LIQUID, TOXIC, N.O.S.",4.3,WT1,II,4.3+6.1,274,500 mL,E0,P402 IBC01,RR4 RR8 BB1,MP15,,,L4DH,TU14 TE21 TM2,0,W1,,CW23 CW28,CE7,362,
3130,c,"WATER-REACTIVE LIQUID, TOXIC, N.O.S.",4.3,WT1,III,4.3+6.1,274,1 L,E1,P001 IBC02 R001,,MP15,,,L4DH,TU14 TE21 TM2,0,W1,,CW23 CW28,CE8,362,
3131,a,"WATER-REACTIVE SOLID, CORROSIVE, N.O.S.",4.3,WC2,I,4.3+8,274,0,E0,P403,,MP2,T9,TP7 TP33,S10AN L10DH,TU4 TU14 TU22 TU38 TE21 TE22 TM2,0,W1,,CW23,,X482,
3131,b,"WATER-REACTIVE SOLID, CORROSIVE, N.O.S.",4.3,WC2,II,4.3+8,274,500 g,E2,P410 IBC06,,MP14,T3,TP33,SGAN,,0,W1,,CW23,CE10,482,
3131,c,"WATER-REACTIVE SOLID, CORROSIVE, N.O.S.",4.3,WC2,III,4.3+8,274,1 kg,E1,P410 IBC08 R001,B4,MP14,T1,TP33,SGAN,,0,W1,,CW23,CE11,482,
3132,a,"WATER-REACTIVE SOLID, FLAMMABLE, N.O.S.",4.3,WF2,I,4.3+4.1,274,0,E0,P403 IBC99,,MP2,,,,,0,W1,,CW23,,X423,
3132,b,"WATER-REACTIVE SOLID, FLAMMABLE, N.O.S.",4.3,WF2,II,4.3+4.1,274,500 g,E2,P410 IBC04,,MP14,T3,TP33,SGAN L4DH,TU14 TE21 TM2,0,W1,,CW23,,423,
3132,c,"WATER-REACTIVE SOLID, FLAMMABLE, N.O.S.",4.3,WF2,III,4.3+4.1,274,1 kg,E1,P410 IBC06,,MP14,T1,TP33,SGAN L4DH,TU14 TE21 TM2,0,W1,,CW23,,423,
3133,a,"WATER-REACTIVE SOLID, OXIDIZING, N.O.S.",4.3,WO,,,,,,,,,,,CARRIAGE PROHIBITED,,,,,,,,
3133,b,"WATER-REACTIVE SOLID, OXIDIZING, N.O.S.",4.3,WO,,,,,,,,,,,CARRIAGE PROHIBITED,,,,,,,,
3134,a,"WATER-REACTIVE SOLID, TOXIC, N.O.S.",4.3,WT2,I,4.3+6.1,274,0,E0,P403,,MP2,,,,,0,W1,,CW23 CW28,,X462,
3134,b,"WATER-REACTIVE SOLID, TOXIC, N.O.S.",4.3,WT2,II,4.3+6.1,274,500 g,E2,P410 IBC05,,MP14,T3,TP33,SGAN,,0,W1,,CW23 CW28,CE10,462,
3134,c,"WATER-REACTIVE SOLID, TOXIC, N.O.S.",4.3,WT2,III,4.3+6.1,274,1 kg,E1,P410 IBC08 R001,B4,MP14,T1,TP33,SGAN,,0,W1,,CW23 CW28,CE11,462,
3135,a,"WATER-REACTIVE SOLID, SELF-HEATING, N.O.S.",4.3,WS,I,4.3+4.2,274,0,E0,P403,,MP2,,,,,1,W1,,CW23,,X423,
3135,b,"WATER-REACTIVE SOLID, SELF-HEATING, N.O.S.",4.3,WS,II,4.3+4.2,274,0,E2,P410 IBC05,,MP14,T3,TP33,SGAN L4DH,TU14 TE21 TM2,2,W1,,CW23,,423,
3135,c,"WATER-REACTIVE SOLID, SELF-HEATING, N.O.S.",4.3,WS,III,4.3+4.2,274,0,E1,P410 IBC08,B4,MP14,T1,TP33,SGAN L4DH,TU14 TE21 TM2,3,W1,,CW23,,423,
3136,,"TRIFLUOROMETHANE, REFRIGERATED LIQUID",2,3A,,2.2+13,593,120 mL,E1,P203,,MP9,T75,TP5,RxBN,TU19 TA4 TT9 TM6,3,W5,,CW9 CW11 CW36,CE2,22,
3137,,"OXIDIZING SOLID, FLAMMABLE, N.O.S.",5.1,OF,,,,,,,,,,,CARRIAGE PROHIBITED,,,,,,,,
3138,,"ETHYLENE, ACETYLENE AND PROPYLENE MIXTURE, REFRIGERATED LIQUID",2,3F,,2.1+13,,0,E0,P203,,MP9,T75,TP5,RxBN,TU18 TU38 TE22 TE26 TA4 TT9 TM6,2,W5,,CW9 CW11 CW36,CE2,223,"containing at least 71.5% ethylene, with not more than 22.5% acetylene and not more than 6% propylene"
3139,a,"OXIDIZING LIQUID, N.O.S.",5.1,O1,I,5.1,274,0,E0,P502,,MP2,,,,,1,,,CW24,,55,
3139,b,"OXIDIZING LIQUID, N.O.S.",5.1,O1,II,5.1,274,1 L,E2,P504 IBC02,,MP2,,,,,2,,,CW24,CE6,50,
3139,c,"OXIDIZING LIQUID, N.O.S.",5.1,O1,III,5.1,274,5 L,E1,P504 IBC02 R001,,MP2,,,,,3,,,CW24,CE8,50,
3140,a,"ALKALOIDS, LIQUID, N.O.S.",6.1,T1,I,6.1,43 274,0,E5,P001,,MP8 MP17,,,L10CH,TU14 TU15 TU38 TE21 TE22,1,,,CW13 CW28 CW31,,66,
3140,b,"ALKALOID SALTS, LIQUID, N.O.S.",6.1,T1,I,6.1,43 274,0,E5,P001,,MP8 MP17,,,L10CH,TU14 TU15 TU38 TE21 TE22,1,,,CW13 CW28 CW31,,66,
3140,c,"ALKALOIDS, LIQUID, N.O.S.",6.1,T1,II,6.1,43 274,100 mL,E4,P001 IBC02,,MP15,,,L4BH,TU15,2,,,CW13 CW28 CW31,CE5,60,
3140,d,"ALKALOID SALTS, LIQUID, N.O.S.",6.1,T1,II,6.1,43 274,100 mL,E4,P001 IBC02,,MP15,,,L4BH,TU15,2,,,CW13 CW28 CW31,CE5,60,
3140,e,"ALKALOIDS, LIQUID, N.O.S.",6.1,T1,III,6.1,43 274,5 L,E1,P001 IBC03 LP01 R001,,MP19,,,L4BH,TU15,2,W12,,CW13 CW28 CW31,CE8,60,
3140,f,"ALKALOID SALTS, LIQUID, N.O.S.",6.1,T1,III,6.1,43 274,5 L,E1,P001 IBC03 LP01 R001,,MP19,,,L4BH,TU15,2,W12,,CW13 CW28 CW31,CE8,60,
3141,,"ANTIMONY COMPOUND, INORGANIC, LIQUID, N.O.S.",6.1,T4,III,6.1,45 274 512,5 L,E1,P001 IBC03 LP01 R001,,MP19,,,L4BH,TU15,2,W12,,CW13 CW28 CW31,CE8,60,
3142,a,"DISINFECTANT, LIQUID, TOXIC, N.O.S.",6.1,T1,I,6.1,274,0,E5,P001,,MP8 MP17,,,L10CH,TU14 TU15 TU38 TE21 TE22,1,,,CW13 CW28 CW31,,66,
3142,b,"DISINFECTANT, LIQUID, TOXIC, N.O.S.",6.1,T1,II,6.1,274,100 mL,E4,P001 IBC02,,MP15,,,L4BH,TU15,2,,,CW13 CW28 CW31,CE5,60,
3142,c,"DISINFECTANT, LIQUID, TOXIC, N.O.S.",6.1,T1,III,6.1,274,5 L,E1,P001 IBC03 LP01 R001,,MP19,,,L4BH,TU15,2,W12,,CW13 CW28 CW31,CE8,60,
3143,a,"DYE, SOLID, TOXIC, N.O.S.",6.1,T2,I,6.1,274,0,E5,P002 IBC07,,MP18,T6,TP33,S10AH L10CH,TU15 TU38 TE22,1,W10,,CW13 CW28 CW31,,66,
3143,b,"DYE INTERMEDIATE, SOLID, TOXIC, N.O.S.",6.1,T2,I,6.1,274,0,E5,P002 IBC07,,MP18,T6,TP33,S10AH L10CH,TU15 TU38 TE22,1,W10,,CW13 CW28 CW31,,66,
3143,c,"DYE, SOLID, TOXIC, N.O.S.",6.1,T2,II,6.1,274,500 g,E4,P002 IBC08,B4,MP10,T3,TP33,SGAH L4BH,TU15,2,W11,,CW13 CW28 CW31,CE9,60,
3143,d,"DYE INTERMEDIATE, SOLID, TOXIC, N.O.S.",6.1,T2,II,6.1,274,500 g,E4,P002 IBC08,B4,MP10,T3,TP33,SGAH L4BH,TU15,2,W11,,CW13 CW28 CW31,CE9,60,
3143,e,"DYE, SOLID, TOXIC, N.O.S.",6.1,T2,III,6.1,274,5 kg,E1,P002 IBC08 LP02 R001,B3,MP10,T1,TP33,SGAH L4BH,TU15,2,,VC1 VC2 AP7,CW13 CW28 CW31,CE11,60,
3143,f,"DYE INTERMEDIATE, SOLID, TOXIC, N.O.S.",6.1,T2,III,6.1,274,5 kg,E1,P002 IBC08 LP02 R001,B3,MP10,T1,TP33,SGAH L4BH,TU15,2,,VC1 VC2 AP7,CW13 CW28 CW31,CE11,60,
3144,a,"NICOTINE COMPOUND, LIQUID, N.O.S.",6.1,T1,I,6.1,43 274,0,E5,P001,,MP8 MP17,,,L10CH,TU14 TU15 TU38 TE21 TE22,1,,,CW13 CW28 CW31,,66,
3144,b,"NICOTINE PREPARATION, LIQUID, N.O.S.",6.1,T1,I,6.1,43 274,0,E5,P001,,MP8 MP17,,,L10CH,TU14 TU15 TU38 TE21 TE22,1,,,CW13 CW28 CW31,,66,
3144,c,"NICOTINE COMPOUND, LIQUID, N.O.S.",6.1,T1,II,6.1,43 274,100 mL,E4,P001 IBC02,,MP15,,,L4BH,TU15,2,,,CW13 CW28 CW31,CE5,60,
3144,d,"NICOTINE PREPARATION, LIQUID, N.O.S.",6.1,T1,II,6.1,43 274,100 mL,E4,P001 IBC02,,MP15,,,L4BH,TU15,2,,,CW13 CW28 CW31,CE5,60,
3144,e,"NICOTINE COMPOUND, LIQUID, N.O.S.",6.1,T1,III,6.1,43 274,5 L,E1,P001 IBC03 LP01 R001,,MP19,,,L4BH,TU15,2,W12,,CW13 CW28 CW31,CE8,60,
3144,f,"NICOTINE PREPARATION, LIQUID, N.O.S.",6.1,T1,III,6.1,43 274,5 L,E1,P001 IBC03 LP01 R001,,MP19,,,L4BH,TU15,2,W12,,CW13 CW28 CW31,CE8,60,
3145,a,"ALKYLPHENOLS, LIQUID, N.O.S.",8,C3,I,8,,0,E0,P001,,MP8 MP17,T14,TP2,L10BH,TU38 TE22,1,,,,,88,(including C2-C12 homologues)
3145,b,"ALKYLPHENOLS, LIQUID, N.O.S.",8,C3,II,8,,1 L,E2,P001 IBC02,,MP15,T11,TP2 TP27,L4BN,,2,,,,CE6,80,(including C2-C12 homologues)
3145,c,"ALKYLPHENOLS, LIQUID, N.O.S.",8,C3,III,8,,5 L,E1,P001 IBC03 LP01 R001,,MP19,T7,TP1 TP28,L4BN,,3,W12,,,CE8,80,(including C2-C12 homologues)
3146,a,"ORGANOTIN COMPOUND, SOLID, N.O.S.",6.1,T3,I,6.1,43 274,0,E5,P002 IBC07,,MP18,T6,TP33,S10AH L10CH,TU14 TU15 TU38 TE21 TE22,1,W10,,CW13 CW28 CW31,,66,
3146,b,"ORGANOTIN COMPOUND, SOLID, N.O.S.",6.1,T3,II,6.1,43 274,500 g,E4,P002 IBC08,B4,MP10,T3,TP33,SGAH L4BH,TU15,2,W11,,CW13 CW28 CW31,CE9,60,
3146,c,"ORGANOTIN COMPOUND, SOLID, N.O.S.",6.1,T3,III,6.1,43 274,5 kg,E1,P002 IBC08 LP02 R001,B3,MP10,T1,TP33,SGAH L4BH,TU15,2,,VC1 VC2 AP7,CW13 CW28 CW31,CE11,60,
3147,a,"DYE, SOLID, CORROSIVE, N.O.S.",8,C10,I,8,274,0,E0,P002 IBC07,,MP18,T6,TP33,S10AN L10BH,TU38 TE22,1,W10,,,,88,
3147,b,"DYE INTERMEDIATE, SOLID, CORROSIVE, N.O.S.",8,C10,I,8,274,0,E0,P002 IBC07,,MP18,T6,TP33,S10AN L10BH,TU38 TE22,1,W10,,,,88,
3147,c,"DYE, SOLID, CORROSIVE, N.O.S.",8,C10,II,8,274,1 kg,E2,P002 IBC08,B4,MP10,T3,TP33,SGAN L4BN,,2,W11,,,CE10,80,
3147,d,"DYE INTERMEDIATE, SOLID, CORROSIVE, N.O.S.",8,C10,II,8,274,1 kg,E2,P002 IBC08,B4,MP10,T3,TP33,SGAN L4BN,,2,W11,,,CE10,80,
3147,e,"DYE, SOLID, CORROSIVE, N.O.S.",8,C10,III,8,274,5 kg,E1,P002 IBC08 LP02 R001,B3,MP10,T1,TP33,SGAV L4BN,,3,,VC1 VC2 AP7,,CE11,80,
3147,f,"DYE INTERMEDIATE, SOLID, CORROSIVE, N.O.S.",8,C10,III,8,274,5 kg,E1,P002 IBC08 LP02 R001,B3,MP10,T1,TP33,SGAV L4BN,,3,,VC1 VC2 AP7,,CE11,80,
3148,a,"WATER-REACTIVE LIQUID, N.O.S.",4.3,W1,I,4.3,274,0,E0,P402,RR8,MP2,T13,TP2 TP7,L10DH,TU14 TU38 TE21 TE22 TM2,0,W1,,CW23,,X323,
3148,b,"WATER-REACTIVE LIQUID, N.O.S.",4.3,W1,II,4.3,274,500 mL,E2,P402 IBC01,RR8,MP15,T7,TP2 TP7,L4DH,TU14 TE21 TM2,0,W1,,CW23,CE7,323,
3148,c,"WATER-REACTIVE LIQUID, N.O.S.",4.3,W1,III,4.3,274,1 L,E1,P001 IBC02 R001,,MP15,T7,TP2 TP7,L4DH,TU14 TE21 TM2,0,W1,,CW23,CE8,323,
3149,,"HYDROGEN PEROXIDE AND PEROXYACETIC ACID MIXTURE, STABILIZED",5.1,OC1,II,5.1+8,196 553,1 L,E2,P504 IBC02,PP10 B5,MP15,T7,TP2 TP6 TP24,L4BV(+),TU3 TC2 TE8 TE11 TT1,2,,,CW24,CE6,58,"with acid(s), water and not more than 5% peroxyacetic acid"
3150,a,"DEVICES, SMALL, HYDROCARBON GAS POWERED",2,6F,,2.1,,0,E0,P209,,MP9,,,,,2,,,CW9,CE2,23,with release device
3150,b,HYDROCARBON GAS REFILLS FOR SMALL DEVICES,2,6F,,2.1,,0,E0,P209,,MP9,,,,,2,,,CW9,CE2,23,with release device
3151,a,"POLYHALOGENATED BIPHENYLS, LIQUID",9,M2,II,9,203 305,1 L,E2,P906 IBC02,,MP15,,,L4BH,TU15,0,,VC1 VC2 AP9,CW13 CW28 CW31,CE5,90,
3151,b,"HALOGENATED MONOMETHYLDIPHENYLMETHANES, LIQUID",9,M2,II,9,203 305,1 L,E2,P906 IBC02,,MP15,,,L4BH,TU15,0,,VC1 VC2 AP9,CW13 CW28 CW31,CE5,90,
3151,c,"POLYHALOGENATED TERPHENYLS, LIQUID",9,M2,II,9,203 305,1 L,E2,P906 IBC02,,MP15,,,L4BH,TU15,0,,VC1 VC2 AP9,CW13 CW28 CW31,CE5,90,
3152,a,"POLYHALOGENATED BIPHENYLS, SOLID",9,M2,II,9,203 305,1 kg,E2,P906 IBC08,B4,MP10,T3,TP33,S4AH L4BH,TU15,0,W11,VC1 VC2 AP9,CW13 CW28 CW31,CE9,90,
3152,b,"HALOGENATED MONOMETHYLDIPHENYLMETHANES, SOLID",9,M2,II,9,203 305,1 kg,E2,P906 IBC08,B4,MP10,T3,TP33,S4AH L4BH,TU15,0,W11,VC1 VC2 AP9,CW13 CW28 CW31,CE9,90,
3152,c,"POLYHALOGENATED TERPHENYLS, SOLID",9,M2,II,9,203 305,1 kg,E2,P906 IBC08,B4,MP10,T3,TP33,S4AH L4BH,TU15,0,W11,VC1 VC2 AP9,CW13 CW28 CW31,CE9,90,
3153,,PERFLUORO (METHYL VINYL ETHER),2,2F,,2.1+13,662,0,E0,P200,,MP9,T50 (M),,PxBN(M),TU38 TE22 TA4 TT9 TM6,2,,,CW9 CW10 CW36,CE3,23,
3154,,PERFLUORO (ETHYL VINYL ETHER),2,2F,,2.1+13,662,0,E0,P200,,MP9,(M),,PxBN(M),TU38 TE22 TA4 TT9 TM6,2,,,CW9 CW10 CW36,CE3,23,
3155,,PENTACHLOROPHENOL,6.1,T2,II,6.1,43,500 g,E4,P002 IBC08,B4,MP10,T3,TP33,SGAH,TU15,2,W11,,CW13 CW28 CW31,CE9,60,
3156,,"COMPRESSED GAS, OXIDIZING, N.O.S.",2,1O,,2.2+5.1+13,274 655 662,0,E0,P200,,MP9,(M),,CxBN(M),TA4 TT9,3,,,CW9 CW10 CW36,CE3,25,
3157,,"LIQUEFIED GAS, OXIDIZING, N.O.S.",2,2O,,2.2+5.1+13,274 662,0,E0,P200,,MP9,(M),,PxBN(M),TA4 TT9 TM6,3,,,CW9 CW10 CW36,CE3,25,
3158,,"GAS, REFRIGERATED LIQUID, N.O.S.",2,3A,,2.2+13,274 593,120 mL,E1,P203,,MP9,T75,TP5,RxBN,TU19 TA4 TT9 TM6,3,W5,,CW9 CW11 CW36,CE2,22,
3159,a,"1,1,1,2-TETRAFLUOROETHANE",2,2A,,2.2+13,662,120 mL,E1,P200,,MP9,T50 (M),,PxBN(M),TA4 TT9 TM6,3,,,CW9 CW10 CW36,CE3,20,
3159,b,REFRIGERANT GAS R 134a,2,2A,,2.2+13,662,120 mL,E1,P200,,MP9,T50 (M),,PxBN(M),TA4 TT9 TM6,3,,,CW9 CW10 CW36,CE3,20,
3160,,"LIQUEFIED GAS, TOXIC, FLAMMABLE, N.O.S.",2,2TF,,2.3+2.1+13,274,0,E0,P200,,MP9,(M),,PxBH(M),TU6 TU38 TE22 TE25 TA4 TT9 TM6,1,,,CW9 CW10 CW36,,263,
3161,,"LIQUEFIED GAS, FLAMMABLE, N.O.S.",2,2F,,2.1+13,274 662,0,E0,P200,,MP9,T50 (M),,PxBN(M),TU38 TE22 TA4 TT9 TM6,2,,,CW9 CW10 CW36,CE3,23,
3162,,"LIQUEFIED GAS, TOXIC, N.O.S.",2,2T,,2.3+13,274,0,E0,P200,,MP9,(M),,PxBH(M),TU6 TU38 TE22 TE25 TA4 TT9 TM6,1,,,CW9 CW10 CW36,,26,
3163,,"LIQUEFIED GAS, N.O.S.",2,2A,,2.2+13,274 392 662,120 mL,E1,P200,,MP9,T50 (M),,PxBN(M),TA4 TT9 TM6,3,,,CW9 CW10 CW36,CE3,20,
3164,a,"ARTICLES, PRESSURIZED, PNEUMATIC",2,6A,,2.2,283 371 594,120 mL,E0,P003,PP32,MP9,,,,,3,,,CW9,CE2,20,(containing non-flammable gas)
3164,b,"ARTICLES, PRESSURIZED, HYDRAULIC",2,6A,,2.2,283 371 594,120 mL,E0,P003,PP32,MP9,,,,,3,,,CW9,CE2,20,(containing non-flammable gas)
3165,,AIRCRAFT HYDRAULIC POWER UNIT FUEL TANK,3,FTC,I,3+6.1+8,,0,E0,P301,,MP7,,,,,1,,,CW13 CW28,,336,(containing a mixture of anhydrous hydrazine and methylhydrazine) (M86 fuel)
3166,a,"VEHICLE, FLAMMABLE GAS POWERED",9,M11,,,388 666 667 669,,,,,,,,,,,,,,,,
3166,b,"VEHICLE, FLAMMABLE LIQUID POWERED",9,M11,,,388 666 667 669,,,,,,,,,,,,,,,,
3166,c,"VEHICLE, FUEL CELL, FLAMMABLE GAS POWERED",9,M11,,,388 666 667 669,,,,,,,,,,,,,,,,
3166,d,"VEHICLE, FUEL CELL, FLAMMABLE LIQUID POWERED",9,M11,,,388 666 667 669,,,,,,,,,,,,,,,,
3167,,"GAS SAMPLE, NON-PRESSURIZED, FLAMMABLE, N.O.S.",2,7F,,2.1,,0,E0,P201,,MP9,,,,,2,,,CW9,CE2,23,not refrigerated liquid
3168,,"GAS SAMPLE, NON-PRESSURIZED, TOXIC, FLAMMABLE, N.O.S.",2,7TF,,2.3+2.1,,0,E0,P201,,MP9,,,,,1,,,CW9,,263,not refrigerated liquid
3169,,"GAS SAMPLE, NON-PRESSURIZED, TOXIC, N.O.S.",2,7T,,2.3,,0,E0,P201,,MP9,,,,,1,,,CW9,,26,not refrigerated liquid
3170,a,ALUMINIUM SMELTING BY-PRODUCTS,4.3,W2,II,4.3,244,500 g,E2,P410 IBC07,BK1,MP14,T3 BK1 BK2,TP33,SGAN,,2,W1,VC1 VC2 AP2,CW23 CW37,CE10,423,
3170,b,ALUMINIUM REMELTING BY-PRODUCTS,4.3,W2,II,4.3,244,500 g,E2,P410 IBC07,BK1,MP14,T3 BK1 BK2,TP33,SGAN,,2,W1,VC1 VC2 AP2,CW23 CW37,CE10,423,
3170,c,ALUMINIUM SMELTING BY-PRODUCTS,4.3,W2,III,4.3,244,1 kg,E1,P002 IBC08 R001,B4,MP14,T1 BK1 BK2,TP33,SGAN,,3,W1,VC1 VC2 AP2,CW23 CW37,CE11,423,
3170,d,ALUMINIUM REMELTING BY-PRODUCTS,4.3,W2,III,4.3,244,1 kg,E1,P002 IBC08 R001,B4,MP14,T1 BK1 BK2,TP33,SGAN,,3,W1,VC1 VC2 AP2,CW23 CW37,CE11,423,
3171,a,BATTERY-POWERED VEHICLE,9,M11,,,388 666 667 669,,,,,,,,,,,,,,,90,
3171,b,BATTERY-POWERED EQUIPMENT,9,M11,,,388 666 667 669,,,,,,,,,,,,,,,90,
3172,a,"TOXINS, EXTRACTED FROM LIVING SOURCES, LIQUID, N.O.S.",6.1,T1,I,6.1,210 274,0,E5,P001,,MP8 MP17,,,L10CH,TU14 TU15 TU38 TE21 TE22,1,,,CW13 CW28 CW31,,66,
3172,b,"TOXINS, EXTRACTED FROM LIVING SOURCES, LIQUID, N.O.S.",6.1,T1,II,6.1,210 274,100 mL,E4,P001 IBC02,,MP15,,,L4BH,TU15,2,,,CW13 CW28 CW31,CE5,60,
3172,c,"TOXINS, EXTRACTED FROM LIVING SOURCES, LIQUID, N.O.S.",6.1,T1,III,6.1,210 274,5 L,E1,P001 IBC03 LP01 R001,,MP19,,,L4BH,TU15,2,W12,,CW13 CW28 CW31,CE8,60,
3174,,TITANIUM DISULPHIDE,4.2,S4,III,4.2,,0,E1,P002 IBC08 LP02 R001,B3,MP14,T1,TP33,SGAN,,3,W1,,,CE11,40,
3175,,"SOLIDS or mixtures of solids (such as preparations and wastes) CONTAINING FLAMMABLE LIQUID, N.O.S.",4.1,F1,II,4.1,216 274 601,1 kg,E2,P002 IBC06 R001,PP9,MP11,T3 BK1 BK2,TP33,,,2,W1,VC1 VC2 AP2,,CE11,40,having a flashpoint up to 60°C
3176,a,"FLAMMABLE SOLID, ORGANIC, MOLTEN, N.O.S.",4.1,F2,II,4.1,274,0,E0,,,,T3,TP3 TP26,LGBV,TU27 TE4 TE6,2,,,,,44,
3176,b,"FLAMMABLE SOLID, ORGANIC, MOLTEN, N.O.S.",4.1,F2,III,4.1,274,0,E0,,,,T1,TP3 TP26,LGBV,TU27 TE4 TE6,3,,,,,44,
3178,a,"FLAMMABLE SOLID, INORGANIC, N.O.S.",4.1,F3,II,4.1,274,1 kg,E2,P002 IBC08,B4,MP11,T3,TP33,SGAN,,2,W1,,,CE10,40,
3178,b,"FLAMMABLE SOLID, INORGANIC, N.O.S.",4.1,F3,III,4.1,274,5 kg,E1,P002 IBC08 LP02 R001,B3,MP11,T1,TP33,SGAV,,3,W1,VC1 VC2,,CE11,40,
3179,a,"FLAMMABLE SOLID, TOXIC, INORGANIC, N.O.S.",4.1,FT2,II,4.1+6.1,274,1 kg,E2,P002 IBC06,,MP10,T3,TP33,SGAN,,2,W1,,CW28,CE10,46,
3179,b,"FLAMMABLE SOLID, TOXIC, INORGANIC, N.O.S.",4.1,FT2,III,4.1+6.1,274,5 kg,E1,P002 IBC06 R001,,MP10,T1,TP33,SGAN,,3,W1,,CW28,CE11,46,
3180,a,"FLAMMABLE SOLID, CORROSIVE, INORGANIC, N.O.S.",4.1,FC2,II,4.1+8,274,1 kg,E2,P002 IBC06,,MP10,T3,TP33,SGAN,,2,W1,,,CE10,48,
3180,b,"FLAMMABLE SOLID, CORROSIVE, INORGANIC, N.O.S.",4.1,FC2,III,4.1+8,274,5 kg,E1,P002 IBC06 R001,,MP10,T1,TP33,SGAN,,3,W1,,,CE11,48,
3181,a,"METAL SALTS OF ORGANIC COMPOUNDS, FLAMMABLE, N.O.S.",4.1,F3,II,4.1,274,1 kg,E2,P002 IBC08,B4,MP11,T3,TP33,SGAN,,2,W1,,,CE10,40,
3181,b,"METAL SALTS OF ORGANIC COMPOUNDS, FLAMMABLE, N.O.S.",4.1,F3,III,4.1,274,5 kg,E1,P002 IBC08 LP02 R001,B3,MP11,T1,TP33,SGAV,,3,W1,VC1 VC2,,CE11,40,
3182,a,"METAL HYDRIDES, FLAMMABLE, N.O.S.",4.1,F3,II,4.1,274 554,1 kg,E2,P410 IBC04,PP40,MP11,T3,TP33,SGAN,,2,W1,,,CE10,40,
3182,b,"METAL HYDRIDES, FLAMMABLE, N.O.S.",4.1,F3,III,4.1,274 554,5 kg,E1,P002 IBC04 R001,,MP11,T1,TP33,SGAV,,3,W1,VC1 VC2,,CE11,40,
3183,a,"SELF-HEATING LIQUID, ORGANIC, N.O.S.",4.2,S1,II,4.2,274,0,E2,P001 IBC02,,MP15,,,L4DH,TU14 TE21,2,W1,,,CE7,30,
3183,b,"SELF-HEATING LIQUID, ORGANIC, N.O.S.",4.2,S1,III,4.2,274,0,E1,P001 IBC02 R001,,MP15,,,L4DH,TU14 TE21,3,W1,,,CE8,30,
3184,a,"SELF-HEATING LIQUID, TOXIC, ORGANIC, N.O.S.",4.2,ST1,II,4.2+6.1,274,0,E2,P402 IBC02,,MP15,,,L4DH,TU14 TE21,2,W1,,CW28,CE7,36,
3184,b,"SELF-HEATING LIQUID, TOXIC, ORGANIC, N.O.S.",4.2,ST1,III,4.2+6.1,274,0,E1,P001 IBC02 R001,,MP15,,,L4DH,TU14 TE21,3,W1,,CW28,CE8,36,
3185,a,"SELF-HEATING LIQUID, CORROSIVE, ORGANIC, N.O.S.",4.2,SC1,II,4.2+8,274,0,E2,P402 IBC02,,MP15,,,L4DH,TU14 TE21,2,W1,,,CE7,38,
3185,b,"SELF-HEATING LIQUID, CORROSIVE, ORGANIC, N.O.S.",4.2,SC1,III,4.2+8,274,0,E1,P001 IBC02 R001,,MP15,,,L4DH,TU14 TE21,3,W1,,,CE8,38,
3186,a,"SELF-HEATING LIQUID, INORGANIC, N.O.S.",4.2,S3,II,4.2,274,0,E2,P001 IBC02,,MP15,,,L4DH,TU14 TE21,2,W1,,,CE7,30,
3186,b,"SELF-HEATING LIQUID, INORGANIC, N.O.S.",4.2,S3,III,4.2,274,0,E1,P001 IBC02 R001,,MP15,,,L4DH,TU14 TE21,3,W1,,,CE8,30,
3187,a,"SELF-HEATING LIQUID, TOXIC, INORGANIC, N.O.S.",4.2,ST3,II,4.2+6.1,274,0,E2,P402 IBC02,,MP15,,,L4DH,TU14 TE21,2,W1,,CW28,CE7,36,
3187,b,"SELF-HEATING LIQUID, TOXIC, INORGANIC, N.O.S.",4.2,ST3,III,4.2+6.1,274,0,E1,P001 IBC02 R001,,MP15,,,L4DH,TU14 TE21,3,W1,,CW28,CE8,36,
3188,a,"SELF-HEATING LIQUID, CORROSIVE, INORGANIC, N.O.S.",4.2,SC3,II,4.2+8,274,0,E2,P402 IBC02,,MP15,,,L4DH,TU14 TE21,2,W1,,,CE7,38,
3188,b,"SELF-HEATING LIQUID, CORROSIVE, INORGANIC, N.O.S.",4.2,SC3,III,4.2+8,274,0,E1,P001 IBC02 R001,,MP15,,,L4DH,TU14 TE21,3,W1,,,CE8,38,
3189,a,"METAL POWDER, SELF-HEATING, N.O.S.",4.2,S4,II,4.2,274 555,0,E2,P410 IBC06,,MP14,T3,TP33,SGAN,,2,W1,,,CE10,40,
3189,b,"METAL POWDER, SELF-HEATING, N.O.S.",4.2,S4,III,4.2,274 555,0,E1,P002 IBC08 LP02 R001,B3,MP14,T1,TP33,SGAN,,3,W1,VC1 VC2 AP1,,CE11,40,
3190,a,"SELF-HEATING SOLID, INORGANIC, N.O.S.",4.2,S4,II,4.2,274,0,E2,P410 IBC06,,MP14,T3,TP33,SGAN,,2,W1,,,CE10,40,
3190,b,"SELF-HEATING SOLID, INORGANIC, N.O.S.",4.2,S4,III,4.2,274,0,E1,P002 IBC08 LP02 R001,B3,MP14,T1,TP33,SGAN,,3,W1,VC1 VC2 AP1,,CE11,40,
3191,a,"SELF-HEATING SOLID, TOXIC, INORGANIC, N.O.S.",4.2,ST4,II,4.2+6.1,274,0,E2,P410 IBC05,,MP14,T3,TP33,SGAN,,2,W1,,CW28,CE10,46,
3191,b,"SELF-HEATING SOLID, TOXIC, INORGANIC, N.O.S.",4.2,ST4,III,4.2+6.1,274,0,E1,P002 IBC08 R001,B3,MP14,T1,TP33,SGAN,,3,W1,,CW28,CE11,46,
3192,a,"SELF-HEATING SOLID, CORROSIVE, INORGANIC, N.O.S.",4.2,SC4,II,4.2+8,274,0,E2,P410 IBC05,,MP14,T3,TP33,SGAN,,2,W1,,,CE10,48,
3192,b,"SELF-HEATING SOLID, CORROSIVE, INORGANIC, N.O.S.",4.2,SC4,III,4.2+8,274,0,E1,P002 IBC08 R001,B3,MP14,T1,TP33,SGAN,,3,W1,,,CE11,48,
3194,,"PYROPHORIC LIQUID, INORGANIC, N.O.S.",4.2,S3,I,4.2,274,0,E0,P400,,MP2,,,L21DH,TU14 TU38 TC1 TE21 TE22 TE25 TM1,0,W1,,,,333,
3200,,"PYROPHORIC SOLID, INORGANIC, N.O.S.",4.2,S4,I,4.2,274,0,E0,P404,,MP13,T21,TP7 TP33,,,0,W1,,,,43,
3205,a,"ALKALINE EARTH METAL ALCOHOLATES, N.O.S.",4.2,S4,II,4.2,183 274,0,E2,P410 IBC06,,MP14,T3,TP33,SGAN,,2,W1,,,CE10,40,
3205,b,"ALKALINE EARTH METAL ALCOHOLATES, N.O.S.",4.2,S4,III,4.2,183 274,0,E1,P002 IBC08 LP02 R001,B3,MP14,T1,TP33,SGAN,,3,W1,,,CE11,40,
3206,a,"ALKALI METAL ALCOHOLATES, SELF-HEATING, CORROSIVE, N.O.S.",4.2,SC4,II,4.2+8,182 274,0,E2,P410 IBC05,,MP14,T3,TP33,SGAN,,2,W1,,,CE10,48,
3206,b,"ALKALI METAL ALCOHOLATES, SELF-HEATING, CORROSIVE, N.O.S.",4.2,SC4,III,4.2+8,182 274,0,E1,P002 IBC08 R001,B3,MP14,T1,TP33,SGAN,,3,W1,,,CE11,48,
3208,a,"METALLIC SUBSTANCE, WATER-REACTIVE, N.O.S.",4.3,W2,I,4.3,274 557,0,E0,P403 IBC99,,MP2,,,,,1,W1,,CW23,,X423,
3208,b,"METALLIC SUBSTANCE, WATER-REACTIVE, N.O.S.",4.3,W2,II,4.3,274 557,500 g,E2,P410 IBC07,,MP14,T3,TP33,SGAN,,2,W1,,CW23,CE10,423,
3208,c,"METALLIC SUBSTANCE, WATER-REACTIVE, N.O.S.",4.3,W2,III,4.3,274 557,1 kg,E1,P410 IBC08 R001,B4,MP14,T1,TP33,SGAN,,3,W1,VC1 VC2 AP3 AP4 AP5,CW23,CE11,423,
3209,a,"METALLIC SUBSTANCE, WATER-REACTIVE, SELF-HEATING, N.O.S.",4.3,WS,I,4.3+4.2,274 558,0,E0,P403,,MP2,,,,,1,W1,,CW23,,X423,
3209,b,"METALLIC SUBSTANCE, WATER-REACTIVE, SELF-HEATING, N.O.S.",4.3,WS,II,4.3+4.2,274 558,0,E0,P410 IBC05,,MP14,T3,TP33,SGAN,,2,W1,,CW23,CE10,423,
3209,c,"METALLIC SUBSTANCE, WATER-REACTIVE, SELF-HEATING, N.O.S.",4.3,WS,III,4.3+4.2,274 558,0,E1,P410 IBC08 R001,B4,MP14,T1,TP33,SGAN,,3,W1,VC1 VC2 AP3 AP4 AP5,CW23,CE11,423,
3210,a,"CHLORATES, INORGANIC, AQUEOUS SOLUTION, N.O.S.",5.1,O1,II,5.1,274 351,1 L,E2,P504 IBC02,,MP2,T4,TP1,L4BN,TU3,2,,,CW24,CE6,50,
3210,b,"CHLORATES, INORGANIC, AQUEOUS SOLUTION, N.O.S.",5.1,O1,III,5.1,274 351,5 L,E1,P504 IBC02 R001,,MP2,T4,TP1,LGBV,TU3,3,,,CW24,CE8,50,
3211,a,"PERCHLORATES, INORGANIC, AQUEOUS SOLUTION, N.O.S.",5.1,O1,II,5.1,,1 L,E2,P504 IBC02,,MP2,T4,TP1,L4BN,TU3,2,,,CW24,CE6,50,
3211,b,"PERCHLORATES, INORGANIC, AQUEOUS SOLUTION, N.O.S.",5.1,O1,III,5.1,,5 L,E1,P504 IBC02 R001,,MP2,T4,TP1,LGBV,TU3,3,,,CW24,CE8,50,
3212,a,"HYPOCHLORITES, INORGANIC, N.O.S.",5.1,O2,II,5.1,274 349,1 kg,E2,P002 IBC08,B4,MP10,T3,TP33,SGAN,TU3,2,W11,,CW24,CE10,50,
3212,b,"HYPOCHLORITES, INORGANIC, N.O.S.",5.1,O2,II,5.1,274 349,1 kg,E2,P002 IBC08,B4,MP10,T3,TP33,SGAN,TU3,2,W11,,CW24,CE10,50,
3213,a,"BROMATES, INORGANIC, AQUEOUS SOLUTION, N.O.S.",5.1,O1,II,5.1,274 350,1 L,E2,P504 IBC02,,MP2,T4,TP1,L4BN,TU3,2,,,CW24,CE6,50,
3213,b,"BROMATES, INORGANIC, AQUEOUS SOLUTION, N.O.S.",5.1,O1,III,5.1,274 350,5 L,E1,P504 IBC02 R001,,MP15,T4,TP1,LGBV,TU3,3,,,CW24,CE8,50,
3214,,"PERMANGANATES, INORGANIC, AQUEOUS SOLUTION, N.O.S.",5.1,O1,II,5.1,274 353,1 L,E2,P504 IBC02,,MP2,T4,TP1,L4BN,TU3,2,,,CW24,CE6,50,
3215,a,"PERSULPHATES, INORGANIC, N.O.S.",5.1,O2,III,5.1,,5 kg,E1,P002 IBC08 LP02 R001,B3,MP10,T1,TP33,SGAV,TU3,3,,VC1 VC2 AP6 AP7,CW24,CE11,50,
3215,b,"PERSULPHATES, INORGANIC, N.O.S.",5.1,O2,III,5.1,,5 kg,E1,P002 IBC08 LP02 R001,B3,MP10,T1,TP33,SGAV,TU3,3,,VC1 VC2 AP6 AP7,CW24,CE11,50,
3216,,"PERSULPHATES, INORGANIC, AQUEOUS SOLUTION, N.O.S.",5.1,O1,III,5.1,,5 L,E1,P504 IBC02 R001,,MP15,T4,TP1 TP29,LGBV,TU3,3,,,CW24,CE8,50,
3218,a,"NITRATES, INORGANIC, AQUEOUS SOLUTION, N.O.S.",5.1,O1,II,5.1,270 511,1 L,E2,P504 IBC02,,MP15,T4,TP1,L4BN,TU3,2,,,CW24,CE6,50,
3218,b,"NITRATES, INORGANIC, AQUEOUS SOLUTION, N.O.S.",5.1,O1,III,5.1,270 511,5 L,E1,P504 IBC02 R001,,MP15,T4,TP1,LGBV,TU3,3,,,CW24,CE8,50,
3219,a,"NITRITES, INORGANIC, AQUEOUS SOLUTION, N.O.S.",5.1,O1,II,5.1,103 274,1 L,E2,P504 IBC01,,MP15,T4,TP1,L4BN,TU3,2,,,CW24,CE6,50,
3219,b,"NITRITES, INORGANIC, AQUEOUS SOLUTION, N.O.S.",5.1,O1,III,5.1,103 274,5 L,E1,P504 IBC02 R001,,MP15,T4,TP1,LGBV,TU3,3,,,CW24,CE8,50,
3220,a,PENTAFLUOROETHANE,2,2A,,2.2+13,662,120 mL,E1,P200,,MP9,T50 (M),,PxBN(M),TA4 TT9 TM6,3,,,CW9 CW10 CW36,CE3,20,
3220,b,REFRIGERANT GAS R 125,2,2A,,2.2+13,662,120 mL,E1,P200,,MP9,T50 (M),,PxBN(M),TA4 TT9 TM6,3,,,CW9 CW10 CW36,CE3,20,
3221,a,SELF-REACTIVE LIQUID TYPE B,4.1,SR1,,4.1+1,181 194 274,25 mL,E0,P520,PP21,MP2,,,,,1,W5 W7 W8,,CW22,,40,
3221,b,SELF-REACTIVE LIQUID TYPE B,4.1,SR1,,4.1+1,181 194 274,25 mL,E0,P520,PP21,MP2,,,,,1,W5 W7 W8,,CW22,,40,
3222,a,SELF-REACTIVE SOLID TYPE B,4.1,SR1,,4.1+1,181 194 274,100 g,E0,P520,PP21,MP2,,,,,1,W5 W7 W8,,CW22,,40,
3222,b,SELF-REACTIVE SOLID TYPE B,4.1,SR1,,4.1+1,181 194 274,100 g,E0,P520,PP21,MP2,,,,,1,W5 W7 W8,,CW22,,40,
3223,,SELF-REACTIVE LIQUID TYPE C,4.1,SR1,,4.1,194 274,25 mL,E0,P520,PP21 PP94 PP95,MP2,,,,,1,W7,,CW22,CE6,40,
3224,,SELF-REACTIVE SOLID TYPE C,4.1,SR1,,4.1,194 274,100 g,E0,P520,PP21 PP94 PP95,MP2,,,,,1,W7,,CW22,CE10,40,
3225,,SELF-REACTIVE LIQUID TYPE D,4.1,SR1,,4.1,194 274,125 mL,E0,P520,,MP2,,,,,2,W7,,CW22,CE6,40,
3226,,SELF-REACTIVE SOLID TYPE D,4.1,SR1,,4.1,194 274,500 g,E0,P520,,MP2,,,,,2,W7,,CW22,CE10,40,
3227,,SELF-REACTIVE LIQUID TYPE E,4.1,SR1,,4.1,194 274,125 mL,E0,P520,,MP2,,,,,2,W7,,CW22,CE6,40,
3228,,SELF-REACTIVE SOLID TYPE E,4.1,SR1,,4.1,194 274,500 g,E0,P520,,MP2,,,,,2,W7,,CW22,CE10,40,
3229,,SELF-REACTIVE LIQUID TYPE F,4.1,SR1,,4.1,194 274,125 mL,E0,P520 IBC99,,MP2,T23,,,,2,W7,,CW22,CE6,40,
3230,,SELF-REACTIVE SOLID TYPE F,4.1,SR1,,4.1,194 274,500 g,E0,P520 IBC99,,MP2,T23,,,,2,W7,,CW22,CE10,40,
3231,a,"SELF-REACTIVE LIQUID TYPE B, TEMPERATURE CONTROLLED",4.1,SR2,,,,,,,,,,,CARRIAGE PROHIBITED,,,,,,,,
3231,b,"SELF-REACTIVE LIQUID TYPE B, TEMPERATURE CONTROLLED",4.1,SR2,,,,,,,,,,,CARRIAGE PROHIBITED,,,,,,,,
3232,a,"SELF-REACTIVE SOLID TYPE B, TEMPERATURE CONTROLLED",4.1,SR2,,,,,,,,,,,CARRIAGE PROHIBITED,,,,,,,,
3232,b,"SELF-REACTIVE SOLID TYPE B, TEMPERATURE CONTROLLED",4.1,SR2,,,,,,,,,,,CARRIAGE PROHIBITED,,,,,,,,
3233,,"SELF-REACTIVE LIQUID TYPE C, TEMPERATURE CONTROLLED",4.1,SR2,,,,,,,,,,,CARRIAGE PROHIBITED,,,,,,,,
3234,,"SELF-REACTIVE SOLID TYPE C, TEMPERATURE CONTROLLED",4.1,SR2,,,,,,,,,,,CARRIAGE PROHIBITED,,,,,,,,
3235,,"SELF-REACTIVE LIQUID TYPE D, TEMPERATURE CONTROLLED",4.1,SR2,,,,,,,,,,,CARRIAGE PROHIBITED,,,,,,,,
3236,,"SELF-REACTIVE SOLID TYPE D, TEMPERATURE CONTROLLED",4.1,SR2,,,,,,,,,,,CARRIAGE PROHIBITED,,,,,,,,
3237,,"SELF-REACTIVE LIQUID TYPE E, TEMPERATURE CONTROLLED",4.1,SR2,,,,,,,,,,,CARRIAGE PROHIBITED,,,,,,,,
3238,,"SELF-REACTIVE SOLID TYPE E, TEMPERATURE CONTROLLED",4.1,SR2,,,,,,,,,,,CARRIAGE PROHIBITED,,,,,,,,
3239,,"SELF-REACTIVE LIQUID TYPE F, TEMPERATURE CONTROLLED",4.1,SR2,,,,,,,,,,,CARRIAGE PROHIBITED,,,,,,,,
3240,,"SELF-REACTIVE SOLID TYPE F, TEMPERATURE CONTROLLED",4.1,SR2,,,,,,,,,,,CARRIAGE PROHIBITED,,,,,,,,
3241,,"2-BROMO-2-NITROPROPANE-1,3-DIOL",4.1,SR1,III,4.1,638,5 kg,E1,P520 IBC08,PP22 B3,MP2,,,,,3,W1,,,CE11,40,
3242,,AZODICARBONAMIDE,4.1,SR1,II,4.1,215 638,1 kg,E0,P409,,MP2,T3,TP33,,,2,W1,,,CE10,40,
3243,,"SOLIDS CONTAINING TOXIC LIQUID, N.O.S.",6.1,T9,II,6.1,217 274 601,500 g,E4,P002 IBC02,PP9,MP10,T3 BK1 BK2,TP33,SGAH,TU15,2,,VC1 VC2 AP7,CW13 CW28 CW31,CE5,60,
3244,,"SOLIDS CONTAINING CORROSIVE LIQUID, N.O.S.",8,C10,II,8,218 274,1 kg,E2,P002 IBC05,PP9,MP10,T3 BK1 BK2,TP33,SGAV,,2,,VC1 VC2 AP7,,CE10,80,
3245,a,GENETICALLY MODIFIED MICROORGANISMS,9,M8,,9,219 637,0,E0,P904 IBC08,,MP6,,,,,2,,,CW13 CW17 CW18 CW26 CW28 CW31,,90,
3245,b,GENETICALLY MODIFIED ORGANISMS,9,M8,,9,219 637,0,E0,P904 IBC08,,MP6,,,,,2,,,CW13 CW17 CW18 CW26 CW28 CW31,,90,
3246,,METHANESULPHONYL CHLORIDE,6.1,TC1,I,6.1+8,354,0,E0,P602,,MP8 MP17,T20,TP2,L10CH,TU14 TU15 TU38 TE21 TE22,1,,,CW13 CW28 CW31,,668,
3247,,"SODIUM PEROXOBORATE, ANHYDROUS",5.1,O2,II,5.1,,1 kg,E2,P002 IBC08,B4,MP2,T3,TP33,SGAN,TU3,2,W11,,CW24,CE10,50,
3248,a,"MEDICINE, LIQUID, FLAMMABLE, TOXIC, N.O.S.",3,FT1,II,3+6.1,220 221 601,1 L,E2,P001,,MP19,,,L4BH,TU15,2,,,CW13 CW28,CE7,336,
3248,b,"MEDICINE, LIQUID, FLAMMABLE, TOXIC, N.O.S.",3,FT1,III,3+6.1,220 221 601,5 L,E1,P001 R001,,MP19,,,L4BH,TU15,3,,,CW13 CW28,CE4,36,
3249,a,"MEDICINE, SOLID, TOXIC, N.O.S.",6.1,T2,II,6.1,221 601,500 g,E4,P002,,MP10,T3,TP33,SGAH L4BH,TU15,2,,,CW13 CW28 CW31,CE9,60,
3249,b,"MEDICINE, SOLID, TOXIC, N.O.S.",6.1,T2,III,6.1,221 601,5 kg,E1,P002 LP02 R001,,MP10,T1,TP33,SGAH L4BH,TU15,2,,VC1 VC2 AP7,CW13 CW28 CW31,CE11,60,
3250,,"CHLOROACETIC ACID, MOLTEN",6.1,TC1,II,6.1+8,,0,E0,,,,T7,TP3 TP28,L4BH,TU15 TC4,0,,,CW13 CW31,,68,
3251,,ISOSORBIDE-5-MONONITRATE,4.1,SR1,III,4.1,226 638,5 kg,E0,P409,,MP2,,,,,3,W1,,,CE11,40,
3252,a,DIFLUOROMETHANE,2,2F,,2.1+13,662,0,E0,P200,,MP9,T50 (M),,PxBN(M),TU38 TE22 TA4 TT9 TM6,2,,,CW9 CW10 CW36,CE3,23,
3252,b,REFRIGERANT GAS R 32,2,2F,,2.1+13,662,0,E0,P200,,MP9,T50 (M),,PxBN(M),TU38 TE22 TA4 TT9 TM6,2,,,CW9 CW10 CW36,CE3,23,
3253,,DISODIUM TRIOXOSILICATE,8,C6,III,8,,5 kg,E1,P002 IBC08 LP02 R001,B3,MP10,T1,TP33,SGAV,,3,,VC1 VC2 AP7,,CE11,80,
3254,,TRIBUTYLPHOSPHANE,4.2,S1,I,4.2,,0,E0,P400,,MP2,T21,TP2 TP7,,,0,W1,,,,333,
3255,,tert-BUTYL HYPOCHLORITE,4.2,SC1,,,,,,,,,,,CARRIAGE PROHIBITED,,,,,,,,
3256,,"ELEVATED TEMPERATURE LIQUID, FLAMMABLE, N.O.S.",3,F2,III,3,274 560,0,E0,P099 IBC99,,MP2,T3,TP3 TP29,LGAV,TU35,3,,,,CE4,30,"with flashpoint above 60°C, at or above its flashpoint"
3257,,"ELEVATED TEMPERATURE LIQUID, N.O.S.",9,M9,III,9,274 643 668,0,E0,P099 IBC99,,,T3,TP3 TP29,LGAV,TU35 TE6 TE14,3,,VC3,CW17 CW31,,99,"at or above 100°C and below its flashpoint (including molten metals, molten salts, etc.)"
3258,,"ELEVATED TEMPERATURE SOLID, N.O.S.",9,M10,III,9,274 643,0,E0,P099 IBC99,,,,,,,3,,VC3,CW31,,99,at or above 240°C
3259,a,"AMINES, SOLID, CORROSIVE, N.O.S.",8,C8,I,8,274,0,E0,P002 IBC07,,MP18,T6,TP33,S10AN L10BH,TU38 TE22,1,W10,,,,88,
3259,b,"POLYAMINES, SOLID, CORROSIVE, N.O.S.",8,C8,I,8,274,0,E0,P002 IBC07,,MP18,T6,TP33,S10AN L10BH,TU38 TE22,1,W10,,,,88,
3259,c,"AMINES, SOLID, CORROSIVE, N.O.S.",8,C8,II,8,274,1 kg,E2,P002 IBC08,B4,MP10,T3,TP33,SGAN L4BN,,2,W11,,,CE10,80,
3259,d,"POLYAMINES, SOLID, CORROSIVE, N.O.S.",8,C8,II,8,274,1 kg,E2,P002 IBC08,B4,MP10,T3,TP33,SGAN L4BN,,2,W11,,,CE10,80,
3259,e,"AMINES, SOLID, CORROSIVE, N.O.S.",8,C8,III,8,274,5 kg,E1,P002 IBC08 LP02 R001,B3,MP10,T1,TP33,SGAV L4BN,,3,,VC1 VC2 AP7,,CE11,80,
3259,f,"POLYAMINES, SOLID, CORROSIVE, N.O.S.",8,C8,III,8,274,5 kg,E1,P002 IBC08 LP02 R001,B3,MP10,T1,TP33,SGAV L4BN,,3,,VC1 VC2 AP7,,CE11,80,
3260,a,"CORROSIVE SOLID, ACIDIC, INORGANIC, N.O.S.",8,C2,I,8,274,0,E0,P002 IBC07,,MP18,T6,TP33,S10AN,,1,W10,,,,88,
3260,b,"CORROSIVE SOLID, ACIDIC, INORGANIC, N.O.S.",8,C2,II,8,274,1 kg,E2,P002 IBC08,B4,MP10,T3,TP33,SGAN,,2,W11,,,CE10,80,
3260,c,"CORROSIVE SOLID, ACIDIC, INORGANIC, N.O.S.",8,C2,III,8,274,5 kg,E1,P002 IBC08 LP02 R001,B3,MP10,T1,TP33,SGAV,,3,,VC1 VC2 AP7,,CE11,80,
3261,a,"CORROSIVE SOLID, ACIDIC, ORGANIC, N.O.S.",8,C4,I,8,274,0,E0,P002 IBC07,,MP18,T6,TP33,S10AN L10BH,TU38 TE22,1,W10,,,,88,
3261,b,"CORROSIVE SOLID, ACIDIC, ORGANIC, N.O.S.",8,C4,II,8,274,1 kg,E2,P002 IBC08,B4,MP10,T3,TP33,SGAN L4BN,,2,W11,,,CE10,80,
3261,c,"CORROSIVE SOLID, ACIDIC, ORGANIC, N.O.S.",8,C4,III,8,274,5 kg,E1,P002 IBC08 LP02 R001,B3,MP10,T1,TP33,SGAV L4BN,,3,,VC1 VC2 AP7,,CE11,80,
3262,a,"CORROSIVE SOLID, BASIC, INORGANIC, N.O.S.",8,C6,I,8,274,0,E0,P002 IBC07,,MP18,T6,TP33,S10AN L10BH,TU38 TE22,1,W10,,,,88,
3262,b,"CORROSIVE SOLID, BASIC, INORGANIC, N.O.S.",8,C6,II,8,274,1 kg,E2,P002 IBC08,B4,MP10,T3,TP33,SGAN L4BN,,2,W11,,,CE10,80,
3262,c,"CORROSIVE SOLID, BASIC, INORGANIC, N.O.S.",8,C6,III,8,274,5 kg,E1,P002 IBC08 LP02 R001,B3,MP10,T1,TP33,SGAV L4BN,,3,,VC1 VC2 AP7,,CE11,80,
3263,a,"CORROSIVE SOLID, BASIC, ORGANIC, N.O.S.",8,C8,I,8,274,0,E0,P002 IBC07,,MP18,T6,TP33,S10AN L10BH,TU38 TE22,1,W10,,,,88,
3263,b,"CORROSIVE SOLID, BASIC, ORGANIC, N.O.S.",8,C8,II,8,274,1 kg,E2,P002 IBC08,B4,MP10,T3,TP33,SGAN L4BN,,2,W11,,,CE10,80,
3263,c,"CORROSIVE SOLID, BASIC, ORGANIC, N.O.S.",8,C8,III,8,274,5 kg,E1,P002 IBC08 LP02 R001,B3,MP10,T1,TP33,SGAV L4BN,,3,,VC1 VC2 AP7,,CE11,80,
3264,a,"CORROSIVE LIQUID, ACIDIC, INORGANIC, N.O.S.",8,C1,I,8,274,0,E0,P001,,MP8 MP17,T14,TP2 TP27,L10BH,TU38 TE22,1,,,,,88,
3264,b,"CORROSIVE LIQUID, ACIDIC, INORGANIC, N.O.S.",8,C1,II,8,274,1 L,E2,P001 IBC02,,MP15,T11,TP2 TP27,L4BN,TU42,2,,,,CE6,80,
3264,c,"CORROSIVE LIQUID, ACIDIC, INORGANIC, N.O.S.",8,C1,III,8,274,5 L,E1,P001 IBC03 LP01 R001,,MP19,T7,TP1 TP28,L4BN,TU42,3,W12,,,CE8,80,
3265,a,"CORROSIVE LIQUID, ACIDIC, ORGANIC, N.O.S.",8,C3,I,8,274,0,E0,P001,,MP8 MP17,T14,TP2 TP27,L10BH,TU38 TE22,1,,,,,88,
3265,b,"CORROSIVE LIQUID, ACIDIC, ORGANIC, N.O.S.",8,C3,II,8,274,1 L,E2,P001 IBC02,,MP15,T11,TP2 TP27,L4BN,,2,,,,CE6,80,
3265,c,"CORROSIVE LIQUID, ACIDIC, ORGANIC, N.O.S.",8,C3,III,8,274,5 L,E1,P001 IBC03 LP01 R001,,MP19,T7,TP1 TP28,L4BN,,3,W12,,,CE8,80,
3266,a,"CORROSIVE LIQUID, BASIC, INORGANIC, N.O.S.",8,C5,I,8,274,0,E0,P001,,MP8 MP17,T14,TP2 TP27,L10BH,TU38 TE22,1,,,,,88,
3266,b,"CORROSIVE LIQUID, BASIC, INORGANIC, N.O.S.",8,C5,II,8,274,1 L,E2,P001 IBC02,,MP15,T11,TP2 TP27,L4BN,TU42,2,,,,CE6,80,
3266,c,"CORROSIVE LIQUID, BASIC, INORGANIC, N.O.S.",8,C5,III,8,274,5 L,E1,P001 IBC03 LP01 R001,,MP19,T7,TP1 TP28,L4BN,TU42,3,W12,,,CE8,80,
3267,a,"CORROSIVE LIQUID, BASIC, ORGANIC, N.O.S.",8,C7,I,8,274,0,E0,P001,,MP8 MP17,T14,TP2 TP27,L10BH,TU38 TE22,1,,,,,88,
3267,b,"CORROSIVE LIQUID, BASIC, ORGANIC, N.O.S.",8,C7,II,8,274,1 L,E2,P001 IBC02,,MP15,T11,TP2 TP27,L4BN,,2,,,,CE6,80,
3267,c,"CORROSIVE LIQUID, BASIC, ORGANIC, N.O.S.",8,C7,III,8,274,5 L,E1,P001 IBC03 LP01 R001,,MP19,T7,TP1 TP28,L4BN,,3,W12,,,CE8,80,
3268,,SAFETY DEVICES,9,M5,,9,280 289,0,E0,P902 LP902,,,,,,,4,,,,CE2,90,electrically initiated
3269,a,POLYESTER RESIN KIT,3,F3,II,3,236 340,5 L,See SP 340,P302 R001,,,,,,,2,,,,CE7,33,liquid base material
3269,b,POLYESTER RESIN KIT,3,F3,III,3,236 340,5 L,See SP 340,P302 R001,,,,,,,3,,,,CE4,33,liquid base material
3270,,NITROCELLULOSE MEMBRANE FILTERS,4.1,F1,II,4.1,237 286,1 kg,E2,P411,,MP11,,,,,2,W1,,,CE10,40,"with not more than 12.6% nitrogen, by dry mass"
3271,a,"ETHERS, N.O.S.",3,F1,II,3,274,1 L,E2,P001 IBC02 R001,,MP19,T7,TP1 TP8 TP28,LGBF,,2,,,,CE7,33,
3271,b,"ETHERS, N.O.S.",3,F1,III,3,274,5 L,E1,P001 IBC03 LP01 R001,,MP19,T4,TP1 TP29,LGBF,,3,W12,,,CE4,30,
3272,a,"ESTERS, N.O.S.",3,F1,II,3,274 601,1 L,E2,P001 IBC02 R001,,MP19,T7,TP1 TP8 TP28,LGBF,,2,,,,CE7,33,
3272,b,"ESTERS, N.O.S.",3,F1,III,3,274 601,5 L,E1,P001 IBC03 LP01 R001,,MP19,T4,TP1 TP29,LGBF,,3,W12,,,CE4,30,
3273,a,"NITRILES, FLAMMABLE, TOXIC, N.O.S.",3,FT1,I,3+6.1,274,0,E0,P001,,MP7 MP17,T14,TP2 TP27,L10CH,TU14 TU15 TU38 TE21 TE22,1,,,CW13 CW28,,336,
3273,b,"NITRILES, FLAMMABLE, TOXIC, N.O.S.",3,FT1,II,3+6.1,274,1 L,E2,P001 IBC02,,MP19,T11,TP2 TP27,L4BH,TU15,2,,,CW13 CW28,CE7,336,
3274,,"ALCOHOLATES SOLUTION, N.O.S.",3,FC,II,3+8,274,1 L,E2,P001 IBC02,,MP19,,,L4BH,,2,,,,CE7,338,in alcohol
3275,a,"NITRILES, TOXIC, FLAMMABLE, N.O.S.",6.1,TF1,I,6.1+3,274 315,0,E5,P001,,MP8 MP17,T14,TP2 TP27,L10CH,TU14 TU15 TU38 TE21 TE22,1,,,CW13 CW28 CW31,,663,
3275,b,"NITRILES, TOXIC, FLAMMABLE, N.O.S.",6.1,TF1,II,6.1+3,274,100 mL,E4,P001 IBC02,,MP15,T11,TP2 TP27,L4BH,TU15,2,,,CW13 CW28 CW31,CE5,63,
3276,a,"NITRILES, LIQUID, TOXIC, N.O.S.",6.1,T1,I,6.1,274 315,0,E5,P001,,MP8 MP17,T14,TP2 TP27,L10CH,TU14 TU15 TU38 TE21 TE22,1,,,CW13 CW28 CW31,,66,
3276,b,"NITRILES, LIQUID, TOXIC, N.O.S.",6.1,T1,II,6.1,274,100 mL,E4,P001 IBC02,,MP15,T11,TP2 TP27,L4BH,TU15,2,,,CW13 CW28 CW31,CE5,60,
3276,c,"NITRILES, LIQUID, TOXIC, N.O.S.",6.1,T1,III,6.1,274,5 L,E1,P001 IBC03 LP01 R001,,MP19,T7,TP1 TP28,L4BH,TU15,2,W12,,CW13 CW28 CW31,CE8,60,
3277,,"CHLOROFORMATES, TOXIC, CORROSIVE, N.O.S.",6.1,TC1,II,6.1+8,274 561,100 mL,E4,P001 IBC02,,MP15,T8,TP2 TP28,L4BH,TU15,2,,,CW13 CW28 CW31,CE9,68,
3278,a,"ORGANOPHOSPHORUS COMPOUND, LIQUID, TOXIC, N.O.S.",6.1,T1,I,6.1,43 274 315,0,E5,P001,,MP8 MP17,T14,TP2 TP27,L10CH,TU14 TU15 TU38 TE21 TE22,1,,,CW13 CW28 CW31,,66,
3278,b,"ORGANOPHOSPHORUS COMPOUND, LIQUID, TOXIC, N.O.S.",6.1,T1,II,6.1,43 274,100 mL,E4,P001 IBC02,,MP15,T11,TP2 TP27,L4BH,TU15,2,,,CW13 CW28 CW31,CE5,60,
3278,c,"ORGANOPHOSPHORUS COMPOUND, LIQUID, TOXIC, N.O.S.",6.1,T1,III,6.1,43 274,5 L,E1,P001 IBC03 LP01 R001,,MP19,T7,TP1 TP28,L4BH,TU15,2,W12,,CW13 CW28 CW31,CE8,60,
3279,a,"ORGANOPHOSPHORUS COMPOUND, TOXIC, FLAMMABLE, N.O.S.",6.1,TF1,I,6.1+3,43 274 315,0,E5,P001,,MP8 MP17,T14,TP2 TP27,L10CH,TU14 TU15 TU38 TE21 TE22,1,,,CW13 CW28 CW31,,663,
3279,b,"ORGANOPHOSPHORUS COMPOUND, TOXIC, FLAMMABLE, N.O.S.",6.1,TF1,II,6.1+3,43 274,100 mL,E4,P001,,MP15,T11,TP2 TP27,L4BH,TU15,2,,,CW13 CW28 CW31,CE5,63,
3280,a,"ORGANOARSENIC COMPOUND, LIQUID, N.O.S.",6.1,T3,I,6.1,274 315,0,E5,P001,,MP8 MP17,T14,TP2 TP27,L10CH,TU14 TU15 TU38 TE21 TE22,1,,,CW13 CW28 CW31,,66,
3280,b,"ORGANOARSENIC COMPOUND, LIQUID, N.O.S.",6.1,T3,II,6.1,274,100 mL,E4,P001 IBC02,,MP15,T11,TP2 TP27,L4BH,TU15,2,,,CW13 CW28 CW31,CE5,60,
3280,c,"ORGANOARSENIC COMPOUND, LIQUID, N.O.S.",6.1,T3,III,6.1,274,5 L,E1,P001 IBC03 LP01 R001,,MP19,T7,TP1 TP28,L4BH,TU15,2,W12,,CW13 CW28 CW31,CE11,60,
3281,a,"METAL CARBONYLS, LIQUID, N.O.S.",6.1,T3,I,6.1,274 315 562,0,E5,P601,,MP8 MP17,T14,TP2 TP27,L10CH,TU14 TU15 TU38 TE21 TE22,1,,,CW13 CW28 CW31,,66,
3281,b,"METAL CARBONYLS, LIQUID, N.O.S.",6.1,T3,II,6.1,274 562,100 mL,E4,P001 IBC02,,MP15,T11,TP2 TP27,L4BH,TU15,2,,,CW13 CW28 CW31,CE5,60,
3281,c,"METAL CARBONYLS, LIQUID, N.O.S.",6.1,T3,III,6.1,274 562,5 L,E1,P001 IBC03 LP01 R001,,MP19,T7,TP1 TP28,L4BH,TU15,2,W12,,CW13 CW28 CW31,CE8,60,
3282,a,"ORGANOMETALLIC COMPOUND, LIQUID, TOXIC, N.O.S.",6.1,T3,I,6.1,274 562,0,E5,P001,,MP8 MP17,T14,TP2 TP27,L10CH,TU14 TU15 TU38 TE21 TE22,1,,,CW13 CW28 CW31,,66,
3282,b,"ORGANOMETALLIC COMPOUND, LIQUID, TOXIC, N.O.S.",6.1,T3,II,6.1,274 562,100 mL,E4,P001 IBC02,,MP15,T11,TP2 TP27,L4BH,TU15,2,,,CW13 CW28 CW31,CE5,60,
3282,c,"ORGANOMETALLIC COMPOUND, LIQUID, TOXIC, N.O.S.",6.1,T3,III,6.1,274 562,5 L,E1,P001 IBC03 LP01 R001,,MP19,T7,TP1 TP28,L4BH,TU15,2,W12,,CW13 CW28 CW31,CE8,60,
3283,a,"SELENIUM COMPOUND, SOLID, N.O.S.",6.1,T5,I,6.1,274 563,0,E5,P002 IBC07,,MP18,T6,TP33,S10AH L10CH,TU14 TU15 TU38 TE21 TE22,1,W10,,CW13 CW28 CW31,,66,
3283,b,"SELENIUM COMPOUND, SOLID, N.O.S.",6.1,T5,II,6.1,274 563,500 g,E4,P002 IBC08,B4,MP10,T3,TP33,SGAH L4BH,TU15,2,W11,,CW13 CW28 CW31,CE9,60,
3283,c,"SELENIUM COMPOUND, SOLID, N.O.S.",6.1,T5,III,6.1,274 563,5 kg,E1,P002 IBC08 LP02 R001,B3,MP10,T1,TP33,SGAH L4BH,TU15,2,,VC1 VC2 AP7,CW13 CW28 CW31,CE11,60,
3284,a,"TELLURIUM COMPOUND, N.O.S.",6.1,T5,I,6.1,274,0,E5,P002 IBC07,,MP18,T6,TP33,S10AH L10CH,TU14 TU15 TU38 TE21 TE22,1,W10,,CW13 CW28 CW31,,66,
3284,b,"TELLURIUM COMPOUND, N.O.S.",6.1,T5,II,6.1,274,500 g,E4,P002 IBC08,B4,MP10,T3,TP33,SGAH L4BH,TU15,2,W11,,CW13 CW28 CW31,CE9,60,
3284,c,"TELLURIUM COMPOUND, N.O.S.",6.1,T5,III,6.1,274,5 kg,E1,P002 IBC08 LP02 R001,B3,MP10,T1,TP33,SGAH L4BH,TU15,2,,VC1 VC2 AP7,CW13 CW28 CW31,CE11,60,
3285,a,"VANADIUM COMPOUND, N.O.S.",6.1,T5,I,6.1,274 564,0,E5,P002 IBC07,,MP18,T6,TP33,S10AH L10CH,TU14 TU15 TU38 TE21 TE22,1,W10,,CW13 CW28 CW31,,66,
3285,b,"VANADIUM COMPOUND, N.O.S.",6.1,T5,II,6.1,274 564,500 g,E4,P002 IBC08,B4,MP10,T3,TP33,SGAH L4BH,TU15,2,W11,,CW13 CW28 CW31,CE9,60,
3285,c,"VANADIUM COMPOUND, N.O.S.",6.1,T5,III,6.1,274 564,5 kg,E1,P002 IBC08 LP02 R001,B3,MP10,T1,TP33,SGAH L4BH,TU15,2,,VC1 VC2 AP7,CW13 CW28 CW31,CE11,60,
3286,a,"FLAMMABLE LIQUID, TOXIC, CORROSIVE, N.O.S.",3,FTC,I,3+6.1+8,274,0,E0,P001,,MP7 MP17,T14,TP2 TP27,L10CH,TU14 TU15 TU38 TE21 TE22,1,,,CW13 CW28,,368,
3286,b,"FLAMMABLE LIQUID, TOXIC, CORROSIVE, N.O.S.",3,FTC,II,3+6.1+8,274,1 L,E2,P001 IBC02,,MP19,T11,TP2 TP27,L4BH,TU15,2,,,CW13 CW28,CE7,368,
3287,a,"TOXIC LIQUID, INORGANIC, N.O.S.",6.1,T4,I,6.1,274 315,0,E5,P001,,MP8 MP17,T14,TP2 TP27,L10CH,TU14 TU15 TU38 TE21 TE22,1,,,CW13 CW28 CW31,,66,
3287,b,"TOXIC LIQUID, INORGANIC, N.O.S.",6.1,T4,II,6.1,274,100 mL,E4,P001 IBC02,,MP15,T11,TP2 TP27,L4BH,TU15,2,,,CW13 CW28 CW31,CE5,60,
3287,c,"TOXIC LIQUID, INORGANIC, N.O.S.",6.1,T4,III,6.1,274,5 L,E1,P001 IBC03 LP01 R001,,MP19,T7,TP1 TP28,L4BH,TU15,2,W12,,CW13 CW28 CW31,CE8,60,
3288,a,"TOXIC SOLID, INORGANIC, N.O.S.",6.1,T5,I,6.1,274,0,E5,P002 IBC07,,MP18,T6,TP33,S10AH L10CH,TU14 TU15 TU38 TE21 TE22,1,W10,,CW13 CW28 CW31,,66,
3288,b,"TOXIC SOLID, INORGANIC, N.O.S.",6.1,T5,II,6.1,274,500 g,E4,P002 IBC08,B4,MP10,T3,TP33,SGAH L4BH,TU15,2,W11,,CW13 CW28 CW31,CE9,60,
3288,c,"TOXIC SOLID, INORGANIC, N.O.S.",6.1,T5,III,6.1,274,5 kg,E1,P002 IBC08 LP02 R001,B3,MP10,T1,TP33,SGAH L4BH,TU15,2,,VC1 VC2 AP7,CW13 CW28 CW31,CE11,60,
3289,a,"TOXIC LIQUID, CORROSIVE, INORGANIC, N.O.S.",6.1,TC3,I,6.1+8,274 315,0,E5,P001,,MP8 MP17,T14,TP2 TP27,L10CH,TU14 TU15 TU38 TE21 TE22,1,,,CW13 CW28 CW31,,668,
3289,b,"TOXIC LIQUID, CORROSIVE, INORGANIC, N.O.S.",6.1,TC3,II,6.1+8,274,100 mL,E4,P001 IBC02,,MP15,T11,TP2 TP27,L4BH,TU15,2,,,CW13 CW28 CW31,CE5,68,
3290,a,"TOXIC SOLID, CORROSIVE, INORGANIC, N.O.S.",6.1,TC4,I,6.1+8,274,0,E5,P002 IBC05,,MP18,T6,TP33,S10AH L10CH,TU15 TU38 TE22,1,W10,,CW13 CW28 CW31,,668,
3290,b,"TOXIC SOLID, CORROSIVE, INORGANIC, N.O.S.",6.1,TC4,II,6.1+8,274,500 g,E4,P002 IBC06,,MP10,T3,TP33,SGAH L4BH,TU15,2,W11,,CW13 CW28 CW31,CE5,68,
3291,a,"CLINICAL WASTE, UNSPECIFIED, N.O.S.",6.2,I3,,6.2,565,0,E0,P621 IBC620 LP621,,MP6,BK2,,,,2,W9,VC3,CW13 CW18 CW28,CE14,606,
3291,b,"(BIO) MEDICAL WASTE, N.O.S.",6.2,I3,,6.2,565,0,E0,P621 IBC620 LP621,,MP6,BK2,,,,2,W9,VC3,CW13 CW18 CW28,CE14,606,
3291,c,"REGULATED MEDICAL WASTE, N.O.S.",6.2,I3,,6.2,565,0,E0,P621 IBC620 LP621,,MP6,BK2,,,,2,W9,VC3,CW13 CW18 CW28,CE14,606,
3292,a,"BATTERIES, CONTAINING SODIUM",4.3,W3,,4.3,239 295,0,E0,P408,,,,,,,2,W1,,CW23,CE2,423,
3292,b,"CELLS, CONTAINING SODIUM",4.3,W3,,4.3,239 295,0,E0,P408,,,,,,,2,W1,,CW23,CE2,423,
3293,,"HYDRAZINE, AQUEOUS SOLUTION",6.1,T4,III,6.1,566,5 L,E1,P001 IBC03 LP01 R001,,MP19,T4,TP1,L4BH,TU15,2,W12,,CW13 CW28 CW31,CE8,60,"with not more than 37% hydrazine, by mass"
3294,,"HYDROGEN CYANIDE, SOLUTION IN ALCOHOL",6.1,TF1,I,6.1+3,610,0,E0,P601,,MP8 MP17,T14,TP2,L15DH(+),TU14 TU15 TU38 TE21 TE22 TE25,0,,,CW13 CW28 CW31,,663,with not more than 45% hydrogen cyanide
3295,a,"HYDROCARBONS, LIQUID, N.O.S.",3,F1,I,3,,500 mL,E3,P001,,MP7 MP17,T11,TP1 TP8 TP28,L4BN,,1,,,,,33,
3295,b,"HYDROCARBONS, LIQUID, N.O.S.",3,F1,II,3,640C/D,1 L,E2,P001 IBC02* R001*,,MP19,T7,TP1 TP8 TP28,L1.5BN/LGBF,,2,,,,CE7,33,
3295,c,"HYDROCARBONS, LIQUID, N.O.S.",3,F1,III,3,,5 L,E1,P001 IBC03 LP01 R001,,MP19,T4,TP1 TP29,LGBF,,3,W12,,,CE4,30,
3296,a,HEPTAFLUOROPROPANE,2,2A,,2.2+13,662,120 mL,E1,P200,,MP9,T50 (M),,PxBN(M),TA4 TT9 TM6,3,,,CW9 CW10 CW36,CE3,20,
3296,b,REFRIGERANT GAS R 227,2,2A,,2.2+13,662,120 mL,E1,P200,,MP9,T50 (M),,PxBN(M),TA4 TT9 TM6,3,,,CW9 CW10 CW36,CE3,20,
3297,,ETHYLENE OXIDE AND CHLOROTETRAFLUOROETHANE MIXTURE,2,2A,,2.2+13,392 662,120 mL,E1,P200,,MP9,T50 (M),,PxBN(M),TA4 TT9 TM6,3,,,CW9 CW10 CW36,CE3,20,with not more than 8.8% ethylene oxide
3298,,ETHYLENE OXIDE AND PENTAFLUOROETHANE MIXTURE,2,2A,,2.2+13,392 662,120 mL,E1,P200,,MP9,T50 (M),,PxBN(M),TA4 TT9 TM6,3,,,CW9 CW10 CW36,CE3,20,with not more than 7.9% ethylene oxide
3299,,ETHYLENE OXIDE AND TETRAFLUOROETHANE MIXTURE,2,2A,,2.2+13,392 662,120 mL,E1,P200,,MP9,T50 (M),,PxBN(M),TA4 TT9 TM6,3,,,CW9 CW10 CW36,CE3,20,with not more than 5.6% ethylene oxide
3300,,ETHYLENE OXIDE AND CARBON DIOXIDE MIXTURE,2,2TF,,2.3+2.1+13,,0,E0,P200,,MP9,(M),,PxBH(M),TU38 TE22 TE25 TA4 TT9 TM6,1,,,CW9 CW10 CW36,,263,with more than 87% ethylene oxide
3301,a,"CORROSIVE LIQUID, SELF-HEATING, N.O.S.",8,CS1,I,8+4.2,274,0,E0,P001,,MP8 MP17,,,L10BH,TU38 TE22,1,,,,,884,
3301,b,"CORROSIVE LIQUID, SELF-HEATING, N.O.S.",8,CS1,II,8+4.2,274,0,E2,P001,,MP15,,,L4BN,,2,,,,CE6,84,
3302,,"2-DIMETHYLAMINOETHYL ACRYLATE, STABILIZED",6.1,T1,II,6.1,386 676,100 mL,E4,P001 IBC02,,MP15,T7,TP2,L4BH,TU15,2,,,CW13 CW28 CW31,CE5,60,
3303,,"COMPRESSED GAS, TOXIC, OXIDIZING, N.O.S.",2,1TO,,2.3+5.1+13,274,0,E0,P200,,MP9,(M),,CxBH(M),TU6 TU38 TE22 TE25 TA4 TT9,1,,,CW9 CW10 CW36,,265,
3304,,"COMPRESSED GAS, TOXIC, CORROSIVE, N.O.S.",2,1TC,,2.3+8+13,274,0,E0,P200,,MP9,(M),,CxBH(M),TU6 TU38 TE22 TE25 TA4 TT9,1,,,CW9 CW10 CW36,,268,
3305,,"COMPRESSED GAS, TOXIC, FLAMMABLE, CORROSIVE, N.O.S.",2,1TFC,,2.3+2.1+8+13,274,0,E0,P200,,MP9,(M),,CxBH(M),TU6 TU38 TE22 TE25 TA4 TT9,1,,,CW9 CW10 CW36,,263,
3306,,"COMPRESSED GAS, TOXIC, OXIDIZING, CORROSIVE, N.O.S.",2,1TOC,,2.3+5.1+8+13,274,0,E0,P200,,MP9,(M),,CxBH(M),TU6 TU38 TE22 TE25 TA4 TT9,1,,,CW9 CW10 CW36,,265,
3307,,"LIQUEFIED GAS, TOXIC, OXIDIZING, N.O.S.",2,2TO,,2.3+5.1+13,274,0,E0,P200,,MP9,(M),,PxBH(M),TU6 TU38 TE22 TE25 TA4 TT9 TM6,1,,,CW9 CW10 CW36,,265,
3308,,"LIQUEFIED GAS, TOXIC, CORROSIVE, N.O.S.",2,2TC,,2.3+8+13,274,0,E0,P200,,MP9,(M),,PxBH(M),TU6 TU38 TE22 TE25 TA4 TT9 TM6,1,,,CW9 CW10 CW36,,268,
3309,,"LIQUEFIED GAS, TOXIC, FLAMMABLE, CORROSIVE, N.O.S.",2,2TFC,,2.3+2.1+8+13,274,0,E0,P200,,MP9,(M),,PxBH(M),TU6 TU38 TE22 TE25 TA4 TT9 TM6,1,,,CW9 CW10 CW36,,263,
3310,,"LIQUEFIED GAS, TOXIC, OXIDIZING, CORROSIVE, N.O.S.",2,2TOC,,2.3+5.1+8+13,274,0,E0,P200,,MP9,(M),,PxBH(M),TU6 TU38 TE22 TE25 TA4 TT9 TM6,1,,,CW9 CW10 CW36,,265,
3311,,"GAS, REFRIGERATED LIQUID, OXIDIZING, N.O.S.",2,3O,,2.2+5.1+13,274,0,E0,P203,,MP9,T75,TP5 TP22,RxBN,TU7 TU19 TA4 TT9 TM6,3,W5,,CW9 CW11 CW36,CE2,225,
3312,,"GAS, REFRIGERATED LIQUID, FLAMMABLE, N.O.S.",2,3F,,2.1+13,274,0,E0,P203,,MP9,T75,TP5,RxBN,TU18 TU38 TE22 TE26 TA4 TT9 TM6,2,W5,,CW9 CW11 CW36,CE2,223,
3313,a,"ORGANIC PIGMENTS, SELF-HEATING",4.2,S2,II,4.2,,0,E2,P002 IBC08,B4,MP14,T3,TP33,SGAV,,2,W1,,,CE10,40,
3313,b,"ORGANIC PIGMENTS, SELF-HEATING",4.2,S2,III,4.2,,0,E1,P002 IBC08 LP02 R001,B3,MP14,T1,TP33,SGAV,,3,W1,,,CE11,40,
3314,,PLASTICS MOULDING COMPOUND,9,M3,III,None,207 633 675,5 kg,E1,P002 IBC08 R001,PP14 B3 B6,MP10,,,,,3,,VC1 VC2 AP2,CW31 CW36,CE11,90,"in dough, sheet or extruded rope form, evolving flammable vapour"
3315,,"CHEMICAL SAMPLE, TOXIC",6.1,T8,I,6.1,250,0,E0,P099,,MP8 MP17,,,,,1,,,CW13 CW28 CW31,,66,
3316,a,CHEMICAL KIT,9,M11,,9,251 340 671,see SP251,see SP340,P901,,,,,,,2,,,,,90,
3316,b,FIRST AID KIT,9,M11,,9,251 340 671,see SP251,see SP340,P901,,,,,,,2,,,,,90,
3316,c,CHEMICAL KIT,9,M11,,9,251 340 671,see SP251,see SP340,P901,,,,,,,1,,,,,90,
3316,d,FIRST AID KIT,9,M11,,9,251 340 671,see SP251,see SP340,P901,,,,,,,1,,,,,90,
3316,e,CHEMICAL KIT,9,M11,,9,251 340 671,see SP251,see SP340,P901,,,,,,,2,,,,,90,
3316,f,FIRST AID KIT,9,M11,,9,251 340 671,see SP251,see SP340,P901,,,,,,,2,,,,,90,
3316,g,CHEMICAL KIT,9,M11,,9,251 340 671,see SP251,see SP340,P901,,,,,,,3,,,,,90,
3316,h,FIRST AID KIT,9,M11,,9,251 340 671,see SP251,see SP340,P901,,,,,,,3,,,,,90,
3317,,"2-AMINO-4,6-DINITROPHENOL, WETTED",4.1,D,I,4.1,,0,E0,P406,PP26,MP2,,,,,1,W1,,,,40,"with not less than 20% water, by mass"
3318,,AMMONIA SOLUTION,2,4TC,,2.3+8+13,23,0,E0,P200,,MP9,T50 (M),,PxBH(M),TU38 TE22 TE25 TA4 TT9 TM6,1,,,CW9 CW10,,268,"relative density less than 0.880 at 15°C in water, with more than 50% ammonia"
3319,,"NITROGLYCERIN MIXTURE, DESENSITIZED, SOLID, N.O.S.",4.1,D,II,4.1,272 274,0,E0,P099 IBC99,,MP2,,,,,2,W1,,,CE10,40,"with more than 2% but not more than 10% nitroglycerin, by mass"
3320,a,SODIUM BOROHYDRIDE AND SODIUM HYDROXIDE SOLUTION,8,C5,II,8,,1 L,E2,P001 IBC02,,MP15,T7,TP2,L4BN,,2,,,,CE6,80,"with not more than 12% sodium borohydride and not more than 40% sodium hydroxide, by mass"
3320,b,SODIUM BOROHYDRIDE AND SODIUM HYDROXIDE SOLUTION,8,C5,III,8,,5 L,E1,P001 IBC03 LP01 R001,,MP19,T4,TP2,L4BN,,3,W12,,,CE8,80,"with not more than 12% sodium borohydride and not more than 40% sodium hydroxide, by mass"
3321,a,"RADIOACTIVE MATERIAL, LOW SPECIFIC ACTIVITY (LSA-II)",7,,,7X,172 317 325 336,0,E0,see 2.2.7 and 4.1.9,see 4.1.9.1.3,,T5,TP4,S2.65AN(+) L2.65CN(+),TU36 TT7 TM7,0,,,CW33,CE15,70,non fissile or fissile-excepted
3321,b,"RADIOACTIVE MATERIAL, LOW SPECIFIC ACTIVITY (LSA-II)",7,,,7X,172 317 325 336,0,E0,see 2.2.7 and 4.1.9,see 4.1.9.1.3,,T5,TP4,S2.65AN(+) L2.65CN(+),TU36 TT7 TM7,0,,,CW33,CE15,70,non fissile or fissile-excepted
3321,c,"RADIOACTIVE MATERIAL, LOW SPECIFIC ACTIVITY (LSA-II)",7,,,7X,172 317 325 336,0,E0,see 2.2.7 and 4.1.9,see 4.1.9.1.3,,T5,TP4,S2.65AN(+) L2.65CN(+),TU36 TT7 TM7,0,,,CW33,CE15,70,non fissile or fissile-excepted
3321,d,"RADIOACTIVE MATERIAL, LOW SPECIFIC ACTIVITY (LSA-II)",7,,,7X,172 317 325 336,0,E0,see 2.2.7 and 4.1.9,see 4.1.9.1.3,,T5,TP4,S2.65AN(+) L2.65CN(+),TU36 TT7 TM7,0,,,CW33,CE15,70,non fissile or fissile-excepted
3321,e,"RADIOACTIVE MATERIAL, LOW SPECIFIC ACTIVITY (LSA-II)",7,,,7X,172 317 325 336,0,E0,see 2.2.7 and 4.1.9,see 4.1.9.1.3,,T5,TP4,S2.65AN(+) L2.65CN(+),TU36 TT7 TM7,0,,,CW33,CE15,70,non fissile or fissile-excepted
3322,a,"RADIOACTIVE MATERIAL, LOW SPECIFIC ACTIVITY (LSA-III)",7,,,7X,172 317 325 336,0,E0,see 2.2.7 and 4.1.9,see 4.1.9.1.3,,T5,TP4,S2.65AN(+) L2.65CN(+),TU36 TT7 TM7,0,,,CW33,CE15,70,non fissile or fissile-excepted
3322,b,"RADIOACTIVE MATERIAL, LOW SPECIFIC ACTIVITY (LSA-III)",7,,,7X,172 317 325 336,0,E0,see 2.2.7 and 4.1.9,see 4.1.9.1.3,,T5,TP4,S2.65AN(+) L2.65CN(+),TU36 TT7 TM7,0,,,CW33,CE15,70,non fissile or fissile-excepted
3322,c,"RADIOACTIVE MATERIAL, LOW SPECIFIC ACTIVITY (LSA-III)",7,,,7X,172 317 325 336,0,E0,see 2.2.7 and 4.1.9,see 4.1.9.1.3,,T5,TP4,S2.65AN(+) L2.65CN(+),TU36 TT7 TM7,0,,,CW33,CE15,70,non fissile or fissile-excepted
3322,d,"RADIOACTIVE MATERIAL, LOW SPECIFIC ACTIVITY (LSA-III)",7,,,7X,172 317 325 336,0,E0,see 2.2.7 and 4.1.9,see 4.1.9.1.3,,T5,TP4,S2.65AN(+) L2.65CN(+),TU36 TT7 TM7,0,,,CW33,CE15,70,non fissile or fissile-excepted
3323,a,"RADIOACTIVE MATERIAL, TYPE C PACKAGE",7,,,7X,172 317 325,0,E0,see 2.2.7 and 4.1.9,see 4.1.9.1.3,,,,,,0,,,CW33,CE15,70,non fissile or fissile-excepted
3323,b,"RADIOACTIVE MATERIAL, TYPE C PACKAGE",7,,,7X,172 317 325,0,E0,see 2.2.7 and 4.1.9,see 4.1.9.1.3,,,,,,0,,,CW33,CE15,70,non fissile or fissile-excepted
3323,c,"RADIOACTIVE MATERIAL, TYPE C PACKAGE",7,,,7X,172 317 325,0,E0,see 2.2.7 and 4.1.9,see 4.1.9.1.3,,,,,,0,,,CW33,CE15,70,non fissile or fissile-excepted
3323,d,"RADIOACTIVE MATERIAL, TYPE C PACKAGE",7,,,7X,172 317 325,0,E0,see 2.2.7 and 4.1.9,see 4.1.9.1.3,,,,,,0,,,CW33,CE15,70,non fissile or fissile-excepted
3324,a,"RADIOACTIVE MATERIAL, LOW SPECIFIC ACTIVITY (LSA-II), FISSILE",7,,,7X+7E,172 326 336,0,E0,see 2.2.7 and 4.1.9,see 4.1.9.1.3,,,,,,0,,,CW33,CE15,70,
3324,b,"RADIOACTIVE MATERIAL, LOW SPECIFIC ACTIVITY (LSA-II), FISSILE",7,,,7X+7E,172 326 336,0,E0,see 2.2.7 and 4.1.9,see 4.1.9.1.3,,,,,,0,,,CW33,CE15,70,
3324,c,"RADIOACTIVE MATERIAL, LOW SPECIFIC ACTIVITY (LSA-II), FISSILE",7,,,7X+7E,172 326 336,0,E0,see 2.2.7 and 4.1.9,see 4.1.9.1.3,,,,,,0,,,CW33,CE15,70,
3324,d,"RADIOACTIVE MATERIAL, LOW SPECIFIC ACTIVITY (LSA-II), FISSILE",7,,,7X+7E,172 326 336,0,E0,see 2.2.7 and 4.1.9,see 4.1.9.1.3,,,,,,0,,,CW33,CE15,70,
3324,e,"RADIOACTIVE MATERIAL, LOW SPECIFIC ACTIVITY (LSA-II), FISSILE",7,,,7X+7E,172 326 336,0,E0,see 2.2.7 and 4.1.9,see 4.1.9.1.3,,,,,,0,,,CW33,CE15,70,
3325,a,"RADIOACTIVE MATERIAL, LOW SPECIFIC ACTIVITY, (LSA-III), FISSILE",7,,,7X+7E,172 326 336,0,E0,see 2.2.7 and 4.1.9,see 4.1.9.1.3,,,,,,0,,,CW33,CE15,70,
3325,b,"RADIOACTIVE MATERIAL, LOW SPECIFIC ACTIVITY, (LSA-III), FISSILE",7,,,7X+7E,172 326 336,0,E0,see 2.2.7 and 4.1.9,see 4.1.9.1.3,,,,,,0,,,CW33,CE15,70,
3325,c,"RADIOACTIVE MATERIAL, LOW SPECIFIC ACTIVITY, (LSA-III), FISSILE",7,,,7X+7E,172 326 336,0,E0,see 2.2.7 and 4.1.9,see 4.1.9.1.3,,,,,,0,,,CW33,CE15,70,
3325,d,"RADIOACTIVE MATERIAL, LOW SPECIFIC ACTIVITY, (LSA-III), FISSILE",7,,,7X+7E,172 326 336,0,E0,see 2.2.7 and 4.1.9,see 4.1.9.1.3,,,,,,0,,,CW33,CE15,70,
3326,a,"RADIOACTIVE MATERIAL, SURFACE CONTAMINATED OBJECTS (SCO-I), FISSILE",7,,,7X+7E,172 326,0,E0,see 2.2.7 and 4.1.9,see 4.1.9.1.3,,,,,,0,,,CW33,CE15,70,
3326,b,"RADIOACTIVE MATERIAL, SURFACE CONTAMINATED OBJECTS (SCO-II), FISSILE",7,,,7X+7E,172 326,0,E0,see 2.2.7 and 4.1.9,see 4.1.9.1.3,,,,,,0,,,CW33,CE15,70,
3327,a,"RADIOACTIVE MATERIAL, TYPE A PACKAGE, FISSILE",7,,,7X+7E,172 326,0,E0,see 2.2.7 and 4.1.9,see 4.1.9.1.3,,,,,,0,,,CW33,CE15,70,non-special form
3327,b,"RADIOACTIVE MATERIAL, TYPE A PACKAGE, FISSILE",7,,,7X+7E,172 326,0,E0,see 2.2.7 and 4.1.9,see 4.1.9.1.3,,,,,,0,,,CW33,CE15,70,non-special form
3327,c,"RADIOACTIVE MATERIAL, TYPE A PACKAGE, FISSILE",7,,,7X+7E,172 326,0,E0,see 2.2.7 and 4.1.9,see 4.1.9.1.3,,,,,,0,,,CW33,CE15,70,non-special form
3327,d,"RADIOACTIVE MATERIAL, TYPE A PACKAGE, FISSILE",7,,,7X+7E,172 326,0,E0,see 2.2.7 and 4.1.9,see 4.1.9.1.3,,,,,,0,,,CW33,CE15,70,non-special form
3328,a,"RADIOACTIVE MATERIAL, TYPE B(U) PACKAGE, FISSILE",7,,,7X+7E,172 326 337,0,E0,see 2.2.7 and 4.1.9,see 4.1.9.1.3,,,,,,0,,,CW33,CE15,70,
3328,b,"RADIOACTIVE MATERIAL, TYPE B(U) PACKAGE, FISSILE",7,,,7X+7E,172 326 337,0,E0,see 2.2.7 and 4.1.9,see 4.1.9.1.3,,,,,,0,,,CW33,CE15,70,
3328,c,"RADIOACTIVE MATERIAL, TYPE B(U) PACKAGE, FISSILE",7,,,7X+7E,172 326 337,0,E0,see 2.2.7 and 4.1.9,see 4.1.9.1.3,,,,,,0,,,CW33,CE15,70,
3328,d,"RADIOACTIVE MATERIAL, TYPE B(U) PACKAGE, FISSILE",7,,,7X+7E,172 326 337,0,E0,see 2.2.7 and 4.1.9,see 4.1.9.1.3,,,,,,0,,,CW33,CE15,70,
3329,a,"RADIOACTIVE MATERIAL, TYPE B(M) PACKAGE, FISSILE",7,,,7X+7E,172 326 337,0,E0,see 2.2.7 and 4.1.9,see 4.1.9.1.3,,,,,,0,,,CW33,CE15,70,
3329,b,"RADIOACTIVE MATERIAL, TYPE B(M) PACKAGE, FISSILE",7,,,7X+7E,172 326 337,0,E0,see 2.2.7 and 4.1.9,see 4.1.9.1.3,,,,,,0,,,CW33,CE15,70,
3329,c,"RADIOACTIVE MATERIAL, TYPE B(M) PACKAGE, FISSILE",7,,,7X+7E,172 326 337,0,E0,see 2.2.7 and 4.1.9,see 4.1.9.1.3,,,,,,0,,,CW33,CE15,70,
3329,d,"RADIOACTIVE MATERIAL, TYPE B(M) PACKAGE, FISSILE",7,,,7X+7E,172 326 337,0,E0,see 2.2.7 and 4.1.9,see 4.1.9.1.3,,,,,,0,,,CW33,CE15,70,
3330,a,"RADIOACTIVE MATERIAL, TYPE C PACKAGE, FISSILE",7,,,7X+7E,172 326,0,E0,see 2.2.7 and 4.1.9,see 4.1.9.1.3,,,,,,0,,,CW33,CE15,70,
3330,b,"RADIOACTIVE MATERIAL, TYPE C PACKAGE, FISSILE",7,,,7X+7E,172 326,0,E0,see 2.2.7 and 4.1.9,see 4.1.9.1.3,,,,,,0,,,CW33,CE15,70,
3330,c,"RADIOACTIVE MATERIAL, TYPE C PACKAGE, FISSILE",7,,,7X+7E,172 326,0,E0,see 2.2.7 and 4.1.9,see 4.1.9.1.3,,,,,,0,,,CW33,CE15,70,
3330,d,"RADIOACTIVE MATERIAL, TYPE C PACKAGE, FISSILE",7,,,7X+7E,172 326,0,E0,see 2.2.7 and 4.1.9,see 4.1.9.1.3,,,,,,0,,,CW33,CE15,70,
3331,,"RADIOACTIVE MATERIAL, TRANSPORTED UNDER SPECIAL ARRANGEMENT, FISSILE",7,,,7X+7E,172 326,0,E0,see 2.2.7 and 4.1.9,see 4.1.9.1.3,,,,,,0,,,CW33,CE15,70,
3332,,"RADIOACTIVE MATERIAL, TYPE A PACKAGE, SPECIAL FORM",7,,,7X,172 317,0,E0,see 2.2.7 and 4.1.9,see 4.1.9.1.3,,,,,,0,,,CW33,CE15,70,non fissile or fissile-excepted
3333,,"RADIOACTIVE MATERIAL, TYPE A PACKAGE, SPECIAL FORM, FISSILE",7,,,7X+7E,172,0,E0,see 2.2.7 and 4.1.9,see 4.1.9.1.3,,,,,,0,,,CW33,CE15,70,
3334,,"AVIATION REGULATED LIQUID, N.O.S.",9,M11,,,,,,,,,,,NOT SUBJECT TO RID,,,,,,,,
3335,,"AVIATION REGULATED SOLID, N.O.S.",9,M11,,,,,,,,,,,NOT SUBJECT TO RID,,,,,,,,
3336,a,"MERCAPTANS, LIQUID, FLAMMABLE, N.O.S.",3,F1,I,3,274,0,E0,P001,,MP7 MP17,T11,TP2,L4BN,,1,,,,,33,
3336,b,"MERCAPTAN MIXTURE, LIQUID, FLAMMABLE, N.O.S.",3,F1,I,3,274,0,E0,P001,,MP7 MP17,T11,TP2,L4BN,,1,,,,,33,
3336,c,"MERCAPTANS, LIQUID, FLAMMABLE, N.O.S.",3,F1,II,3,274 640C/D,1 L,E2,P001 IBC02* R001*,,MP19,T7,TP1 TP8 TP28,L1.5BN/LGBF,,2,,,,CE7,33,
3336,d,"MERCAPTAN MIXTURE, LIQUID, FLAMMABLE, N.O.S.",3,F1,II,3,274 640C/D,1 L,E2,P001 IBC02* R001*,,MP19,T7,TP1 TP8 TP28,L1.5BN/LGBF,,2,,,,CE7,33,
3336,e,"MERCAPTANS, LIQUID, FLAMMABLE, N.O.S.",3,F1,III,3,274,5 L,E1,P001 IBC03 LP01 R001,,MP19,T4,TP1 TP29,LGBF,,3,W12,,,CE4,30,
3336,f,"MERCAPTAN MIXTURE, LIQUID, FLAMMABLE, N.O.S.",3,F1,III,3,274,5 L,E1,P001 IBC03 LP01 R001,,MP19,T4,TP1 TP29,LGBF,,3,W12,,,CE4,30,
3337,,REFRIGERANT GAS R 404A,2,2A,,2.2+13,662,120 mL,E1,P200,,MP9,T50 (M),,PxBN(M),TA4 TT9 TM6,3,,,CW9 CW10 CW36,CE3,20,"(Pentafluoroethane, 1,1,1-trifluoroethane, and 1,1,1,2-tetrafluoroethane zeotropic mixture with approximately 44% pentafluoroethane and 52% 1,1,1-trifluoroethane)"
3338,,REFRIGERANT GAS R 407A,2,2A,,2.2+13,662,120 mL,E1,P200,,MP9,T50 (M),,PxBN(M),TA4 TT9 TM6,3,,,CW9 CW10 CW36,CE3,20,"(Difluoromethane, pentafluoroethane, and 1,1,1,2-tetrafluoroethane zeotropic mixture with approximately 20% difluoromethane and 40% pentafluoroethane)"
3339,,REFRIGERANT GAS R 407B,2,2A,,2.2+13,662,120 mL,E1,P200,,MP9,T50 (M),,PxBN(M),TA4 TT9 TM6,3,,,CW9 CW10 CW36,CE3,20,"(Difluoromethane, pentafluoroethane, and 1,1,1,2-tetrafluoroethane zeotropic mixture with approximately 10% difluoromethane and 70% pentafluoroethane)"
3340,,REFRIGERANT GAS R 407C,2,2A,,2.2+13,662,120 mL,E1,P200,,MP9,T50 (M),,PxBN(M),TA4 TT9 TM6,3,,,CW9 CW10 CW36,CE3,20,"(Difluoromethane, pentafluoroethane, and 1,1,1,2-tetrafluoroethane zeotropic mixture with approximately 23% difluoromethane and 25% pentafluoroethane)"
3341,a,THIOUREA DIOXIDE,4.2,S2,II,4.2,,0,E2,P002 IBC06,,MP14,T3,TP33,SGAV,,2,W1,,,CE10,40,
3341,b,THIOUREA DIOXIDE,4.2,S2,III,4.2,,0,E1,P002 IBC08 LP02 R001,B3,MP14,T1,TP33,SGAV,,3,W1,,,CE11,40,
3342,a,XANTHATES,4.2,S2,II,4.2,,0,E2,P002 IBC06,,MP14,T3,TP33,SGAV,,2,W1,,,CE10,40,
3342,b,XANTHATES,4.2,S2,III,4.2,,0,E1,P002 IBC08 LP02 R001,B3,MP14,T1,TP33,SGAV,,3,W1,,,CE11,40,
3343,,"NITROGLYCERIN MIXTURE, DESENSITIZED, LIQUID, FLAMMABLE, N.O.S.",3,D,,3,274 278,0,E0,P099,,MP2,,,,,0,,,,,30/33,"with not more than 30% nitroglycerin, by mass"
3344,a,"PENTAERYTHRITE TETRANITRATE MIXTURE, DESENSITIZED, SOLID, N.O.S.",4.1,D,II,4.1,272 274,0,E0,P099,,MP2,,,,,2,W1,,,CE10,40,"with more than 10% but not more than 20% PETN, by mass"
3344,b,"PENTAERYTHRITOL TETRANITRATE MIXTURE, DESENSITIZED, SOLID, N.O.S.",4.1,D,II,4.1,272 274,0,E0,P099,,MP2,,,,,2,W1,,,CE10,40,"with more than 10% but not more than 20% PETN, by mass"
3344,c,"PETN MIXTURE, DESENSITIZED, SOLID, N.O.S.",4.1,D,II,4.1,272 274,0,E0,P099,,MP2,,,,,2,W1,,,CE10,40,"with more than 10% but not more than 20% PETN, by mass"
3345,a,"PHENOXYACETIC ACID DERIVATIVE PESTICIDE, SOLID, TOXIC",6.1,T7,I,6.1,61 274 648,0,E5,P002 IBC07,,MP18,T6,TP33,S10AH L10CH,TU14 TU15 TU38 TE21 TE22,1,W10,,CW13 CW28 CW31,CE12,66,
3345,b,"PHENOXYACETIC ACID DERIVATIVE PESTICIDE, SOLID, TOXIC",6.1,T7,II,6.1,61 274 648,500 g,E4,P002 IBC08,B4,MP10,T3,TP33,SGAH L4BH,TU15,2,W11,,CW13 CW28 CW31,CE9 CE12,60,
3345,c,"PHENOXYACETIC ACID DERIVATIVE PESTICIDE, SOLID, TOXIC",6.1,T7,III,6.1,61 274 648,5 kg,E1,P002 IBC08 LP02 R001,B3,MP10,T1,TP33,SGAH L4BH,TU15,2,,VC1 VC2 AP7,CW13 CW28 CW31,CE11 CE12,60,
3346,a,"PHENOXYACETIC ACID DERIVATIVE PESTICIDE, LIQUID, FLAMMABLE, TOXIC",3,FT2,I,3+6.1,61 274,0,E0,P001,,MP7 MP17,T14,TP2 TP27,L10CH,TU14 TU15 TU38 TE21 TE22,1,,,CW13 CW28,,336,flashpoint less than 23°C
3346,b,"PHENOXYACETIC ACID DERIVATIVE PESTICIDE, LIQUID, FLAMMABLE, TOXIC",3,FT2,II,3+6.1,61 274,1 L,E2,P001 IBC02 R001,,MP19,T11,TP2 TP27,L4BH,TU15,2,,,CW13 CW28,CE7,336,flashpoint less than 23°C
3347,a,"PHENOXYACETIC ACID DERIVATIVE PESTICIDE, LIQUID, TOXIC, FLAMMABLE",6.1,TF2,I,6.1+3,61 274,0,E5,P001,,MP8 MP17,T14,TP2 TP27,L10CH,TU14 TU15 TU38 TE21 TE22,1,,,CW13 CW28 CW31,CE12,663,flashpoint not less than 23°C
3347,b,"PHENOXYACETIC ACID DERIVATIVE PESTICIDE, LIQUID, TOXIC, FLAMMABLE",6.1,TF2,II,6.1+3,61 274,100 mL,E4,P001 IBC02,,MP15,T11,TP2 TP27,L4BH,TU15,2,,,CW13 CW28 CW31,CE5 CE12,63,flashpoint not less than 23°C
3347,c,"PHENOXYACETIC ACID DERIVATIVE PESTICIDE, LIQUID, TOXIC, FLAMMABLE",6.1,TF2,III,6.1+3,61 274,5 L,E1,P001 IBC03 R001,,MP19,T7,TP2 TP28,L4BH,TU15,2,W12,,CW13 CW28 CW31,CE8 CE12,63,flashpoint not less than 23°C
3348,a,"PHENOXYACETIC ACID DERIVATIVE PESTICIDE, LIQUID, TOXIC",6.1,T6,I,6.1,61 274 648,0,E5,P001,,MP8 MP17,T14,TP2 TP27,L10CH,TU14 TU15 TU38 TE21 TE22,1,,,CW13 CW28 CW31,CE12,66,
3348,b,"PHENOXYACETIC ACID DERIVATIVE PESTICIDE, LIQUID, TOXIC",6.1,T6,II,6.1,61 274 648,100 mL,E4,P001 IBC02,,MP15,T11,TP2 TP27,L4BH,TU15,2,,,CW13 CW28 CW31,CE5 CE12,60,
3348,c,"PHENOXYACETIC ACID DERIVATIVE PESTICIDE, LIQUID, TOXIC",6.1,T6,III,6.1,61 274 648,5 L,E1,P001 IBC03 LP01 R001,,MP19,T7,TP2 TP28,L4BH,TU15,2,W12,,CW13 CW28 CW31,CE8 CE12,60,
3349,a,"PYRETHROID PESTICIDE, SOLID, TOXIC",6.1,T7,I,6.1,61 274 648,0,E5,P002 IBC07,,MP18,T6,TP33,S10AH L10CH,TU14 TU15 TU38 TE21 TE22,1,W10,,CW13 CW28 CW31,CE12,66,
3349,b,"PYRETHROID PESTICIDE, SOLID, TOXIC",6.1,T7,II,6.1,61 274 648,500 g,E4,P002 IBC08,B4,MP10,T3,TP33,SGAH L4BH,TU15,2,W11,,CW13 CW28 CW31,CE9 CE12,60,
3349,c,"PYRETHROID PESTICIDE, SOLID, TOXIC",6.1,T7,III,6.1,61 274 648,5 kg,E1,P002 IBC08 LP02 R001,B3,MP10,T1,TP33,SGAH L4BH,TU15,2,,VC1 VC2 AP7,CW13 CW28 CW31,CE11 CE12,60,
3350,a,"PYRETHROID PESTICIDE, LIQUID, FLAMMABLE, TOXIC",3,FT2,I,3+6.1,61 274,0,E0,P001,,MP7 MP17,T14,TP2 TP27,L10CH,TU14 TU15 TU38 TE21 TE22,1,,,CW13 CW28,,336,flashpoint less than 23°C
3350,b,"PYRETHROID PESTICIDE, LIQUID, FLAMMABLE, TOXIC",3,FT2,II,3+6.1,61 274,1 L,E2,P001 IBC02 R001,,MP19,T11,TP2 TP27,L4BH,TU15,2,,,CW13 CW28,CE7,336,flashpoint less than 23°C
3351,a,"PYRETHROID PESTICIDE, LIQUID, TOXIC, FLAMMABLE",6.1,TF2,I,6.1+3,61 274,0,E5,P001,,MP8 MP17,T14,TP2 TP27,L10CH,TU14 TU15 TU38 TE21 TE22,1,,,CW13 CW28 CW31,CE12,663,flashpoint not less than 23°C
3351,b,"PYRETHROID PESTICIDE, LIQUID, TOXIC, FLAMMABLE",6.1,TF2,II,6.1+3,61 274,100 mL,E4,P001 IBC02,,MP15,T11,TP2 TP27,L4BH,TU15,2,,,CW13 CW28 CW31,CE5 CE12,63,flashpoint not less than 23°C
3351,c,"PYRETHROID PESTICIDE, LIQUID, TOXIC, FLAMMABLE",6.1,TF2,III,6.1+3,61 274,5 L,E1,P001 IBC03 R001,,MP19,T7,TP2 TP28,L4BH,TU15,2,W12,,CW13 CW28 CW31,CE8 CE12,63,flashpoint not less than 23°C
3352,a,"PYRETHROID PESTICIDE, LIQUID, TOXIC",6.1,T6,I,6.1,61 274 648,0,E5,P001,,MP8 MP17,T14,TP2 TP27,L10CH,TU14 TU15 TU38 TE21 TE22,1,,,CW13 CW28 CW31,CE12,66,
3352,b,"PYRETHROID PESTICIDE, LIQUID, TOXIC",6.1,T6,II,6.1,61 274 648,100 mL,E4,P001 IBC02,,MP15,T11,TP2 TP27,L4BH,TU15,2,,,CW13 CW28 CW31,CE5 CE12,60,
3352,c,"PYRETHROID PESTICIDE, LIQUID, TOXIC",6.1,T6,III,6.1,61 274 648,5 L,E1,P001 IBC03 LP01 R001,,MP19,T7,TP2 TP28,L4BH,TU15,2,W12,,CW13 CW28 CW31,CE8 CE12,60,
3354,,"INSECTICIDE GAS, FLAMMABLE, N.O.S.",2,2F,,2.1+13,274 662,0,E0,P200,,MP9,(M),,PxBN(M),TU38 TE22 TA4 TT9 TM6,2,,,CW9 CW10 CW36,CE3,23,
3355,,"INSECTICIDE GAS, TOXIC, FLAMMABLE, N.O.S.",2,2TF,,2.3+2.1+13,274,0,E0,P200,,MP9,(M),,PxBH(M),TU6 TU38 TE22 TE25 TA4 TT9 TM6,1,,,CW9 CW10 CW36,,263,
3356,,"OXYGEN GENERATOR, CHEMICAL",5.1,O3,,5.1,284,0,E0,P500,,MP2,,,,,2,,,CW24,,50,
3357,,"NITROGLYCERIN MIXTURE, DESENSITIZED, LIQUID, N.O.S.",3,D,II,3,274 288,0,E0,P099,,MP2,,,,,2,,,,CE7,33,"with not more than 30% nitroglycerin, by mass"
3358,,REFRIGERATING MACHINES,2,6F,,2.1,291,0,E0,P003,PP32,MP9,,,,,2,,,CW9,CE2,23,"containing flammable, non-toxic, liquefied gas"
3359,,FUMIGATED CARGO TRANSPORT UNIT,9,M11,,,302,,,,,,,,,,,,,,,,
3360,,"FIBRES, VEGETABLE, DRY",4.1,F1,,,,,,,,,,,NOT SUBJECT TO RID,,,,,,,,
3361,,"CHLOROSILANES, TOXIC, CORROSIVE, N.O.S.",6.1,TC1,II,6.1+8,274,0,E0,P010,,MP15,T14,TP2 TP7 TP27,L4BH,TU15,2,,,CW13 CW28 CW31,CE5,68,
3362,,"CHLOROSILANES, TOXIC, CORROSIVE, FLAMMABLE, N.O.S.",6.1,TFC,II,6.1+3+8,274,0,E0,P010,,MP15,T14,TP2 TP7 TP27,L4BH,TU15,2,,,CW13 CW28 CW31,CE5,638,
3363,a,DANGEROUS GOODS IN ARTICLES,9,M11,,9,301 672,0,E0,P907,,,,,,,,,,,,,
3363,b,DANGEROUS GOODS IN MACHINERY,9,M11,,9,301 672,0,E0,P907,,,,,,,,,,,,,
3363,c,DANGEROUS GOODS IN APPARATUS,9,M11,,9,301 672,0,E0,P907,,,,,,,,,,,,,
3364,a,"TRINITROPHENOL, WETTED",4.1,D,I,4.1,,0,E0,P406,PP24,MP2,,,,,1,W1,,,,40,"with not less than 10% water, by mass"
3364,b,"PICRIC ACID, WETTED",4.1,D,I,4.1,,0,E0,P406,PP24,MP2,,,,,1,W1,,,,40,"with not less than 10% water, by mass"
3365,a,"TRINITROCHLOROBENZENE, WETTED",4.1,D,I,4.1,,0,E0,P406,PP24,MP2,,,,,1,W1,,,,40,"with not less than 10% water, by mass"
3365,b,"PICRYL CHLORIDE, WETTED",4.1,D,I,4.1,,0,E0,P406,PP24,MP2,,,,,1,W1,,,,40,"with not less than 10% water, by mass"
3366,a,"TRINITROTOLUENE, WETTED",4.1,D,I,4.1,,0,E0,P406,PP24,MP2,,,,,1,W1,,,,40,"with not less than 10% water, by mass"
3366,b,"TNT, WETTED",4.1,D,I,4.1,,0,E0,P406,PP24,MP2,,,,,1,W1,,,,40,"with not less than 10% water, by mass"
3367,,"TRINITROBENZENE, WETTED",4.1,D,I,4.1,,0,E0,P406,PP24,MP2,,,,,1,W1,,,,40,"with not less than 10% water, by mass"
3368,,"TRINITROBENZOIC ACID, WETTED",4.1,D,I,4.1,,0,E0,P406,PP24,MP2,,,,,1,W1,,,,40,"with not less than 10% water, by mass"
3369,,"SODIUM DINITRO-o-CRESOLATE, WETTED",4.1,DT,I,4.1+6.1,,0,E0,P406,PP24,MP2,,,,,1,W1,,CW13 CW28,,46,"with not less than 10% water, by mass"
3370,,"UREA NITRATE, WETTED",4.1,D,I,4.1,,0,E0,P406,PP78,MP2,,,,,1,W1,,,,40,"with not less than 10% water, by mass"
3371,,2-METHYLBUTANAL,3,F1,II,3,,1 L,E2,P001 IBC02 R001,,MP19,T4,TP1,LGBF,,2,,,,CE7,33,
3373,a,"BIOLOGICAL SUBSTANCE, CATEGORY B",6.2,I4,,6.2,319,0,E0,P650,,,T1,TP1,L4BH,TU15 TU37,,,,,CE14,606,
3373,b,"BIOLOGICAL SUBSTANCE, CATEGORY B",6.2,I4,,6.2,319,0,E0,P650,,,T1 BK1 BK2,TP1,L4BH,TU15 TU37,,,,,CE14,606,(animal material only)
3374,,"ACETYLENE, SOLVENT FREE",2,2F,,2.1,662,0,E0,P200,,MP9,,,,,2,,,CW9 CW10 CW36,CE3,239,
3375,a,AMMONIUM NITRATE EMULSION,5.1,O2 or O1,II,5.1,309,0,E2,P505 IBC02,B16,MP2,T1,TP1 TP9 TP17 TP32,SGAV(+) or LGAV(+),TU3 TU12 TU39 TE10 TE23 TA1 TA3,2,,,CW24,,50,"intermediate for blasting explosives, solid or liquid"
3375,b,AMMONIUM NITRATE SUSPENSION,5.1,O2 or O1,II,5.1,309,0,E2,P505 IBC02,B16,MP2,T1,TP1 TP9 TP17 TP32,SGAV(+) or LGAV(+),TU3 TU12 TU39 TE10 TE23 TA1 TA3,2,,,CW24,,50,"intermediate for blasting explosives, solid or liquid"
3375,c,AMMONIUM NITRATE GEL,5.1,O2 or O1,II,5.1,309,0,E2,P505 IBC02,B16,MP2,T1,TP1 TP9 TP17 TP32,SGAV(+) or LGAV(+),TU3 TU12 TU39 TE10 TE23 TA1 TA3,2,,,CW24,,50,"intermediate for blasting explosives, solid or liquid"
3376,,4-NITROPHENYLHYDRAZINE,4.1,D,I,4.1,,0,E0,P406,PP26,MP2,,,,,1,W1,,,CE10,40,"with not less than 30% water, by mass"
3377,,SODIUM PERBORATE MONOHYDRATE,5.1,O2,III,5.1,,5 kg,E1,P002 IBC08 LP02 R001,B3,MP10,T1 BK1 BK2 BK3,TP33,SGAV,TU3,3,,VC1 VC2 AP6 AP7,CW24,CE11,50,
3378,a,SODIUM CARBONATE PEROXYHYDRATE,5.1,O2,II,5.1,,1 kg,E2,P002 IBC08,B4,MP10,T3 BK1 BK2,TP33,SGAV,TU3,2,W11,VC1 VC2 AP6 AP7,CW24,CE10,50,
3378,b,SODIUM CARBONATE PEROXYHYDRATE,5.1,O2,III,5.1,,5 kg,E1,P002 IBC08 LP02 R001,B3,MP10,T1 BK1 BK2 BK3,TP33,SGAV,TU3,3,,VC1 VC2 AP6 AP7,CW24,CE11,50,
3379,,"DESENSITIZED EXPLOSIVE, LIQUID, N.O.S.",3,D,I,3,274 311,0,E0,P099,,MP2,,,,,1,,,,,33,
3380,,"DESENSITIZED EXPLOSIVE, SOLID, N.O.S.",4.1,D,I,4.1,274 311 394,0,E0,P099,,MP2,,,,,1,W1,,,,40,
3381,,"TOXIC BY INHALATION LIQUID, N.O.S.",6.1,T1 or T4,I,6.1,274,0,E0,P601,,MP8 MP17,T22,TP2,L15CH,TU14 TU15 TU38 TE21 TE22 TE25,1,,,CW13 CW28 CW31,,66,with an LC50 lower than or equal to 200 mL/m³ and saturated vapour concentration greater than or equal to 500 LC50
3382,,"TOXIC BY INHALATION LIQUID, N.O.S.",6.1,T1 or T4,I,6.1,274,0,E0,P602,,MP8 MP17,T20,TP2,L10CH,TU14 TU15 TU38 TE21 TE22,1,,,CW13 CW28 CW31,,66,with an LC50 lower than or equal to 1000 mL/m³ and saturated vapour concentration greater than or equal to 10 LC50
3383,,"TOXIC BY INHALATION LIQUID, FLAMMABLE, N.O.S.",6.1,TF1,I,6.1+3,274,0,E0,P601,,MP8 MP17,T22,TP2,L15CH,TU14 TU15 TU38 TE21 TE22 TE25,1,,,CW13 CW28 CW31,,663,with an LC50 lower than or equal to 200 mL/m³ and saturated vapour concentration greater than or equal to 500 LC50
3384,,"TOXIC BY INHALATION LIQUID, FLAMMABLE, N.O.S.",6.1,TF1,I,6.1+3,274,0,E0,P602,,MP8 MP17,T20,TP2,L10CH,TU14 TU15 TU38 TE21 TE22,1,,,CW13 CW28 CW31,,663,with an LC50 lower than or equal to 1000 mL/m³ and saturated vapour concentration greater than or equal to 10 LC50
3385,,"TOXIC BY INHALATION LIQUID, WATER-REACTIVE, N.O.S.",6.1,TW1,I,6.1+4.3,274,0,E0,P601,,MP8 MP17,T22,TP2,L15CH,TU14 TU15 TU38 TE21 TE22 TE25,1,,,CW13 CW28 CW31,,623,with an LC50 lower than or equal to 200 mL/m³ and saturated vapour concentration greater than or equal to 500 LC50
3386,,"TOXIC BY INHALATION LIQUID, WATER-REACTIVE, N.O.S.",6.1,TW1,I,6.1+4.3,274,0,E0,P602,,MP8 MP17,T20,TP2,L10CH,TU14 TU15 TU38 TE21 TE22,1,,,CW13 CW28 CW31,,623,with an LC50 lower than or equal to 1000 mL/m³ and saturated vapour concentration greater than or equal to 10 LC50
3387,,"TOXIC BY INHALATION LIQUID, OXIDIZING, N.O.S.",6.1,TO1,I,6.1+5.1,274,0,E0,P601,,MP8 MP17,T22,TP2,L15CH,TU14 TU15 TU38 TE21 TE22 TE25,1,,,CW13 CW28 CW31,,665,with an LC50 lower than or equal to 200 mL/m³ and saturated vapour concentration greater than or equal to 500 LC50
3388,,"TOXIC BY INHALATION LIQUID, OXIDIZING, N.O.S.",6.1,TO1,I,6.1+5.1,274,0,E0,P602,,MP8 MP17,T20,TP2,L10CH,TU14 TU15 TU38 TE21 TE22,1,,,CW13 CW28 CW31,,665,with an LC50 lower than or equal to 1000 mL/m³ and saturated vapour concentration greater than or equal to 10 LC50
3389,,"TOXIC BY INHALATION LIQUID, CORROSIVE, N.O.S.",6.1,TC1 or TC3,I,6.1+8,274,0,E0,P601,,MP8 MP17,T22,TP2,L15CH,TU14 TU15 TU38 TE21 TE22 TE25,1,,,CW13 CW28 CW31,,668,with an LC50 lower than or equal to 200 mL/m³ and saturated vapour concentration greater than or equal to 500 LC50
3390,,"TOXIC BY INHALATION LIQUID, CORROSIVE, N.O.S.",6.1,TC1 or TC3,I,6.1+8,274,0,E0,P602,,MP8 MP17,T20,TP2,L10CH,TU14 TU15 TU38 TE21 TE22,1,,,CW13 CW28 CW31,,668,with an LC50 lower than or equal to 1000 mL/m³ and saturated vapour concentration greater than or equal to 10 LC50
3391,,"ORGANOMETALLIC SUBSTANCE, SOLID, PYROPHORIC",4.2,S5,I,4.2,274,0,E0,P404,PP86,MP2,T21,TP7 TP33 TP36,L21DH,TU4 TU14 TU22 TU38 TC1 TE21 TE22 TE25 TM1,0,W1,,,,43,
3392,,"ORGANOMETALLIC SUBSTANCE, LIQUID, PYROPHORIC",4.2,S5,I,4.2,274,0,E0,P400,PP86,MP2,T21,TP2 TP7 TP36,L21DH,TU4 TU14 TU22 TU38 TC1 TE21 TE22 TE25 TM1,0,W1,,,,333,
3393,,"ORGANOMETALLIC SUBSTANCE, SOLID, PYROPHORIC, WATER-REACTIVE",4.2,SW,I,4.2+4.3,274,0,E0,P404,PP86,MP2,T21,TP7 TP33 TP36 TP41,L21DH,TU4 TU14 TU22 TU38 TC1 TE21 TE22 TE25 TM1,0,W1,,,,X432,
3394,,"ORGANOMETALLIC SUBSTANCE, LIQUID, PYROPHORIC, WATER-REACTIVE",4.2,SW,I,4.2+4.3,274,0,E0,P400,PP86,MP2,T21,TP2 TP7 TP36 TP41,L21DH,TU4 TU14 TU22 TU38 TC1 TE21 TE22 TE25 TM1,0,W1,,,,X333,
3395,a,"ORGANOMETALLIC SUBSTANCE, SOLID, WATER-REACTIVE",4.3,W2,I,4.3,274,0,E0,P403,,MP2,T9,TP7 TP33 TP36 TP41,S10AN L10DH,TU4 TU14 TU22 TU38 TE21 TE22 TM2,1,W1,,CW23,,X423,
3395,b,"ORGANOMETALLIC SUBSTANCE, SOLID, WATER-REACTIVE",4.3,W2,II,4.3,274,500 g,E2,P410 IBC04,,MP14,T3,TP33 TP36 TP41,SGAN L4DH,TU14 TE21 TM2,2,W1,,CW23,CE10,423,
3395,c,"ORGANOMETALLIC SUBSTANCE, SOLID, WATER-REACTIVE",4.3,W2,III,4.3,274,1 kg,E1,P410 IBC06,,MP14,T1,TP33 TP36 TP41,SGAN L4DH,TU14 TE21 TM2,3,W1,,CW23,CE11,423,
3396,a,"ORGANOMETALLIC SUBSTANCE, SOLID, WATER-REACTIVE, FLAMMABLE",4.3,WF2,I,4.3+4.1,274,0,E0,P403,,MP2,T9,TP7 TP33 TP36 TP41,S10AN L10DH,TU4 TU14 TU22 TU38 TE21 TE22 TM2,0,W1,,CW23,,X423,
3396,b,"ORGANOMETALLIC SUBSTANCE, SOLID, WATER-REACTIVE, FLAMMABLE",4.3,WF2,II,4.3+4.1,274,500 g,E2,P410 IBC04,,MP14,T3,TP33 TP36 TP41,SGAN L4DH,TU14 TE21 TM2,0,W1,,CW23,CE10,423,
3396,c,"ORGANOMETALLIC SUBSTANCE, SOLID, WATER-REACTIVE, FLAMMABLE",4.3,WF2,III,4.3+4.1,274,1 kg,E1,P410 IBC06,,MP14,T1,TP33 TP36 TP41,SGAN L4DH,TU14 TE21 TM2,0,W1,,CW23,CE11,423,
3397,a,"ORGANOMETALLIC SUBSTANCE, SOLID, WATER-REACTIVE, SELF-HEATING",4.3,WS,I,4.3+4.2,274,0,E0,P403,,MP2,T9,TP7 TP33 TP36 TP41,S10AN L10DH,TU14 TU38 TE21 TE22 TM2,1,W1,,CW23,,X423,
3397,b,"ORGANOMETALLIC SUBSTANCE, SOLID, WATER-REACTIVE, SELF-HEATING",4.3,WS,II,4.3+4.2,274,500 g,E2,P410 IBC04,,MP14,T3,TP33 TP36 TP41,SGAN L4DH,,2,W1,,CW23,CE10,423,
3397,c,"ORGANOMETALLIC SUBSTANCE, SOLID, WATER-REACTIVE, SELF-HEATING",4.3,WS,III,4.3+4.2,274,1 kg,E1,P410 IBC06,,MP14,T1,TP33 TP36 TP41,SGAN L4DH,,3,W1,,CW23,CE11,423,
3398,a,"ORGANOMETALLIC SUBSTANCE, LIQUID, WATER-REACTIVE",4.3,W1,I,4.3,274,0,E0,P402,,MP2,T13,TP2 TP7 TP36 TP41,L10DH,TU4 TU14 TU22 TU38 TE21 TE22 TM2,0,W1,,CW23,,X323,
3398,b,"ORGANOMETALLIC SUBSTANCE, LIQUID, WATER-REACTIVE",4.3,W1,II,4.3,274,500 mL,E2,P001 IBC01,,MP15,T7,TP2 TP7 TP36 TP41,L4DH,TU14 TE21 TM2,0,W1,,CW23,CE7,323,
3398,c,"ORGANOMETALLIC SUBSTANCE, LIQUID, WATER-REACTIVE",4.3,W1,III,4.3,274,1 L,E1,P001 IBC02,,MP15,T7,TP2 TP7 TP36 TP41,L4DH,TU14 TE21 TM2,0,W1,,CW23,CE8,323,
3399,a,"ORGANOMETALLIC SUBSTANCE, LIQUID, WATER-REACTIVE, FLAMMABLE",4.3,WF1,I,4.3+3,274,0,E0,P402,,MP2,T13,TP2 TP7 TP36 TP41,L10DH,TU4 TU14 TU22 TU38 TE21 TE22 TM2,0,W1,,CW23,,X323,
3399,b,"ORGANOMETALLIC SUBSTANCE, LIQUID, WATER-REACTIVE, FLAMMABLE",4.3,WF1,II,4.3+3,274,500 mL,E2,P001 IBC01,,MP15,T7,TP2 TP7 TP36 TP41,L4DH,TU4 TU14 TU22 TE21 TM2,0,W1,,CW23,CE7,323,
3399,c,"ORGANOMETALLIC SUBSTANCE, LIQUID, WATER-REACTIVE, FLAMMABLE",4.3,WF1,III,4.3+3,274,1 L,E1,P001 IBC02 R001,,MP15,T7,TP2 TP7 TP36 TP41,L4DH,TU14 TE21 TM2,0,W1,,CW23,CE8,323,
3400,a,"ORGANOMETALLIC SUBSTANCE, SOLID, SELF-HEATING",4.2,S5,II,4.2,274,500 g,E2,P410 IBC06,,MP14,T3,TP33 TP36,SGAN L4BN,,2,W1,,,CE10,40,
3400,b,"ORGANOMETALLIC SUBSTANCE, SOLID, SELF-HEATING",4.2,S5,III,4.2,274,1 kg,E1,P002 IBC08,,MP14,T1,TP33 TP36,SGAN L4BN,,3,W1,,,CE11,40,
3401,,"ALKALI METAL AMALGAM, SOLID",4.3,W2,I,4.3,182,0,E0,P403,,MP2,T9,TP7 TP33,L10BN(+),TU1 TE5 TT3 TM2,1,W1,,CW23,,X423,
3402,,"ALKALINE EARTH METAL AMALGAM, SOLID",4.3,W2,I,4.3,183 506,0,E0,P403,,MP2,T9,TP7 TP33,L10BN(+),TU1 TE5 TT3 TM2,1,W1,,CW23,,X423,
3403,,"POTASSIUM METAL ALLOYS, SOLID",4.3,W2,I,4.3,,0,E0,P403,,MP2,T9,TP7 TP33,L10BN(+),TU1 TE5 TT3 TM2,1,W1,,CW23,,X423,
3404,,"POTASSIUM SODIUM ALLOYS, SOLID",4.3,W2,I,4.3,,0,E0,P403,,MP2,T9,TP7 TP33,L10BN(+),TU1 TE5 TT3 TM2,1,W1,,CW23,,X423,
3405,a,BARIUM CHLORATE SOLUTION,5.1,OT1,II,5.1+6.1,,1 L,E2,P504 IBC02,,MP2,T4,TP1,L4BN,TU3,2,,,CW24 CW28,CE6,56,
3405,b,BARIUM CHLORATE SOLUTION,5.1,OT1,III,5.1+6.1,,5 L,E1,P001 IBC02,,MP2,T4,TP1,LGBV,TU3,3,,,CW24 CW28,CE8,56,
3406,a,BARIUM PERCHLORATE SOLUTION,5.1,OT1,II,5.1+6.1,,1 L,E2,P504 IBC02,,MP2,T4,TP1,L4BN,TU3,2,,,CW24 CW28,CE6,56,
3406,b,BARIUM PERCHLORATE SOLUTION,5.1,OT1,III,5.1+6.1,,5 L,E1,P001 IBC02,,MP2,T4,TP1,LGBV,TU3,3,,,CW24 CW28,CE8,56,
3407,a,CHLORATE AND MAGNESIUM CHLORIDE MIXTURE SOLUTION,5.1,O1,II,5.1,,1 L,E2,P504 IBC02,,MP2,T4,TP1,L4BN,TU3,2,,,CW24,CE6,50,
3407,b,CHLORATE AND MAGNESIUM CHLORIDE MIXTURE SOLUTION,5.1,O1,III,5.1,,5 L,E1,P504 IBC02,,MP2,T4,TP1,LGBV,TU3,3,,,CW24,CE8,50,
3408,a,LEAD PERCHLORATE SOLUTION,5.1,OT1,II,5.1+6.1,,1 L,E2,P504 IBC02,,MP2,T4,TP1,L4BN,TU3,2,,,CW24 CW28,CE6,56,
3408,b,LEAD PERCHLORATE SOLUTION,5.1,OT1,III,5.1+6.1,,5 L,E1,P001 IBC02,,MP2,T4,TP1,LGBV,TU3,3,,,CW24 CW28,CE8,56,
3409,,"CHLORONITROBENZENES, LIQUID",6.1,T1,II,6.1,279,100 mL,E4,P001 IBC02,,MP15,T7,TP2,L4BH,TU15,2,,,CW13 CW28 CW31,CE5,60,
3410,,4-CHLORO-o-TOLUIDINE HYDROCHLORIDE SOLUTION,6.1,T1,III,6.1,,5 L,E1,P001 IBC03 R001,,MP19,T4,TP1,L4BH,TU15,2,W12,,CW13 CW28 CW31,CE8,60,
3411,a,beta-NAPHTHYLAMINE SOLUTION,6.1,T1,II,6.1,,100 mL,E4,P001 IBC02,,MP15,T7,TP2,L4BH,TU15,2,,,CW13 CW28 CW31,CE5,60,
3411,b,beta-NAPHTHYLAMINE SOLUTION,6.1,T1,III,6.1,,5 L,E1,P001 IBC02,,MP19,T7,TP2,L4BH,TU15,2,,,CW13 CW28 CW31,CE8,60,
3412,a,FORMIC ACID,8,C3,II,8,,1 L,E2,P001 IBC02,,MP15,T7,TP2,L4BN,,2,,,,CE6,80,with not less than 10% but not more than 85% acid by mass
3412,b,FORMIC ACID,8,C3,III,8,,5 L,E1,P001 IBC03 LP01 R001,,MP19,T4,TP1,L4BN,,3,W12,,,CE8,80,with not less than 5% but less than 10% acid by mass
3413,a,POTASSIUM CYANIDE SOLUTION,6.1,T4,I,6.1,,0,E5,P001,,MP8 MP17,T14,TP2,L10CH,TU14 TU15 TU38 TE21 TE22,1,,,CW13 CW28 CW31,,66,
3413,b,POTASSIUM CYANIDE SOLUTION,6.1,T4,II,6.1,,100 mL,E4,P001 IBC02,,MP15,T11,TP2 TP27,L4BH,TU15,2,,,CW13 CW28 CW31,CE5,60,
3413,c,POTASSIUM CYANIDE SOLUTION,6.1,T4,III,6.1,,5 L,E1,P001 IBC03 LP01 R001,,MP19,T7,TP2 TP28,L4BH,TU15,2,W12,,CW13 CW28 CW31,CE8,60,
3414,a,SODIUM CYANIDE SOLUTION,6.1,T4,I,6.1,,0,E5,P001,,MP8 MP17,T14,TP2,L10CH,TU14 TU15 TU38 TE21 TE22,1,,,CW13 CW28 CW31,,66,
3414,b,SODIUM CYANIDE SOLUTION,6.1,T4,II,6.1,,100 mL,E4,P001 IBC02,,MP15,T11,TP2 TP27,L4BH,TU15,2,,,CW13 CW28 CW31,CE5,60,
3414,c,SODIUM CYANIDE SOLUTION,6.1,T4,III,6.1,,5 L,E1,P001 IBC03 LP01 R001,,MP19,T7,TP2 TP28,L4BH,TU15,2,W12,,CW13 CW28 CW31,CE8,60,
3415,,SODIUM FLUORIDE SOLUTION,6.1,T4,III,6.1,,5 L,E1,P001 IBC03 LP01 R001,,MP19,T4,TP1,L4BH,TU15,2,W12,,CW13 CW28 CW31,CE8,60,
3416,,"CHLOROACETOPHENONE, LIQUID",6.1,T1,II,6.1,,0,E0,P001 IBC02,,MP15,T7,TP2,L4BH,TU15,2,,,CW13 CW28 CW31,CE5,60,
3417,,"XYLYL BROMIDE, SOLID",6.1,T2,II,6.1,,0,E4,P002 IBC08,B4,MP10,T3,TP33,SGAH L4BH,TU15,2,W11,,CW13 CW28 CW31,CE9,60,
3418,,"2,4-TOLUYLENEDIAMINE SOLUTION",6.1,T1,III,6.1,,5 L,E1,P001 IBC03 LP01 R001,,MP19,T4,TP1,L4BH,TU15,2,W12,,CW13 CW28 CW31,CE8,60,
3419,,"BORON TRIFLUORIDE ACETIC ACID COMPLEX, SOLID",8,C4,II,8,,1 kg,E2,P002 IBC08,B4,MP10,T3,TP33,SGAN L4BN,,2,W11,,,CE10,80,
3420,,"BORON TRIFLUORIDE PROPIONIC ACID COMPLEX, SOLID",8,C4,II,8,,1 kg,E2,P002 IBC08,B4,MP10,T3,TP33,SGAN L4BN,,2,W11,,,CE10,80,
3421,a,POTASSIUM HYDROGEN DIFLUORIDE SOLUTION,8,CT1,II,8+6.1,,1 L,E2,P001 IBC02,,MP15,T7,TP2,L4DH,TU14 TE17 TE21,2,,,CW13 CW28,CE6,86,
3421,b,POTASSIUM HYDROGEN DIFLUORIDE SOLUTION,8,CT1,III,8+6.1,,5 L,E1,P001 IBC03 R001,,MP19,T4,TP1,L4DH,TU14 TE21,3,W12,,CW13 CW28,CE8,86,
3422,,POTASSIUM FLUORIDE SOLUTION,6.1,T4,III,6.1,,5 L,E1,P001 IBC03 LP01 R001,,MP19,T4,TP1,L4BH,TU15,2,W12,,CW13 CW28 CW31,CE8,60,
3423,,"TETRAMETHYLAMMONIUM HYDROXIDE, SOLID",8,C8,II,8,,1 kg,E2,P002 IBC08,B4,MP10,T3,TP33,SGAN L4BN,,2,W11,,,CE10,80,
3424,a,AMMONIUM DINITRO-o-CRESOLATE SOLUTION,6.1,T1,II,6.1,,100 mL,E4,P001 IBC02,,MP15,T7,TP2,L4BH,TU15,2,,,CW13 CW28 CW31,CE5,60,
3424,b,AMMONIUM DINITRO-o-CRESOLATE SOLUTION,6.1,T1,III,6.1,,5 L,E1,P001 IBC02,,MP19,T7,TP2,L4BH,TU15,2,,,CW13 CW28 CW31,CE8,60,
3425,,"BROMOACETIC ACID, SOLID",8,C4,II,8,,1 kg,E2,P002 IBC08,B4,MP10,T3,TP33,SGAN L4BN,,2,W11,,,CE10,80,
3426,,ACRYLAMIDE SOLUTION,6.1,T1,III,6.1,,5 L,E1,P001 IBC03 LP01 R001,,MP19,T4,TP1,L4BH,TU15,2,W12,,CW13 CW28 CW31,CE8,60,
3427,,"CHLOROBENZYL CHLORIDES, SOLID",6.1,T2,III,6.1,,5 kg,E1,P002 IBC08 LP02 R001,B3,MP10,T1,TP33,SGAH L4BH,TU15,2,,VC1 VC2 AP7,CW13 CW28 CW31,CE11,60,
3428,,"3-CHLORO-4-METHYLPHENYL ISOCYANATE, SOLID",6.1,T2,II,6.1,,500 g,E4,P002 IBC08,B4,MP10,T3,TP33,SGAH L4BH,TU15,2,W11,,CW13 CW28 CW31,CE9,60,
3429,,"CHLOROTOLUIDINES, LIQUID",6.1,T1,III,6.1,,5 L,E1,P001 IBC03 LP01 R001,,MP19,T4,TP1,L4BH,TU15,2,W12,,CW13 CW28 CW31,CE8,60,
3430,,"XYLENOLS, LIQUID",6.1,T1,II,6.1,,100 mL,E4,P001 IBC02,,MP15,T7,TP2,L4BH,TU15,2,,,CW13 CW28 CW31,CE5,60,
3431,,"NITROBENZOTRIFLUORIDES, SOLID",6.1,T2,II,6.1,,500 g,E4,P002 IBC08,B4,MP10,T3,TP33,SGAH L4BH,TU15,2,W11,,CW13 CW28 CW31,CE9,60,
3432,,"POLYCHLORINATED BIPHENYLS, SOLID",9,M2,II,9,305,1 kg,E2,P906 IBC08,B4,MP10,T3,TP33,S4AH L4BH,TU15,0,W11,VC1 VC2 AP9,CW13 CW28 CW31,CE9,90,
3434,,"NITROCRESOLS, LIQUID",6.1,T1,III,6.1,,5 L,E1,P001 IBC03 LP01 R001,,MP19,T4,TP1,L4BH,TU15,2,W12,,CW13 CW28 CW31,CE8,60,
3436,,"HEXAFLUOROACETONE HYDRATE, SOLID",6.1,T2,II,6.1,,500 g,E4,P002 IBC08,B4,MP10,T3,TP33,SGAH L4BH,TU15,2,W11,,CW13 CW28 CW31,CE9,60,
3437,,"CHLOROCRESOLS, SOLID",6.1,T2,II,6.1,,500 g,E4,P002 IBC08,B4,MP10,T3,TP33,SGAH L4BH,TU15,2,W11,,CW13 CW28 CW31,CE9,60,
3438,,"alpha-METHYLBENZYL ALCOHOL, SOLID",6.1,T2,III,6.1,,5 kg,E1,P002 IBC08 LP02 R001,B3,MP10,T1,TP33,SGAH L4BH,TU15,2,,VC1 VC2 AP7,CW13 CW28 CW31,CE11,60,
3439,a,"NITRILES, SOLID, TOXIC, N.O.S.",6.1,T2,I,6.1,274,0,E5,P002 IBC07,,MP18,T6,TP33,S10AH L10CH,TU14 TU15 TU38 TE21 TE22,1,W10,,CW13 CW28 CW31,,66,
3439,b,"NITRILES, SOLID, TOXIC, N.O.S.",6.1,T2,II,6.1,274,500 g,E4,P002 IBC08,B4,MP10,T3,TP33,SGAH L4BH,TU15,2,W11,,CW13 CW28 CW31,CE9,60,
3439,c,"NITRILES, SOLID, TOXIC, N.O.S.",6.1,T2,III,6.1,274,5 kg,E1,P002 IBC08 LP02 R001,B3,MP10,T1,TP33,SGAH L4BH,TU15,2,,VC1 VC2 AP7,CW13 CW28 CW31,CE11,60,
3440,a,"SELENIUM COMPOUND, LIQUID, N.O.S.",6.1,T4,I,6.1,274 563,0,E5,P001,,MP8 MP17,T14,TP2 TP27,L10CH,TU14 TU15 TU38 TE21 TE22,1,,,CW13 CW28 CW31,,66,
3440,b,"SELENIUM COMPOUND, LIQUID, N.O.S.",6.1,T4,II,6.1,274 563,100 mL,E4,P001 IBC02,,MP15,T11,TP2 TP27,L4BH,TU15,2,,,CW13 CW28 CW31,CE5,60,
3440,c,"SELENIUM COMPOUND, LIQUID, N.O.S.",6.1,T4,III,6.1,274 563,5 L,E1,P001 IBC03 R001,,MP19,T7,TP1 TP28,L4BH,TU15,2,W12,,CW13 CW28 CW31,CE8,60,
3441,,"CHLORODINITROBENZENES, SOLID",6.1,T2,II,6.1,279,500 g,E4,P002 IBC08,B4,MP10,T3,TP33,SGAH L4BH,TU15,2,W11,,CW13 CW28 CW31,CE9,60,
3442,,"DICHLOROANILINES, SOLID",6.1,T2,II,6.1,279,500 g,E4,P002 IBC08,B4,MP10,T3,TP33,SGAH L4BH,TU15,2,W11,,CW13 CW28 CW31,CE9,60,
3443,,"DINITROBENZENES, SOLID",6.1,T2,II,6.1,,500 g,E4,P002 IBC08,B4,MP10,T3,TP33,SGAH L4BH,TU15,2,W11,,CW13 CW28 CW31,CE9,60,
3444,,"NICOTINE HYDROCHLORIDE, SOLID",6.1,T2,II,6.1,43,500 g,E4,P002 IBC08,B4,MP10,T3,TP33,SGAH,TU15,2,W11,,CW13 CW28 CW31,CE9,60,
3445,,"NICOTINE SULPHATE, SOLID",6.1,T2,II,6.1,,500 g,E4,P002 IBC08,B4,MP10,T3,TP33,SGAH,TU15,2,W11,,CW13 CW28 CW31,CE9,60,
3446,,"NITROTOLUENES, SOLID",6.1,T2,II,6.1,,500 g,E4,P002 IBC08,B4,MP10,T3,TP33,SGAH L4BH,TU15,2,W11,,CW13 CW28 CW31,CE9,60,
3447,,"NITROXYLENES, SOLID",6.1,T2,II,6.1,,500 g,E4,P002 IBC08,B4,MP10,T3,TP33,SGAH L4BH,TU15,2,W11,,CW13 CW28 CW31,CE9,60,
3448,a,"TEAR GAS SUBSTANCE, SOLID, N.O.S.",6.1,T2,I,6.1,274,0,E0,P002,,MP18,T6,TP33,S10AH L10CH,TU14 TU15 TU38 TE21 TE22,1,,,CW13 CW28 CW31,,66,
3448,b,"TEAR GAS SUBSTANCE, SOLID, N.O.S.",6.1,T2,II,6.1,274,0,E0,P002 IBC08,B4,MP10,T3,TP33,SGAH L4BH,TU15,2,W11,,CW13 CW28 CW31,CE9,60,
3449,,"BROMOBENZYL CYANIDES, SOLID",6.1,T2,I,6.1,138,0,E5,P002,,MP18,T6,TP33,S10AH L10CH,TU15 TU38 TE22,1,,,CW13 CW28 CW31,,66,
3450,,"DIPHENYLCHLOROARSINE, SOLID",6.1,T3,I,6.1,,0,E0,P002 IBC07,,MP18,T6,TP33,S10AH L10CH,TU15 TU38 TE22,1,W10,,CW13 CW28 CW31,,66,
3451,,"TOLUIDINES, SOLID",6.1,T2,II,6.1,279,500 g,E4,P002 IBC08,B4,MP10,T3,TP33,SGAH L4BH,TU15,2,W11,,CW13 CW28 CW31,CE9,60,
3452,,"XYLIDINES, SOLID",6.1,T2,II,6.1,,500 g,E4,P002 IBC08,B4,MP10,T3,TP33,SGAH L4BH,TU15,2,W11,,CW13 CW28 CW31,CE9,60,
3453,,"PHOSPHORIC ACID, SOLID",8,C2,III,8,,5 kg,E1,P002 IBC08 LP02 R001,B3,MP10,T1,TP33,SGAV L4BN,,3,,VC1 VC2 AP7,,CE11,80,
3454,,"DINITROTOLUENES, SOLID",6.1,T2,II,6.1,,500 g,E4,P002 IBC08,B4,MP10,T3,TP33,SGAH L4BH,TU15,2,W11,,CW13 CW28 CW31,CE9,60,
3455,,"CRESOLS, SOLID",6.1,TC2,II,6.1+8,,500 g,E4,P002 IBC08,B4,MP10,T3,TP33,SGAH L4BH,TU15,2,W11,,CW13 CW28 CW31,CE9,68,
3456,,"NITROSYLSULPHURIC ACID, SOLID",8,C2,II,8,,1 kg,E2,P002 IBC08,B4,MP10,T3,TP33,SGAN L4BN,,2,W11,,,CE10,X80,
3457,,"CHLORONITROTOLUENES, SOLID",6.1,T2,III,6.1,,5 kg,E1,P002 IBC08 LP02 R001,B3,MP10,T1,TP33,SGAH L4BH,TU15,2,,VC1 VC2 AP7,CW13 CW28 CW31,CE11,60,
3458,,"NITROANISOLES, SOLID",6.1,T2,III,6.1,279,5 kg,E1,P002 IBC08 LP02 R001,B3,MP10,T1,TP33,SGAH L4BH,TU15,2,,VC1 VC2 AP7,CW13 CW28 CW31,CE11,60,
3459,,"NITROBROMOBENZENES, SOLID",6.1,T2,III,6.1,,5 kg,E1,P002 IBC08 LP02 R001,B3,MP10,T1,TP33,SGAH L4BH,TU15,2,,VC1 VC2 AP7,CW13 CW28 CW31,CE11,60,
3460,,"N-ETHYLBENZYLTOLUIDINES, SOLID",6.1,T2,III,6.1,,5 kg,E1,P002 IBC08 LP02 R001,B3,MP10,T1,TP33,SGAH L4BH,TU15,2,,VC1 VC2 AP7,CW13 CW28 CW31,CE11,60,
3462,a,"TOXINS, EXTRACTED FROM LIVING SOURCES, SOLID, N.O.S.",6.1,T2,I,6.1,210 274,0,E5,P002 IBC07,,MP18,T6,TP33,S10AH L10CH,TU15 TU38 TE22,1,W10,,CW13 CW28 CW31,,66,
3462,b,"TOXINS, EXTRACTED FROM LIVING SOURCES, SOLID, N.O.S.",6.1,T2,II,6.1,210 274,500 g,E4,P002 IBC08,B4,MP10,T3,TP33,SGAH L4BH,TU15,2,W11,,CW13 CW28 CW31,CE9,60,
3462,c,"TOXINS, EXTRACTED FROM LIVING SOURCES, SOLID, N.O.S.",6.1,T2,III,6.1,210 274,5 kg,E1,P002 IBC08 R001,B3,MP10,T1,TP33,SGAH L4BH,TU15,2,,VC1 VC2 AP7,CW13 CW28 CW31,CE11,60,
3463,,PROPIONIC ACID,8,CF1,II,8+3,,1 L,E2,P001 IBC02,,MP15,T7,TP2,L4BN,,2,,,,CE6,83,"with not less than 90% acid, by mass"
3464,a,"ORGANOPHOSPHORUS COMPOUND, SOLID, TOXIC, N.O.S.",6.1,T2,I,6.1,43 274,0,E5,P002 IBC07,,MP18,T6,TP33,S10AH L10CH,TU14 TU15 TU38 TE21 TE22,1,W10,,CW13 CW28 CW31,,66,
3464,b,"ORGANOPHOSPHORUS COMPOUND, SOLID, TOXIC, N.O.S.",6.1,T2,II,6.1,43 274,500 g,E4,P002 IBC08,B4,MP10,T3,TP33,SGAH L4BH,TU15,2,W11,,CW13 CW28 CW31,CE9,60,
3464,c,"ORGANOPHOSPHORUS COMPOUND, SOLID, TOXIC, N.O.S.",6.1,T2,III,6.1,43 274,5 kg,E1,P002 IBC08 LP02 R001,B3,MP10,T1,TP33,SGAH L4BH,TU15,2,,VC1 VC2 AP7,CW13 CW28 CW31,CE11,60,
3465,a,"ORGANOARSENIC COMPOUND, SOLID, N.O.S.",6.1,T3,I,6.1,274,0,E5,P002 IBC07,,MP18,T6,TP33,S10AH L10CH,TU14 TU15 TU38 TE21 TE22,1,W10,,CW13 CW28 CW31,,66,
3465,b,"ORGANOARSENIC COMPOUND, SOLID, N.O.S.",6.1,T3,II,6.1,274,500 g,E4,P002 IBC08,B4,MP10,T3,TP33,SGAH L4BH,TU15,2,W11,,CW13 CW28 CW31,CE9,60,
3465,c,"ORGANOARSENIC COMPOUND, SOLID, N.O.S.",6.1,T3,III,6.1,274,5 kg,E1,P002 IBC08 LP02 R001,B3,MP10,T1,TP33,SGAH L4BH,TU15,2,,VC1 VC2 AP7,CW13 CW28 CW31,CE11,60,
3466,a,"METAL CARBONYLS, SOLID, N.O.S.",6.1,T3,I,6.1,274 562,0,E5,P002 IBC07,,MP18,T6,TP33,S10AH L10CH,TU14 TU15 TU38 TE21 TE22,1,W10,,CW13 CW28 CW31,,66,
3466,b,"METAL CARBONYLS, SOLID, N.O.S.",6.1,T3,II,6.1,274 562,500 g,E4,P002 IBC08,B4,MP10,T3,TP33,SGAH L4BH,TU15,2,W11,,CW13 CW28 CW31,CE9,60,
3466,c,"METAL CARBONYLS, SOLID, N.O.S.",6.1,T3,III,6.1,274 562,5 kg,E1,P002 IBC08 LP02 R001,B3,MP10,T1,TP33,SGAH L4BH,TU15,2,,VC1 VC2 AP7,CW13 CW28 CW31,CE11,60,
3467,a,"ORGANOMETALLIC COMPOUND, SOLID, TOXIC, N.O.S.",6.1,T3,I,6.1,274 562,0,E5,P002 IBC07,,MP18,T6,TP33,S10AH L10CH,TU14 TU15 TU38 TE21 TE22,1,W10,,CW13 CW28 CW31,,66,
3467,b,"ORGANOMETALLIC COMPOUND, SOLID, TOXIC, N.O.S.",6.1,T3,II,6.1,274 562,500 g,E4,P002 IBC08,B4,MP10,T3,TP33,SGAH L4BH,TU15,2,W11,,CW13 CW28 CW31,CE9,60,
3467,c,"ORGANOMETALLIC COMPOUND, SOLID, TOXIC, N.O.S.",6.1,T3,III,6.1,274 562,5 kg,E1,P002 IBC08 LP02 R001,B3,MP10,T1,TP33,SGAH L4BH,TU15,2,,VC1 VC2 AP7,CW13 CW28 CW31,CE11,60,
3468,a,HYDROGEN IN A METAL HYDRIDE STORAGE SYSTEM,2,1F,,2.1,321 356,0,E0,P205,,MP9,,,,,2,,,CW9 CW10 CW36,CE3,23,
3468,b,HYDROGEN IN A METAL HYDRIDE STORAGE SYSTEM CONTAINED IN EQUIPMENT,2,1F,,2.1,321 356,0,E0,P205,,MP9,,,,,2,,,CW9 CW10 CW36,CE3,23,
3468,c,HYDROGEN IN A METAL HYDRIDE STORAGE SYSTEM PACKED WITH EQUIPMENT,2,1F,,2.1,321 356,0,E0,P205,,MP9,,,,,2,,,CW9 CW10 CW36,CE3,23,
3469,a,"PAINT, FLAMMABLE, CORROSIVE",3,FC,I,3+8,163 367,0,E0,P001,,MP7 MP17,T11,TP2 TP27,L10CH,TU14 TU38 TE21 TE22,1,,,,,338,"(including paint, lacquer, enamel, stain, shellac, varnish, polish, liquid filler and liquid lacquer base)"
3469,b,"PAINT RELATED MATERIAL, FLAMMABLE, CORROSIVE",3,FC,I,3+8,163 367,0,E0,P001,,MP7 MP17,T11,TP2 TP27,L10CH,TU14 TU38 TE21 TE22,1,,,,,338,(including paint thinning and reducing compound)
3469,c,"PAINT, FLAMMABLE, CORROSIVE",3,FC,II,3+8,163 367,1 L,E2,P001 IBC02,,MP19,T7,TP2 TP8 TP28,L4BH,,2,,,,CE7,338,"(including paint, lacquer, enamel, stain, shellac, varnish, polish, liquid filler and liquid lacquer base)"
3469,d,"PAINT RELATED MATERIAL, FLAMMABLE, CORROSIVE",3,FC,II,3+8,163 367,1 L,E2,P001 IBC02,,MP19,T7,TP2 TP8 TP28,L4BH,,2,,,,CE7,338,(including paint thinning and reducing compound)
3469,e,"PAINT, FLAMMABLE, CORROSIVE",3,FC,III,3+8,163 367,5 L,E1,P001 IBC03 R001,,MP19,T4,TP1 TP29,L4BN,,3,W12,,,CE4,38,"(including paint, lacquer, enamel, stain, shellac, varnish, polish, liquid filler and liquid lacquer base)"
3469,f,"PAINT RELATED MATERIAL, FLAMMABLE, CORROSIVE",3,FC,III,3+8,163 367,5 L,E1,P001 IBC03 R001,,MP19,T4,TP1 TP29,L4BN,,3,W12,,,CE4,38,(including paint thinning and reducing compound)
3470,a,"PAINT, CORROSIVE, FLAMMABLE",8,CF1,II,8+3,163 367,1 L,E2,P001 IBC02,,MP15,T7,TP2 TP8 TP28,L4BN,,2,,,,CE6,83,"(including paint, lacquer, enamel, stain, shellac, varnish, polish, liquid filler and liquid lacquer base)"
3470,b,"PAINT RELATED MATERIAL, CORROSIVE, FLAMMABLE",8,CF1,II,8+3,163 367,1 L,E2,P001 IBC02,,MP15,T7,TP2 TP8 TP28,L4BN,,2,,,,CE6,83,(including paint thinning and reducing compound)
3471,a,"HYDROGENDIFLUORIDES SOLUTION, N.O.S.",8,CT1,II,8+6.1,,1 L,E2,P001 IBC02,,MP15,T7,TP2,L4DH,TU14 TE17 TE21,2,,,CW13 CW28,CE6,86,
3471,b,"HYDROGENDIFLUORIDES SOLUTION, N.O.S.",8,CT1,III,8+6.1,,5 L,E1,P001 IBC03 R001,,MP19,T4,TP1,L4DH,TU14 TE21,3,W12,,CW13 CW28,CE8,86,
3472,,"CROTONIC ACID, LIQUID",8,C3,III,8,,5 L,E1,P001 IBC03 LP01 R001,,MP19,T4,TP1,L4BN,,3,W12,,,CE8,80,
3473,a,FUEL CELL CARTRIDGES,3,F3,,3,328,1 L,E0,P004,,,,,,,3,,,,CE7,30,containing flammable liquids
3473,b,FUEL CELL CARTRIDGES CONTAINED IN EQUIPMENT,3,F3,,3,328,1 L,E0,P004,,,,,,,3,,,,CE7,30,containing flammable liquids
3473,c,FUEL CELL CARTRIDGES PACKED WITH EQUIPMENT,3,F3,,3,328,1 L,E0,P004,,,,,,,3,,,,CE7,30,containing flammable liquids
3474,,1-HYDROXYBENZOTRIAZOLE MONOHYDRATE,4.1,D,I,4.1,,0,E0,P406,PP48,MP2,,,,,1,W1,,,,40,
3475,a,ETHANOL AND GASOLINE MIXTURE,3,F1,II,3,333,1 L,E2,P001 IBC02,,MP19,T4,TP1,LGBF,,2,,,,CE7,33,with more than 10% ethanol
3475,b,ETHANOL AND MOTOR SPIRIT MIXTURE,3,F1,II,3,333,1 L,E2,P001 IBC02,,MP19,T4,TP1,LGBF,,2,,,,CE7,33,with more than 10% ethanol
3475,c,ETHANOL AND PETROL MIXTURE,3,F1,II,3,333,1 L,E2,P001 IBC02,,MP19,T4,TP1,LGBF,,2,,,,CE7,33,with more than 10% ethanol
3476,a,FUEL CELL CARTRIDGES,4.3,W3,,4.3,328 334,500 mL or 500 g,E0,P004,,,,,,,3,W1,,CW23,CE2,423,containing water-reactive substances
3476,b,FUEL CELL CARTRIDGES CONTAINED IN EQUIPMENT,4.3,W3,,4.3,328 334,500 mL or 500 g,E0,P004,,,,,,,3,W1,,CW23,CE2,423,containing water-reactive substances
3476,c,FUEL CELL CARTRIDGES PACKED WITH EQUIPMENT,4.3,W3,,4.3,328 334,500 mL or 500 g,E0,P004,,,,,,,3,W1,,CW23,CE2,423,containing water-reactive substances
3477,a,FUEL CELL CARTRIDGES,8,C11,,8,328 334,1 L or 1 kg,E0,P004,,,,,,,3,,,,CE8,80,containing corrosive substances
3477,b,FUEL CELL CARTRIDGES CONTAINED IN EQUIPMENT,8,C11,,8,328 334,1 L or 1 kg,E0,P004,,,,,,,3,,,,CE8,80,containing corrosive substances
3477,c,FUEL CELL CARTRIDGES PACKED WITH EQUIPMENT,8,C11,,8,328 334,1 L or 1 kg,E0,P004,,,,,,,3,,,,CE8,80,containing corrosive substances
3478,a,FUEL CELL CARTRIDGES,2,6F,,2.1,328 338,120 mL,E0,P004,,,,,,,2,,,CW9 CW12,CE3,23,containing liquefied flammable gas
3478,b,FUEL CELL CARTRIDGES CONTAINED IN EQUIPMENT,2,6F,,2.1,328 338,120 mL,E0,P004,,,,,,,2,,,CW9 CW12,CE3,23,containing liquefied flammable gas
3478,c,FUEL CELL CARTRIDGES PACKED WITH EQUIPMENT,2,6F,,2.1,328 338,120 mL,E0,P004,,,,,,,2,,,CW9 CW12,CE3,23,containing liquefied flammable gas
3479,a,FUEL CELL CARTRIDGES,2,6F,,2.1,328 339,120 mL,E0,P004,,,,,,,2,,,CW9 CW12,CE3,23,containing hydrogen in metal hydride
3479,b,FUEL CELL CARTRIDGES CONTAINED IN EQUIPMENT,2,6F,,2.1,328 339,120 mL,E0,P004,,,,,,,2,,,CW9 CW12,CE3,23,containing hydrogen in metal hydride
3479,c,FUEL CELL CARTRIDGES PACKED WITH EQUIPMENT,2,6F,,2.1,328 339,120 mL,E0,P004,,,,,,,2,,,CW9 CW12,CE3,23,containing hydrogen in metal hydride
3480,a,LITHIUM ION BATTERIES,9,M4,,9A,188 230 310 348 376 377 387 636,0,E0,P903 P908 P909 P910 P911 LP903 LP904 LP905 LP906,,,,,,,2,,,,CE2,90,(including lithium ion polymer batteries)
3480,b,LITHIUM ION BATTERIES DAMAGED/DEFECTIVE,9,M4,,9A,188 230 310 348 376 377 387 636,0,E0,P903 P908 P909 P910 P911 LP903 LP904 LP905 LP906,,,,,,,2,,,,CE2,90,(including lithium ion polymer batteries)
3480,c,LITHIUM ION BATTERIES DAMAGED/DEFECTIVE,9,M4,,9A,188 230 310 348 376 377 387 636,0,E0,P903 P908 P909 P910 P911 LP903 LP904 LP905 LP906,,,,,,,2,,,,CE2,90,(including lithium ion polymer batteries)
3480,d,LITHIUM ION BATTERIES FOR DISPOSAL,9,M4,,9A,188 230 310 348 376 377 387 636,0,E0,P903 P908 P909 P910 P911 LP903 LP904 LP905 LP906,,,,,,,2,,,,CE2,90,(including lithium ion polymer batteries)
3480,e,LITHIUM ION BATTERIES FOR DISPOSAL,9,M4,,9A,188 230 310 348 376 377 387 636,0,E0,P903 P908 P909 P910 P911 LP903 LP904 LP905 LP906,,,,,,,2,,,,CE2,90,(including lithium ion polymer batteries)
3480,f,LITHIUM ION BATTERIES FOR RECYCLING,9,M4,,9A,188 230 310 348 376 377 387 636,0,E0,P903 P908 P909 P910 P911 LP903 LP904 LP905 LP906,,,,,,,2,,,,CE2,90,(including lithium ion polymer batteries)
3480,g,LITHIUM ION BATTERIES FOR RECYCLING,9,M4,,9A,188 230 310 348 376 377 387 636,0,E0,P903 P908 P909 P910 P911 LP903 LP904 LP905 LP906,,,,,,,2,,,,CE2,90,(including lithium ion polymer batteries)
3480,h,LITHIUM ION BATTERIES,9,M4,,9A,188 230 310 348 376 377 387 636,0,E0,P903 P908 P909 P910 P911 LP903 LP904 LP905 LP906,,,,,,,2,,,,CE2,90,(including lithium ion polymer batteries)
3481,a,LITHIUM ION BATTERIES CONTAINED IN EQUIPMENT,9,M4,,9A,188 230 310 348 360 376 377 387 390 670,0,E0,P903 P908 P909 P910 P911 LP903 LP904 LP905 LP906,,,,,,,2,,,,CE2,90,(including lithium ion polymer batteries)
3481,b,"LITHIUM ION BATTERIES, DAMAGED/DEFECTIVE, CONTAINED IN EQUIPMENT",9,M4,,9A,188 230 310 348 360 376 377 387 390 670,0,E0,P903 P908 P909 P910 P911 LP903 LP904 LP905 LP906,,,,,,,2,,,,CE2,90,(including lithium ion polymer batteries)
3481,c,"LITHIUM ION BATTERIES, DAMAGED/DEFECTIVE, CONTAINED IN EQUIPMENT",9,M4,,9A,188 230 310 348 360 376 377 387 390 670,0,E0,P903 P908 P909 P910 P911 LP903 LP904 LP905 LP906,,,,,,,2,,,,CE2,90,(including lithium ion polymer batteries)
3481,d,LITHIUM ION BATTERIES FOR DISPOSAL CONTAINED IN EQUIPMENT,9,M4,,9A,188 230 310 348 360 376 377 387 390 670,0,E0,P903 P908 P909 P910 P911 LP903 LP904 LP905 LP906,,,,,,,2,,,,CE2,90,(including lithium ion polymer batteries)
3481,e,LITHIUM ION BATTERIES FOR DISPOSAL CONTAINED IN EQUIPMENT,9,M4,,9A,188 230 310 348 360 376 377 387 390 670,0,E0,P903 P908 P909 P910 P911 LP903 LP904 LP905 LP906,,,,,,,2,,,,CE2,90,(including lithium ion polymer batteries)
3481,f,LITHIUM ION BATTERIES FOR RECYCLING CONTAINED IN EQUIPMENT,9,M4,,9A,188 230 310 348 360 376 377 387 390 670,0,E0,P903 P908 P909 P910 P911 LP903 LP904 LP905 LP906,,,,,,,2,,,,CE2,90,(including lithium ion polymer batteries)
3481,g,LITHIUM ION BATTERIES FOR RECYCLING CONTAINED IN EQUIPMENT,9,M4,,9A,188 230 310 348 360 376 377 387 390 670,0,E0,P903 P908 P909 P910 P911 LP903 LP904 LP905 LP906,,,,,,,2,,,,CE2,90,(including lithium ion polymer batteries)
3481,h,LITHIUM ION BATTERIES CONTAINED IN EQUIPMENT,9,M4,,9A,188 230 310 348 360 376 377 387 390 670,0,E0,P903 P908 P909 P910 P911 LP903 LP904 LP905 LP906,,,,,,,2,,,,CE2,90,(including lithium ion polymer batteries)
3481,i,LITHIUM ION BATTERIES PACKED WITH EQUIPMENT,9,M4,,9A,188 230 310 348 360 376 377 387 390 670,0,E0,P903 P908 P909 P910 P911 LP903 LP904 LP905 LP906,,,,,,,2,,,,CE2,90,(including lithium ion polymer batteries)
3481,j,"LITHIUM ION BATTERIES, DAMAGED/DEFECTIVE, PACKED WITH EQUIPMENT",9,M4,,9A,188 230 310 348 360 376 377 387 390 670,0,E0,P903 P908 P909 P910 P911 LP903 LP904 LP905 LP906,,,,,,,2,,,,CE2,90,(including lithium ion polymer batteries)
3481,k,"LITHIUM ION BATTERIES, DAMAGED/DEFECTIVE, PACKED WITH EQUIPMENT",9,M4,,9A,188 230 310 348 360 376 377 387 390 670,0,E0,P903 P908 P909 P910 P911 LP903 LP904 LP905 LP906,,,,,,,2,,,,CE2,90,(including lithium ion polymer batteries)
3481,l,LITHIUM ION BATTERIES FOR DISPOSAL PACKED WITH EQUIPMENT,9,M4,,9A,188 230 310 348 360 376 377 387 390 670,0,E0,P903 P908 P909 P910 P911 LP903 LP904 LP905 LP906,,,,,,,2,,,,CE2,90,(including lithium ion polymer batteries)
3481,m,LITHIUM ION BATTERIES FOR DISPOSAL PACKED WITH EQUIPMENT,9,M4,,9A,188 230 310 348 360 376 377 387 390 670,0,E0,P903 P908 P909 P910 P911 LP903 LP904 LP905 LP906,,,,,,,2,,,,CE2,90,(including lithium ion polymer batteries)
3481,n,LITHIUM ION BATTERIES FOR RECYCLING PACKED WITH EQUIPMENT,9,M4,,9A,188 230 310 348 360 376 377 387 390 670,0,E0,P903 P908 P909 P910 P911 LP903 LP904 LP905 LP906,,,,,,,2,,,,CE2,90,(including lithium ion polymer batteries)
3481,o,LITHIUM ION BATTERIES FOR RECYCLING PACKED WITH EQUIPMENT,9,M4,,9A,188 230 310 348 360 376 377 387 390 670,0,E0,P903 P908 P909 P910 P911 LP903 LP904 LP905 LP906,,,,,,,2,,,,CE2,90,(including lithium ion polymer batteries)
3481,p,LITHIUM ION BATTERIES PACKED WITH EQUIPMENT,9,M4,,9A,188 230 310 348 360 376 377 387 390 670,0,E0,P903 P908 P909 P910 P911 LP903 LP904 LP905 LP906,,,,,,,2,,,,CE2,90,(including lithium ion polymer batteries)
3482,a,"ALKALI METAL DISPERSION, FLAMMABLE",4.3,WF1,I,4.3+3,182 183 506,0,E0,P402,RR8,MP2,,,L10BN(+),TU1 TE5 TT3 TM2,1,W1,,CW23,,X323,
3482,b,"ALKALINE EARTH METAL DISPERSION, FLAMMABLE",4.3,WF1,I,4.3+3,182 183 506,0,E0,P402,RR8,MP2,,,L10BN(+),TU1 TE5 TT3 TM2,1,W1,,CW23,,X323,
3483,,"MOTOR FUEL ANTI-KNOCK MIXTURE, FLAMMABLE",6.1,TF1,I,6.1+3,,0,E0,P602,,MP8 MP17,T14,TP2,L10CH,TU14 TU15 TU38 TE21 TE22 TT6,1,,,CW13 CW28 CW31,,663,
3484,,"HYDRAZINE AQUEOUS SOLUTION, FLAMMABLE",8,CFT,I,8+3+6.1,530,0,E0,P001,,MP8 MP17,T10,TP2,L10BH,TU38 TE22,1,,,CW13 CW28,,886,"with more than 37% hydrazine, by mass"
3485,a,"CALCIUM HYPOCHLORITE, DRY, CORROSIVE",5.1,OC2,II,5.1+8,314,1 kg,E2,P002 IBC08,B4 B13,MP2,,,SGAN,TU3,2,W11,,CW24 CW35,CE10,58,with more than 39% available chlorine (8.8% available oxygen)
3485,b,"CALCIUM HYPOCHLORITE MIXTURE, DRY, CORROSIVE",5.1,OC2,II,5.1+8,314,1 kg,E2,P002 IBC08,B4 B13,MP2,,,SGAN,TU3,2,W11,,CW24 CW35,CE10,58,with more than 39% available chlorine (8.8% available oxygen)
3486,,"CALCIUM HYPOCHLORITE MIXTURE, DRY, CORROSIVE",5.1,OC2,III,5.1+8,314,5 kg,E1,P002 IBC08 LP02 R001,B3 B13 L3,MP2,,,SGAN,TU3,3,,,CW24 CW35,CE11,58,with more than 10% but not more than 39% available chlorine
3487,a,"CALCIUM HYPOCHLORITE, HYDRATED, CORROSIVE",5.1,OC2,II,5.1+8,314 322,1 kg,E2,P002 IBC08,B4 B13,MP2,,,SGAN,TU3,2,W11,,CW24 CW35,CE10,58,with not less than 5.5% but not more than 16% water
3487,b,"CALCIUM HYPOCHLORITE, HYDRATED MIXTURE, CORROSIVE",5.1,OC2,II,5.1+8,314 322,1 kg,E2,P002 IBC08,B4 B13,MP2,,,SGAN,TU3,2,W11,,CW24 CW35,CE10,58,with not less than 5.5% but not more than 16% water
3487,c,"CALCIUM HYPOCHLORITE, HYDRATED, CORROSIVE",5.1,OC2,III,5.1+8,314,5 kg,E1,P002 IBC08 R001,B4 B13,MP2,,,SGAN,TU3,3,,,CW24 CW35,CE11,58,with not less than 5.5% but not more than 16% water
3487,d,"CALCIUM HYPOCHLORITE, HYDRATED MIXTURE, CORROSIVE",5.1,OC2,III,5.1+8,314,5 kg,E1,P002 IBC08 R001,B4 B13,MP2,,,SGAN,TU3,3,,,CW24 CW35,CE11,58,with not less than 5.5% but not more than 16% water
3488,,"TOXIC BY INHALATION LIQUID, FLAMMABLE, CORROSIVE, N.O.S.",6.1,TFC,I,6.1+3+8,274,0,E0,P601,,MP8 MP17,T22,TP2,L15CH,TU14 TU15 TU38 TE21 TE22 TE25,1,,,CW13 CW28 CW31,,663,with an LC50 lower than or equal to 200 mL/m3 and saturated vapour concentration greater than or equal to 500 LC50
3489,,"TOXIC BY INHALATION LIQUID, FLAMMABLE, CORROSIVE, N.O.S.",6.1,TFC,I,6.1+3+8,274,0,E0,P602,,MP8 MP17,T20,TP2,L10CH,TU14 TU15 TU38 TE21 TE22,1,,,CW13 CW28 CW31,,663,with an LC50 lower than or equal to 1000 mL/m3 and saturated vapour concentration greater than or equal to 10 LC50
3490,,"TOXIC BY INHALATION LIQUID, WATER-REACTIVE, FLAMMABLE, N.O.S.",6.1,TFW,I,6.1+3+4.3,274,0,E0,P601,,MP8 MP17,T22,TP2,L15CH,TU14 TU15 TU38 TE21 TE22 TE25,1,,,CW13 CW28 CW31,,623,with an LC50 lower than or equal to 200 mL/m3 and saturated vapour concentration greater than or equal to 500 LC50
3491,,"TOXIC BY INHALATION LIQUID, WATER-REACTIVE, FLAMMABLE, N.O.S.",6.1,TFW,I,6.1+3+4.3,274,0,E0,P602,,MP8 MP17,T20,TP2,L10CH,TU14 TU15 TU38 TE21 TE22,1,,,CW13 CW28 CW31,,623,with an LC50 lower than or equal to 1000 mL/m3 and saturated vapour concentration greater than or equal to 10 LC50
3494,a,"PETROLEUM SOUR CRUDE OIL, FLAMMABLE, TOXIC",3,FT1,I,3+6.1,343,0,E0,P001,,MP7 MP17,T14,TP2,L10CH,TU14 TU15 TU38 TE21 TE22,1,,,CW13 CW28,,336,
3494,b,"PETROLEUM SOUR CRUDE OIL, FLAMMABLE, TOXIC",3,FT1,II,3+6.1,343,1 L,E2,P001 IBC02,,MP19,T7,TP2,L4BH,TU15,2,,,CW13 CW28,CE7,336,
3494,c,"PETROLEUM SOUR CRUDE OIL, FLAMMABLE, TOXIC",3,FT1,III,3+6.1,343,5 L,E1,P001 IBC03 R001,,MP19,T4,TP1,L4BH,TU15,3,W12,,CW13 CW28,CE4,36,
3495,,IODINE,8,CT2,III,8+6.1,279,5 kg,E1,P002 IBC08 R001,B3,MP10,T1,TP33,SGAV L4BN,,3,,VC1 VC2 AP7,CW13 CW28,CE11,86,
3496,,"BATTERIES, NICKEL-METAL HYDRIDE",9,M11,,,,,,,,,,,NOT SUBJECT TO RID,,,,,,,,
3497,a,KRILL MEAL,4.2,S2,II,4.2,300,0,E2,P410 IBC06,,MP14,T3,TP33,SGAN,,2,W1,,,CE10,40,
3497,b,KRILL MEAL,4.2,S2,III,4.2,300,0,E1,P002 IBC08 LP02 R001,B3,MP14,T1,TP33,SGAV,,3,W1,VC1 VC2 AP1,,CE11,40,
3498,,"IODINE MONOCHLORIDE, LIQUID",8,C1,II,8,,1 L,E0,P001 IBC02,,MP15,T7,TP2,L4BN,,2,,,,CE10,80,
3499,,"CAPACITOR, ELECTRIC DOUBLE LAYER",9,M11,,9,361,0,E0,P003,,,,,,,4,,,,CE2,90,(with an energy storage capacity greater than 0.3Wh)
3500,,"CHEMICAL UNDER PRESSURE, N.O.S.",2,8A,,2.2,274 659,0,E0,P206,PP97,MP9,T50,TP4 TP40,,,3,,,CW9 CW10 CW12 CW36,CE2,20,
3501,,"CHEMICAL UNDER PRESSURE, FLAMMABLE, N.O.S.",2,8F,,2.1,274 659,0,E0,P206,PP89,MP9,T50,TP4 TP40,,,2,,,CW9 CW10 CW12 CW36,CE2,23,
3502,,"CHEMICAL UNDER PRESSURE, TOXIC, N.O.S.",2,8T,,2.2+6.1,274 659,0,E0,P206,PP89,MP9,T50,TP4 TP40,,,1,,,CW9 CW10 CW12 CW28 CW36,CE2,26,
3503,,"CHEMICAL UNDER PRESSURE, CORROSIVE, N.O.S.",2,8C,,2.2+8,274 659,0,E0,P206,PP89,MP9,T50,TP4 TP40,,,1,,,CW9 CW10 CW12 CW36,CE2,28,
3504,,"CHEMICAL UNDER PRESSURE, FLAMMABLE, TOXIC, N.O.S.",2,8TF,,2.1+6.1,274 659,0,E0,P206,PP89,MP9,T50,TP4 TP40,,,1,,,CW9 CW10 CW12 CW28 CW36,CE2,263,
3505,,"CHEMICAL UNDER PRESSURE, FLAMMABLE, CORROSIVE, N.O.S.",2,8FC,,2.1+8,274 659,0,E0,P206,PP89,MP9,T50,TP4 TP40,,,1,,,CW9 CW10 CW12 CW36,CE2,238,
3506,,MERCURY CONTAINED IN MANUFACTURED ARTICLES,8,CT3,,8+6.1,366,5 kg,E0,P003,PP90,MP15,,,,,3,,,CW13 CW28,CE11,86,
3507,,"URANIUM HEXAFLUORIDE, RADIOACTIVE MATERIAL, EXCEPTED PACKAGE",6.1,,I,6.1+8,317 369,0,E0,P603,,,,,,,1,,,See SP369,,687,"less than 0.1 kg per package, non-fissile or fissile-excepted"
3508,,"CAPACITOR, ASYMMETRIC",9,M11,,9,372,0,E0,P003,,,,,,,4,,,,CE2,90,(with an energy storage capacity greater than 0.3Wh)
3509,,"PACKAGINGS, DISCARDED, EMPTY, UNCLEANED",9,M11,,9,663,0,E0,P003 IBC08 LP02,RR9 BB3 LL1,,BK2,,,,4,,VC1 VC2 AP10,,,90,
3510,,"ADSORBED GAS, FLAMMABLE, N.O.S.",2,9F,,2.1,274,0,E0,P208,,MP9,,,,,2,,,CW9 CW10 CW36,CE3,23,
3511,,"ADSORBED GAS, N.O.S.",2,9A,,2.2,274,0,E0,P208,,MP9,,,,,3,,,CW9 CW10 CW36,CE3,20,
3512,,"ADSORBED GAS, TOXIC, N.O.S.",2,9T,,2.3,274,0,E0,P208,,MP9,,,,,1,,,CW9 CW10 CW36,,26,
3513,,"ADSORBED GAS, OXIDIZING, N.O.S.",2,9O,,2.2+5.1,274,0,E0,P208,,MP9,,,,,3,,,CW9 CW10 CW36,CE3,25,
3514,,"ADSORBED GAS, TOXIC, FLAMMABLE, N.O.S.",2,9TF,,2.3+2.1,274,0,E0,P208,,MP9,,,,,1,,,CW9 CW10 CW36,,263,
3515,,"ADSORBED GAS, TOXIC, OXIDIZING, N.O.S.",2,9TO,,2.3+5.1,274,0,E0,P208,,MP9,,,,,1,,,CW9 CW10 CW36,,265,
3516,,"ADSORBED GAS, TOXIC, CORROSIVE, N.O.S.",2,9TC,,2.3+8,274 379,0,E0,P208,,MP9,,,,,1,,,CW9 CW10 CW36,,268,
3517,,"ADSORBED GAS, TOXIC, FLAMMABLE, CORROSIVE, N.O.S.",2,9TFC,,2.3+2.1+8,274,0,E0,P208,,MP9,,,,,1,,,CW9 CW10 CW36,,263,
3518,,"ADSORBED GAS, TOXIC, OXIDIZING, CORROSIVE, N.O.S.",2,9TOC,,2.3+5.1+8,274,0,E0,P208,,MP9,,,,,1,,,CW9 CW10 CW36,,265,
3519,,"BORON TRIFLUORIDE, ADSORBED",2,9TC,,2.3+8,,0,E0,P208,,MP9,,,,,1,,,CW9 CW10 CW36,,268,
3520,,"CHLORINE, ADSORBED",2,9TOC,,2.3+5.1+8,,0,E0,P208,,MP9,,,,,1,,,CW9 CW10 CW36,,265,
3521,,"SILICON TETRAFLUORIDE, ADSORBED",2,9TC,,2.3+8,,0,E0,P208,,MP9,,,,,1,,,CW9 CW10 CW36,,268,
3522,,"ARSINE, ADSORBED",2,9TF,,2.3+2.1,,0,E0,P208,,MP9,,,,,1,,,CW9 CW10 CW36,,263,
3523,,"GERMANE, ADSORBED",2,9TF,,2.3+2.1,,0,E0,P208,,MP9,,,,,1,,,CW9 CW10 CW36,,263,
3524,,"PHOSPHORUS PENTAFLUORIDE, ADSORBED",2,9TC,,2.3+8,,0,E0,P208,,MP9,,,,,1,,,CW9 CW10 CW36,,268,
3525,,"PHOSPHINE, ADSORBED",2,9TF,,2.3+2.1,,0,E0,P208,,MP9,,,,,1,,,CW9 CW10 CW36,,263,
3526,,"HYDROGEN SELENIDE, ADSORBED",2,9TF,,2.3+2.1,,0,E0,P208,,MP9,,,,,1,,,CW9 CW10 CW36,,263,
3527,a,POLYESTER RESIN KIT,4.1,F4,II,4.1,236 340,5 kg,See SP 340,P412,,,,,,,2,,,,CE10,40,solid base material
3527,b,POLYESTER RESIN KIT,4.1,F4,III,4.1,236 340,5 kg,See SP 340,P412,,,,,,,3,,,,CE11,40,solid base material
3528,a,"ENGINE, INTERNAL COMBUSTION, FLAMMABLE LIQUID POWERED",3,F3,,3,363 667 669,0,E0,P005,,,,,,,,,,,,30,
3528,b,"ENGINE, INTERNAL COMBUSTION, FLAMMABLE LIQUID POWERED",3,F3,,3,363 667 669,0,E0,P005,,,,,,,,,,,,30,
3528,c,"ENGINE, FUEL CELL, FLAMMABLE LIQUID POWERED",3,F3,,3,363 667 669,0,E0,P005,,,,,,,,,,,,30,
3528,d,"ENGINE, FUEL CELL, FLAMMABLE LIQUID POWERED",3,F3,,3,363 667 669,0,E0,P005,,,,,,,,,,,,30,
3528,e,"MACHINERY, INTERNAL COMBUSTION, FLAMMABLE LIQUID POWERED",3,F3,,3,363 667 669,0,E0,P005,,,,,,,,,,,,30,
3528,f,"MACHINERY, INTERNAL COMBUSTION, FLAMMABLE LIQUID POWERED",3,F3,,3,363 667 669,0,E0,P005,,,,,,,,,,,,30,
3528,g,"MACHINERY, FUEL CELL, FLAMMABLE LIQUID POWERED",3,F3,,3,363 667 669,0,E0,P005,,,,,,,,,,,,30,
3528,h,"MACHINERY, FUEL CELL, FLAMMABLE LIQUID POWERED",3,F3,,3,363 667 669,0,E0,P005,,,,,,,,,,,,30,
3529,a,"ENGINE, INTERNAL COMBUSTION, FLAMMABLE GAS POWERED",2,6F,,2.1,363 667 669,0,E0,P005,,,,,,,,,,,,23,
3529,b,"ENGINE, FUEL CELL, FLAMMABLE GAS POWERED",2,6F,,2.1,363 667 669,0,E0,P005,,,,,,,,,,,,23,
3529,c,"MACHINERY, INTERNAL COMBUSTION, FLAMMABLE GAS POWERED",2,6F,,2.1,363 667 669,0,E0,P005,,,,,,,,,,,,23,
3529,d,"MACHINERY, FUEL CELL, FLAMMABLE GAS POWERED",2,6F,,2.1,363 667 669,0,E0,P005,,,,,,,,,,,,23,
3530,a,"ENGINE, INTERNAL COMBUSTION",9,M11,,9,363 667 669,0,E0,P005,,,,,,,,,,,,90,
3530,b,"MACHINERY, INTERNAL COMBUSTION",9,M11,,9,363 667 669,0,E0,P005,,,,,,,,,,,,90,
3531,,"POLYMERIZING SUBSTANCE, SOLID, STABILIZED, N.O.S.",4.1,PM1,III,4.1,274 386 676,0,E0,P002 IBC07,PP92 B18,,T7,TP4 TP6 TP33,SGAN(+),TU30 TE11,2,W7,,CW22,CE10,40,
3532,,"POLYMERIZING SUBSTANCE, LIQUID, STABILIZED, N.O.S.",4.1,PM1,III,4.1,274 386 676,0,E0,P001 IBC03,PP93 B19,,T7,TP4 TP6,L4BN(+),TU30 TE11,2,W7,,CW22,CE6,40,
3533,,"POLYMERIZING SUBSTANCE, SOLID, TEMPERATURE CONTROLLED, N.O.S.",4.1,PM2,,,,,,,,,,,CARRIAGE PROHIBITED,,,,,,,,
3534,,"POLYMERIZING SUBSTANCE, LIQUID, TEMPERATURE CONTROLLED, N.O.S.",4.1,PM2,,,,,,,,,,,CARRIAGE PROHIBITED,,,,,,,,
3535,a,"TOXIC SOLID, FLAMMABLE, INORGANIC, N.O.S.",6.1,TF3,I,6.1+4.1,274,0,E5,P002 IBC99,,MP19,T6,TP33,,,1,W10,,CW13 CW28 CW31,,664,
3535,b,"TOXIC SOLID, FLAMMABLE, INORGANIC, N.O.S.",6.1,TF3,II,6.1+4.1,274,500 g,E4,P002 IBC08,B4,MP10,T3,TP33,SGAH,TU15,2,W11,,CW13 CW28 CW31,CE9,64,
3536,,LITHIUM BATTERIES INSTALLED IN CARGO TRANSPORT UNIT,9,M4,,9,389,0,E0,,,,,,,,2,,,,,90,lithium ion batteries or lithium metal batteries
3537,,"ARTICLES CONTAINING FLAMMABLE GAS, N.O.S.",2,6F,,See 5.2.2.1.12,274 673,0,E0,P006 LP03,,,,,,,4,,,CW13 CW28,CE3,,
3538,,"ARTICLES CONTAINING NON-FLAMMABLE, NON-TOXIC GAS, N.O.S.",2,6A,,See 5.2.2.1.12,274 396 673,0,E0,P006 LP03,,,,,,,4,,,CW13 CW28,CE3,,
3539,,"ARTICLES CONTAINING TOXIC GAS, N.O.S.",2,6T,,See 5.2.2.1.12,274 673,0,E0,P006 LP03,,,,,,,4,,,CW13 CW28,CE3,,
3540,,"ARTICLES CONTAINING FLAMMABLE LIQUID, N.O.S.",3,F3,,See 5.2.2.1.12,274 673,0,E0,P006 LP03,,,,,,,4,,,CW13 CW28,CE3,,
3541,,"ARTICLES CONTAINING FLAMMABLE SOLID, N.O.S.",4.1,F4,,See 5.2.2.1.12,274 673,0,E0,P006 LP03,,,,,,,4,,,CW13 CW28,CE3,,
3542,,"ARTICLES CONTAINING A SUBSTANCE LIABLE TO SPONTANEOUS COMBUSTION, N.O.S.",4.2,S6,,See 5.2.2.1.12,274 673,0,E0,P006 LP03,,,,,,,4,,,CW13 CW28,CE3,,
3543,,"ARTICLES CONTAINING A SUBSTANCE WHICH IN CONTACT WITH WATER EMITS FLAMMABLE GASES, N.O.S.",4.3,W3,,See 5.2.2.1.12,274 673,0,E0,P006 LP03,,,,,,,4,,,CW13 CW28,CE3,,
3544,,"ARTICLES CONTAINING OXIDIZING SUBSTANCE, N.O.S.",5.1,O3,,See 5.2.2.1.12,274 673,0,E0,P006 LP03,,,,,,,4,,,CW13 CW28,CE3,,
3545,,"ARTICLES CONTAINING ORGANIC PEROXIDE, N.O.S.",5.2,P1,,See 5.2.2.1.12,274 673,0,E0,P006 LP03,,,,,,,4,,,CW13 CW28,CE3,,
3546,,"ARTICLES CONTAINING TOXIC SUBSTANCE, N.O.S.",6.1,T10,,See 5.2.2.1.12,274 673,0,E0,P006 LP03,,,,,,,4,,,CW13 CW28,CE3,,
3547,,"ARTICLES CONTAINING CORROSIVE SUBSTANCE, N.O.S.",8,C11,,See 5.2.2.1.12,274 673,0,E0,P006 LP03,,,,,,,4,,,CW13 CW28,CE3,,
3548,,"ARTICLES CONTAINING MISCELLANEOUS DANGEROUS GOODS, N.O.S.",9,M11,,See 5.2.2.1.12,274 673,0,E0,P006 LP03,,,,,,,4,,,CW13 CW28,CE3,,
3549,a,"MEDICAL WASTE, CATEGORY A, AFFECTING HUMANS",6.2,I3,,6.2,395,0,E0,P622 LP622,,MP2,,,,,0,W9,,CW13 CW18 CW26 CW28,CE14,606,solid
3549,b,"MEDICAL WASTE, CATEGORY A, AFFECTING ANIMALS ONLY",6.2,I3,,6.2,395,0,E0,P622 LP622,,MP2,,,,,0,W9,,CW13 CW18 CW26 CW28,CE14,606,"only, solid"
3550,,COBALT DIHYDROXIDE POWDER,6.1,T5,I,6.1,,0,E5,P002 IBC07,B20,,T6,TP33,S10AH L10CH,TU14 TU15 TU38 TE21 TE22,1,W15,,CW13 CW28 CW31,,66,containing not less than 10% respirable particles
