UNNO,VARIANT,STANDARD,TYPE,COUNTRY,CODE,HASFLASHPOINTLOWER,FLASHPOINTLOWER,HASFLASHPOINTUPPER,FLASHPOINTUPPER
2764,a,IMO,PSA,SG,2,1,-26,1,22.9
2991,c,IMO,PSA,SG,3,1,23,1,60
2669,b,IMO,PSA,SG,3,0,0,1,22.9
2669,b,IMO,PSA,SG,3,1,23.0,1,60.0
2669,b,IMO,PSA,SG,3,1,60.1,0,0
4,b,IMO,PSA,SG,1,0,0,0,0
1120,a,IMO,PSA,SG,2S,1,-26,1,22.9
1275,,IMO,PSA,SG,1S,0,0,1,-26.1
1275,,IMO,PSA,SG,2S,1,-26,1,22.9
2027,,IMO,PSA,SG,2S,0,0,1,-26.1
2027,,IMO,PSA,SG,2S,1,-26.0,1,22.9
2027,,IMO,PSA,SG,2S,1,23.0,1,60.0
2027,,IMO,PSA,SG,2S,1,60.1,0,0
2916,d,IMO,PSA,SG,2,0,0,1,-26.1
2916,d,IMO,PSA,SG,2,1,-26.0,1,22.9
2916,d,IMO,PSA,SG,2,1,23.0,1,60.0
2916,d,IMO,PSA,SG,2,1,60.1,0,0
397,,IMO,PSA,SG,1,0,0,0,0
1268,d,IMO,PSA,SG,2S,1,-26,1,22.9
3328,b,IMO,PSA,SG,2,0,0,1,-26.1
3328,b,IMO,PSA,SG,2,1,-26.0,1,22.9
3328,b,IMO,PSA,SG,2,1,23.0,1,60.0
3328,b,IMO,PSA,SG,2,1,60.1,0,0
3352,b,IMO,PSA,SG,2,0,0,1,-26.1
3352,b,IMO,PSA,SG,2,1,-26.0,1,22.9
3352,b,IMO,PSA,SG,2,1,23.0,1,60.0
3352,b,IMO,PSA,SG,2,1,60.1,0,0
2466,,IMO,PSA,SG,2,0,0,1,-26.1
2466,,IMO,PSA,SG,2,1,-26.0,1,22.9
2466,,IMO,PSA,SG,2,1,23.0,1,60.0
2466,,IMO,PSA,SG,2,1,60.1,0,0
2856,,IMO,PSA,SG,3,0,0,1,22.9
2856,,IMO,PSA,SG,3,1,23.0,1,60.0
2856,,IMO,PSA,SG,3,1,60.1,0,0
3211,b,IMO,PSA,SG,1D,0,0,1,-26.1
3211,b,IMO,PSA,SG,1D,1,-26.0,0,0
2917,a,IMO,PSA,SG,2,0,0,1,-26.1
2917,a,IMO,PSA,SG,2,1,-26.0,1,22.9
2917,a,IMO,PSA,SG,2,1,23.0,1,60.0
2917,a,IMO,PSA,SG,2,1,60.1,0,0
3396,a,IMO,PSA,SG,1D,0,0,1,-26.1
3396,a,IMO,PSA,SG,1D,1,-26.0,0,0
2222,,IMO,PSA,SG,3,1,23,1,60
2350,,IMO,PSA,SG,2S,1,-26,1,22.9
2917,b,IMO,PSA,SG,2,0,0,1,-26.1
2917,b,IMO,PSA,SG,2,1,-26.0,1,22.9
2917,b,IMO,PSA,SG,2,1,23.0,1,60.0
2917,b,IMO,PSA,SG,2,1,60.1,0,0
2746,,IMO,PSA,SG,2,0,0,1,-26.1
2746,,IMO,PSA,SG,2,1,-26.0,1,22.9
2746,,IMO,PSA,SG,2,1,23.0,1,60.0
2746,,IMO,PSA,SG,2,1,60.1,0,0
2787,a,IMO,PSA,SG,2,1,-26,1,22.9
1027,,IMO,PSA,SG,2S,0,0,1,-26.1
1027,,IMO,PSA,SG,2S,1,-26.0,1,22.9
1027,,IMO,PSA,SG,2S,1,23.0,1,60.0
1027,,IMO,PSA,SG,2S,1,60.1,0,0
2911,a,IMO,PSA,SG,2,0,0,1,-26.1
2911,a,IMO,PSA,SG,2,1,-26.0,1,22.9
2911,a,IMO,PSA,SG,2,1,23.0,1,60.0
2911,a,IMO,PSA,SG,2,1,60.1,0,0
2872,a,IMO,PSA,SG,2,0,0,1,-26.1
2872,a,IMO,PSA,SG,2,1,-26.0,1,22.9
2872,a,IMO,PSA,SG,2,1,23.0,1,60.0
2872,a,IMO,PSA,SG,2,1,60.1,0,0
2872,a,IMO,PSA,SG,3,0,0,1,22.9
2872,a,IMO,PSA,SG,3,1,23.0,1,60.0
2872,a,IMO,PSA,SG,3,1,60.1,0,0
1221,,IMO,PSA,SG,1D,0,0,1,-26.1
1450,,IMO,PSA,SG,2,0,0,1,-26.1
1450,,IMO,PSA,SG,2,1,-26.0,1,22.9
1450,,IMO,PSA,SG,2,1,23.0,1,60.0
1450,,IMO,PSA,SG,2,1,60.1,0,0
2591,,IMO,PSA,SG,3,0,0,1,22.9
2591,,IMO,PSA,SG,3,1,23.0,1,60.0
2591,,IMO,PSA,SG,3,1,60.1,0,0
1394,,IMO,PSA,SG,2,0,0,1,-26.1
1394,,IMO,PSA,SG,2,1,-26.0,1,22.9
1394,,IMO,PSA,SG,2,1,23.0,1,60.0
1394,,IMO,PSA,SG,2,1,60.1,0,0
2520,,IMO,PSA,SG,3,1,23,1,60
2837,a,IMO,PSA,SG,2S,0,0,1,-26.1
2837,a,IMO,PSA,SG,2S,1,-26.0,1,22.9
2837,a,IMO,PSA,SG,2S,1,23.0,1,60.0
2837,a,IMO,PSA,SG,2S,1,60.1,0,0
2837,a,IMO,PSA,SG,2S,1,60.1,0,0
1554,,IMO,PSA,SG,2,0,0,1,-26.1
1554,,IMO,PSA,SG,2,1,-26.0,1,22.9
1554,,IMO,PSA,SG,2,1,23.0,1,60.0
1554,,IMO,PSA,SG,2,1,60.1,0,0
2214,,IMO,PSA,SG,3,0,0,1,22.9
2214,,IMO,PSA,SG,3,1,23.0,1,60.0
2214,,IMO,PSA,SG,3,1,60.1,0,0
2511,,IMO,PSA,SG,3,0,0,1,22.9
2511,,IMO,PSA,SG,3,1,23.0,1,60.0
2511,,IMO,PSA,SG,3,1,60.1,0,0
2673,,IMO,PSA,SG,3,0,0,1,22.9
2673,,IMO,PSA,SG,3,1,23.0,1,60.0
2673,,IMO,PSA,SG,3,1,60.1,0,0
2447,,IMO,PSA,SG,2,0,0,1,-26.1
2447,,IMO,PSA,SG,2,1,-26.0,1,22.9
2447,,IMO,PSA,SG,2,1,23.0,1,60.0
2447,,IMO,PSA,SG,2,1,60.1,0,0
1401,,IMO,PSA,SG,2S,0,0,1,-26.1
1401,,IMO,PSA,SG,2S,1,-26.0,1,22.9
1401,,IMO,PSA,SG,2S,1,23.0,1,60.0
1401,,IMO,PSA,SG,2S,1,60.1,0,0
3405,b,IMO,PSA,SG,2,0,0,1,-26.1
3405,b,IMO,PSA,SG,2,1,-26.0,1,22.9
3405,b,IMO,PSA,SG,2,1,23.0,1,60.0
3405,b,IMO,PSA,SG,2,1,60.1,0,0
2310,,IMO,PSA,SG,3,1,23,1,60
1951,,IMO,PSA,SG,3,0,0,1,22.9
1951,,IMO,PSA,SG,3,1,23.0,1,60.0
1951,,IMO,PSA,SG,3,1,60.1,0,0
155,d,IMO,PSA,SG,1,0,0,0,0
3272,a,IMO,PSA,SG,1S,0,0,1,-26.1
3272,a,IMO,PSA,SG,2S,1,-26,1,22.9
2238,,IMO,PSA,SG,3,1,23,1,60
2779,c,IMO,PSA,SG,3,0,0,1,22.9
2779,c,IMO,PSA,SG,3,1,23.0,1,60.0
2779,c,IMO,PSA,SG,3,1,60.1,0,0
2779,c,IMO,PSA,SG,3,1,60.1,0,0
1858,a,IMO,PSA,SG,3,0,0,1,22.9
1858,a,IMO,PSA,SG,3,1,23.0,1,60.0
1858,a,IMO,PSA,SG,3,1,60.1,0,0
1403,,IMO,PSA,SG,2S,0,0,1,-26.1
1403,,IMO,PSA,SG,2S,1,-26.0,1,22.9
1403,,IMO,PSA,SG,2S,1,23.0,1,60.0
1403,,IMO,PSA,SG,2S,1,60.1,0,0
2028,,IMO,PSA,SG,2,0,0,1,-26.1
2028,,IMO,PSA,SG,2,1,-26.0,1,22.9
2028,,IMO,PSA,SG,2,1,23.0,1,60.0
2028,,IMO,PSA,SG,2,1,60.1,0,0
1288,b,IMO,PSA,SG,2S,1,23,1,60
1158,,IMO,PSA,SG,2S,1,-26,1,22.9
3416,,IMO,PSA,SG,2,0,0,1,-26.1
3416,,IMO,PSA,SG,2,1,-26.0,1,22.9
3416,,IMO,PSA,SG,2,1,23.0,1,60.0
3416,,IMO,PSA,SG,2,1,60.1,0,0
1072,,IMO,PSA,SG,3,0,0,1,22.9
1072,,IMO,PSA,SG,3,1,23.0,1,60.0
1072,,IMO,PSA,SG,3,1,60.1,0,0
2735,a,IMO,PSA,SG,2,0,0,1,-26.1
2735,a,IMO,PSA,SG,2,1,-26.0,1,22.9
2735,a,IMO,PSA,SG,2,1,23.0,1,60.0
2735,a,IMO,PSA,SG,2,1,60.1,0,0
2078,,IMO,PSA,SG,2,0,0,1,-26.1
2078,,IMO,PSA,SG,2,1,-26.0,1,22.9
2078,,IMO,PSA,SG,2,1,23.0,1,60.0
2078,,IMO,PSA,SG,2,1,60.1,0,0
1458,b,IMO,PSA,SG,1D,0,0,1,-26.1
1458,b,IMO,PSA,SG,1D,1,-26.0,0,0
3213,b,IMO,PSA,SG,2,0,0,1,-26.1
3213,b,IMO,PSA,SG,2,1,-26.0,1,22.9
3213,b,IMO,PSA,SG,2,1,23.0,1,60.0
3213,b,IMO,PSA,SG,2,1,60.1,0,0
1938,a,IMO,PSA,SG,2S,0,0,1,-26.1
1938,a,IMO,PSA,SG,2S,1,-26.0,1,22.9
1938,a,IMO,PSA,SG,2S,1,23.0,1,60.0
1938,a,IMO,PSA,SG,2S,1,60.1,0,0
2074,,IMO,PSA,SG,3,0,0,1,22.9
2074,,IMO,PSA,SG,3,1,23.0,1,60.0
2074,,IMO,PSA,SG,3,1,60.1,0,0
3143,d,IMO,PSA,SG,3,0,0,1,22.9
3143,d,IMO,PSA,SG,3,1,23.0,1,60.0
3143,d,IMO,PSA,SG,3,1,60.1,0,0
3143,d,IMO,PSA,SG,3,1,60.1,0,0
2699,,IMO,PSA,SG,2,0,0,1,-26.1
2699,,IMO,PSA,SG,2,1,-26.0,1,22.9
2699,,IMO,PSA,SG,2,1,23.0,1,60.0
2699,,IMO,PSA,SG,2,1,60.1,0,0
3128,b,IMO,PSA,SG,2,0,0,1,-26.1
3128,b,IMO,PSA,SG,2,1,-26.0,1,22.9
3128,b,IMO,PSA,SG,2,1,23.0,1,60.0
3128,b,IMO,PSA,SG,2,1,60.1,0,0
347,,IMO,PSA,SG,2,0,0,1,-26.1
347,,IMO,PSA,SG,2,1,-26.0,1,22.9
347,,IMO,PSA,SG,2,1,23.0,1,60.0
347,,IMO,PSA,SG,2,1,60.1,0,0
1263,a,IMO,PSA,SG,1S,0,0,1,-26.1
2790,b,IMO,PSA,SG,2S,0,0,1,-26.1
2790,b,IMO,PSA,SG,2S,1,-26.0,1,22.9
2790,b,IMO,PSA,SG,2S,1,23.0,1,60.0
2790,b,IMO,PSA,SG,2S,1,60.1,0,0
2790,b,IMO,PSA,SG,2S,1,60.1,0,0
1755,b,IMO,PSA,SG,2,0,0,1,-26.1
1755,b,IMO,PSA,SG,2,1,-26.0,1,22.9
1755,b,IMO,PSA,SG,2,1,23.0,1,60.0
1755,b,IMO,PSA,SG,2,1,60.1,0,0
2689,,IMO,PSA,SG,3,0,0,1,22.9
2689,,IMO,PSA,SG,3,1,23.0,1,60.0
2689,,IMO,PSA,SG,3,1,60.1,0,0
1282,,IMO,PSA,SG,2B,1,-26,1,22.9
1988,c,IMO,PSA,SG,3,1,23,1,60
3453,,IMO,PSA,SG,3,0,0,1,22.9
3453,,IMO,PSA,SG,3,1,23.0,1,60.0
3453,,IMO,PSA,SG,3,1,60.1,0,0
2363,,IMO,PSA,SG,1D,0,0,1,-26.1
3144,f,IMO,PSA,SG,3,0,0,1,22.9
3144,f,IMO,PSA,SG,3,1,23.0,1,60.0
3144,f,IMO,PSA,SG,3,1,60.1,0,0
3144,f,IMO,PSA,SG,3,1,60.1,0,0
1111,,IMO,PSA,SG,2,1,-26,1,22.9
1620,,IMO,PSA,SG,2S,0,0,1,-26.1
1620,,IMO,PSA,SG,2S,1,-26.0,1,22.9
1620,,IMO,PSA,SG,2S,1,23.0,1,60.0
1620,,IMO,PSA,SG,2S,1,60.1,0,0
1195,,IMO,PSA,SG,2S,1,-26,1,22.9
3234,,IMO,PSA,SG,2,0,0,1,-26.1
3234,,IMO,PSA,SG,2,1,-26.0,1,22.9
3234,,IMO,PSA,SG,2,1,23.0,1,60.0
3234,,IMO,PSA,SG,2,1,60.1,0,0
3280,c,IMO,PSA,SG,2,0,0,1,-26.1
3280,c,IMO,PSA,SG,2,1,-26.0,1,22.9
3280,c,IMO,PSA,SG,2,1,23.0,1,60.0
3280,c,IMO,PSA,SG,2,1,60.1,0,0
3368,,IMO,PSA,SG,2,0,0,1,-26.1
3368,,IMO,PSA,SG,2,1,-26.0,1,22.9
3368,,IMO,PSA,SG,2,1,23.0,1,60.0
3368,,IMO,PSA,SG,2,1,60.1,0,0
2605,,IMO,PSA,SG,2,0,0,1,-26.1
2605,,IMO,PSA,SG,2,1,-26.0,1,22.9
2605,,IMO,PSA,SG,2,1,23.0,1,60.0
2605,,IMO,PSA,SG,2,1,60.1,0,0
1309,b,IMO,PSA,SG,2S,0,0,1,-26.1
1309,b,IMO,PSA,SG,2S,1,-26.0,1,22.9
1309,b,IMO,PSA,SG,2S,1,23.0,1,60.0
1309,b,IMO,PSA,SG,2S,1,60.1,0,0
2521,,IMO,PSA,SG,2,0,0,1,-26.1
2521,,IMO,PSA,SG,2,1,-26.0,1,22.9
2521,,IMO,PSA,SG,2,1,23.0,1,60.0
2521,,IMO,PSA,SG,2,1,60.1,0,0
3018,b,IMO,PSA,SG,2,0,0,1,-26.1
3018,b,IMO,PSA,SG,2,1,-26.0,1,22.9
3018,b,IMO,PSA,SG,2,1,23.0,1,60.0
3018,b,IMO,PSA,SG,2,1,60.1,0,0
2607,,IMO,PSA,SG,3,1,23,1,60
2252,,IMO,PSA,SG,2S,1,-26,1,22.9
3084,b,IMO,PSA,SG,2,0,0,1,-26.1
3084,b,IMO,PSA,SG,2,1,-26.0,1,22.9
3084,b,IMO,PSA,SG,2,1,23.0,1,60.0
3084,b,IMO,PSA,SG,2,1,60.1,0,0
2206,d,IMO,PSA,SG,2,0,0,1,-26.1
2206,d,IMO,PSA,SG,2,1,-26.0,1,22.9
2206,d,IMO,PSA,SG,2,1,23.0,1,60.0
2206,d,IMO,PSA,SG,2,1,60.1,0,0
1488,,IMO,PSA,SG,2,0,0,1,-26.1
1488,,IMO,PSA,SG,2,1,-26.0,1,22.9
1488,,IMO,PSA,SG,2,1,23.0,1,60.0
1488,,IMO,PSA,SG,2,1,60.1,0,0
2687,,IMO,PSA,SG,2,0,0,1,-26.1
2687,,IMO,PSA,SG,2,1,-26.0,1,22.9
2687,,IMO,PSA,SG,2,1,23.0,1,60.0
2687,,IMO,PSA,SG,2,1,60.1,0,0
2687,,IMO,PSA,SG,2,1,23.0,1,60.0
2687,,IMO,PSA,SG,2,1,60.1,0,0
3147,b,IMO,PSA,SG,2,0,0,1,-26.1
3147,b,IMO,PSA,SG,2,1,-26.0,1,22.9
3147,b,IMO,PSA,SG,2,1,23.0,1,60.0
3147,b,IMO,PSA,SG,2,1,60.1,0,0
3147,c,IMO,PSA,SG,3,0,0,1,22.9
3147,c,IMO,PSA,SG,3,1,23.0,1,60.0
3147,c,IMO,PSA,SG,3,1,60.1,0,0
3147,c,IMO,PSA,SG,3,1,60.1,0,0
373,,IMO,PSA,SG,2,0,0,1,-26.1
373,,IMO,PSA,SG,2,1,-26.0,1,22.9
373,,IMO,PSA,SG,2,1,23.0,1,60.0
373,,IMO,PSA,SG,2,1,60.1,0,0
1598,,IMO,PSA,SG,2,0,0,1,-26.1
1598,,IMO,PSA,SG,2,1,-26.0,1,22.9
1598,,IMO,PSA,SG,2,1,23.0,1,60.0
1598,,IMO,PSA,SG,2,1,60.1,0,0
282,e,IMO,PSA,SG,1,0,0,0,0
2215,b,IMO,PSA,SG,3,0,0,1,22.9
2215,b,IMO,PSA,SG,3,1,23.0,1,60.0
2215,b,IMO,PSA,SG,3,1,60.1,0,0
2013,,IMO,PSA,SG,2,0,0,1,-26.1
2013,,IMO,PSA,SG,2,1,-26.0,1,22.9
2013,,IMO,PSA,SG,2,1,23.0,1,60.0
2013,,IMO,PSA,SG,2,1,60.1,0,0
2392,,IMO,PSA,SG,3,1,23,1,60
2796,a,IMO,PSA,SG,2S,0,0,1,-26.1
2796,a,IMO,PSA,SG,2S,1,-26.0,1,22.9
2796,a,IMO,PSA,SG,2S,1,23.0,1,60.0
2796,a,IMO,PSA,SG,2S,1,60.1,0,0
2273,,IMO,PSA,SG,3,0,0,1,22.9
2273,,IMO,PSA,SG,3,1,23.0,1,60.0
2273,,IMO,PSA,SG,3,1,60.1,0,0
1921,,IMO,PSA,SG,2,1,-26,1,22.9
1067,b,IMO,PSA,SG,2,0,0,1,-26.1
1067,b,IMO,PSA,SG,2,1,-26.0,1,22.9
1067,b,IMO,PSA,SG,2,1,23.0,1,60.0
1067,b,IMO,PSA,SG,2,1,60.1,0,0
2421,,IMO,PSA,SG,2,0,0,1,-26.1
2421,,IMO,PSA,SG,2,1,-26.0,1,22.9
2421,,IMO,PSA,SG,2,1,23.0,1,60.0
2421,,IMO,PSA,SG,2,1,60.1,0,0
2047,a,IMO,PSA,SG,2,1,-26,1,22.9
2742,,IMO,PSA,SG,2,0,0,1,-26.1
2742,,IMO,PSA,SG,2,1,-26.0,1,22.9
2742,,IMO,PSA,SG,2,1,23.0,1,60.0
2742,,IMO,PSA,SG,2,1,60.1,0,0
3124,a,IMO,PSA,SG,2,0,0,1,-26.1
3124,a,IMO,PSA,SG,2,1,-26.0,1,22.9
3124,a,IMO,PSA,SG,2,1,23.0,1,60.0
3124,a,IMO,PSA,SG,2,1,60.1,0,0
2203,,IMO,PSA,SG,1S,0,0,1,-26.1
2203,,IMO,PSA,SG,1S,1,-26.0,0,0
1765,,IMO,PSA,SG,2,0,0,1,-26.1
1765,,IMO,PSA,SG,2,1,-26.0,1,22.9
1765,,IMO,PSA,SG,2,1,23.0,1,60.0
1765,,IMO,PSA,SG,2,1,60.1,0,0
3088,a,IMO,PSA,SG,2,0,0,1,-26.1
3088,a,IMO,PSA,SG,2,1,-26.0,1,22.9
3088,a,IMO,PSA,SG,2,1,23.0,1,60.0
3088,a,IMO,PSA,SG,2,1,60.1,0,0
1263,c,IMO,PSA,SG,2S,1,-26,1,22.9
1279,,IMO,PSA,SG,2S,1,-26,1,22.9
2693,,IMO,PSA,SG,3,0,0,1,22.9
2693,,IMO,PSA,SG,3,1,23.0,1,60.0
2693,,IMO,PSA,SG,3,1,60.1,0,0
2693,,IMO,PSA,SG,3,1,60.1,0,0
3147,a,IMO,PSA,SG,2,0,0,1,-26.1
3147,a,IMO,PSA,SG,2,1,-26.0,1,22.9
3147,a,IMO,PSA,SG,2,1,23.0,1,60.0
3147,a,IMO,PSA,SG,2,1,60.1,0,0
2555,,IMO,PSA,SG,2,0,0,1,-26.1
2555,,IMO,PSA,SG,2,1,-26.0,1,22.9
2555,,IMO,PSA,SG,2,1,23.0,1,60.0
2555,,IMO,PSA,SG,2,1,60.1,0,0
411,d,IMO,PSA,SG,1,0,0,0,0
1482,b,IMO,PSA,SG,1D,0,0,1,-26.1
1482,b,IMO,PSA,SG,1D,1,-26.0,0,0
2023,,IMO,PSA,SG,2,0,0,1,-26.1
2023,,IMO,PSA,SG,2,1,-26.0,1,22.9
2023,,IMO,PSA,SG,2,1,23.0,1,60.0
2023,,IMO,PSA,SG,2,1,60.1,0,0
2359,,IMO,PSA,SG,2,1,-26,1,22.9
3019,a,IMO,PSA,SG,2,1,23,1,60
1645,,IMO,PSA,SG,2S,0,0,1,-26.1
1645,,IMO,PSA,SG,2S,1,-26.0,1,22.9
1645,,IMO,PSA,SG,2S,1,23.0,1,60.0
1645,,IMO,PSA,SG,2S,1,60.1,0,0
1212,a,IMO,PSA,SG,3,1,23,1,60
3015,b,IMO,PSA,SG,2,1,23,1,60
1391,a,IMO,PSA,SG,1D,0,0,1,-26.1
1391,a,IMO,PSA,SG,1D,1,-26.0,0,0
1391,a,IMO,PSA,SG,2,0,0,1,-26.1
1391,a,IMO,PSA,SG,2,1,-26.0,1,22.9
1391,a,IMO,PSA,SG,2,1,23.0,1,60.0
1391,a,IMO,PSA,SG,2,1,60.1,0,0
1975,a,IMO,PSA,SG,2,0,0,1,-26.1
1975,a,IMO,PSA,SG,2,1,-26.0,1,22.9
1975,a,IMO,PSA,SG,2,1,23.0,1,60.0
1975,a,IMO,PSA,SG,2,1,60.1,0,0
2193,b,IMO,PSA,SG,3,0,0,1,22.9
2193,b,IMO,PSA,SG,3,1,23.0,1,60.0
2193,b,IMO,PSA,SG,3,1,60.1,0,0
3284,b,IMO,PSA,SG,2,0,0,1,-26.1
3284,b,IMO,PSA,SG,2,1,-26.0,1,22.9
3284,b,IMO,PSA,SG,2,1,23.0,1,60.0
3284,b,IMO,PSA,SG,2,1,60.1,0,0
1959,b,IMO,PSA,SG,2S,0,0,1,-26.1
1959,b,IMO,PSA,SG,2S,1,-26.0,1,22.9
1959,b,IMO,PSA,SG,2S,1,23.0,1,60.0
1959,b,IMO,PSA,SG,2S,1,60.1,0,0
1418,d,IMO,PSA,SG,2,0,0,1,-26.1
1418,d,IMO,PSA,SG,2,1,-26.0,1,22.9
1418,d,IMO,PSA,SG,2,1,23.0,1,60.0
1418,d,IMO,PSA,SG,2,1,60.1,0,0
1114,,IMO,PSA,SG,2S,1,-26,1,22.9
496,b,IMO,PSA,SG,1,0,0,0,0
1144,,IMO,PSA,SG,1S,0,0,1,-26.1
1748,a,IMO,PSA,SG,3,0,0,1,22.9
1748,a,IMO,PSA,SG,3,1,23.0,1,60.0
1748,a,IMO,PSA,SG,3,1,60.1,0,0
208,c,IMO,PSA,SG,1,0,0,0,0
2926,b,IMO,PSA,SG,3,0,0,1,22.9
2926,b,IMO,PSA,SG,3,1,23.0,1,60.0
2926,b,IMO,PSA,SG,3,1,60.1,0,0
2926,b,IMO,PSA,SG,3,1,23.0,1,60.0
2926,b,IMO,PSA,SG,3,1,60.1,0,0
2546,c,IMO,PSA,SG,2S,0,0,1,-26.1
2546,c,IMO,PSA,SG,2S,1,-26.0,1,22.9
2546,c,IMO,PSA,SG,2S,1,23.0,1,60.0
2546,c,IMO,PSA,SG,2S,1,60.1,0,0
2546,c,IMO,PSA,SG,2S,1,60.1,0,0
3232,b,IMO,PSA,SG,2,0,0,1,-26.1
3232,b,IMO,PSA,SG,2,1,-26.0,1,22.9
3232,b,IMO,PSA,SG,2,1,23.0,1,60.0
3232,b,IMO,PSA,SG,2,1,60.1,0,0
1203,a,IMO,PSA,SG,1S,0,0,1,-26.1
2602,b,IMO,PSA,SG,3,0,0,1,22.9
2602,b,IMO,PSA,SG,3,1,23.0,1,60.0
2602,b,IMO,PSA,SG,3,1,60.1,0,0
1467,,IMO,PSA,SG,2,0,0,1,-26.1
1467,,IMO,PSA,SG,2,1,-26.0,1,22.9
1467,,IMO,PSA,SG,2,1,23.0,1,60.0
1467,,IMO,PSA,SG,2,1,60.1,0,0
2430,a,IMO,PSA,SG,2,0,0,1,-26.1
2430,a,IMO,PSA,SG,2,1,-26.0,1,22.9
2430,a,IMO,PSA,SG,2,1,23.0,1,60.0
2430,a,IMO,PSA,SG,2,1,60.1,0,0
2330,,IMO,PSA,SG,3,1,23,1,60
5,,IMO,PSA,SG,1,0,0,0,0
2589,,IMO,PSA,SG,3,0,0,1,22.9
2589,,IMO,PSA,SG,3,1,23.0,1,60.0
2589,,IMO,PSA,SG,3,1,60.1,0,0
1100,,IMO,PSA,SG,1D,0,0,1,-26.1
3273,b,IMO,PSA,SG,2,1,-26,1,22.9
2200,,IMO,PSA,SG,1S,0,0,1,-26.1
2200,,IMO,PSA,SG,1S,1,-26.0,0,0
303,a,IMO,PSA,SG,2,0,0,1,-26.1
303,a,IMO,PSA,SG,2,1,-26.0,1,22.9
303,a,IMO,PSA,SG,2,1,23.0,1,60.0
303,a,IMO,PSA,SG,2,1,60.1,0,0
2233,,IMO,PSA,SG,3,0,0,1,22.9
2233,,IMO,PSA,SG,3,1,23.0,1,60.0
2233,,IMO,PSA,SG,3,1,60.1,0,0
3342,b,IMO,PSA,SG,2S,0,0,1,-26.1
3342,b,IMO,PSA,SG,2S,1,-26.0,1,22.9
3342,b,IMO,PSA,SG,2S,1,23.0,1,60.0
3342,b,IMO,PSA,SG,2S,1,60.1,0,0
1866,b,IMO,PSA,SG,2S,1,-26,1,22.9
1664,,IMO,PSA,SG,3,0,0,1,22.9
1664,,IMO,PSA,SG,3,1,23.0,1,60.0
1664,,IMO,PSA,SG,3,1,60.1,0,0
2397,,IMO,PSA,SG,2S,1,-26,1,22.9
266,d,IMO,PSA,SG,1,0,0,0,0
3021,b,IMO,PSA,SG,2,1,-26,1,22.9
1551,,IMO,PSA,SG,3,0,0,1,22.9
1551,,IMO,PSA,SG,3,1,23.0,1,60.0
1551,,IMO,PSA,SG,3,1,60.1,0,0
2215,a,IMO,PSA,SG,3,0,0,1,22.9
2215,a,IMO,PSA,SG,3,1,23.0,1,60.0
2215,a,IMO,PSA,SG,3,1,60.1,0,0
1323,,IMO,PSA,SG,2,0,0,1,-26.1
1323,,IMO,PSA,SG,2,1,-26.0,1,22.9
1323,,IMO,PSA,SG,2,1,23.0,1,60.0
1323,,IMO,PSA,SG,2,1,60.1,0,0
2274,,IMO,PSA,SG,3,0,0,1,22.9
2274,,IMO,PSA,SG,3,1,23.0,1,60.0
2274,,IMO,PSA,SG,3,1,60.1,0,0
2382,,IMO,PSA,SG,2,0,0,1,-26.1
2382,,IMO,PSA,SG,2,1,-26.0,1,22.9
2382,,IMO,PSA,SG,2,1,23.0,1,60.0
2382,,IMO,PSA,SG,2,1,60.1,0,0
1021,a,IMO,PSA,SG,3,0,0,1,22.9
1021,a,IMO,PSA,SG,3,1,23.0,1,60.0
1021,a,IMO,PSA,SG,3,1,60.1,0,0
2456,,IMO,PSA,SG,2S,1,-26,1,22.9
2456,,IMO,PSA,SG,1S,0,0,1,-26.1
1063,b,IMO,PSA,SG,2,0,0,1,-26.1
1063,b,IMO,PSA,SG,2,1,-26.0,1,22.9
1063,b,IMO,PSA,SG,2,1,23.0,1,60.0
1063,b,IMO,PSA,SG,2,1,60.1,0,0
1629,,IMO,PSA,SG,2S,0,0,1,-26.1
1629,,IMO,PSA,SG,2S,1,-26.0,1,22.9
1629,,IMO,PSA,SG,2S,1,23.0,1,60.0
1629,,IMO,PSA,SG,2S,1,60.1,0,0
1952,,IMO,PSA,SG,2,0,0,1,-26.1
1952,,IMO,PSA,SG,2,1,-26.0,1,22.9
1952,,IMO,PSA,SG,2,1,23.0,1,60.0
1952,,IMO,PSA,SG,2,1,60.1,0,0
1761,b,IMO,PSA,SG,2S,0,0,1,-26.1
1761,b,IMO,PSA,SG,2S,1,-26.0,1,22.9
1761,b,IMO,PSA,SG,2S,1,23.0,1,60.0
1761,b,IMO,PSA,SG,2S,1,60.1,0,0
2787,b,IMO,PSA,SG,2,1,-26,1,22.9
3185,a,IMO,PSA,SG,2,0,0,1,-26.1
3185,a,IMO,PSA,SG,2,1,-26.0,1,22.9
3185,a,IMO,PSA,SG,2,1,23.0,1,60.0
3185,a,IMO,PSA,SG,2,1,60.1,0,0
2879,,IMO,PSA,SG,2,0,0,1,-26.1
2879,,IMO,PSA,SG,2,1,-26.0,1,22.9
2879,,IMO,PSA,SG,2,1,23.0,1,60.0
2879,,IMO,PSA,SG,2,1,60.1,0,0
151,c,IMO,PSA,SG,1,0,0,0,0
209,b,IMO,PSA,SG,1,0,0,0,0
1408,,IMO,PSA,SG,2,0,0,1,-26.1
1408,,IMO,PSA,SG,2,1,-26.0,1,22.9
1408,,IMO,PSA,SG,2,1,23.0,1,60.0
1408,,IMO,PSA,SG,2,1,60.1,0,0
1176,,IMO,PSA,SG,2S,1,-26,1,22.9
1982,a,IMO,PSA,SG,2S,0,0,1,-26.1
1982,a,IMO,PSA,SG,2S,1,-26.0,1,22.9
1982,a,IMO,PSA,SG,2S,1,23.0,1,60.0
1982,a,IMO,PSA,SG,2S,1,60.1,0,0
3259,e,IMO,PSA,SG,3,0,0,1,22.9
3259,e,IMO,PSA,SG,3,1,23.0,1,60.0
3259,e,IMO,PSA,SG,3,1,60.1,0,0
3259,e,IMO,PSA,SG,3,1,60.1,0,0
214,c,IMO,PSA,SG,1,0,0,0,0
1886,,IMO,PSA,SG,2,0,0,1,-26.1
1886,,IMO,PSA,SG,2,1,-26.0,1,22.9
1886,,IMO,PSA,SG,2,1,23.0,1,60.0
1886,,IMO,PSA,SG,2,1,60.1,0,0
3462,b,IMO,PSA,SG,3,0,0,1,22.9
3462,b,IMO,PSA,SG,3,1,23.0,1,60.0
3462,b,IMO,PSA,SG,3,1,60.1,0,0
3462,b,IMO,PSA,SG,3,1,60.1,0,0
2558,,IMO,PSA,SG,2,0,0,1,-26.1
2558,,IMO,PSA,SG,2,1,-26.0,1,22.9
2558,,IMO,PSA,SG,2,1,23.0,1,60.0
2558,,IMO,PSA,SG,2,1,60.1,0,0
2217,,IMO,PSA,SG,3,0,0,1,22.9
2217,,IMO,PSA,SG,3,1,23.0,1,60.0
2217,,IMO,PSA,SG,3,1,60.1,0,0
2323,,IMO,PSA,SG,2S,1,23,1,60
2998,c,IMO,PSA,SG,3,0,0,1,22.9
2998,c,IMO,PSA,SG,3,1,23.0,1,60.0
2998,c,IMO,PSA,SG,3,1,60.1,0,0
2998,c,IMO,PSA,SG,3,1,60.1,0,0
1268,a,IMO,PSA,SG,1S,0,0,1,-26.1
1477,a,IMO,PSA,SG,1D,0,0,1,-26.1
1477,a,IMO,PSA,SG,1D,1,-26.0,0,0
1999,b,IMO,PSA,SG,3,1,23,1,60
2621,,IMO,PSA,SG,2S,1,23,1,60
1641,,IMO,PSA,SG,2S,0,0,1,-26.1
1641,,IMO,PSA,SG,2S,1,-26.0,1,22.9
1641,,IMO,PSA,SG,2S,1,23.0,1,60.0
1641,,IMO,PSA,SG,2S,1,60.1,0,0
3301,a,IMO,PSA,SG,2,0,0,1,-26.1
3301,a,IMO,PSA,SG,2,1,-26.0,1,22.9
3301,a,IMO,PSA,SG,2,1,23.0,1,60.0
3301,a,IMO,PSA,SG,2,1,60.1,0,0
3257,,IMO,PSA,SG,2,0,0,1,-26.1
3257,,IMO,PSA,SG,2,1,-26.0,1,22.9
3257,,IMO,PSA,SG,2,1,23.0,1,60.0
3257,,IMO,PSA,SG,2,1,60.1,0,0
409,,IMO,PSA,SG,1,0,0,0,0
1410,,IMO,PSA,SG,2,0,0,1,-26.1
1410,,IMO,PSA,SG,2,1,-26.0,1,22.9
1410,,IMO,PSA,SG,2,1,23.0,1,60.0
1410,,IMO,PSA,SG,2,1,60.1,0,0
3403,,IMO,PSA,SG,2,0,0,1,-26.1
3403,,IMO,PSA,SG,2,1,-26.0,1,22.9
3403,,IMO,PSA,SG,2,1,23.0,1,60.0
3403,,IMO,PSA,SG,2,1,60.1,0,0
2941,,IMO,PSA,SG,3,0,0,1,22.9
2941,,IMO,PSA,SG,3,1,23.0,1,60.0
2941,,IMO,PSA,SG,3,1,60.1,0,0
1067,a,IMO,PSA,SG,2,0,0,1,-26.1
1067,a,IMO,PSA,SG,2,1,-26.0,1,22.9
1067,a,IMO,PSA,SG,2,1,23.0,1,60.0
1067,a,IMO,PSA,SG,2,1,60.1,0,0
2872,b,IMO,PSA,SG,2,0,0,1,-26.1
2872,b,IMO,PSA,SG,2,1,-26.0,1,22.9
2872,b,IMO,PSA,SG,2,1,23.0,1,60.0
2872,b,IMO,PSA,SG,2,1,60.1,0,0
2872,b,IMO,PSA,SG,3,0,0,1,22.9
2872,b,IMO,PSA,SG,3,1,23.0,1,60.0
2872,b,IMO,PSA,SG,3,1,60.1,0,0
2431,,IMO,PSA,SG,3,0,0,1,22.9
2431,,IMO,PSA,SG,3,1,23.0,1,60.0
2431,,IMO,PSA,SG,3,1,60.1,0,0
3263,a,IMO,PSA,SG,2,0,0,1,-26.1
3263,a,IMO,PSA,SG,2,1,-26.0,1,22.9
3263,a,IMO,PSA,SG,2,1,23.0,1,60.0
3263,a,IMO,PSA,SG,2,1,60.1,0,0
3362,,IMO,PSA,SG,1D,0,0,1,-26.1
3362,,IMO,PSA,SG,2,1,-26.0,1,22.9
3362,,IMO,PSA,SG,2,1,23.0,1,60.0
1210,c,IMO,PSA,SG,2S,1,-26,1,22.9
495,,IMO,PSA,SG,2,0,0,1,-26.1
495,,IMO,PSA,SG,2,1,-26.0,1,22.9
495,,IMO,PSA,SG,2,1,23.0,1,60.0
495,,IMO,PSA,SG,2,1,60.1,0,0
1769,,IMO,PSA,SG,2,0,0,1,-26.1
1769,,IMO,PSA,SG,2,1,-26.0,1,22.9
1769,,IMO,PSA,SG,2,1,23.0,1,60.0
1769,,IMO,PSA,SG,2,1,60.1,0,0
147,,IMO,PSA,SG,1,0,0,0,0
2420,,IMO,PSA,SG,2,0,0,1,-26.1
2420,,IMO,PSA,SG,2,1,-26.0,1,22.9
2420,,IMO,PSA,SG,2,1,23.0,1,60.0
2420,,IMO,PSA,SG,2,1,60.1,0,0
1089,,IMO,PSA,SG,1S,0,0,1,-26.1
1759,a,IMO,PSA,SG,2,0,0,1,-26.1
1759,a,IMO,PSA,SG,2,1,-26.0,1,22.9
1759,a,IMO,PSA,SG,2,1,23.0,1,60.0
1759,a,IMO,PSA,SG,2,1,60.1,0,0
1971,b,IMO,PSA,SG,1S,0,0,1,-26.1
1971,b,IMO,PSA,SG,1S,1,-26.0,0,0
1788,a,IMO,PSA,SG,3,0,0,1,22.9
1788,a,IMO,PSA,SG,3,1,23.0,1,60.0
1788,a,IMO,PSA,SG,3,1,60.1,0,0
1461,,IMO,PSA,SG,1D,0,0,1,-26.1
1461,,IMO,PSA,SG,1D,1,-26.0,0,0
3143,a,IMO,PSA,SG,2,0,0,1,-26.1
3143,a,IMO,PSA,SG,2,1,-26.0,1,22.9
3143,a,IMO,PSA,SG,2,1,23.0,1,60.0
3143,a,IMO,PSA,SG,2,1,60.1,0,0
3115,a,IMO,PSA,SG,2,0,0,1,-26.1
3115,a,IMO,PSA,SG,2,1,-26.0,1,22.9
3115,a,IMO,PSA,SG,2,1,23.0,1,60.0
3115,a,IMO,PSA,SG,2,1,60.1,0,0
70,,IMO,PSA,SG,2,0,0,1,-26.1
70,,IMO,PSA,SG,2,1,-26.0,1,22.9
70,,IMO,PSA,SG,2,1,23.0,1,60.0
70,,IMO,PSA,SG,2,1,60.1,0,0
1887,,IMO,PSA,SG,3,0,0,1,22.9
1887,,IMO,PSA,SG,3,1,23.0,1,60.0
1887,,IMO,PSA,SG,3,1,60.1,0,0
3088,b,IMO,PSA,SG,2,0,0,1,-26.1
3088,b,IMO,PSA,SG,2,1,-26.0,1,22.9
3088,b,IMO,PSA,SG,2,1,23.0,1,60.0
3088,b,IMO,PSA,SG,2,1,60.1,0,0
1669,,IMO,PSA,SG,3,0,0,1,22.9
1669,,IMO,PSA,SG,3,1,23.0,1,60.0
1669,,IMO,PSA,SG,3,1,60.1,0,0
2647,,IMO,PSA,SG,3,0,0,1,22.9
2647,,IMO,PSA,SG,3,1,23.0,1,60.0
2647,,IMO,PSA,SG,3,1,60.1,0,0
1065,,IMO,PSA,SG,3,0,0,1,22.9
1065,,IMO,PSA,SG,3,1,23.0,1,60.0
1065,,IMO,PSA,SG,3,1,60.1,0,0
2010,,IMO,PSA,SG,2,0,0,1,-26.1
2010,,IMO,PSA,SG,2,1,-26.0,1,22.9
2010,,IMO,PSA,SG,2,1,23.0,1,60.0
2010,,IMO,PSA,SG,2,1,60.1,0,0
3394,,IMO,PSA,SG,1D,0,0,1,-26.1
3394,,IMO,PSA,SG,1D,1,-26.0,0,0
3265,a,IMO,PSA,SG,2,1,60.1,0,0
3336,f,IMO,PSA,SG,2,1,23,1,60
2902,b,IMO,PSA,SG,2,0,0,1,-26.1
2902,b,IMO,PSA,SG,2,1,-26.0,1,22.9
2902,b,IMO,PSA,SG,2,1,23.0,1,60.0
2902,b,IMO,PSA,SG,2,1,60.1,0,0
2451,,IMO,PSA,SG,2S,0,0,1,-26.1
2451,,IMO,PSA,SG,2S,1,-26.0,1,22.9
2451,,IMO,PSA,SG,2S,1,23.0,1,60.0
2451,,IMO,PSA,SG,2S,1,60.1,0,0
1333,,IMO,PSA,SG,2S,0,0,1,-26.1
1333,,IMO,PSA,SG,2S,1,-26.0,1,22.9
1333,,IMO,PSA,SG,2S,1,23.0,1,60.0
1333,,IMO,PSA,SG,2S,1,60.1,0,0
2760,a,IMO,PSA,SG,2,1,-26,1,22.9
2026,c,IMO,PSA,SG,2,0,0,1,-26.1
2026,c,IMO,PSA,SG,2,1,-26.0,1,22.9
2026,c,IMO,PSA,SG,2,1,23.0,1,60.0
2026,c,IMO,PSA,SG,2,1,60.1,0,0
446,,IMO,PSA,SG,2,0,0,1,-26.1
446,,IMO,PSA,SG,2,1,-26.0,1,22.9
446,,IMO,PSA,SG,2,1,23.0,1,60.0
446,,IMO,PSA,SG,2,1,60.1,0,0
2264,,IMO,PSA,SG,3,0,0,1,22.9
2264,,IMO,PSA,SG,3,1,23.0,1,60.0
2264,,IMO,PSA,SG,3,1,60.1,0,0
2907,,IMO,PSA,SG,2,0,0,1,-26.1
2907,,IMO,PSA,SG,2,1,-26.0,1,22.9
2907,,IMO,PSA,SG,2,1,23.0,1,60.0
2907,,IMO,PSA,SG,2,1,60.1,0,0
1685,,IMO,PSA,SG,2S,0,0,1,-26.1
1685,,IMO,PSA,SG,2S,1,-26.0,1,22.9
1685,,IMO,PSA,SG,2S,1,23.0,1,60.0
1685,,IMO,PSA,SG,2S,1,60.1,0,0
1136,b,IMO,PSA,SG,2S,1,-26,1,22.9
1136,b,IMO,PSA,SG,3,1,23,1,60
3278,b,IMO,PSA,SG,2,0,0,1,-26.1
3278,b,IMO,PSA,SG,2,1,-26.0,1,22.9
3278,b,IMO,PSA,SG,2,1,23.0,1,60.0
3278,b,IMO,PSA,SG,2,1,60.1,0,0
3375,c,IMO,PSA,SG,1D,0,0,1,-26.1
3375,c,IMO,PSA,SG,1D,1,-26.0,0,0
1348,,IMO,PSA,SG,2,0,0,1,-26.1
1348,,IMO,PSA,SG,2,1,-26.0,1,22.9
1348,,IMO,PSA,SG,2,1,23.0,1,60.0
1348,,IMO,PSA,SG,2,1,60.1,0,0
155,a,IMO,PSA,SG,1,0,0,0,0
2779,b,IMO,PSA,SG,3,0,0,1,22.9
2779,b,IMO,PSA,SG,3,1,23.0,1,60.0
2779,b,IMO,PSA,SG,3,1,60.1,0,0
2779,b,IMO,PSA,SG,3,1,60.1,0,0
1038,,IMO,PSA,SG,2S,0,0,1,-26.1
1038,,IMO,PSA,SG,2S,1,-26.0,1,22.9
1038,,IMO,PSA,SG,2S,1,23.0,1,60.0
1038,,IMO,PSA,SG,2S,1,60.1,0,0
78,c,IMO,PSA,SG,1,0,0,0,0
3016,a,IMO,PSA,SG,2,0,0,1,-26.1
3016,a,IMO,PSA,SG,2,1,-26.0,1,22.9
3016,a,IMO,PSA,SG,2,1,23.0,1,60.0
3016,a,IMO,PSA,SG,2,1,60.1,0,0
490,a,IMO,PSA,SG,1,0,0,0,0
1718,,IMO,PSA,SG,3,0,0,1,22.9
1718,,IMO,PSA,SG,3,1,23.0,1,60.0
1718,,IMO,PSA,SG,3,1,60.1,0,0
37,,IMO,PSA,SG,1,0,0,0,0
488,,IMO,PSA,SG,2,0,0,1,-26.1
488,,IMO,PSA,SG,2,1,-26.0,1,22.9
488,,IMO,PSA,SG,2,1,23.0,1,60.0
488,,IMO,PSA,SG,2,1,60.1,0,0
2810,b,IMO,PSA,SG,2,0,0,1,-26.1
2810,b,IMO,PSA,SG,2,1,-26.0,1,22.9
2810,b,IMO,PSA,SG,2,1,23.0,1,60.0
2810,b,IMO,PSA,SG,2,1,60.1,0,0
2810,b,IMO,PSA,SG,2,1,60.1,0,0
1264,,IMO,PSA,SG,3,1,23,1,60
1126,,IMO,PSA,SG,2S,1,-26,1,22.9
1802,,IMO,PSA,SG,2,0,0,1,-26.1
1802,,IMO,PSA,SG,2,1,-26.0,1,22.9
1802,,IMO,PSA,SG,2,1,23.0,1,60.0
1802,,IMO,PSA,SG,2,1,60.1,0,0
3071,a,IMO,PSA,SG,1D,0,0,1,-26.1
3071,a,IMO,PSA,SG,2,1,-26.0,1,22.9
3071,a,IMO,PSA,SG,2,1,23.0,1,60.0
3347,c,IMO,PSA,SG,3,1,23,1,60
3143,c,IMO,PSA,SG,3,0,0,1,22.9
3143,c,IMO,PSA,SG,3,1,23.0,1,60.0
3143,c,IMO,PSA,SG,3,1,60.1,0,0
3143,c,IMO,PSA,SG,3,1,60.1,0,0
3210,a,IMO,PSA,SG,1D,0,0,1,-26.1
3210,a,IMO,PSA,SG,1D,1,-26.0,0,0
1840,,IMO,PSA,SG,3,0,0,1,22.9
1840,,IMO,PSA,SG,3,1,23.0,1,60.0
1840,,IMO,PSA,SG,3,1,60.1,0,0
3345,c,IMO,PSA,SG,3,0,0,1,22.9
3345,c,IMO,PSA,SG,3,1,23.0,1,60.0
3345,c,IMO,PSA,SG,3,1,60.1,0,0
3345,c,IMO,PSA,SG,3,1,60.1,0,0
3146,b,IMO,PSA,SG,3,0,0,1,22.9
3146,b,IMO,PSA,SG,3,1,23.0,1,60.0
3146,b,IMO,PSA,SG,3,1,60.1,0,0
3146,b,IMO,PSA,SG,3,1,60.1,0,0
3467,c,IMO,PSA,SG,3,0,0,1,22.9
3467,c,IMO,PSA,SG,3,1,23.0,1,60.0
3467,c,IMO,PSA,SG,3,1,60.1,0,0
3467,c,IMO,PSA,SG,3,1,60.1,0,0
3191,b,IMO,PSA,SG,2,0,0,1,-26.1
3191,b,IMO,PSA,SG,2,1,-26.0,1,22.9
3191,b,IMO,PSA,SG,2,1,23.0,1,60.0
3191,b,IMO,PSA,SG,2,1,60.1,0,0
2757,c,IMO,PSA,SG,3,0,0,1,22.9
2757,c,IMO,PSA,SG,3,1,23.0,1,60.0
2757,c,IMO,PSA,SG,3,1,60.1,0,0
2757,c,IMO,PSA,SG,3,1,60.1,0,0
3142,c,IMO,PSA,SG,3,0,0,1,22.9
3142,c,IMO,PSA,SG,3,1,23.0,1,60.0
3142,c,IMO,PSA,SG,3,1,60.1,0,0
3142,c,IMO,PSA,SG,3,1,60.1,0,0
151,b,IMO,PSA,SG,1,0,0,0,0
2394,,IMO,PSA,SG,3,1,23,1,60
1915,,IMO,PSA,SG,2S,1,23,1,60
2646,,IMO,PSA,SG,2,0,0,1,-26.1
2646,,IMO,PSA,SG,2,1,-26.0,1,22.9
2646,,IMO,PSA,SG,2,1,23.0,1,60.0
2646,,IMO,PSA,SG,2,1,60.1,0,0
1166,,IMO,PSA,SG,2S,1,-26,1,22.9
1804,,IMO,PSA,SG,2,0,0,1,-26.1
1804,,IMO,PSA,SG,2,1,-26.0,1,22.9
1804,,IMO,PSA,SG,2,1,23.0,1,60.0
1804,,IMO,PSA,SG,2,1,60.1,0,0
405,,IMO,PSA,SG,2,0,0,1,-26.1
405,,IMO,PSA,SG,2,1,-26.0,1,22.9
405,,IMO,PSA,SG,2,1,23.0,1,60.0
405,,IMO,PSA,SG,2,1,60.1,0,0
79,b,IMO,PSA,SG,1,0,0,0,0
272,,IMO,PSA,SG,2,0,0,1,-26.1
272,,IMO,PSA,SG,2,1,-26.0,1,22.9
272,,IMO,PSA,SG,2,1,23.0,1,60.0
272,,IMO,PSA,SG,2,1,60.1,0,0
2286,,IMO,PSA,SG,3,1,23,1,60
2881,c,IMO,PSA,SG,2,0,0,1,-26.1
2881,c,IMO,PSA,SG,2,1,-26.0,1,22.9
2881,c,IMO,PSA,SG,2,1,23.0,1,60.0
2881,c,IMO,PSA,SG,2,1,60.1,0,0
1486,,IMO,PSA,SG,2,0,0,1,-26.1
1486,,IMO,PSA,SG,2,1,-26.0,1,22.9
1486,,IMO,PSA,SG,2,1,23.0,1,60.0
1486,,IMO,PSA,SG,2,1,60.1,0,0
3349,b,IMO,PSA,SG,3,0,0,1,22.9
3349,b,IMO,PSA,SG,3,1,23.0,1,60.0
3349,b,IMO,PSA,SG,3,1,60.1,0,0
3349,b,IMO,PSA,SG,3,1,60.1,0,0
1218,,IMO,PSA,SG,1S,0,0,1,-26.1
398,,IMO,PSA,SG,1,0,0,0,0
2677,b,IMO,PSA,SG,3,0,0,1,22.9
2677,b,IMO,PSA,SG,3,1,23.0,1,60.0
2677,b,IMO,PSA,SG,3,1,60.1,0,0
3133,a,IMO,PSA,SG,1D,0,0,1,-26.1
3133,a,IMO,PSA,SG,1D,1,-26.0,0,0
153,b,IMO,PSA,SG,1,0,0,0,0
2246,,IMO,PSA,SG,1S,0,0,1,-26.1
1958,a,IMO,PSA,SG,3,0,0,1,22.9
1958,a,IMO,PSA,SG,3,1,23.0,1,60.0
1958,a,IMO,PSA,SG,3,1,60.1,0,0
1266,b,IMO,PSA,SG,3,1,23,1,60
297,,IMO,PSA,SG,2,0,0,1,-26.1
297,,IMO,PSA,SG,2,1,-26.0,1,22.9
297,,IMO,PSA,SG,2,1,23.0,1,60.0
297,,IMO,PSA,SG,2,1,60.1,0,0
1442,,IMO,PSA,SG,2,0,0,1,-26.1
1442,,IMO,PSA,SG,2,1,-26.0,1,22.9
1442,,IMO,PSA,SG,2,1,23.0,1,60.0
1442,,IMO,PSA,SG,2,1,60.1,0,0
2205,,IMO,PSA,SG,2S,0,0,1,-26.1
2205,,IMO,PSA,SG,2S,1,-26.0,1,22.9
2205,,IMO,PSA,SG,2S,1,23.0,1,60.0
2205,,IMO,PSA,SG,2S,1,60.1,0,0
1009,a,IMO,PSA,SG,3,0,0,1,22.9
1009,a,IMO,PSA,SG,3,1,23.0,1,60.0
1009,a,IMO,PSA,SG,3,1,60.1,0,0
489,a,IMO,PSA,SG,1,0,0,0,0
3413,b,IMO,PSA,SG,2,0,0,1,-26.1
3413,b,IMO,PSA,SG,2,1,-26.0,1,22.9
3413,b,IMO,PSA,SG,2,1,23.0,1,60.0
3413,b,IMO,PSA,SG,2,1,60.1,0,0
2542,,IMO,PSA,SG,2,0,0,1,-26.1
2542,,IMO,PSA,SG,2,1,-26.0,1,22.9
2542,,IMO,PSA,SG,2,1,23.0,1,60.0
2542,,IMO,PSA,SG,2,1,60.1,0,0
3222,b,IMO,PSA,SG,2,0,0,1,-26.1
3222,b,IMO,PSA,SG,2,1,-26.0,1,22.9
3222,b,IMO,PSA,SG,2,1,23.0,1,60.0
3222,b,IMO,PSA,SG,2,1,60.1,0,0
2326,,IMO,PSA,SG,3,0,0,1,22.9
2326,,IMO,PSA,SG,3,1,23.0,1,60.0
2326,,IMO,PSA,SG,3,1,60.1,0,0
2965,,IMO,PSA,SG,2,0,0,1,-26.1
2965,,IMO,PSA,SG,2,1,-26.0,1,22.9
2965,,IMO,PSA,SG,2,1,23.0,1,60.0
2965,,IMO,PSA,SG,2,1,60.1,0,0
1597,a,IMO,PSA,SG,2,0,0,1,-26.1
1597,a,IMO,PSA,SG,2,1,-26.0,1,22.9
1597,a,IMO,PSA,SG,2,1,23.0,1,60.0
1597,a,IMO,PSA,SG,2,1,60.1,0,0
399,,IMO,PSA,SG,1,0,0,0,0
143,b,IMO,PSA,SG,1,0,0,0,0
1869,b,IMO,PSA,SG,2,0,0,1,-26.1
1869,b,IMO,PSA,SG,2,1,-26.0,1,22.9
1869,b,IMO,PSA,SG,2,1,23.0,1,60.0
1869,b,IMO,PSA,SG,2,1,60.1,0,0
1744,b,IMO,PSA,SG,2,0,0,1,-26.1
1744,b,IMO,PSA,SG,2,1,-26.0,1,22.9
1744,b,IMO,PSA,SG,2,1,23.0,1,60.0
1744,b,IMO,PSA,SG,2,1,60.1,0,0
3141,,IMO,PSA,SG,3,0,0,1,22.9
3141,,IMO,PSA,SG,3,1,23.0,1,60.0
3141,,IMO,PSA,SG,3,1,60.1,0,0
3014,b,IMO,PSA,SG,2,0,0,1,-26.1
3014,b,IMO,PSA,SG,2,1,-26.0,1,22.9
3014,b,IMO,PSA,SG,2,1,23.0,1,60.0
3014,b,IMO,PSA,SG,2,1,60.1,0,0
3324,b,IMO,PSA,SG,2,0,0,1,-26.1
3324,b,IMO,PSA,SG,2,1,-26.0,1,22.9
3324,b,IMO,PSA,SG,2,1,23.0,1,60.0
3324,b,IMO,PSA,SG,2,1,60.1,0,0
2211,,IMO,PSA,SG,2,0,0,1,-26.1
2211,,IMO,PSA,SG,2,1,-26.0,1,22.9
2211,,IMO,PSA,SG,2,1,23.0,1,60.0
2211,,IMO,PSA,SG,2,1,60.1,0,0
3445,,IMO,PSA,SG,2S,0,0,1,-26.1
3445,,IMO,PSA,SG,2S,1,-26.0,1,22.9
3445,,IMO,PSA,SG,2S,1,23.0,1,60.0
3445,,IMO,PSA,SG,2S,1,60.1,0,0
477,,IMO,PSA,SG,2,0,0,1,-26.1
477,,IMO,PSA,SG,2,1,-26.0,1,22.9
477,,IMO,PSA,SG,2,1,23.0,1,60.0
477,,IMO,PSA,SG,2,1,60.1,0,0
1109,,IMO,PSA,SG,3,1,23,1,60
1965,,IMO,PSA,SG,1S,0,0,1,-26.1
1965,,IMO,PSA,SG,1S,1,-26.0,0,0
3125,a,IMO,PSA,SG,2,0,0,1,-26.1
3125,a,IMO,PSA,SG,2,1,-26.0,1,22.9
3125,a,IMO,PSA,SG,2,1,23.0,1,60.0
3125,a,IMO,PSA,SG,2,1,60.1,0,0
1510,,IMO,PSA,SG,1D,0,0,1,-26.1
1510,,IMO,PSA,SG,1D,1,-26.0,0,0
3159,b,IMO,PSA,SG,3,0,0,1,22.9
3159,b,IMO,PSA,SG,3,1,23.0,1,60.0
3159,b,IMO,PSA,SG,3,1,60.1,0,0
2923,b,IMO,PSA,SG,3,0,0,1,22.9
2923,b,IMO,PSA,SG,3,1,23.0,1,60.0
2923,b,IMO,PSA,SG,3,1,60.1,0,0
2923,b,IMO,PSA,SG,3,1,60.1,0,0
266,e,IMO,PSA,SG,1,0,0,0,0
2195,,IMO,PSA,SG,2,0,0,1,-26.1
2195,,IMO,PSA,SG,2,1,-26.0,1,22.9
2195,,IMO,PSA,SG,2,1,23.0,1,60.0
2195,,IMO,PSA,SG,2,1,60.1,0,0
2881,b,IMO,PSA,SG,2,0,0,1,-26.1
2881,b,IMO,PSA,SG,2,1,-26.0,1,22.9
2881,b,IMO,PSA,SG,2,1,23.0,1,60.0
2881,b,IMO,PSA,SG,2,1,60.1,0,0
146,b,IMO,PSA,SG,1,0,0,0,0
2313,,IMO,PSA,SG,3,1,23,1,60
3021,a,IMO,PSA,SG,2,1,-26,1,22.9
3019,c,IMO,PSA,SG,3,1,23,1,60
250,,IMO,PSA,SG,1,0,0,0,0
479,,IMO,PSA,SG,2,0,0,1,-26.1
479,,IMO,PSA,SG,2,1,-26.0,1,22.9
479,,IMO,PSA,SG,2,1,23.0,1,60.0
479,,IMO,PSA,SG,2,1,60.1,0,0
1791,a,IMO,PSA,SG,3,0,0,1,22.9
1791,a,IMO,PSA,SG,3,1,23.0,1,60.0
1791,a,IMO,PSA,SG,3,1,60.1,0,0
2819,,IMO,PSA,SG,3,0,0,1,22.9
2819,,IMO,PSA,SG,3,1,23.0,1,60.0
2819,,IMO,PSA,SG,3,1,60.1,0,0
1884,,IMO,PSA,SG,3,0,0,1,22.9
1884,,IMO,PSA,SG,3,1,23.0,1,60.0
1884,,IMO,PSA,SG,3,1,60.1,0,0
60,b,IMO,PSA,SG,1,0,0,0,0
181,,IMO,PSA,SG,1,0,0,0,0
2219,,IMO,PSA,SG,3,1,23,1,60
1644,,IMO,PSA,SG,3,0,0,1,22.9
1644,,IMO,PSA,SG,3,1,23.0,1,60.0
1644,,IMO,PSA,SG,3,1,60.1,0,0
3131,a,IMO,PSA,SG,1D,0,0,1,-26.1
3131,a,IMO,PSA,SG,1D,1,-26.0,0,0
3225,,IMO,PSA,SG,2,0,0,1,-26.1
3225,,IMO,PSA,SG,2,1,-26.0,1,22.9
3225,,IMO,PSA,SG,2,1,23.0,1,60.0
3225,,IMO,PSA,SG,2,1,60.1,0,0
3271,a,IMO,PSA,SG,1S,0,0,1,-26.1
3271,a,IMO,PSA,SG,2S,1,-26,1,22.9
237,,IMO,PSA,SG,2,0,0,1,-26.1
237,,IMO,PSA,SG,2,1,-26.0,1,22.9
237,,IMO,PSA,SG,2,1,23.0,1,60.0
237,,IMO,PSA,SG,2,1,60.1,0,0
1596,,IMO,PSA,SG,3,0,0,1,22.9
1596,,IMO,PSA,SG,3,1,23.0,1,60.0
1596,,IMO,PSA,SG,3,1,60.1,0,0
3134,b,IMO,PSA,SG,1D,0,0,1,-26.1
3134,b,IMO,PSA,SG,1D,1,-26.0,0,0
360,,IMO,PSA,SG,1,0,0,0,0
1712,b,IMO,PSA,SG,3,0,0,1,22.9
1712,b,IMO,PSA,SG,3,1,23.0,1,60.0
1712,b,IMO,PSA,SG,3,1,60.1,0,0
2990,,IMO,PSA,SG,2B,0,0,1,-26.1
2990,,IMO,PSA,SG,2B,1,-26.0,1,22.9
2990,,IMO,PSA,SG,2B,1,23.0,0,0
2754,,IMO,PSA,SG,3,0,0,1,22.9
2754,,IMO,PSA,SG,3,1,23.0,1,60.0
2754,,IMO,PSA,SG,3,1,60.1,0,0
3289,b,IMO,PSA,SG,2,0,0,1,-26.1
3289,b,IMO,PSA,SG,2,1,-26.0,1,22.9
3289,b,IMO,PSA,SG,2,1,23.0,1,60.0
3289,b,IMO,PSA,SG,2,1,60.1,0,0
2424,a,IMO,PSA,SG,3,0,0,1,22.9
2424,a,IMO,PSA,SG,3,1,23.0,1,60.0
2424,a,IMO,PSA,SG,3,1,60.1,0,0
16,b,IMO,PSA,SG,2,0,0,1,-26.1
16,b,IMO,PSA,SG,2,1,-26.0,1,22.9
16,b,IMO,PSA,SG,2,1,23.0,1,60.0
16,b,IMO,PSA,SG,2,1,60.1,0,0
2940,b,IMO,PSA,SG,2S,0,0,1,-26.1
2940,b,IMO,PSA,SG,2S,1,-26.0,1,22.9
2940,b,IMO,PSA,SG,2S,1,23.0,1,60.0
2940,b,IMO,PSA,SG,2S,1,60.1,0,0
6,,IMO,PSA,SG,1,0,0,0,0
1750,,IMO,PSA,SG,3,0,0,1,22.9
1750,,IMO,PSA,SG,3,1,23.0,1,60.0
1750,,IMO,PSA,SG,3,1,60.1,0,0
2244,,IMO,PSA,SG,3,1,23,1,60
1511,,IMO,PSA,SG,2S,0,0,1,-26.1
1511,,IMO,PSA,SG,2S,1,-26.0,1,22.9
1511,,IMO,PSA,SG,2S,1,23.0,1,60.0
1511,,IMO,PSA,SG,2S,1,60.1,0,0
2331,,IMO,PSA,SG,3,0,0,1,22.9
2331,,IMO,PSA,SG,3,1,23.0,1,60.0
2331,,IMO,PSA,SG,3,1,60.1,0,0
27,b,IMO,PSA,SG,1,0,0,0,0
3375,b,IMO,PSA,SG,1D,0,0,1,-26.1
3375,b,IMO,PSA,SG,1D,1,-26.0,0,0
1902,,IMO,PSA,SG,3,0,0,1,22.9
1902,,IMO,PSA,SG,3,1,23.0,1,60.0
1902,,IMO,PSA,SG,3,1,60.1,0,0
219,b,IMO,PSA,SG,1,0,0,0,0
3066,b,IMO,PSA,SG,2,0,0,1,-26.1
3066,b,IMO,PSA,SG,2,1,-26.0,1,22.9
3066,b,IMO,PSA,SG,2,1,23.0,1,60.0
3066,b,IMO,PSA,SG,2,1,60.1,0,0
2413,,IMO,PSA,SG,3,1,23,1,60
2903,b,IMO,PSA,SG,2,1,-26,1,22.9
1262,,IMO,PSA,SG,2S,1,-26,1,22.9
1127,,IMO,PSA,SG,2S,1,-26,1,22.9
218,b,IMO,PSA,SG,1,0,0,0,0
2384,,IMO,PSA,SG,2S,1,-26,1,22.9
3252,b,IMO,PSA,SG,2,0,0,1,-26.1
3252,b,IMO,PSA,SG,2,1,-26.0,1,22.9
3252,b,IMO,PSA,SG,2,1,23.0,1,60.0
3252,b,IMO,PSA,SG,2,1,60.1,0,0
1210,b,IMO,PSA,SG,1S,0,0,1,-26.1
1268,e,IMO,PSA,SG,2S,1,23,1,60
1268,b,IMO,PSA,SG,1S,0,0,1,-26.1
1602,b,IMO,PSA,SG,2,0,0,1,-26.1
1602,b,IMO,PSA,SG,2,1,-26.0,1,22.9
1602,b,IMO,PSA,SG,2,1,23.0,1,60.0
1602,b,IMO,PSA,SG,2,1,60.1,0,0
437,,IMO,PSA,SG,2,0,0,1,-26.1
437,,IMO,PSA,SG,2,1,-26.0,1,22.9
437,,IMO,PSA,SG,2,1,23.0,1,60.0
437,,IMO,PSA,SG,2,1,60.1,0,0
3218,a,IMO,PSA,SG,1D,0,0,1,-26.1
3218,a,IMO,PSA,SG,1D,1,-26.0,0,0
1382,a,IMO,PSA,SG,2,0,0,1,-26.1
1382,a,IMO,PSA,SG,2,1,-26.0,1,22.9
1382,a,IMO,PSA,SG,2,1,23.0,1,60.0
1382,a,IMO,PSA,SG,2,1,60.1,0,0
2651,,IMO,PSA,SG,3,0,0,1,22.9
2651,,IMO,PSA,SG,3,1,23.0,1,60.0
2651,,IMO,PSA,SG,3,1,60.1,0,0
1976,b,IMO,PSA,SG,3,0,0,1,22.9
1976,b,IMO,PSA,SG,3,1,23.0,1,60.0
1976,b,IMO,PSA,SG,3,1,60.1,0,0
390,a,IMO,PSA,SG,1,0,0,0,0
1748,b,IMO,PSA,SG,3,0,0,1,22.9
1748,b,IMO,PSA,SG,3,1,23.0,1,60.0
1748,b,IMO,PSA,SG,3,1,60.1,0,0
1654,,IMO,PSA,SG,3,0,0,1,22.9
1654,,IMO,PSA,SG,3,1,23.0,1,60.0
1654,,IMO,PSA,SG,3,1,60.1,0,0
2186,,IMO,PSA,SG,1,0,0,0,0
1029,a,IMO,PSA,SG,2S,0,0,1,-26.1
1029,a,IMO,PSA,SG,2S,1,-26.0,1,22.9
1029,a,IMO,PSA,SG,2S,1,23.0,1,60.0
1029,a,IMO,PSA,SG,2S,1,60.1,0,0
1719,b,IMO,PSA,SG,3,0,0,1,22.9
1719,b,IMO,PSA,SG,3,1,23.0,1,60.0
1719,b,IMO,PSA,SG,3,1,60.1,0,0
1719,b,IMO,PSA,SG,3,1,60.1,0,0
1977,,IMO,PSA,SG,3,0,0,1,22.9
1977,,IMO,PSA,SG,3,1,23.0,1,60.0
1977,,IMO,PSA,SG,3,1,60.1,0,0
392,b,IMO,PSA,SG,1,0,0,0,0
2922,c,IMO,PSA,SG,3,0,0,1,22.9
2922,c,IMO,PSA,SG,3,1,23.0,1,60.0
2922,c,IMO,PSA,SG,3,1,60.1,0,0
2922,c,IMO,PSA,SG,3,1,60.1,0,0
1419,,IMO,PSA,SG,2,0,0,1,-26.1
1419,,IMO,PSA,SG,2,1,-26.0,1,22.9
1419,,IMO,PSA,SG,2,1,23.0,1,60.0
1419,,IMO,PSA,SG,2,1,60.1,0,0
2192,,IMO,PSA,SG,2,0,0,1,-26.1
2192,,IMO,PSA,SG,2,1,-26.0,1,22.9
2192,,IMO,PSA,SG,2,1,23.0,1,60.0
2192,,IMO,PSA,SG,2,1,60.1,0,0
291,,IMO,PSA,SG,1,0,0,0,0
1417,,IMO,PSA,SG,2S,0,0,1,-26.1
1417,,IMO,PSA,SG,2S,1,-26.0,1,22.9
1417,,IMO,PSA,SG,2S,1,23.0,1,60.0
1417,,IMO,PSA,SG,2S,1,60.1,0,0
1787,a,IMO,PSA,SG,3,0,0,1,22.9
1787,a,IMO,PSA,SG,3,1,23.0,1,60.0
1787,a,IMO,PSA,SG,3,1,60.1,0,0
3134,a,IMO,PSA,SG,1D,0,0,1,-26.1
3134,a,IMO,PSA,SG,1D,1,-26.0,0,0
3282,b,IMO,PSA,SG,2,0,0,1,-26.1
3282,b,IMO,PSA,SG,2,1,-26.0,1,22.9
3282,b,IMO,PSA,SG,2,1,23.0,1,60.0
3282,b,IMO,PSA,SG,2,1,60.1,0,0
3327,d,IMO,PSA,SG,2,0,0,1,-26.1
3327,d,IMO,PSA,SG,2,1,-26.0,1,22.9
3327,d,IMO,PSA,SG,2,1,23.0,1,60.0
3327,d,IMO,PSA,SG,2,1,60.1,0,0
1517,,IMO,PSA,SG,2,0,0,1,-26.1
1517,,IMO,PSA,SG,2,1,-26.0,1,22.9
1517,,IMO,PSA,SG,2,1,23.0,1,60.0
1517,,IMO,PSA,SG,2,1,60.1,0,0
2995,a,IMO,PSA,SG,2,1,23,1,60
1638,,IMO,PSA,SG,2S,0,0,1,-26.1
1638,,IMO,PSA,SG,2S,1,-26.0,1,22.9
1638,,IMO,PSA,SG,2S,1,23.0,1,60.0
1638,,IMO,PSA,SG,2S,1,60.1,0,0
3421,b,IMO,PSA,SG,2S,0,0,1,-26.1
3421,b,IMO,PSA,SG,2S,1,-26.0,1,22.9
3421,b,IMO,PSA,SG,2S,1,23.0,1,60.0
3421,b,IMO,PSA,SG,2S,1,60.1,0,0
3323,a,IMO,PSA,SG,2,0,0,1,-26.1
3323,a,IMO,PSA,SG,2,1,-26.0,1,22.9
3323,a,IMO,PSA,SG,2,1,23.0,1,60.0
3323,a,IMO,PSA,SG,2,1,60.1,0,0
3147,f,IMO,PSA,SG,3,0,0,1,22.9
3147,f,IMO,PSA,SG,3,1,23.0,1,60.0
3147,f,IMO,PSA,SG,3,1,60.1,0,0
3147,f,IMO,PSA,SG,3,1,60.1,0,0
1826,a,IMO,PSA,SG,2,0,0,1,-26.1
1826,a,IMO,PSA,SG,2,1,-26.0,1,22.9
1826,a,IMO,PSA,SG,2,1,23.0,1,60.0
1826,a,IMO,PSA,SG,2,1,60.1,0,0
2984,,IMO,PSA,SG,3,0,0,1,22.9
2984,,IMO,PSA,SG,3,1,23.0,1,60.0
2984,,IMO,PSA,SG,3,1,60.1,0,0
459,,IMO,PSA,SG,2,0,0,1,-26.1
459,,IMO,PSA,SG,2,1,-26.0,1,22.9
459,,IMO,PSA,SG,2,1,23.0,1,60.0
459,,IMO,PSA,SG,2,1,60.1,0,0
1041,,IMO,PSA,SG,2,0,0,1,-26.1
1041,,IMO,PSA,SG,2,1,-26.0,1,22.9
1041,,IMO,PSA,SG,2,1,23.0,1,60.0
1041,,IMO,PSA,SG,2,1,60.1,0,0
2777,b,IMO,PSA,SG,2,0,0,1,-26.1
2777,b,IMO,PSA,SG,2,1,-26.0,1,22.9
2777,b,IMO,PSA,SG,2,1,23.0,1,60.0
2777,b,IMO,PSA,SG,2,1,60.1,0,0
3172,b,IMO,PSA,SG,2,0,0,1,-26.1
3172,b,IMO,PSA,SG,2,1,-26.0,1,22.9
3172,b,IMO,PSA,SG,2,1,23.0,1,60.0
3172,b,IMO,PSA,SG,2,1,60.1,0,0
2943,,IMO,PSA,SG,3,1,23,1,60
2031,c,IMO,PSA,SG,2S,0,0,1,-26.1
2031,c,IMO,PSA,SG,2S,1,-26.0,1,22.9
2031,c,IMO,PSA,SG,2S,1,23.0,1,60.0
2031,c,IMO,PSA,SG,2S,1,60.1,0,0
2031,c,IMO,PSA,SG,2S,1,60.1,0,0
1297,a,IMO,PSA,SG,1D,0,0,1,-26.1
1741,,IMO,PSA,SG,2,0,0,1,-26.1
1741,,IMO,PSA,SG,2,1,-26.0,1,22.9
1741,,IMO,PSA,SG,2,1,23.0,1,60.0
1741,,IMO,PSA,SG,2,1,60.1,0,0
1327,a,IMO,PSA,SG,3,0,0,1,22.9
1327,a,IMO,PSA,SG,3,1,23.0,1,60.0
1327,a,IMO,PSA,SG,3,1,60.1,0,0
3419,,IMO,PSA,SG,2S,0,0,1,-26.1
3419,,IMO,PSA,SG,2S,1,-26.0,1,22.9
3419,,IMO,PSA,SG,2S,1,23.0,1,60.0
3419,,IMO,PSA,SG,2S,1,60.1,0,0
2248,,IMO,PSA,SG,3,0,0,1,22.9
2248,,IMO,PSA,SG,3,1,23.0,1,60.0
2248,,IMO,PSA,SG,3,1,60.1,0,0
243,,IMO,PSA,SG,1,0,0,0,0
2993,b,IMO,PSA,SG,2,1,23,1,60
1128,,IMO,PSA,SG,2S,1,-26,1,22.9
3439,a,IMO,PSA,SG,2,0,0,1,-26.1
3439,a,IMO,PSA,SG,2,1,-26.0,1,22.9
3439,a,IMO,PSA,SG,2,1,23.0,1,60.0
3439,a,IMO,PSA,SG,2,1,60.1,0,0
3321,c,IMO,PSA,SG,2,0,0,1,-26.1
3321,c,IMO,PSA,SG,2,1,-26.0,1,22.9
3321,c,IMO,PSA,SG,2,1,23.0,1,60.0
3321,c,IMO,PSA,SG,2,1,60.1,0,0
3456,,IMO,PSA,SG,2,0,0,1,-26.1
3456,,IMO,PSA,SG,2,1,-26.0,1,22.9
3456,,IMO,PSA,SG,2,1,23.0,1,60.0
3456,,IMO,PSA,SG,2,1,60.1,0,0
15,b,IMO,PSA,SG,1,0,0,0,0
1544,d,IMO,PSA,SG,3,0,0,1,22.9
1544,d,IMO,PSA,SG,3,1,23.0,1,60.0
1544,d,IMO,PSA,SG,3,1,60.1,0,0
1544,d,IMO,PSA,SG,3,1,60.1,0,0
3227,,IMO,PSA,SG,2,0,0,1,-26.1
3227,,IMO,PSA,SG,2,1,-26.0,1,22.9
3227,,IMO,PSA,SG,2,1,23.0,1,60.0
3227,,IMO,PSA,SG,2,1,60.1,0,0
1516,,IMO,PSA,SG,3,0,0,1,22.9
1516,,IMO,PSA,SG,3,1,23.0,1,60.0
1516,,IMO,PSA,SG,3,1,60.1,0,0
1816,,IMO,PSA,SG,2,0,0,1,-26.1
1816,,IMO,PSA,SG,2,1,-26.0,1,22.9
1816,,IMO,PSA,SG,2,1,23.0,1,60.0
1816,,IMO,PSA,SG,2,1,60.1,0,0
1710,,IMO,PSA,SG,3,0,0,1,22.9
1710,,IMO,PSA,SG,3,1,23.0,1,60.0
1710,,IMO,PSA,SG,3,1,60.1,0,0
146,a,IMO,PSA,SG,1,0,0,0,0
1354,,IMO,PSA,SG,2,0,0,1,-26.1
1354,,IMO,PSA,SG,2,1,-26.0,1,22.9
1354,,IMO,PSA,SG,2,1,23.0,1,60.0
1354,,IMO,PSA,SG,2,1,60.1,0,0
434,,IMO,PSA,SG,1,0,0,0,0
1325,b,IMO,PSA,SG,2,0,0,1,-26.1
1325,b,IMO,PSA,SG,2,1,-26.0,1,22.9
1325,b,IMO,PSA,SG,2,1,23.0,1,60.0
1325,b,IMO,PSA,SG,2,1,60.1,0,0
1325,b,IMO,PSA,SG,2S,1,-26.0,1,22.9
1325,b,IMO,PSA,SG,2S,1,23.0,1,60.0
1325,b,IMO,PSA,SG,2S,1,60.1,0,0
338,a,IMO,PSA,SG,2,0,0,1,-26.1
338,a,IMO,PSA,SG,2,1,-26.0,1,22.9
338,a,IMO,PSA,SG,2,1,23.0,1,60.0
338,a,IMO,PSA,SG,2,1,60.1,0,0
2915,b,IMO,PSA,SG,2,0,0,1,-26.1
2915,b,IMO,PSA,SG,2,1,-26.0,1,22.9
2915,b,IMO,PSA,SG,2,1,23.0,1,60.0
2915,b,IMO,PSA,SG,2,1,60.1,0,0
2803,,IMO,PSA,SG,3,0,0,1,22.9
2803,,IMO,PSA,SG,3,1,23.0,1,60.0
2803,,IMO,PSA,SG,3,1,60.1,0,0
2434,,IMO,PSA,SG,2,0,0,1,-26.1
2434,,IMO,PSA,SG,2,1,-26.0,1,22.9
2434,,IMO,PSA,SG,2,1,23.0,1,60.0
2434,,IMO,PSA,SG,2,1,60.1,0,0
2996,a,IMO,PSA,SG,2,0,0,1,-26.1
2996,a,IMO,PSA,SG,2,1,-26.0,1,22.9
2996,a,IMO,PSA,SG,2,1,23.0,1,60.0
2996,a,IMO,PSA,SG,2,1,60.1,0,0
501,,IMO,PSA,SG,2,0,0,1,-26.1
501,,IMO,PSA,SG,2,1,-26.0,1,22.9
501,,IMO,PSA,SG,2,1,23.0,1,60.0
501,,IMO,PSA,SG,2,1,60.1,0,0
438,,IMO,PSA,SG,2,0,0,1,-26.1
438,,IMO,PSA,SG,2,1,-26.0,1,22.9
438,,IMO,PSA,SG,2,1,23.0,1,60.0
438,,IMO,PSA,SG,2,1,60.1,0,0
21,,IMO,PSA,SG,1,0,0,0,0
411,e,IMO,PSA,SG,1,0,0,0,0
1064,,IMO,PSA,SG,2,0,0,1,-26.1
1064,,IMO,PSA,SG,2,1,-26.0,1,22.9
1064,,IMO,PSA,SG,2,1,23.0,1,60.0
1064,,IMO,PSA,SG,2,1,60.1,0,0
2585,b,IMO,PSA,SG,3,0,0,1,22.9
2585,b,IMO,PSA,SG,3,1,23.0,1,60.0
2585,b,IMO,PSA,SG,3,1,60.1,0,0
3072,,IMO,PSA,SG,2B,0,0,1,-26.1
3072,,IMO,PSA,SG,2B,1,-26.0,1,22.9
3072,,IMO,PSA,SG,2B,1,23.0,0,0
2404,,IMO,PSA,SG,2,1,-26,1,22.9
353,,IMO,PSA,SG,2,0,0,1,-26.1
353,,IMO,PSA,SG,2,1,-26.0,1,22.9
353,,IMO,PSA,SG,2,1,23.0,1,60.0
353,,IMO,PSA,SG,2,1,60.1,0,0
3200,,IMO,PSA,SG,1D,0,0,1,-26.1
3200,,IMO,PSA,SG,1D,1,-26.0,0,0
2844,,IMO,PSA,SG,2S,0,0,1,-26.1
2844,,IMO,PSA,SG,2S,1,-26.0,1,22.9
2844,,IMO,PSA,SG,2S,1,23.0,1,60.0
2844,,IMO,PSA,SG,2S,1,60.1,0,0
2716,,IMO,PSA,SG,3,0,0,1,22.9
2716,,IMO,PSA,SG,3,1,23.0,1,60.0
2716,,IMO,PSA,SG,3,1,60.1,0,0
1975,b,IMO,PSA,SG,2,0,0,1,-26.1
1975,b,IMO,PSA,SG,2,1,-26.0,1,22.9
1975,b,IMO,PSA,SG,2,1,23.0,1,60.0
1975,b,IMO,PSA,SG,2,1,60.1,0,0
1655,d,IMO,PSA,SG,2,0,0,1,-26.1
1655,d,IMO,PSA,SG,2,1,-26.0,1,22.9
1655,d,IMO,PSA,SG,2,1,23.0,1,60.0
1655,d,IMO,PSA,SG,2,1,60.1,0,0
3371,,IMO,PSA,SG,2,1,-26,1,22.9
288,,IMO,PSA,SG,1,0,0,0,0
2762,a,IMO,PSA,SG,2,1,-26,1,22.9
476,,IMO,PSA,SG,1,0,0,0,0
1274,d,IMO,PSA,SG,2S,1,-26,1,22.9
1274,d,IMO,PSA,SG,2S,1,23,1,60
436,,IMO,PSA,SG,1,0,0,0,0
3236,,IMO,PSA,SG,2,0,0,1,-26.1
3236,,IMO,PSA,SG,2,1,-26.0,1,22.9
3236,,IMO,PSA,SG,2,1,23.0,1,60.0
3236,,IMO,PSA,SG,2,1,60.1,0,0
1557,a,IMO,PSA,SG,2,0,0,1,-26.1
1557,a,IMO,PSA,SG,2,1,-26.0,1,22.9
1557,a,IMO,PSA,SG,2,1,23.0,1,60.0
1557,a,IMO,PSA,SG,2,1,60.1,0,0
3127,b,IMO,PSA,SG,2,0,0,1,-26.1
3127,b,IMO,PSA,SG,2,1,-26.0,1,22.9
3127,b,IMO,PSA,SG,2,1,23.0,1,60.0
3127,b,IMO,PSA,SG,2,1,60.1,0,0
1764,,IMO,PSA,SG,3,0,0,1,22.9
1764,,IMO,PSA,SG,3,1,23.0,1,60.0
1764,,IMO,PSA,SG,3,1,60.1,0,0
1713,,IMO,PSA,SG,2,0,0,1,-26.1
1713,,IMO,PSA,SG,2,1,-26.0,1,22.9
1713,,IMO,PSA,SG,2,1,23.0,1,60.0
1713,,IMO,PSA,SG,2,1,60.1,0,0
1133,b,IMO,PSA,SG,2S,1,-26,1,22.9
1677,,IMO,PSA,SG,2S,0,0,1,-26.1
1677,,IMO,PSA,SG,2S,1,-26.0,1,22.9
1677,,IMO,PSA,SG,2S,1,23.0,1,60.0
1677,,IMO,PSA,SG,2S,1,60.1,0,0
3098,b,IMO,PSA,SG,1D,0,0,1,-26.1
3098,b,IMO,PSA,SG,1D,1,-26.0,0,0
3263,b,IMO,PSA,SG,3,0,0,1,22.9
3263,b,IMO,PSA,SG,3,1,23.0,1,60.0
3263,b,IMO,PSA,SG,3,1,60.1,0,0
3263,b,IMO,PSA,SG,3,1,60.1,0,0
3129,b,IMO,PSA,SG,1D,0,0,1,-26.1
3129,b,IMO,PSA,SG,1D,1,-26.0,0,0
2475,,IMO,PSA,SG,3,0,0,1,22.9
2475,,IMO,PSA,SG,3,1,23.0,1,60.0
2475,,IMO,PSA,SG,3,1,60.1,0,0
3117,,IMO,PSA,SG,2,0,0,1,-26.1
3117,,IMO,PSA,SG,2,1,-26.0,1,22.9
3117,,IMO,PSA,SG,2,1,23.0,1,60.0
3117,,IMO,PSA,SG,2,1,60.1,0,0
2031,b,IMO,PSA,SG,2S,0,0,1,-26.1
2031,b,IMO,PSA,SG,2S,1,-26.0,1,22.9
2031,b,IMO,PSA,SG,2S,1,23.0,1,60.0
2031,b,IMO,PSA,SG,2S,1,60.1,0,0
2031,b,IMO,PSA,SG,2S,1,60.1,0,0
333,,IMO,PSA,SG,1,0,0,0,0
2762,b,IMO,PSA,SG,2,1,-26,1,22.9
2030,b,IMO,PSA,SG,2,0,0,1,-26.1
2030,b,IMO,PSA,SG,2,1,-26.0,1,22.9
2030,b,IMO,PSA,SG,2,1,23.0,1,60.0
2030,b,IMO,PSA,SG,2,1,60.1,0,0
2245,,IMO,PSA,SG,2S,1,23,1,60
2407,,IMO,PSA,SG,2,0,0,1,-26.1
2407,,IMO,PSA,SG,2,1,-26.0,1,22.9
2407,,IMO,PSA,SG,2,1,23.0,1,60.0
2407,,IMO,PSA,SG,2,1,60.1,0,0
463,,IMO,PSA,SG,1,0,0,0,0
1436,f,IMO,PSA,SG,2,0,0,1,-26.1
1436,f,IMO,PSA,SG,2,1,-26.0,1,22.9
1436,f,IMO,PSA,SG,2,1,23.0,1,60.0
1436,f,IMO,PSA,SG,2,1,60.1,0,0
1396,b,IMO,PSA,SG,2S,0,0,1,-26.1
1396,b,IMO,PSA,SG,2S,1,-26.0,1,22.9
1396,b,IMO,PSA,SG,2S,1,23.0,1,60.0
1396,b,IMO,PSA,SG,2S,1,60.1,0,0
1077,,IMO,PSA,SG,2S,0,0,1,-26.1
1077,,IMO,PSA,SG,2S,1,-26.0,1,22.9
1077,,IMO,PSA,SG,2S,1,23.0,1,60.0
1077,,IMO,PSA,SG,2S,1,60.1,0,0
1139,b,IMO,PSA,SG,2S,1,-26,1,22.9
1756,,IMO,PSA,SG,3,0,0,1,22.9
1756,,IMO,PSA,SG,3,1,23.0,1,60.0
1756,,IMO,PSA,SG,3,1,60.1,0,0
2018,,IMO,PSA,SG,3,0,0,1,22.9
2018,,IMO,PSA,SG,3,1,23.0,1,60.0
2018,,IMO,PSA,SG,3,1,60.1,0,0
3205,b,IMO,PSA,SG,2,0,0,1,-26.1
3205,b,IMO,PSA,SG,2,1,-26.0,1,22.9
3205,b,IMO,PSA,SG,2,1,23.0,1,60.0
3205,b,IMO,PSA,SG,2,1,60.1,0,0
372,,IMO,PSA,SG,1,0,0,0,0
2287,,IMO,PSA,SG,1S,0,0,1,-26.1
1328,,IMO,PSA,SG,3,0,0,1,22.9
1328,,IMO,PSA,SG,3,1,23.0,1,60.0
1328,,IMO,PSA,SG,3,1,60.1,0,0
3288,a,IMO,PSA,SG,2,0,0,1,-26.1
3288,a,IMO,PSA,SG,2,1,-26.0,1,22.9
3288,a,IMO,PSA,SG,2,1,23.0,1,60.0
3288,a,IMO,PSA,SG,2,1,60.1,0,0
2366,,IMO,PSA,SG,2S,1,23,1,60
1028,a,IMO,PSA,SG,3,0,0,1,22.9
1028,a,IMO,PSA,SG,3,1,23.0,1,60.0
1028,a,IMO,PSA,SG,3,1,60.1,0,0
3140,c,IMO,PSA,SG,2,0,0,1,-26.1
3140,c,IMO,PSA,SG,2,1,-26.0,1,22.9
3140,c,IMO,PSA,SG,2,1,23.0,1,60.0
3140,c,IMO,PSA,SG,2,1,60.1,0,0
2256,,IMO,PSA,SG,1S,0,0,1,-26.1
2256,,IMO,PSA,SG,2S,1,-26,1,22.9
3099,c,IMO,PSA,SG,1D,0,0,1,-26.1
3099,c,IMO,PSA,SG,1D,1,-26.0,0,0
77,a,IMO,PSA,SG,2,0,0,1,-26.1
77,a,IMO,PSA,SG,2,1,-26.0,1,22.9
77,a,IMO,PSA,SG,2,1,23.0,1,60.0
77,a,IMO,PSA,SG,2,1,60.1,0,0
1265,a,IMO,PSA,SG,1S,0,0,1,-26.1
3091,a,IMO,PSA,SG,3,0,0,1,22.9
3091,a,IMO,PSA,SG,3,1,23.0,1,60.0
3091,a,IMO,PSA,SG,3,1,60.1,0,0
213,a,IMO,PSA,SG,1,0,0,0,0
2024,a,IMO,PSA,SG,2,0,0,1,-26.1
2024,a,IMO,PSA,SG,2,1,-26.0,1,22.9
2024,a,IMO,PSA,SG,2,1,23.0,1,60.0
2024,a,IMO,PSA,SG,2,1,60.1,0,0
1239,,IMO,PSA,SG,1D,0,0,1,-26.1
1239,,IMO,PSA,SG,1D,1,-26.0,0,0
1191,,IMO,PSA,SG,3,1,23,1,60
3262,a,IMO,PSA,SG,2,0,0,1,-26.1
3262,a,IMO,PSA,SG,2,1,-26.0,1,22.9
3262,a,IMO,PSA,SG,2,1,23.0,1,60.0
3262,a,IMO,PSA,SG,2,1,60.1,0,0
1988,b,IMO,PSA,SG,2,1,-26,1,22.9
3135,c,IMO,PSA,SG,1D,0,0,1,-26.1
3135,c,IMO,PSA,SG,1D,1,-26.0,0,0
3374,,IMO,PSA,SG,2S,0,0,1,-26.1
3374,,IMO,PSA,SG,2S,1,-26.0,1,22.9
3374,,IMO,PSA,SG,2S,1,23.0,1,60.0
3374,,IMO,PSA,SG,2S,1,60.1,0,0
2994,b,IMO,PSA,SG,2,0,0,1,-26.1
2994,b,IMO,PSA,SG,2,1,-26.0,1,22.9
2994,b,IMO,PSA,SG,2,1,23.0,1,60.0
2994,b,IMO,PSA,SG,2,1,60.1,0,0
3295,a,IMO,PSA,SG,1S,0,0,1,-26.1
2400,,IMO,PSA,SG,2S,1,-26,1,22.9
3170,a,IMO,PSA,SG,2,0,0,1,-26.1
3170,a,IMO,PSA,SG,2,1,-26.0,1,22.9
3170,a,IMO,PSA,SG,2,1,23.0,1,60.0
3170,a,IMO,PSA,SG,2,1,60.1,0,0
3329,d,IMO,PSA,SG,2,0,0,1,-26.1
3329,d,IMO,PSA,SG,2,1,-26.0,1,22.9
3329,d,IMO,PSA,SG,2,1,23.0,1,60.0
3329,d,IMO,PSA,SG,2,1,60.1,0,0
474,,IMO,PSA,SG,1,0,0,0,0
2453,a,IMO,PSA,SG,2S,0,0,1,-26.1
2453,a,IMO,PSA,SG,2S,1,-26.0,1,22.9
2453,a,IMO,PSA,SG,2S,1,23.0,1,60.0
2453,a,IMO,PSA,SG,2S,1,60.1,0,0
1180,,IMO,PSA,SG,2S,1,23,1,60
1837,,IMO,PSA,SG,2,0,0,1,-26.1
1837,,IMO,PSA,SG,2,1,-26.0,1,22.9
1837,,IMO,PSA,SG,2,1,23.0,1,60.0
1837,,IMO,PSA,SG,2,1,60.1,0,0
2398,,IMO,PSA,SG,1S,0,0,1,-26.1
2398,,IMO,PSA,SG,2S,1,-26,1,22.9
1026,,IMO,PSA,SG,2,0,0,1,-26.1
1026,,IMO,PSA,SG,2,1,-26.0,1,22.9
1026,,IMO,PSA,SG,2,1,23.0,1,60.0
1026,,IMO,PSA,SG,2,1,60.1,0,0
1968,,IMO,PSA,SG,2,0,0,1,-26.1
1968,,IMO,PSA,SG,2,1,-26.0,1,22.9
1968,,IMO,PSA,SG,2,1,23.0,1,60.0
1968,,IMO,PSA,SG,2,1,60.1,0,0
3271,b,IMO,PSA,SG,3,1,23,1,60
3065,b,IMO,PSA,SG,3,1,23,1,60
3327,b,IMO,PSA,SG,2,0,0,1,-26.1
3327,b,IMO,PSA,SG,2,1,-26.0,1,22.9
3327,b,IMO,PSA,SG,2,1,23.0,1,60.0
3327,b,IMO,PSA,SG,2,1,60.1,0,0
2752,,IMO,PSA,SG,3,1,23,1,60
3018,c,IMO,PSA,SG,3,0,0,1,22.9
3018,c,IMO,PSA,SG,3,1,23.0,1,60.0
3018,c,IMO,PSA,SG,3,1,60.1,0,0
3018,c,IMO,PSA,SG,3,1,60.1,0,0
182,,IMO,PSA,SG,1,0,0,0,0
1770,,IMO,PSA,SG,3,0,0,1,22.9
1770,,IMO,PSA,SG,3,1,23.0,1,60.0
1770,,IMO,PSA,SG,3,1,60.1,0,0
33,,IMO,PSA,SG,1,0,0,0,0
3285,c,IMO,PSA,SG,3,0,0,1,22.9
3285,c,IMO,PSA,SG,3,1,23.0,1,60.0
3285,c,IMO,PSA,SG,3,1,60.1,0,0
3285,c,IMO,PSA,SG,3,1,60.1,0,0
2801,b,IMO,PSA,SG,2,0,0,1,-26.1
2801,b,IMO,PSA,SG,2,1,-26.0,1,22.9
2801,b,IMO,PSA,SG,2,1,23.0,1,60.0
2801,b,IMO,PSA,SG,2,1,60.1,0,0
1286,b,IMO,PSA,SG,3,1,23,1,60
2345,,IMO,PSA,SG,2S,1,-26,1,22.9
318,,IMO,PSA,SG,2,0,0,1,-26.1
318,,IMO,PSA,SG,2,1,-26.0,1,22.9
318,,IMO,PSA,SG,2,1,23.0,1,60.0
318,,IMO,PSA,SG,2,1,60.1,0,0
1972,a,IMO,PSA,SG,1S,0,0,1,-26.1
1972,a,IMO,PSA,SG,1S,1,-26.0,0,0
1299,,IMO,PSA,SG,2S,1,23,1,60
3152,b,IMO,PSA,SG,2S,0,0,1,-26.1
3152,b,IMO,PSA,SG,2S,1,-26.0,1,22.9
3152,b,IMO,PSA,SG,2S,1,23.0,1,60.0
3152,b,IMO,PSA,SG,2S,1,60.1,0,0
1154,,IMO,PSA,SG,1S,0,0,1,-26.1
2603,,IMO,PSA,SG,2,1,-26,1,22.9
2570,a,IMO,PSA,SG,2,0,0,1,-26.1
2570,a,IMO,PSA,SG,2,1,-26.0,1,22.9
2570,a,IMO,PSA,SG,2,1,23.0,1,60.0
2570,a,IMO,PSA,SG,2,1,60.1,0,0
2771,b,IMO,PSA,SG,3,0,0,1,22.9
2771,b,IMO,PSA,SG,3,1,23.0,1,60.0
2771,b,IMO,PSA,SG,3,1,60.1,0,0
2771,b,IMO,PSA,SG,3,1,60.1,0,0
2993,c,IMO,PSA,SG,2,1,23,1,60
1825,,IMO,PSA,SG,3,0,0,1,22.9
1825,,IMO,PSA,SG,3,1,23.0,1,60.0
1825,,IMO,PSA,SG,3,1,60.1,0,0
1052,,IMO,PSA,SG,2,0,0,1,-26.1
1052,,IMO,PSA,SG,2,1,-26.0,1,22.9
1052,,IMO,PSA,SG,2,1,23.0,1,60.0
1052,,IMO,PSA,SG,2,1,60.1,0,0
1814,b,IMO,PSA,SG,2S,0,0,1,-26.1
1814,b,IMO,PSA,SG,2S,1,-26.0,1,22.9
1814,b,IMO,PSA,SG,2S,1,23.0,1,60.0
1814,b,IMO,PSA,SG,2S,1,60.1,0,0
1784,,IMO,PSA,SG,2,0,0,1,-26.1
1784,,IMO,PSA,SG,2,1,-26.0,1,22.9
1784,,IMO,PSA,SG,2,1,23.0,1,60.0
1784,,IMO,PSA,SG,2,1,60.1,0,0
2875,,IMO,PSA,SG,3,0,0,1,22.9
2875,,IMO,PSA,SG,3,1,23.0,1,60.0
2875,,IMO,PSA,SG,3,1,60.1,0,0
293,,IMO,PSA,SG,1,0,0,0,0
1722,,IMO,PSA,SG,2,0,0,1,-26.1
1722,,IMO,PSA,SG,2,1,-26.0,1,22.9
1722,,IMO,PSA,SG,2,1,23.0,1,60.0
1722,,IMO,PSA,SG,2,1,60.1,0,0
1923,b,IMO,PSA,SG,2,0,0,1,-26.1
1923,b,IMO,PSA,SG,2,1,-26.0,1,22.9
1923,b,IMO,PSA,SG,2,1,23.0,1,60.0
1923,b,IMO,PSA,SG,2,1,60.1,0,0
2035,b,IMO,PSA,SG,2S,0,0,1,-26.1
2035,b,IMO,PSA,SG,2S,1,-26.0,1,22.9
2035,b,IMO,PSA,SG,2S,1,23.0,1,60.0
2035,b,IMO,PSA,SG,2S,1,60.1,0,0
2481,,IMO,PSA,SG,1D,0,0,1,-26.1
2481,,IMO,PSA,SG,1D,1,-26.0,0,0
1779,,IMO,PSA,SG,2S,0,0,1,-26.1
1779,,IMO,PSA,SG,2S,1,-26.0,1,22.9
1779,,IMO,PSA,SG,2S,1,23.0,1,60.0
1779,,IMO,PSA,SG,2S,1,60.1,0,0
3137,,IMO,PSA,SG,1D,0,0,1,-26.1
3137,,IMO,PSA,SG,1D,1,-26.0,0,0
3291,c,IMO,PSA,SG,2,0,0,1,-26.1
3291,c,IMO,PSA,SG,2,1,-26.0,1,22.9
3291,c,IMO,PSA,SG,2,1,23.0,1,60.0
3291,c,IMO,PSA,SG,2,1,60.1,0,0
2809,,IMO,PSA,SG,2S,0,0,1,-26.1
2809,,IMO,PSA,SG,2S,1,-26.0,1,22.9
2809,,IMO,PSA,SG,2S,1,23.0,1,60.0
2809,,IMO,PSA,SG,2S,1,60.1,0,0
1159,,IMO,PSA,SG,1S,0,0,1,-26.1
1063,a,IMO,PSA,SG,2,0,0,1,-26.1
1063,a,IMO,PSA,SG,2,1,-26.0,1,22.9
1063,a,IMO,PSA,SG,2,1,23.0,1,60.0
1063,a,IMO,PSA,SG,2,1,60.1,0,0
404,,IMO,PSA,SG,2,0,0,1,-26.1
404,,IMO,PSA,SG,2,1,-26.0,1,22.9
404,,IMO,PSA,SG,2,1,23.0,1,60.0
404,,IMO,PSA,SG,2,1,60.1,0,0
1993,a,IMO,PSA,SG,1S,0,0,1,-26.1
3027,a,IMO,PSA,SG,2,0,0,1,-26.1
3027,a,IMO,PSA,SG,2,1,-26.0,1,22.9
3027,a,IMO,PSA,SG,2,1,23.0,1,60.0
3027,a,IMO,PSA,SG,2,1,60.1,0,0
1916,,IMO,PSA,SG,3,0,0,1,22.9
1916,,IMO,PSA,SG,3,1,23.0,1,60.0
1916,,IMO,PSA,SG,3,1,60.1,0,0
2387,,IMO,PSA,SG,2S,1,-26,1,22.9
2661,,IMO,PSA,SG,2,0,0,1,-26.1
2661,,IMO,PSA,SG,2,1,-26.0,1,22.9
2661,,IMO,PSA,SG,2,1,23.0,1,60.0
2661,,IMO,PSA,SG,2,1,60.1,0,0
1969,,IMO,PSA,SG,1S,0,0,1,-26.1
1969,,IMO,PSA,SG,1S,1,-26.0,0,0
1058,,IMO,PSA,SG,3,0,0,1,22.9
1058,,IMO,PSA,SG,3,1,23.0,1,60.0
1058,,IMO,PSA,SG,3,1,60.1,0,0
3124,b,IMO,PSA,SG,2,0,0,1,-26.1
3124,b,IMO,PSA,SG,2,1,-26.0,1,22.9
3124,b,IMO,PSA,SG,2,1,23.0,1,60.0
3124,b,IMO,PSA,SG,2,1,60.1,0,0
284,,IMO,PSA,SG,1,0,0,0,0
3348,a,IMO,PSA,SG,2,0,0,1,-26.1
3348,a,IMO,PSA,SG,2,1,-26.0,1,22.9
3348,a,IMO,PSA,SG,2,1,23.0,1,60.0
3348,a,IMO,PSA,SG,2,1,60.1,0,0
3130,b,IMO,PSA,SG,1D,0,0,1,-26.1
3130,b,IMO,PSA,SG,1D,1,-26.0,0,0
2344,a,IMO,PSA,SG,2S,1,-26,1,22.9
2820,,IMO,PSA,SG,3,0,0,1,22.9
2820,,IMO,PSA,SG,3,1,23.0,1,60.0
2820,,IMO,PSA,SG,3,1,60.1,0,0
2786,c,IMO,PSA,SG,3,0,0,1,22.9
2786,c,IMO,PSA,SG,3,1,23.0,1,60.0
2786,c,IMO,PSA,SG,3,1,60.1,0,0
2786,c,IMO,PSA,SG,3,1,60.1,0,0
3148,c,IMO,PSA,SG,1D,0,0,1,-26.1
3148,c,IMO,PSA,SG,1D,1,-26.0,0,0
1498,,IMO,PSA,SG,2,0,0,1,-26.1
1498,,IMO,PSA,SG,2,1,-26.0,1,22.9
1498,,IMO,PSA,SG,2,1,23.0,1,60.0
1498,,IMO,PSA,SG,2,1,60.1,0,0
1206,,IMO,PSA,SG,2S,1,-26,1,22.9
3121,a,IMO,PSA,SG,1D,0,0,1,-26.1
3121,a,IMO,PSA,SG,1D,1,-26.0,0,0
3016,c,IMO,PSA,SG,3,0,0,1,22.9
3016,c,IMO,PSA,SG,3,1,23.0,1,60.0
3016,c,IMO,PSA,SG,3,1,60.1,0,0
3016,c,IMO,PSA,SG,3,1,60.1,0,0
381,,IMO,PSA,SG,1,0,0,0,0
3328,d,IMO,PSA,SG,2,0,0,1,-26.1
3328,d,IMO,PSA,SG,2,1,-26.0,1,22.9
3328,d,IMO,PSA,SG,2,1,23.0,1,60.0
3328,d,IMO,PSA,SG,2,1,60.1,0,0
1757,a,IMO,PSA,SG,3,0,0,1,22.9
1757,a,IMO,PSA,SG,3,1,23.0,1,60.0
1757,a,IMO,PSA,SG,3,1,60.1,0,0
2788,b,IMO,PSA,SG,2,0,0,1,-26.1
2788,b,IMO,PSA,SG,2,1,-26.0,1,22.9
2788,b,IMO,PSA,SG,2,1,23.0,1,60.0
2788,b,IMO,PSA,SG,2,1,60.1,0,0
1479,c,IMO,PSA,SG,1D,0,0,1,-26.1
1479,c,IMO,PSA,SG,1D,1,-26.0,0,0
3190,b,IMO,PSA,SG,2,0,0,1,-26.1
3190,b,IMO,PSA,SG,2,1,-26.0,1,22.9
3190,b,IMO,PSA,SG,2,1,23.0,1,60.0
3190,b,IMO,PSA,SG,2,1,60.1,0,0
2788,a,IMO,PSA,SG,2,0,0,1,-26.1
2788,a,IMO,PSA,SG,2,1,-26.0,1,22.9
2788,a,IMO,PSA,SG,2,1,23.0,1,60.0
2788,a,IMO,PSA,SG,2,1,60.1,0,0
79,f,IMO,PSA,SG,1,0,0,0,0
447,,IMO,PSA,SG,2,0,0,1,-26.1
447,,IMO,PSA,SG,2,1,-26.0,1,22.9
447,,IMO,PSA,SG,2,1,23.0,1,60.0
447,,IMO,PSA,SG,2,1,60.1,0,0
1492,,IMO,PSA,SG,3,0,0,1,22.9
1492,,IMO,PSA,SG,3,1,23.0,1,60.0
1492,,IMO,PSA,SG,3,1,60.1,0,0
219,a,IMO,PSA,SG,1,0,0,0,0
1912,,IMO,PSA,SG,2S,0,0,1,-26.1
1912,,IMO,PSA,SG,2S,1,-26.0,1,22.9
1912,,IMO,PSA,SG,2S,1,23.0,1,60.0
1912,,IMO,PSA,SG,2S,1,60.1,0,0
3243,,IMO,PSA,SG,2,0,0,1,-26.1
3243,,IMO,PSA,SG,2,1,-26.0,1,22.9
3243,,IMO,PSA,SG,2,1,23.0,1,60.0
3243,,IMO,PSA,SG,2,1,60.1,0,0
316,,IMO,PSA,SG,2,0,0,1,-26.1
316,,IMO,PSA,SG,2,1,-26.0,1,22.9
316,,IMO,PSA,SG,2,1,23.0,1,60.0
316,,IMO,PSA,SG,2,1,60.1,0,0
2735,b,IMO,PSA,SG,2,0,0,1,-26.1
2735,b,IMO,PSA,SG,2,1,-26.0,1,22.9
2735,b,IMO,PSA,SG,2,1,23.0,1,60.0
2735,b,IMO,PSA,SG,2,1,60.1,0,0
1762,,IMO,PSA,SG,2,0,0,1,-26.1
1762,,IMO,PSA,SG,2,1,-26.0,1,22.9
1762,,IMO,PSA,SG,2,1,23.0,1,60.0
1762,,IMO,PSA,SG,2,1,60.1,0,0
1249,,IMO,PSA,SG,2S,1,-26,1,22.9
368,,IMO,PSA,SG,2,0,0,1,-26.1
368,,IMO,PSA,SG,2,1,-26.0,1,22.9
368,,IMO,PSA,SG,2,1,23.0,1,60.0
368,,IMO,PSA,SG,2,1,60.1,0,0
65,,IMO,PSA,SG,1,0,0,0,0
1379,,IMO,PSA,SG,3,0,0,1,22.9
1379,,IMO,PSA,SG,3,1,23.0,1,60.0
1379,,IMO,PSA,SG,3,1,60.1,0,0
3085,c,IMO,PSA,SG,1D,0,0,1,-26.1
3085,c,IMO,PSA,SG,1D,1,-26.0,0,0
3266,a,IMO,PSA,SG,2,0,0,1,-26.1
3266,a,IMO,PSA,SG,2,1,-26.0,1,22.9
3266,a,IMO,PSA,SG,2,1,23.0,1,60.0
3266,a,IMO,PSA,SG,2,1,60.1,0,0
1544,b,IMO,PSA,SG,2,0,0,1,-26.1
1544,b,IMO,PSA,SG,2,1,-26.0,1,22.9
1544,b,IMO,PSA,SG,2,1,23.0,1,60.0
1544,b,IMO,PSA,SG,2,1,60.1,0,0
3466,c,IMO,PSA,SG,2,0,0,1,-26.1
3466,c,IMO,PSA,SG,2,1,-26.0,1,22.9
3466,c,IMO,PSA,SG,2,1,23.0,1,60.0
3466,c,IMO,PSA,SG,2,1,60.1,0,0
2266,,IMO,PSA,SG,2S,1,-26,1,22.9
1796,b,IMO,PSA,SG,2S,0,0,1,-26.1
1796,b,IMO,PSA,SG,2S,1,-26.0,1,22.9
1796,b,IMO,PSA,SG,2S,1,23.0,1,60.0
1796,b,IMO,PSA,SG,2S,1,60.1,0,0
1796,b,IMO,PSA,SG,2S,1,60.1,0,0
358,,IMO,PSA,SG,1,0,0,0,0
3367,,IMO,PSA,SG,2,0,0,1,-26.1
3367,,IMO,PSA,SG,2,1,-26.0,1,22.9
3367,,IMO,PSA,SG,2,1,23.0,1,60.0
3367,,IMO,PSA,SG,2,1,60.1,0,0
1689,,IMO,PSA,SG,2,0,0,1,-26.1
1689,,IMO,PSA,SG,2,1,-26.0,1,22.9
1689,,IMO,PSA,SG,2,1,23.0,1,60.0
1689,,IMO,PSA,SG,2,1,60.1,0,0
2249,,IMO,PSA,SG,2,0,0,1,-26.1
2249,,IMO,PSA,SG,2,1,-26.0,1,22.9
2249,,IMO,PSA,SG,2,1,23.0,1,60.0
2249,,IMO,PSA,SG,2,1,60.1,0,0
42,b,IMO,PSA,SG,1,0,0,0,0
1170,h,IMO,PSA,SG,2S,1,23,1,60
1066,,IMO,PSA,SG,3,0,0,1,22.9
1066,,IMO,PSA,SG,3,1,23.0,1,60.0
1066,,IMO,PSA,SG,3,1,60.1,0,0
107,,IMO,PSA,SG,1,0,0,0,0
1184,,IMO,PSA,SG,2,1,-26,1,22.9
2776,a,IMO,PSA,SG,2,1,-26,1,22.9
1642,,IMO,PSA,SG,2,0,0,1,-26.1
1642,,IMO,PSA,SG,2,1,-26.0,1,22.9
1642,,IMO,PSA,SG,2,1,23.0,1,60.0
1642,,IMO,PSA,SG,2,1,60.1,0,0
2966,,IMO,PSA,SG,2,0,0,1,-26.1
2966,,IMO,PSA,SG,2,1,-26.0,1,22.9
2966,,IMO,PSA,SG,2,1,23.0,1,60.0
2966,,IMO,PSA,SG,2,1,60.1,0,0
3294,,IMO,PSA,SG,1D,0,0,1,-26.1
3294,,IMO,PSA,SG,1D,1,-26.0,0,0
1274,b,IMO,PSA,SG,2S,1,-26,1,22.9
2487,,IMO,PSA,SG,2,0,0,1,-26.1
2487,,IMO,PSA,SG,2,1,-26.0,1,22.9
2487,,IMO,PSA,SG,2,1,23.0,1,60.0
2487,,IMO,PSA,SG,2,1,60.1,0,0
2288,,IMO,PSA,SG,2S,1,-26,1,22.9
2206,a,IMO,PSA,SG,2,0,0,1,-26.1
2206,a,IMO,PSA,SG,2,1,-26.0,1,22.9
2206,a,IMO,PSA,SG,2,1,23.0,1,60.0
2206,a,IMO,PSA,SG,2,1,60.1,0,0
3071,b,IMO,PSA,SG,1D,0,0,1,-26.1
3071,b,IMO,PSA,SG,2,1,-26.0,1,22.9
3071,b,IMO,PSA,SG,2,1,23.0,1,60.0
3102,b,IMO,PSA,SG,1D,0,0,1,-26.1
3102,b,IMO,PSA,SG,1D,1,-26.0,0,0
341,,IMO,PSA,SG,1,0,0,0,0
1045,,IMO,PSA,SG,2,0,0,1,-26.1
1045,,IMO,PSA,SG,2,1,-26.0,1,22.9
1045,,IMO,PSA,SG,2,1,23.0,1,60.0
1045,,IMO,PSA,SG,2,1,60.1,0,0
224,,IMO,PSA,SG,1,0,0,0,0
2930,a,IMO,PSA,SG,2,0,0,1,-26.1
2930,a,IMO,PSA,SG,2,1,-26.0,1,22.9
2930,a,IMO,PSA,SG,2,1,23.0,1,60.0
2930,a,IMO,PSA,SG,2,1,60.1,0,0
370,,IMO,PSA,SG,2,0,0,1,-26.1
370,,IMO,PSA,SG,2,1,-26.0,1,22.9
370,,IMO,PSA,SG,2,1,23.0,1,60.0
370,,IMO,PSA,SG,2,1,60.1,0,0
3339,,IMO,PSA,SG,3,0,0,1,22.9
3339,,IMO,PSA,SG,3,1,23.0,1,60.0
3339,,IMO,PSA,SG,3,1,60.1,0,0
2989,b,IMO,PSA,SG,2,0,0,1,-26.1
2989,b,IMO,PSA,SG,2,1,-26.0,1,22.9
2989,b,IMO,PSA,SG,2,1,23.0,1,60.0
2989,b,IMO,PSA,SG,2,1,60.1,0,0
38,,IMO,PSA,SG,1,0,0,0,0
2735,e,IMO,PSA,SG,3,0,0,1,22.9
2735,e,IMO,PSA,SG,3,1,23.0,1,60.0
2735,e,IMO,PSA,SG,3,1,60.1,0,0
2735,e,IMO,PSA,SG,3,1,60.1,0,0
1156,,IMO,PSA,SG,2S,1,-26,1,22.9
2199,,IMO,PSA,SG,2,0,0,1,-26.1
2199,,IMO,PSA,SG,2,1,-26.0,1,22.9
2199,,IMO,PSA,SG,2,1,23.0,1,60.0
2199,,IMO,PSA,SG,2,1,60.1,0,0
2446,,IMO,PSA,SG,2S,0,0,1,-26.1
2446,,IMO,PSA,SG,2S,1,-26.0,1,22.9
2446,,IMO,PSA,SG,2S,1,23.0,1,60.0
2446,,IMO,PSA,SG,2S,1,60.1,0,0
2876,,IMO,PSA,SG,2S,0,0,1,-26.1
2876,,IMO,PSA,SG,2S,1,-26.0,1,22.9
2876,,IMO,PSA,SG,2S,1,23.0,1,60.0
2876,,IMO,PSA,SG,2S,1,60.1,0,0
1223,,IMO,PSA,SG,2S,1,23,1,60
3313,a,IMO,PSA,SG,2,0,0,1,-26.1
3313,a,IMO,PSA,SG,2,1,-26.0,1,22.9
3313,a,IMO,PSA,SG,2,1,23.0,1,60.0
3313,a,IMO,PSA,SG,2,1,60.1,0,0
2730,,IMO,PSA,SG,3,0,0,1,22.9
2730,,IMO,PSA,SG,3,1,23.0,1,60.0
2730,,IMO,PSA,SG,3,1,60.1,0,0
2851,,IMO,PSA,SG,2,0,0,1,-26.1
2851,,IMO,PSA,SG,2,1,-26.0,1,22.9
2851,,IMO,PSA,SG,2,1,23.0,1,60.0
2851,,IMO,PSA,SG,2,1,60.1,0,0
1999,a,IMO,PSA,SG,2S,1,-26,1,22.9
1001,,IMO,PSA,SG,2S,0,0,1,-26.1
1001,,IMO,PSA,SG,2S,1,-26.0,1,22.9
1001,,IMO,PSA,SG,2S,1,23.0,1,60.0
1001,,IMO,PSA,SG,2S,1,60.1,0,0
2928,b,IMO,PSA,SG,2S,0,0,1,-26.1
2928,b,IMO,PSA,SG,2S,1,-26.0,1,22.9
2928,b,IMO,PSA,SG,2S,1,23.0,1,60.0
2928,b,IMO,PSA,SG,2S,1,60.1,0,0
2928,b,IMO,PSA,SG,2S,1,60.1,0,0
3125,b,IMO,PSA,SG,2,0,0,1,-26.1
3125,b,IMO,PSA,SG,2,1,-26.0,1,22.9
3125,b,IMO,PSA,SG,2,1,23.0,1,60.0
3125,b,IMO,PSA,SG,2,1,60.1,0,0
3089,b,IMO,PSA,SG,3,0,0,1,22.9
3089,b,IMO,PSA,SG,3,1,23.0,1,60.0
3089,b,IMO,PSA,SG,3,1,60.1,0,0
3089,b,IMO,PSA,SG,3,1,23.0,1,60.0
3089,b,IMO,PSA,SG,3,1,60.1,0,0
1484,,IMO,PSA,SG,2,0,0,1,-26.1
1484,,IMO,PSA,SG,2,1,-26.0,1,22.9
1484,,IMO,PSA,SG,2,1,23.0,1,60.0
1484,,IMO,PSA,SG,2,1,60.1,0,0
2915,a,IMO,PSA,SG,2,0,0,1,-26.1
2915,a,IMO,PSA,SG,2,1,-26.0,1,22.9
2915,a,IMO,PSA,SG,2,1,23.0,1,60.0
2915,a,IMO,PSA,SG,2,1,60.1,0,0
34,,IMO,PSA,SG,1,0,0,0,0
1982,b,IMO,PSA,SG,2S,0,0,1,-26.1
1982,b,IMO,PSA,SG,2S,1,-26.0,1,22.9
1982,b,IMO,PSA,SG,2S,1,23.0,1,60.0
1982,b,IMO,PSA,SG,2S,1,60.1,0,0
2783,a,IMO,PSA,SG,2,0,0,1,-26.1
2783,a,IMO,PSA,SG,2,1,-26.0,1,22.9
2783,a,IMO,PSA,SG,2,1,23.0,1,60.0
2783,a,IMO,PSA,SG,2,1,60.1,0,0
1327,b,IMO,PSA,SG,3,0,0,1,22.9
1327,b,IMO,PSA,SG,3,1,23.0,1,60.0
1327,b,IMO,PSA,SG,3,1,60.1,0,0
2924,c,IMO,PSA,SG,3,1,23,1,60
1976,a,IMO,PSA,SG,3,0,0,1,22.9
1976,a,IMO,PSA,SG,3,1,23.0,1,60.0
1976,a,IMO,PSA,SG,3,1,60.1,0,0
329,,IMO,PSA,SG,1,0,0,0,0
400,,IMO,PSA,SG,1,0,0,0,0
2915,c,IMO,PSA,SG,2,0,0,1,-26.1
2915,c,IMO,PSA,SG,2,1,-26.0,1,22.9
2915,c,IMO,PSA,SG,2,1,23.0,1,60.0
2915,c,IMO,PSA,SG,2,1,60.1,0,0
3398,a,IMO,PSA,SG,1D,0,0,1,-26.1
3398,a,IMO,PSA,SG,1D,1,-26.0,0,0
2629,,IMO,PSA,SG,2,0,0,1,-26.1
2629,,IMO,PSA,SG,2,1,-26.0,1,22.9
2629,,IMO,PSA,SG,2,1,23.0,1,60.0
2629,,IMO,PSA,SG,2,1,60.1,0,0
2057,b,IMO,PSA,SG,2S,1,23,1,60
3363,a,IMO,PSA,SG,2B,0,0,1,-26.1
3363,a,IMO,PSA,SG,2B,1,-26.0,1,22.9
3363,a,IMO,PSA,SG,2B,1,23.0,0,0
3170,c,IMO,PSA,SG,2,0,0,1,-26.1
3170,c,IMO,PSA,SG,2,1,-26.0,1,22.9
3170,c,IMO,PSA,SG,2,1,23.0,1,60.0
3170,c,IMO,PSA,SG,2,1,60.1,0,0
2019,,IMO,PSA,SG,3,0,0,1,22.9
2019,,IMO,PSA,SG,3,1,23.0,1,60.0
2019,,IMO,PSA,SG,3,1,60.1,0,0
209,a,IMO,PSA,SG,1,0,0,0,0
1382,b,IMO,PSA,SG,2,0,0,1,-26.1
1382,b,IMO,PSA,SG,2,1,-26.0,1,22.9
1382,b,IMO,PSA,SG,2,1,23.0,1,60.0
1382,b,IMO,PSA,SG,2,1,60.1,0,0
3409,,IMO,PSA,SG,3,0,0,1,22.9
3409,,IMO,PSA,SG,3,1,23.0,1,60.0
3409,,IMO,PSA,SG,3,1,60.1,0,0
3126,b,IMO,PSA,SG,2,0,0,1,-26.1
3126,b,IMO,PSA,SG,2,1,-26.0,1,22.9
3126,b,IMO,PSA,SG,2,1,23.0,1,60.0
3126,b,IMO,PSA,SG,2,1,60.1,0,0
1736,,IMO,PSA,SG,2,0,0,1,-26.1
1736,,IMO,PSA,SG,2,1,-26.0,1,22.9
1736,,IMO,PSA,SG,2,1,23.0,1,60.0
1736,,IMO,PSA,SG,2,1,60.1,0,0
2760,b,IMO,PSA,SG,2,1,-26,1,22.9
3259,f,IMO,PSA,SG,3,0,0,1,22.9
3259,f,IMO,PSA,SG,3,1,23.0,1,60.0
3259,f,IMO,PSA,SG,3,1,60.1,0,0
3259,f,IMO,PSA,SG,3,1,60.1,0,0
2599,b,IMO,PSA,SG,3,0,0,1,22.9
2599,b,IMO,PSA,SG,3,1,23.0,1,60.0
2599,b,IMO,PSA,SG,3,1,60.1,0,0
1903,a,IMO,PSA,SG,2,0,0,1,-26.1
1903,a,IMO,PSA,SG,2,1,-26.0,1,22.9
1903,a,IMO,PSA,SG,2,1,23.0,1,60.0
1903,a,IMO,PSA,SG,2,1,60.1,0,0
1349,,IMO,PSA,SG,2,0,0,1,-26.1
1349,,IMO,PSA,SG,2,1,-26.0,1,22.9
1349,,IMO,PSA,SG,2,1,23.0,1,60.0
1349,,IMO,PSA,SG,2,1,60.1,0,0
2927,a,IMO,PSA,SG,2,0,0,1,-26.1
2927,a,IMO,PSA,SG,2,1,-26.0,1,22.9
2927,a,IMO,PSA,SG,2,1,23.0,1,60.0
2927,a,IMO,PSA,SG,2,1,60.1,0,0
2282,,IMO,PSA,SG,3,1,23,1,60
1992,a,IMO,PSA,SG,1D,0,0,1,-26.1
1300,b,IMO,PSA,SG,2S,1,23,1,60
1242,,IMO,PSA,SG,1D,0,0,1,-26.1
1242,,IMO,PSA,SG,1D,1,-26.0,0,0
2439,,IMO,PSA,SG,2S,0,0,1,-26.1
2439,,IMO,PSA,SG,2S,1,-26.0,1,22.9
2439,,IMO,PSA,SG,2S,1,23.0,1,60.0
2439,,IMO,PSA,SG,2S,1,60.1,0,0
1583,c,IMO,PSA,SG,2,0,0,1,-26.1
1583,c,IMO,PSA,SG,2,1,-26.0,1,22.9
1583,c,IMO,PSA,SG,2,1,23.0,1,60.0
1583,c,IMO,PSA,SG,2,1,60.1,0,0
3184,b,IMO,PSA,SG,2,0,0,1,-26.1
3184,b,IMO,PSA,SG,2,1,-26.0,1,22.9
3184,b,IMO,PSA,SG,2,1,23.0,1,60.0
3184,b,IMO,PSA,SG,2,1,60.1,0,0
2993,a,IMO,PSA,SG,2,1,23,1,60
464,,IMO,PSA,SG,1,0,0,0,0
1357,,IMO,PSA,SG,2,0,0,1,-26.1
1357,,IMO,PSA,SG,2,1,-26.0,1,22.9
1357,,IMO,PSA,SG,2,1,23.0,1,60.0
1357,,IMO,PSA,SG,2,1,60.1,0,0
1213,,IMO,PSA,SG,2S,1,-26,1,22.9
1587,,IMO,PSA,SG,2S,0,0,1,-26.1
1587,,IMO,PSA,SG,2S,1,-26.0,1,22.9
1587,,IMO,PSA,SG,2S,1,23.0,1,60.0
1587,,IMO,PSA,SG,2S,1,60.1,0,0
2469,,IMO,PSA,SG,2,0,0,1,-26.1
2469,,IMO,PSA,SG,2,1,-26.0,1,22.9
2469,,IMO,PSA,SG,2,1,23.0,1,60.0
2469,,IMO,PSA,SG,2,1,60.1,0,0
2793,d,IMO,PSA,SG,2,0,0,1,-26.1
2793,d,IMO,PSA,SG,2,1,-26.0,1,22.9
2793,d,IMO,PSA,SG,2,1,23.0,1,60.0
2793,d,IMO,PSA,SG,2,1,60.1,0,0
1445,,IMO,PSA,SG,2,0,0,1,-26.1
1445,,IMO,PSA,SG,2,1,-26.0,1,22.9
1445,,IMO,PSA,SG,2,1,23.0,1,60.0
1445,,IMO,PSA,SG,2,1,60.1,0,0
1832,b,IMO,PSA,SG,2,0,0,1,-26.1
1832,b,IMO,PSA,SG,2,1,-26.0,1,22.9
1832,b,IMO,PSA,SG,2,1,23.0,1,60.0
1832,b,IMO,PSA,SG,2,1,60.1,0,0
1216,,IMO,PSA,SG,2S,1,-26,1,22.9
1081,,IMO,PSA,SG,2S,0,0,1,-26.1
1081,,IMO,PSA,SG,2S,1,-26.0,1,22.9
1081,,IMO,PSA,SG,2S,1,23.0,1,60.0
1081,,IMO,PSA,SG,2S,1,60.1,0,0
3448,b,IMO,PSA,SG,2,0,0,1,-26.1
3448,b,IMO,PSA,SG,2,1,-26.0,1,22.9
3448,b,IMO,PSA,SG,2,1,23.0,1,60.0
3448,b,IMO,PSA,SG,2,1,60.1,0,0
2307,,IMO,PSA,SG,3,0,0,1,22.9
2307,,IMO,PSA,SG,3,1,23.0,1,60.0
2307,,IMO,PSA,SG,3,1,60.1,0,0
1161,,IMO,PSA,SG,2S,1,-26,1,22.9
76,b,IMO,PSA,SG,1,0,0,0,0
3269,a,IMO,PSA,SG,2,0,0,1,-26.1
3269,a,IMO,PSA,SG,2,1,-26.0,1,22.9
3269,a,IMO,PSA,SG,2,1,23.0,1,60.0
3269,a,IMO,PSA,SG,2,1,60.1,0,0
15,a,IMO,PSA,SG,1,0,0,0,0
219,e,IMO,PSA,SG,1,0,0,0,0
3286,a,IMO,PSA,SG,1D,0,0,1,-26.1
2347,,IMO,PSA,SG,1D,0,0,1,-26.1
2347,,IMO,PSA,SG,2,1,-26,1,22.9
3290,b,IMO,PSA,SG,2S,0,0,1,-26.1
3290,b,IMO,PSA,SG,2S,1,-26.0,1,22.9
3290,b,IMO,PSA,SG,2S,1,23.0,1,60.0
3290,b,IMO,PSA,SG,2S,1,60.1,0,0
3290,b,IMO,PSA,SG,2S,1,60.1,0,0
411,a,IMO,PSA,SG,1,0,0,0,0
118,d,IMO,PSA,SG,1,0,0,0,0
2950,,IMO,PSA,SG,2S,0,0,1,-26.1
2950,,IMO,PSA,SG,2S,1,-26.0,1,22.9
2950,,IMO,PSA,SG,2S,1,23.0,1,60.0
2950,,IMO,PSA,SG,2S,1,60.1,0,0
3147,e,IMO,PSA,SG,3,0,0,1,22.9
3147,e,IMO,PSA,SG,3,1,23.0,1,60.0
3147,e,IMO,PSA,SG,3,1,60.1,0,0
3147,e,IMO,PSA,SG,3,1,60.1,0,0
1950,j,IMO,PSA,SG,2S,0,0,1,-26.1
1950,j,IMO,PSA,SG,2S,1,-26.0,1,22.9
1950,j,IMO,PSA,SG,2S,1,23.0,1,60.0
1950,j,IMO,PSA,SG,2S,1,60.1,0,0
1755,a,IMO,PSA,SG,2,0,0,1,-26.1
1755,a,IMO,PSA,SG,2,1,-26.0,1,22.9
1755,a,IMO,PSA,SG,2,1,23.0,1,60.0
1755,a,IMO,PSA,SG,2,1,60.1,0,0
2578,,IMO,PSA,SG,2,0,0,1,-26.1
2578,,IMO,PSA,SG,2,1,-26.0,1,22.9
2578,,IMO,PSA,SG,2,1,23.0,1,60.0
2578,,IMO,PSA,SG,2,1,60.1,0,0
1383,b,IMO,PSA,SG,2,0,0,1,-26.1
1383,b,IMO,PSA,SG,2,1,-26.0,1,22.9
1383,b,IMO,PSA,SG,2,1,23.0,1,60.0
1383,b,IMO,PSA,SG,2,1,60.1,0,0
3283,b,IMO,PSA,SG,2,0,0,1,-26.1
3283,b,IMO,PSA,SG,2,1,-26.0,1,22.9
3283,b,IMO,PSA,SG,2,1,23.0,1,60.0
3283,b,IMO,PSA,SG,2,1,60.1,0,0
2794,b,IMO,PSA,SG,3,0,0,1,22.9
2794,b,IMO,PSA,SG,3,1,23.0,1,60.0
2794,b,IMO,PSA,SG,3,1,60.1,0,0
1851,b,IMO,PSA,SG,3,0,0,1,22.9
1851,b,IMO,PSA,SG,3,1,23.0,1,60.0
1851,b,IMO,PSA,SG,3,1,60.1,0,0
1851,b,IMO,PSA,SG,3,1,60.1,0,0
1591,,IMO,PSA,SG,2S,0,0,1,-26.1
1591,,IMO,PSA,SG,2S,1,-26.0,1,22.9
1591,,IMO,PSA,SG,2S,1,23.0,1,60.0
1591,,IMO,PSA,SG,2S,1,60.1,0,0
2002,,IMO,PSA,SG,2,0,0,1,-26.1
2002,,IMO,PSA,SG,2,1,-26.0,1,22.9
2002,,IMO,PSA,SG,2,1,23.0,1,60.0
2002,,IMO,PSA,SG,2,1,60.1,0,0
1294,,IMO,PSA,SG,2S,1,-26,1,22.9
2051,,IMO,PSA,SG,3,0,0,1,22.9
2051,,IMO,PSA,SG,3,1,23.0,1,60.0
2051,,IMO,PSA,SG,3,1,60.1,0,0
1125,,IMO,PSA,SG,2S,1,-26,1,22.9
411,b,IMO,PSA,SG,1,0,0,0,0
2810,a,IMO,PSA,SG,2,0,0,1,-26.1
2810,a,IMO,PSA,SG,2,1,-26.0,1,22.9
2810,a,IMO,PSA,SG,2,1,23.0,1,60.0
2810,a,IMO,PSA,SG,2,1,60.1,0,0
2810,a,IMO,PSA,SG,2,1,60.1,0,0
440,,IMO,PSA,SG,2,0,0,1,-26.1
440,,IMO,PSA,SG,2,1,-26.0,1,22.9
440,,IMO,PSA,SG,2,1,23.0,1,60.0
440,,IMO,PSA,SG,2,1,60.1,0,0
1308,c,IMO,PSA,SG,3,1,23,1,60
2626,,IMO,PSA,SG,2,0,0,1,-26.1
2626,,IMO,PSA,SG,2,1,-26.0,1,22.9
2626,,IMO,PSA,SG,2,1,23.0,1,60.0
2626,,IMO,PSA,SG,2,1,60.1,0,0
216,b,IMO,PSA,SG,1,0,0,0,0
3194,,IMO,PSA,SG,1D,0,0,1,-26.1
3194,,IMO,PSA,SG,1D,1,-26.0,0,0
2929,b,IMO,PSA,SG,2,1,-26.0,1,22.9
2929,b,IMO,PSA,SG,2,1,23.0,1,60.0
3027,b,IMO,PSA,SG,3,0,0,1,22.9
3027,b,IMO,PSA,SG,3,1,23.0,1,60.0
3027,b,IMO,PSA,SG,3,1,60.1,0,0
3027,b,IMO,PSA,SG,3,1,60.1,0,0
2021,,IMO,PSA,SG,2S,0,0,1,-26.1
2021,,IMO,PSA,SG,2S,1,-26.0,1,22.9
2021,,IMO,PSA,SG,2S,1,23.0,1,60.0
2021,,IMO,PSA,SG,2S,1,60.1,0,0
1938,b,IMO,PSA,SG,2S,0,0,1,-26.1
1938,b,IMO,PSA,SG,2S,1,-26.0,1,22.9
1938,b,IMO,PSA,SG,2S,1,23.0,1,60.0
1938,b,IMO,PSA,SG,2S,1,60.1,0,0
2538,,IMO,PSA,SG,3,0,0,1,22.9
2538,,IMO,PSA,SG,3,1,23.0,1,60.0
2538,,IMO,PSA,SG,3,1,60.1,0,0
2406,,IMO,PSA,SG,2S,1,-26,1,22.9
215,b,IMO,PSA,SG,1,0,0,0,0
1813,,IMO,PSA,SG,2S,0,0,1,-26.1
1813,,IMO,PSA,SG,2S,1,-26.0,1,22.9
1813,,IMO,PSA,SG,2S,1,23.0,1,60.0
1813,,IMO,PSA,SG,2S,1,60.1,0,0
1688,,IMO,PSA,SG,2S,0,0,1,-26.1
1688,,IMO,PSA,SG,2S,1,-26.0,1,22.9
1688,,IMO,PSA,SG,2S,1,23.0,1,60.0
1688,,IMO,PSA,SG,2S,1,60.1,0,0
1276,,IMO,PSA,SG,2S,1,-26,1,22.9
407,,IMO,PSA,SG,2,0,0,1,-26.1
407,,IMO,PSA,SG,2,1,-26.0,1,22.9
407,,IMO,PSA,SG,2,1,23.0,1,60.0
407,,IMO,PSA,SG,2,1,60.1,0,0
1717,,IMO,PSA,SG,2,1,-26,1,22.9
354,b,IMO,PSA,SG,1,0,0,0,0
349,,IMO,PSA,SG,2,0,0,1,-26.1
349,,IMO,PSA,SG,2,1,-26.0,1,22.9
349,,IMO,PSA,SG,2,1,23.0,1,60.0
349,,IMO,PSA,SG,2,1,60.1,0,0
2977,,IMO,PSA,SG,2,0,0,1,-26.1
2977,,IMO,PSA,SG,2,1,-26.0,1,22.9
2977,,IMO,PSA,SG,2,1,23.0,1,60.0
2977,,IMO,PSA,SG,2,1,60.1,0,0
2573,,IMO,PSA,SG,2,0,0,1,-26.1
2573,,IMO,PSA,SG,2,1,-26.0,1,22.9
2573,,IMO,PSA,SG,2,1,23.0,1,60.0
2573,,IMO,PSA,SG,2,1,60.1,0,0
1423,,IMO,PSA,SG,2,0,0,1,-26.1
1423,,IMO,PSA,SG,2,1,-26.0,1,22.9
1423,,IMO,PSA,SG,2,1,23.0,1,60.0
1423,,IMO,PSA,SG,2,1,60.1,0,0
296,,IMO,PSA,SG,1,0,0,0,0
1374,b,IMO,PSA,SG,3,0,0,1,22.9
1374,b,IMO,PSA,SG,3,1,23.0,1,60.0
1374,b,IMO,PSA,SG,3,1,60.1,0,0
1630,,IMO,PSA,SG,3,0,0,1,22.9
1630,,IMO,PSA,SG,3,1,23.0,1,60.0
1630,,IMO,PSA,SG,3,1,60.1,0,0
3066,c,IMO,PSA,SG,2,0,0,1,-26.1
3066,c,IMO,PSA,SG,2,1,-26.0,1,22.9
3066,c,IMO,PSA,SG,2,1,23.0,1,60.0
3066,c,IMO,PSA,SG,2,1,60.1,0,0
1758,,IMO,PSA,SG,2,0,0,1,-26.1
1758,,IMO,PSA,SG,2,1,-26.0,1,22.9
1758,,IMO,PSA,SG,2,1,23.0,1,60.0
1758,,IMO,PSA,SG,2,1,60.1,0,0
1039,,IMO,PSA,SG,2S,0,0,1,-26.1
1039,,IMO,PSA,SG,2S,1,-26.0,1,22.9
1039,,IMO,PSA,SG,2S,1,23.0,1,60.0
1039,,IMO,PSA,SG,2S,1,60.1,0,0
1513,,IMO,PSA,SG,2,0,0,1,-26.1
1513,,IMO,PSA,SG,2,1,-26.0,1,22.9
1513,,IMO,PSA,SG,2,1,23.0,1,60.0
1513,,IMO,PSA,SG,2,1,60.1,0,0
267,,IMO,PSA,SG,2,0,0,1,-26.1
267,,IMO,PSA,SG,2,1,-26.0,1,22.9
267,,IMO,PSA,SG,2,1,23.0,1,60.0
267,,IMO,PSA,SG,2,1,60.1,0,0
2739,,IMO,PSA,SG,3,0,0,1,22.9
2739,,IMO,PSA,SG,3,1,23.0,1,60.0
2739,,IMO,PSA,SG,3,1,60.1,0,0
490,d,IMO,PSA,SG,1,0,0,0,0
3370,,IMO,PSA,SG,2,0,0,1,-26.1
3370,,IMO,PSA,SG,2,1,-26.0,1,22.9
3370,,IMO,PSA,SG,2,1,23.0,1,60.0
3370,,IMO,PSA,SG,2,1,60.1,0,0
1386,a,IMO,PSA,SG,3,0,0,1,22.9
1386,a,IMO,PSA,SG,3,1,23.0,1,60.0
1386,a,IMO,PSA,SG,3,1,60.1,0,0
1022,a,IMO,PSA,SG,3,0,0,1,22.9
1022,a,IMO,PSA,SG,3,1,23.0,1,60.0
1022,a,IMO,PSA,SG,3,1,60.1,0,0
1263,f,IMO,PSA,SG,3,1,23,1,60
2242,,IMO,PSA,SG,2S,1,-26,1,22.9
1602,a,IMO,PSA,SG,2,0,0,1,-26.1
1602,a,IMO,PSA,SG,2,1,-26.0,1,22.9
1602,a,IMO,PSA,SG,2,1,23.0,1,60.0
1602,a,IMO,PSA,SG,2,1,60.1,0,0
1093,,IMO,PSA,SG,2,1,-26,1,22.9
3190,a,IMO,PSA,SG,2,0,0,1,-26.1
3190,a,IMO,PSA,SG,2,1,-26.0,1,22.9
3190,a,IMO,PSA,SG,2,1,23.0,1,60.0
3190,a,IMO,PSA,SG,2,1,60.1,0,0
3178,b,IMO,PSA,SG,3,0,0,1,22.9
3178,b,IMO,PSA,SG,3,1,23.0,1,60.0
3178,b,IMO,PSA,SG,3,1,60.1,0,0
3178,b,IMO,PSA,SG,3,1,23.0,1,60.0
3178,b,IMO,PSA,SG,3,1,60.1,0,0
3340,,IMO,PSA,SG,3,0,0,1,22.9
3340,,IMO,PSA,SG,3,1,23.0,1,60.0
3340,,IMO,PSA,SG,3,1,60.1,0,0
2925,b,IMO,PSA,SG,2,0,0,1,-26.1
2925,b,IMO,PSA,SG,2,1,-26.0,1,22.9
2925,b,IMO,PSA,SG,2,1,23.0,1,60.0
2925,b,IMO,PSA,SG,2,1,60.1,0,0
2925,b,IMO,PSA,SG,3,1,23.0,1,60.0
2925,b,IMO,PSA,SG,3,1,60.1,0,0
1170,g,IMO,PSA,SG,2S,1,23,1,60
1823,,IMO,PSA,SG,2S,0,0,1,-26.1
1823,,IMO,PSA,SG,2S,1,-26.0,1,22.9
1823,,IMO,PSA,SG,2S,1,23.0,1,60.0
1823,,IMO,PSA,SG,2S,1,60.1,0,0
3101,a,IMO,PSA,SG,1D,0,0,1,-26.1
3101,a,IMO,PSA,SG,1D,1,-26.0,0,0
2289,,IMO,PSA,SG,3,0,0,1,22.9
2289,,IMO,PSA,SG,3,1,23.0,1,60.0
2289,,IMO,PSA,SG,3,1,60.1,0,0
1824,b,IMO,PSA,SG,2S,0,0,1,-26.1
1824,b,IMO,PSA,SG,2S,1,-26.0,1,22.9
1824,b,IMO,PSA,SG,2S,1,23.0,1,60.0
1824,b,IMO,PSA,SG,2S,1,60.1,0,0
2714,,IMO,PSA,SG,3,0,0,1,22.9
2714,,IMO,PSA,SG,3,1,23.0,1,60.0
2714,,IMO,PSA,SG,3,1,60.1,0,0
2290,,IMO,PSA,SG,2,0,0,1,-26.1
2290,,IMO,PSA,SG,2,1,-26.0,1,22.9
2290,,IMO,PSA,SG,2,1,23.0,1,60.0
2290,,IMO,PSA,SG,2,1,60.1,0,0
1136,a,IMO,PSA,SG,2S,1,-26,1,22.9
2609,,IMO,PSA,SG,3,0,0,1,22.9
2609,,IMO,PSA,SG,3,1,23.0,1,60.0
2609,,IMO,PSA,SG,3,1,60.1,0,0
1919,,IMO,PSA,SG,2S,1,-26,1,22.9
3321,a,IMO,PSA,SG,2,0,0,1,-26.1
3321,a,IMO,PSA,SG,2,1,-26.0,1,22.9
3321,a,IMO,PSA,SG,2,1,23.0,1,60.0
3321,a,IMO,PSA,SG,2,1,60.1,0,0
2871,,IMO,PSA,SG,3,0,0,1,22.9
2871,,IMO,PSA,SG,3,1,23.0,1,60.0
2871,,IMO,PSA,SG,3,1,60.1,0,0
1302,,IMO,PSA,SG,1S,0,0,1,-26.1
1302,,IMO,PSA,SG,2S,1,-26,1,22.9
2620,,IMO,PSA,SG,2S,1,23,1,60
1197,b,IMO,PSA,SG,2S,1,-26,1,22.9
1197,b,IMO,PSA,SG,3,1,23,1,60
2815,,IMO,PSA,SG,3,0,0,1,22.9
2815,,IMO,PSA,SG,3,1,23.0,1,60.0
2815,,IMO,PSA,SG,3,1,60.1,0,0
3398,b,IMO,PSA,SG,1D,0,0,1,-26.1
3398,b,IMO,PSA,SG,1D,1,-26.0,0,0
1974,b,IMO,PSA,SG,3,0,0,1,22.9
1974,b,IMO,PSA,SG,3,1,23.0,1,60.0
1974,b,IMO,PSA,SG,3,1,60.1,0,0
3320,b,IMO,PSA,SG,2S,0,0,1,-26.1
3320,b,IMO,PSA,SG,2S,1,-26.0,1,22.9
3320,b,IMO,PSA,SG,2S,1,23.0,1,60.0
3320,b,IMO,PSA,SG,2S,1,60.1,0,0
1337,,IMO,PSA,SG,2,0,0,1,-26.1
1337,,IMO,PSA,SG,2,1,-26.0,1,22.9
1337,,IMO,PSA,SG,2,1,23.0,1,60.0
1337,,IMO,PSA,SG,2,1,60.1,0,0
39,,IMO,PSA,SG,1,0,0,0,0
3048,,IMO,PSA,SG,2,0,0,1,-26.1
3048,,IMO,PSA,SG,2,1,-26.0,1,22.9
3048,,IMO,PSA,SG,2,1,23.0,1,60.0
3048,,IMO,PSA,SG,2,1,60.1,0,0
2674,,IMO,PSA,SG,3,0,0,1,22.9
2674,,IMO,PSA,SG,3,1,23.0,1,60.0
2674,,IMO,PSA,SG,3,1,60.1,0,0
1859,,IMO,PSA,SG,2,0,0,1,-26.1
1859,,IMO,PSA,SG,2,1,-26.0,1,22.9
1859,,IMO,PSA,SG,2,1,23.0,1,60.0
1859,,IMO,PSA,SG,2,1,60.1,0,0
2309,,IMO,PSA,SG,2S,1,-26,1,22.9
1888,,IMO,PSA,SG,3,0,0,1,22.9
1888,,IMO,PSA,SG,3,1,23.0,1,60.0
1888,,IMO,PSA,SG,3,1,60.1,0,0
101,,IMO,PSA,SG,2,0,0,1,-26.1
101,,IMO,PSA,SG,2,1,-26.0,1,22.9
101,,IMO,PSA,SG,2,1,23.0,1,60.0
101,,IMO,PSA,SG,2,1,60.1,0,0
3408,b,IMO,PSA,SG,2,0,0,1,-26.1
3408,b,IMO,PSA,SG,2,1,-26.0,1,22.9
3408,b,IMO,PSA,SG,2,1,23.0,1,60.0
3408,b,IMO,PSA,SG,2,1,60.1,0,0
2243,,IMO,PSA,SG,2S,1,23,1,60
167,,IMO,PSA,SG,1,0,0,0,0
3337,,IMO,PSA,SG,3,0,0,1,22.9
3337,,IMO,PSA,SG,3,1,23.0,1,60.0
3337,,IMO,PSA,SG,3,1,60.1,0,0
3212,a,IMO,PSA,SG,2,0,0,1,-26.1
3212,a,IMO,PSA,SG,2,1,-26.0,1,22.9
3212,a,IMO,PSA,SG,2,1,23.0,1,60.0
3212,a,IMO,PSA,SG,2,1,60.1,0,0
2410,,IMO,PSA,SG,2S,1,-26,1,22.9
3401,,IMO,PSA,SG,2,0,0,1,-26.1
3401,,IMO,PSA,SG,2,1,-26.0,1,22.9
3401,,IMO,PSA,SG,2,1,23.0,1,60.0
3401,,IMO,PSA,SG,2,1,60.1,0,0
3413,c,IMO,PSA,SG,2,0,0,1,-26.1
3413,c,IMO,PSA,SG,2,1,-26.0,1,22.9
3413,c,IMO,PSA,SG,2,1,23.0,1,60.0
3413,c,IMO,PSA,SG,2,1,60.1,0,0
3383,,IMO,PSA,SG,1D,0,0,1,-26.1
3383,,IMO,PSA,SG,2,1,-26.0,1,22.9
3383,,IMO,PSA,SG,2,1,23.0,1,60.0
3397,c,IMO,PSA,SG,1D,0,0,1,-26.1
3397,c,IMO,PSA,SG,1D,1,-26.0,0,0
1656,c,IMO,PSA,SG,3,0,0,1,22.9
1656,c,IMO,PSA,SG,3,1,23.0,1,60.0
1656,c,IMO,PSA,SG,3,1,60.1,0,0
3423,,IMO,PSA,SG,3,0,0,1,22.9
3423,,IMO,PSA,SG,3,1,23.0,1,60.0
3423,,IMO,PSA,SG,3,1,60.1,0,0
3429,,IMO,PSA,SG,3,0,0,1,22.9
3429,,IMO,PSA,SG,3,1,23.0,1,60.0
3429,,IMO,PSA,SG,3,1,60.1,0,0
1694,,IMO,PSA,SG,2,0,0,1,-26.1
1694,,IMO,PSA,SG,2,1,-26.0,1,22.9
1694,,IMO,PSA,SG,2,1,23.0,1,60.0
1694,,IMO,PSA,SG,2,1,60.1,0,0
2239,,IMO,PSA,SG,3,0,0,1,22.9
2239,,IMO,PSA,SG,3,1,23.0,1,60.0
2239,,IMO,PSA,SG,3,1,60.1,0,0
3462,a,IMO,PSA,SG,2,0,0,1,-26.1
3462,a,IMO,PSA,SG,2,1,-26.0,1,22.9
3462,a,IMO,PSA,SG,2,1,23.0,1,60.0
3462,a,IMO,PSA,SG,2,1,60.1,0,0
3402,,IMO,PSA,SG,2,0,0,1,-26.1
3402,,IMO,PSA,SG,2,1,-26.0,1,22.9
3402,,IMO,PSA,SG,2,1,23.0,1,60.0
3402,,IMO,PSA,SG,2,1,60.1,0,0
3384,,IMO,PSA,SG,1D,0,0,1,-26.1
3384,,IMO,PSA,SG,2,1,-26.0,1,22.9
3384,,IMO,PSA,SG,2,1,23.0,1,60.0
3431,,IMO,PSA,SG,3,0,0,1,22.9
3431,,IMO,PSA,SG,3,1,23.0,1,60.0
3431,,IMO,PSA,SG,3,1,60.1,0,0
3391,,IMO,PSA,SG,1D,0,0,1,-26.1
3391,,IMO,PSA,SG,1D,1,-26.0,0,0
1389,,IMO,PSA,SG,2,0,0,1,-26.1
1389,,IMO,PSA,SG,2,1,-26.0,1,22.9
1389,,IMO,PSA,SG,2,1,23.0,1,60.0
1389,,IMO,PSA,SG,2,1,60.1,0,0
3439,b,IMO,PSA,SG,3,0,0,1,22.9
3439,b,IMO,PSA,SG,3,1,23.0,1,60.0
3439,b,IMO,PSA,SG,3,1,60.1,0,0
3439,b,IMO,PSA,SG,3,1,60.1,0,0
1656,d,IMO,PSA,SG,3,0,0,1,22.9
1656,d,IMO,PSA,SG,3,1,23.0,1,60.0
1656,d,IMO,PSA,SG,3,1,60.1,0,0
1578,,IMO,PSA,SG,3,0,0,1,22.9
1578,,IMO,PSA,SG,3,1,23.0,1,60.0
1578,,IMO,PSA,SG,3,1,60.1,0,0
1790,c,IMO,PSA,SG,2S,0,0,1,-26.1
1790,c,IMO,PSA,SG,2S,1,-26.0,1,22.9
1790,c,IMO,PSA,SG,2S,1,23.0,1,60.0
1790,c,IMO,PSA,SG,2S,1,60.1,0,0
1790,c,IMO,PSA,SG,2S,1,60.1,0,0
3373,b,IMO,PSA,SG,2,0,0,1,-26.1
3373,b,IMO,PSA,SG,2,1,-26.0,1,22.9
3373,b,IMO,PSA,SG,2,1,23.0,1,60.0
3373,b,IMO,PSA,SG,2,1,60.1,0,0
2077,,IMO,PSA,SG,3,0,0,1,22.9
2077,,IMO,PSA,SG,3,1,23.0,1,60.0
2077,,IMO,PSA,SG,3,1,60.1,0,0
3450,,IMO,PSA,SG,2,0,0,1,-26.1
3450,,IMO,PSA,SG,2,1,-26.0,1,22.9
3450,,IMO,PSA,SG,2,1,23.0,1,60.0
3450,,IMO,PSA,SG,2,1,60.1,0,0
3407,a,IMO,PSA,SG,1D,0,0,1,-26.1
3407,a,IMO,PSA,SG,1D,1,-26.0,0,0
3459,,IMO,PSA,SG,3,0,0,1,22.9
3459,,IMO,PSA,SG,3,1,23.0,1,60.0
3459,,IMO,PSA,SG,3,1,60.1,0,0
3443,,IMO,PSA,SG,2,0,0,1,-26.1
3443,,IMO,PSA,SG,2,1,-26.0,1,22.9
3443,,IMO,PSA,SG,2,1,23.0,1,60.0
3443,,IMO,PSA,SG,2,1,60.1,0,0
3467,a,IMO,PSA,SG,2,0,0,1,-26.1
3467,a,IMO,PSA,SG,2,1,-26.0,1,22.9
3467,a,IMO,PSA,SG,2,1,23.0,1,60.0
3467,a,IMO,PSA,SG,2,1,60.1,0,0
3104,a,IMO,PSA,SG,2,0,0,1,-26.1
3104,a,IMO,PSA,SG,2,1,-26.0,1,22.9
3104,a,IMO,PSA,SG,2,1,23.0,1,60.0
3104,a,IMO,PSA,SG,2,1,60.1,0,0
3405,a,IMO,PSA,SG,2,0,0,1,-26.1
3405,a,IMO,PSA,SG,2,1,-26.0,1,22.9
3405,a,IMO,PSA,SG,2,1,23.0,1,60.0
3405,a,IMO,PSA,SG,2,1,60.1,0,0
3428,,IMO,PSA,SG,3,0,0,1,22.9
3428,,IMO,PSA,SG,3,1,23.0,1,60.0
3428,,IMO,PSA,SG,3,1,60.1,0,0
2433,,IMO,PSA,SG,3,0,0,1,22.9
2433,,IMO,PSA,SG,3,1,23.0,1,60.0
2433,,IMO,PSA,SG,3,1,60.1,0,0
3410,,IMO,PSA,SG,3,0,0,1,22.9
3410,,IMO,PSA,SG,3,1,23.0,1,60.0
3410,,IMO,PSA,SG,3,1,60.1,0,0
3457,,IMO,PSA,SG,3,0,0,1,22.9
3457,,IMO,PSA,SG,3,1,23.0,1,60.0
3457,,IMO,PSA,SG,3,1,60.1,0,0
3128,a,IMO,PSA,SG,2,0,0,1,-26.1
3128,a,IMO,PSA,SG,2,1,-26.0,1,22.9
3128,a,IMO,PSA,SG,2,1,23.0,1,60.0
3128,a,IMO,PSA,SG,2,1,60.1,0,0
1708,,IMO,PSA,SG,3,0,0,1,22.9
1708,,IMO,PSA,SG,3,1,23.0,1,60.0
1708,,IMO,PSA,SG,3,1,60.1,0,0
3415,,IMO,PSA,SG,2S,0,0,1,-26.1
3415,,IMO,PSA,SG,2S,1,-26.0,1,22.9
3415,,IMO,PSA,SG,2S,1,23.0,1,60.0
3415,,IMO,PSA,SG,2S,1,60.1,0,0
2261,,IMO,PSA,SG,3,0,0,1,22.9
2261,,IMO,PSA,SG,3,1,23.0,1,60.0
2261,,IMO,PSA,SG,3,1,60.1,0,0
3427,,IMO,PSA,SG,3,0,0,1,22.9
3427,,IMO,PSA,SG,3,1,23.0,1,60.0
3427,,IMO,PSA,SG,3,1,60.1,0,0
3440,c,IMO,PSA,SG,3,0,0,1,22.9
3440,c,IMO,PSA,SG,3,1,23.0,1,60.0
3440,c,IMO,PSA,SG,3,1,60.1,0,0
3440,c,IMO,PSA,SG,3,1,60.1,0,0
1742,,IMO,PSA,SG,2S,0,0,1,-26.1
1742,,IMO,PSA,SG,2S,1,-26.0,1,22.9
1742,,IMO,PSA,SG,2S,1,23.0,1,60.0
1742,,IMO,PSA,SG,2S,1,60.1,0,0
2949,,IMO,PSA,SG,2S,0,0,1,-26.1
2949,,IMO,PSA,SG,2S,1,-26.0,1,22.9
2949,,IMO,PSA,SG,2S,1,23.0,1,60.0
2949,,IMO,PSA,SG,2S,1,60.1,0,0
3460,,IMO,PSA,SG,3,0,0,1,22.9
3460,,IMO,PSA,SG,3,1,23.0,1,60.0
3460,,IMO,PSA,SG,3,1,60.1,0,0
3107,b,IMO,PSA,SG,2,0,0,1,-26.1
3107,b,IMO,PSA,SG,2,1,-26.0,1,22.9
3107,b,IMO,PSA,SG,2,1,23.0,1,60.0
3107,b,IMO,PSA,SG,2,1,60.1,0,0
1392,,IMO,PSA,SG,2,0,0,1,-26.1
1392,,IMO,PSA,SG,2,1,-26.0,1,22.9
1392,,IMO,PSA,SG,2,1,23.0,1,60.0
1392,,IMO,PSA,SG,2,1,60.1,0,0
3395,a,IMO,PSA,SG,1D,0,0,1,-26.1
3395,a,IMO,PSA,SG,1D,1,-26.0,0,0
3440,b,IMO,PSA,SG,2,0,0,1,-26.1
3440,b,IMO,PSA,SG,2,1,-26.0,1,22.9
3440,b,IMO,PSA,SG,2,1,23.0,1,60.0
3440,b,IMO,PSA,SG,2,1,60.1,0,0
1835,b,IMO,PSA,SG,3,0,0,1,22.9
1835,b,IMO,PSA,SG,3,1,23.0,1,60.0
1835,b,IMO,PSA,SG,3,1,60.1,0,0
2076,,IMO,PSA,SG,2S,0,0,1,-26.1
2076,,IMO,PSA,SG,2S,1,-26.0,1,22.9
2076,,IMO,PSA,SG,2S,1,23.0,1,60.0
2076,,IMO,PSA,SG,2S,1,60.1,0,0
1831,a,IMO,PSA,SG,2,0,0,1,-26.1
1831,a,IMO,PSA,SG,2,1,-26.0,1,22.9
1831,a,IMO,PSA,SG,2,1,23.0,1,60.0
1831,a,IMO,PSA,SG,2,1,60.1,0,0
2753,,IMO,PSA,SG,3,0,0,1,22.9
2753,,IMO,PSA,SG,3,1,23.0,1,60.0
2753,,IMO,PSA,SG,3,1,60.1,0,0
3441,,IMO,PSA,SG,2,0,0,1,-26.1
3441,,IMO,PSA,SG,2,1,-26.0,1,22.9
3441,,IMO,PSA,SG,2,1,23.0,1,60.0
3441,,IMO,PSA,SG,2,1,60.1,0,0
1906,b,IMO,PSA,SG,2,0,0,1,-26.1
1906,b,IMO,PSA,SG,2,1,-26.0,1,22.9
1906,b,IMO,PSA,SG,2,1,23.0,1,60.0
1906,b,IMO,PSA,SG,2,1,60.1,0,0
1470,,IMO,PSA,SG,2,0,0,1,-26.1
1470,,IMO,PSA,SG,2,1,-26.0,1,22.9
1470,,IMO,PSA,SG,2,1,23.0,1,60.0
1470,,IMO,PSA,SG,2,1,60.1,0,0
2029,,IMO,PSA,SG,2,0,0,1,-26.1
2029,,IMO,PSA,SG,2,1,-26.0,1,22.9
2029,,IMO,PSA,SG,2,1,23.0,1,60.0
2029,,IMO,PSA,SG,2,1,60.1,0,0
3115,b,IMO,PSA,SG,2,0,0,1,-26.1
3115,b,IMO,PSA,SG,2,1,-26.0,1,22.9
3115,b,IMO,PSA,SG,2,1,23.0,1,60.0
3115,b,IMO,PSA,SG,2,1,60.1,0,0
2513,,IMO,PSA,SG,2,0,0,1,-26.1
2513,,IMO,PSA,SG,2,1,-26.0,1,22.9
2513,,IMO,PSA,SG,2,1,23.0,1,60.0
2513,,IMO,PSA,SG,2,1,60.1,0,0
2459,,IMO,PSA,SG,1S,0,0,1,-26.1
2928,a,IMO,PSA,SG,2,0,0,1,-26.1
2928,a,IMO,PSA,SG,2,1,-26.0,1,22.9
2928,a,IMO,PSA,SG,2,1,23.0,1,60.0
2928,a,IMO,PSA,SG,2,1,60.1,0,0
2516,,IMO,PSA,SG,3,0,0,1,22.9
2516,,IMO,PSA,SG,3,1,23.0,1,60.0
2516,,IMO,PSA,SG,3,1,60.1,0,0
1002,,IMO,PSA,SG,3,0,0,1,22.9
1002,,IMO,PSA,SG,3,1,23.0,1,60.0
1002,,IMO,PSA,SG,3,1,60.1,0,0
2997,b,IMO,PSA,SG,2,1,23,1,60
3242,,IMO,PSA,SG,2,0,0,1,-26.1
3242,,IMO,PSA,SG,2,1,-26.0,1,22.9
3242,,IMO,PSA,SG,2,1,23.0,1,60.0
3242,,IMO,PSA,SG,2,1,60.1,0,0
118,c,IMO,PSA,SG,1,0,0,0,0
2452,,IMO,PSA,SG,2S,0,0,1,-26.1
2452,,IMO,PSA,SG,2S,1,-26.0,1,22.9
2452,,IMO,PSA,SG,2S,1,23.0,1,60.0
2452,,IMO,PSA,SG,2S,1,60.1,0,0
3055,,IMO,PSA,SG,3,0,0,1,22.9
3055,,IMO,PSA,SG,3,1,23.0,1,60.0
3055,,IMO,PSA,SG,3,1,60.1,0,0
1011,,IMO,PSA,SG,1S,0,0,1,-26.1
1011,,IMO,PSA,SG,1S,1,-26.0,0,0
2253,,IMO,PSA,SG,3,0,0,1,22.9
2253,,IMO,PSA,SG,3,1,23.0,1,60.0
2253,,IMO,PSA,SG,3,1,60.1,0,0
2009,,IMO,PSA,SG,2S,0,0,1,-26.1
2009,,IMO,PSA,SG,2S,1,-26.0,1,22.9
2009,,IMO,PSA,SG,2S,1,23.0,1,60.0
2009,,IMO,PSA,SG,2S,1,60.1,0,0
355,b,IMO,PSA,SG,1,0,0,0,0
2719,,IMO,PSA,SG,2,0,0,1,-26.1
2719,,IMO,PSA,SG,2,1,-26.0,1,22.9
2719,,IMO,PSA,SG,2,1,23.0,1,60.0
2719,,IMO,PSA,SG,2,1,60.1,0,0
1130,,IMO,PSA,SG,3,1,23,1,60
3009,c,IMO,PSA,SG,3,1,23,1,60
3091,b,IMO,PSA,SG,3,0,0,1,22.9
3091,b,IMO,PSA,SG,3,1,23.0,1,60.0
3091,b,IMO,PSA,SG,3,1,60.1,0,0
324,,IMO,PSA,SG,1,0,0,0,0
2531,,IMO,PSA,SG,3,0,0,1,22.9
2531,,IMO,PSA,SG,3,1,23.0,1,60.0
2531,,IMO,PSA,SG,3,1,60.1,0,0
2922,b,IMO,PSA,SG,2S,0,0,1,-26.1
2922,b,IMO,PSA,SG,2S,1,-26.0,1,22.9
2922,b,IMO,PSA,SG,2S,1,23.0,1,60.0
2922,b,IMO,PSA,SG,2S,1,60.1,0,0
2922,b,IMO,PSA,SG,2S,1,60.1,0,0
1405,a,IMO,PSA,SG,2S,0,0,1,-26.1
1405,a,IMO,PSA,SG,2S,1,-26.0,1,22.9
1405,a,IMO,PSA,SG,2S,1,23.0,1,60.0
1405,a,IMO,PSA,SG,2S,1,60.1,0,0
457,,IMO,PSA,SG,1,0,0,0,0
361,,IMO,PSA,SG,2,0,0,1,-26.1
361,,IMO,PSA,SG,2,1,-26.0,1,22.9
361,,IMO,PSA,SG,2,1,23.0,1,60.0
361,,IMO,PSA,SG,2,1,60.1,0,0
3159,a,IMO,PSA,SG,3,0,0,1,22.9
3159,a,IMO,PSA,SG,3,1,23.0,1,60.0
3159,a,IMO,PSA,SG,3,1,60.1,0,0
303,b,IMO,PSA,SG,2,0,0,1,-26.1
303,b,IMO,PSA,SG,2,1,-26.0,1,22.9
303,b,IMO,PSA,SG,2,1,23.0,1,60.0
303,b,IMO,PSA,SG,2,1,60.1,0,0
2734,c,IMO,PSA,SG,2S,1,-26.0,1,22.9
2734,c,IMO,PSA,SG,2S,1,23.0,1,60.0
2338,,IMO,PSA,SG,2S,1,-26,1,22.9
3260,b,IMO,PSA,SG,3,0,0,1,22.9
3260,b,IMO,PSA,SG,3,1,23.0,1,60.0
3260,b,IMO,PSA,SG,3,1,60.1,0,0
3260,b,IMO,PSA,SG,3,1,60.1,0,0
1602,f,IMO,PSA,SG,3,0,0,1,22.9
1602,f,IMO,PSA,SG,3,1,23.0,1,60.0
1602,f,IMO,PSA,SG,3,1,60.1,0,0
1602,f,IMO,PSA,SG,3,1,60.1,0,0
2744,,IMO,PSA,SG,2,0,0,1,-26.1
2744,,IMO,PSA,SG,2,1,-26.0,1,22.9
2744,,IMO,PSA,SG,2,1,23.0,1,60.0
2744,,IMO,PSA,SG,2,1,60.1,0,0
1760,c,IMO,PSA,SG,3,0,0,1,22.9
1760,c,IMO,PSA,SG,3,1,23.0,1,60.0
1760,c,IMO,PSA,SG,3,1,60.1,0,0
1760,c,IMO,PSA,SG,3,1,60.1,0,0
2405,,IMO,PSA,SG,3,1,23,1,60
3169,,IMO,PSA,SG,1D,0,0,1,-26.1
3169,,IMO,PSA,SG,1D,1,-26.0,0,0
2698,,IMO,PSA,SG,3,0,0,1,22.9
2698,,IMO,PSA,SG,3,1,23.0,1,60.0
2698,,IMO,PSA,SG,3,1,60.1,0,0
2298,,IMO,PSA,SG,2S,1,-26,1,22.9
2254,,IMO,PSA,SG,2,0,0,1,-26.1
2254,,IMO,PSA,SG,2,1,-26.0,1,22.9
2254,,IMO,PSA,SG,2,1,23.0,1,60.0
2254,,IMO,PSA,SG,2,1,60.1,0,0
3130,a,IMO,PSA,SG,1D,0,0,1,-26.1
3130,a,IMO,PSA,SG,1D,1,-26.0,0,0
2045,a,IMO,PSA,SG,2S,1,-26,1,22.9
3373,a,IMO,PSA,SG,2,0,0,1,-26.1
3373,a,IMO,PSA,SG,2,1,-26.0,1,22.9
3373,a,IMO,PSA,SG,2,1,23.0,1,60.0
3373,a,IMO,PSA,SG,2,1,60.1,0,0
3219,a,IMO,PSA,SG,1D,0,0,1,-26.1
3219,a,IMO,PSA,SG,1D,1,-26.0,0,0
277,,IMO,PSA,SG,2,0,0,1,-26.1
277,,IMO,PSA,SG,2,1,-26.0,1,22.9
277,,IMO,PSA,SG,2,1,23.0,1,60.0
277,,IMO,PSA,SG,2,1,60.1,0,0
2491,a,IMO,PSA,SG,3,0,0,1,22.9
2491,a,IMO,PSA,SG,3,1,23.0,1,60.0
2491,a,IMO,PSA,SG,3,1,60.1,0,0
1362,,IMO,PSA,SG,3,0,0,1,22.9
1362,,IMO,PSA,SG,3,1,23.0,1,60.0
1362,,IMO,PSA,SG,3,1,60.1,0,0
1418,b,IMO,PSA,SG,2,0,0,1,-26.1
1418,b,IMO,PSA,SG,2,1,-26.0,1,22.9
1418,b,IMO,PSA,SG,2,1,23.0,1,60.0
1418,b,IMO,PSA,SG,2,1,60.1,0,0
3157,,IMO,PSA,SG,2,0,0,1,-26.1
3157,,IMO,PSA,SG,2,1,-26.0,1,22.9
3157,,IMO,PSA,SG,2,1,23.0,1,60.0
3157,,IMO,PSA,SG,2,1,60.1,0,0
331,a,IMO,PSA,SG,1,0,0,0,0
1318,,IMO,PSA,SG,3,0,0,1,22.9
1318,,IMO,PSA,SG,3,1,23.0,1,60.0
1318,,IMO,PSA,SG,3,1,60.1,0,0
194,,IMO,PSA,SG,1,0,0,0,0
2723,,IMO,PSA,SG,2,0,0,1,-26.1
2723,,IMO,PSA,SG,2,1,-26.0,1,22.9
2723,,IMO,PSA,SG,2,1,23.0,1,60.0
2723,,IMO,PSA,SG,2,1,60.1,0,0
1557,c,IMO,PSA,SG,2,0,0,1,-26.1
1557,c,IMO,PSA,SG,2,1,-26.0,1,22.9
1557,c,IMO,PSA,SG,2,1,23.0,1,60.0
1557,c,IMO,PSA,SG,2,1,60.1,0,0
1556,b,IMO,PSA,SG,2,0,0,1,-26.1
1556,b,IMO,PSA,SG,2,1,-26.0,1,22.9
1556,b,IMO,PSA,SG,2,1,23.0,1,60.0
1556,b,IMO,PSA,SG,2,1,60.1,0,0
3324,d,IMO,PSA,SG,2,0,0,1,-26.1
3324,d,IMO,PSA,SG,2,1,-26.0,1,22.9
3324,d,IMO,PSA,SG,2,1,23.0,1,60.0
3324,d,IMO,PSA,SG,2,1,60.1,0,0
1320,,IMO,PSA,SG,2,0,0,1,-26.1
1320,,IMO,PSA,SG,2,1,-26.0,1,22.9
1320,,IMO,PSA,SG,2,1,23.0,1,60.0
1320,,IMO,PSA,SG,2,1,60.1,0,0
3312,,IMO,PSA,SG,1D,0,0,1,-26.1
3312,,IMO,PSA,SG,1D,1,-26.0,0,0
3292,b,IMO,PSA,SG,2,0,0,1,-26.1
3292,b,IMO,PSA,SG,2,1,-26.0,1,22.9
3292,b,IMO,PSA,SG,2,1,23.0,1,60.0
3292,b,IMO,PSA,SG,2,1,60.1,0,0
1172,,IMO,PSA,SG,2S,1,23,1,60
2358,,IMO,PSA,SG,2S,1,-26,1,22.9
1496,,IMO,PSA,SG,2,0,0,1,-26.1
1496,,IMO,PSA,SG,2,1,-26.0,1,22.9
1496,,IMO,PSA,SG,2,1,23.0,1,60.0
1496,,IMO,PSA,SG,2,1,60.1,0,0
2025,a,IMO,PSA,SG,2,0,0,1,-26.1
2025,a,IMO,PSA,SG,2,1,-26.0,1,22.9
2025,a,IMO,PSA,SG,2,1,23.0,1,60.0
2025,a,IMO,PSA,SG,2,1,60.1,0,0
2194,,IMO,PSA,SG,2,0,0,1,-26.1
2194,,IMO,PSA,SG,2,1,-26.0,1,22.9
2194,,IMO,PSA,SG,2,1,23.0,1,60.0
2194,,IMO,PSA,SG,2,1,60.1,0,0
2917,d,IMO,PSA,SG,2,0,0,1,-26.1
2917,d,IMO,PSA,SG,2,1,-26.0,1,22.9
2917,d,IMO,PSA,SG,2,1,23.0,1,60.0
2917,d,IMO,PSA,SG,2,1,60.1,0,0
1618,,IMO,PSA,SG,2S,0,0,1,-26.1
1618,,IMO,PSA,SG,2S,1,-26.0,1,22.9
1618,,IMO,PSA,SG,2S,1,23.0,1,60.0
1618,,IMO,PSA,SG,2S,1,60.1,0,0
1697,,IMO,PSA,SG,2,0,0,1,-26.1
1697,,IMO,PSA,SG,2,1,-26.0,1,22.9
1697,,IMO,PSA,SG,2,1,23.0,1,60.0
1697,,IMO,PSA,SG,2,1,60.1,0,0
3420,,IMO,PSA,SG,2S,0,0,1,-26.1
3420,,IMO,PSA,SG,2S,1,-26.0,1,22.9
3420,,IMO,PSA,SG,2S,1,23.0,1,60.0
3420,,IMO,PSA,SG,2S,1,60.1,0,0
3275,a,IMO,PSA,SG,1D,0,0,1,-26.1
3275,a,IMO,PSA,SG,2,1,-26.0,1,22.9
3275,a,IMO,PSA,SG,2,1,23.0,1,60.0
1220,,IMO,PSA,SG,2S,1,-26,1,22.9
1566,b,IMO,PSA,SG,3,0,0,1,22.9
1566,b,IMO,PSA,SG,3,1,23.0,1,60.0
1566,b,IMO,PSA,SG,3,1,60.1,0,0
1903,b,IMO,PSA,SG,2S,0,0,1,-26.1
1903,b,IMO,PSA,SG,2S,1,-26.0,1,22.9
1903,b,IMO,PSA,SG,2S,1,23.0,1,60.0
1903,b,IMO,PSA,SG,2S,1,60.1,0,0
1903,b,IMO,PSA,SG,2S,1,60.1,0,0
445,,IMO,PSA,SG,2,0,0,1,-26.1
445,,IMO,PSA,SG,2,1,-26.0,1,22.9
445,,IMO,PSA,SG,2,1,23.0,1,60.0
445,,IMO,PSA,SG,2,1,60.1,0,0
3289,a,IMO,PSA,SG,2,0,0,1,-26.1
3289,a,IMO,PSA,SG,2,1,-26.0,1,22.9
3289,a,IMO,PSA,SG,2,1,23.0,1,60.0
3289,a,IMO,PSA,SG,2,1,60.1,0,0
2259,,IMO,PSA,SG,3,0,0,1,22.9
2259,,IMO,PSA,SG,3,1,23.0,1,60.0
2259,,IMO,PSA,SG,3,1,60.1,0,0
3209,a,IMO,PSA,SG,1D,0,0,1,-26.1
3209,a,IMO,PSA,SG,1D,1,-26.0,0,0
2750,,IMO,PSA,SG,3,0,0,1,22.9
2750,,IMO,PSA,SG,3,1,23.0,1,60.0
2750,,IMO,PSA,SG,3,1,60.1,0,0
3351,b,IMO,PSA,SG,2,1,23,1,60
2771,c,IMO,PSA,SG,3,0,0,1,22.9
2771,c,IMO,PSA,SG,3,1,23.0,1,60.0
2771,c,IMO,PSA,SG,3,1,60.1,0,0
2771,c,IMO,PSA,SG,3,1,60.1,0,0
3015,a,IMO,PSA,SG,2,1,23,1,60
1503,,IMO,PSA,SG,3,0,0,1,22.9
1503,,IMO,PSA,SG,3,1,23.0,1,60.0
1503,,IMO,PSA,SG,3,1,60.1,0,0
1744,a,IMO,PSA,SG,2,0,0,1,-26.1
1744,a,IMO,PSA,SG,2,1,-26.0,1,22.9
1744,a,IMO,PSA,SG,2,1,23.0,1,60.0
1744,a,IMO,PSA,SG,2,1,60.1,0,0
2301,,IMO,PSA,SG,1S,0,0,1,-26.1
2920,a,IMO,PSA,SG,1D,0,0,1,-26.1
2920,a,IMO,PSA,SG,2,1,-26.0,1,22.9
2920,a,IMO,PSA,SG,2,1,23.0,1,60.0
3297,,IMO,PSA,SG,2,0,0,1,-26.1
3297,,IMO,PSA,SG,2,1,-26.0,1,22.9
3297,,IMO,PSA,SG,2,1,23.0,1,60.0
3297,,IMO,PSA,SG,2,1,60.1,0,0
155,b,IMO,PSA,SG,1,0,0,0,0
2324,,IMO,PSA,SG,3,1,23,1,60
3132,c,IMO,PSA,SG,1D,0,0,1,-26.1
3132,c,IMO,PSA,SG,1D,1,-26.0,0,0
3430,,IMO,PSA,SG,3,0,0,1,22.9
3430,,IMO,PSA,SG,3,1,23.0,1,60.0
3430,,IMO,PSA,SG,3,1,60.1,0,0
1908,a,IMO,PSA,SG,2,0,0,1,-26.1
1908,a,IMO,PSA,SG,2,1,-26.0,1,22.9
1908,a,IMO,PSA,SG,2,1,23.0,1,60.0
1908,a,IMO,PSA,SG,2,1,60.1,0,0
1819,a,IMO,PSA,SG,3,0,0,1,22.9
1819,a,IMO,PSA,SG,3,1,23.0,1,60.0
1819,a,IMO,PSA,SG,3,1,60.1,0,0
411,f,IMO,PSA,SG,1,0,0,0,0
1580,,IMO,PSA,SG,2,0,0,1,-26.1
1580,,IMO,PSA,SG,2,1,-26.0,1,22.9
1580,,IMO,PSA,SG,2,1,23.0,1,60.0
1580,,IMO,PSA,SG,2,1,60.1,0,0
1305,,IMO,PSA,SG,2,1,-26,1,22.9
3286,b,IMO,PSA,SG,2,1,-26,1,22.9
3189,a,IMO,PSA,SG,2,0,0,1,-26.1
3189,a,IMO,PSA,SG,2,1,-26.0,1,22.9
3189,a,IMO,PSA,SG,2,1,23.0,1,60.0
3189,a,IMO,PSA,SG,2,1,60.1,0,0
2333,,IMO,PSA,SG,2,1,-26,1,22.9
500,,IMO,PSA,SG,2,0,0,1,-26.1
500,,IMO,PSA,SG,2,1,-26.0,1,22.9
500,,IMO,PSA,SG,2,1,23.0,1,60.0
500,,IMO,PSA,SG,2,1,60.1,0,0
2948,,IMO,PSA,SG,3,0,0,1,22.9
2948,,IMO,PSA,SG,3,1,23.0,1,60.0
2948,,IMO,PSA,SG,3,1,60.1,0,0
3329,b,IMO,PSA,SG,2,0,0,1,-26.1
3329,b,IMO,PSA,SG,2,1,-26.0,1,22.9
3329,b,IMO,PSA,SG,2,1,23.0,1,60.0
3329,b,IMO,PSA,SG,2,1,60.1,0,0
2784,a,IMO,PSA,SG,2,1,-26,1,22.9
3411,a,IMO,PSA,SG,3,0,0,1,22.9
3411,a,IMO,PSA,SG,3,1,23.0,1,60.0
3411,a,IMO,PSA,SG,3,1,60.1,0,0
2464,,IMO,PSA,SG,3,0,0,1,22.9
2464,,IMO,PSA,SG,3,1,23.0,1,60.0
2464,,IMO,PSA,SG,3,1,60.1,0,0
215,a,IMO,PSA,SG,1,0,0,0,0
3288,b,IMO,PSA,SG,3,0,0,1,22.9
3288,b,IMO,PSA,SG,3,1,23.0,1,60.0
3288,b,IMO,PSA,SG,3,1,60.1,0,0
3288,b,IMO,PSA,SG,3,1,60.1,0,0
2480,,IMO,PSA,SG,1D,0,0,1,-26.1
2480,,IMO,PSA,SG,1D,1,-26.0,0,0
2570,b,IMO,PSA,SG,3,0,0,1,22.9
2570,b,IMO,PSA,SG,3,1,23.0,1,60.0
2570,b,IMO,PSA,SG,3,1,60.1,0,0
2570,b,IMO,PSA,SG,3,1,60.1,0,0
3330,b,IMO,PSA,SG,2,0,0,1,-26.1
3330,b,IMO,PSA,SG,2,1,-26.0,1,22.9
3330,b,IMO,PSA,SG,2,1,23.0,1,60.0
3330,b,IMO,PSA,SG,2,1,60.1,0,0
2251,a,IMO,PSA,SG,2S,1,-26,1,22.9
2648,,IMO,PSA,SG,2,0,0,1,-26.1
2648,,IMO,PSA,SG,2,1,-26.0,1,22.9
2648,,IMO,PSA,SG,2,1,23.0,1,60.0
2648,,IMO,PSA,SG,2,1,60.1,0,0
3024,a,IMO,PSA,SG,2,1,-26,1,22.9
2490,,IMO,PSA,SG,3,0,0,1,22.9
2490,,IMO,PSA,SG,3,1,23.0,1,60.0
2490,,IMO,PSA,SG,3,1,60.1,0,0
271,,IMO,PSA,SG,1,0,0,0,0
1006,,IMO,PSA,SG,3,0,0,1,22.9
1006,,IMO,PSA,SG,3,1,23.0,1,60.0
1006,,IMO,PSA,SG,3,1,60.1,0,0
1730,,IMO,PSA,SG,2S,0,0,1,-26.1
1730,,IMO,PSA,SG,2S,1,-26.0,1,22.9
1730,,IMO,PSA,SG,2S,1,23.0,1,60.0
1730,,IMO,PSA,SG,2S,1,60.1,0,0
2332,,IMO,PSA,SG,3,1,23,1,60
2260,,IMO,PSA,SG,3,1,23,1,60
266,c,IMO,PSA,SG,1,0,0,0,0
2360,,IMO,PSA,SG,2,1,-26,1,22.9
2560,,IMO,PSA,SG,3,1,23,1,60
2903,a,IMO,PSA,SG,2,0,0,1,-26.1
2733,e,IMO,PSA,SG,3,1,23,1,60
2049,,IMO,PSA,SG,3,1,23,1,60
118,e,IMO,PSA,SG,1,0,0,0,0
2590,,IMO,PSA,SG,2S,0,0,1,-26.1
2590,,IMO,PSA,SG,2S,1,-26.0,1,22.9
2590,,IMO,PSA,SG,2S,1,23.0,1,60.0
2590,,IMO,PSA,SG,2S,1,60.1,0,0
3325,c,IMO,PSA,SG,2,0,0,1,-26.1
3325,c,IMO,PSA,SG,2,1,-26.0,1,22.9
3325,c,IMO,PSA,SG,2,1,23.0,1,60.0
3325,c,IMO,PSA,SG,2,1,60.1,0,0
3321,b,IMO,PSA,SG,2,0,0,1,-26.1
3321,b,IMO,PSA,SG,2,1,-26.0,1,22.9
3321,b,IMO,PSA,SG,2,1,23.0,1,60.0
3321,b,IMO,PSA,SG,2,1,60.1,0,0
406,,IMO,PSA,SG,2,0,0,1,-26.1
406,,IMO,PSA,SG,2,1,-26.0,1,22.9
406,,IMO,PSA,SG,2,1,23.0,1,60.0
406,,IMO,PSA,SG,2,1,60.1,0,0
153,c,IMO,PSA,SG,1,0,0,0,0
1427,,IMO,PSA,SG,2,0,0,1,-26.1
1427,,IMO,PSA,SG,2,1,-26.0,1,22.9
1427,,IMO,PSA,SG,2,1,23.0,1,60.0
1427,,IMO,PSA,SG,2,1,60.1,0,0
2813,c,IMO,PSA,SG,1D,0,0,1,-26.1
2813,c,IMO,PSA,SG,1D,1,-26.0,0,0
14,b,IMO,PSA,SG,2,0,0,1,-26.1
14,b,IMO,PSA,SG,2,1,-26.0,1,22.9
14,b,IMO,PSA,SG,2,1,23.0,1,60.0
14,b,IMO,PSA,SG,2,1,60.1,0,0
1092,,IMO,PSA,SG,1D,0,0,1,-26.1
1092,,IMO,PSA,SG,2,1,-26.0,1,22.9
1092,,IMO,PSA,SG,2,1,23.0,1,60.0
1466,,IMO,PSA,SG,3,0,0,1,22.9
1466,,IMO,PSA,SG,3,1,23.0,1,60.0
1466,,IMO,PSA,SG,3,1,60.1,0,0
2189,,IMO,PSA,SG,2,0,0,1,-26.1
2189,,IMO,PSA,SG,2,1,-26.0,1,22.9
2189,,IMO,PSA,SG,2,1,23.0,1,60.0
2189,,IMO,PSA,SG,2,1,60.1,0,0
1701,,IMO,PSA,SG,2,0,0,1,-26.1
1701,,IMO,PSA,SG,2,1,-26.0,1,22.9
1701,,IMO,PSA,SG,2,1,23.0,1,60.0
1701,,IMO,PSA,SG,2,1,60.1,0,0
2608,,IMO,PSA,SG,2S,1,23,1,60
3251,,IMO,PSA,SG,3,0,0,1,22.9
3251,,IMO,PSA,SG,3,1,23.0,1,60.0
3251,,IMO,PSA,SG,3,1,60.1,0,0
2996,b,IMO,PSA,SG,2,0,0,1,-26.1
2996,b,IMO,PSA,SG,2,1,-26.0,1,22.9
2996,b,IMO,PSA,SG,2,1,23.0,1,60.0
2996,b,IMO,PSA,SG,2,1,60.1,0,0
1491,,IMO,PSA,SG,2,0,0,1,-26.1
1491,,IMO,PSA,SG,2,1,-26.0,1,22.9
1491,,IMO,PSA,SG,2,1,23.0,1,60.0
1491,,IMO,PSA,SG,2,1,60.1,0,0
2728,,IMO,PSA,SG,3,0,0,1,22.9
2728,,IMO,PSA,SG,3,1,23.0,1,60.0
2728,,IMO,PSA,SG,3,1,60.1,0,0
2921,a,IMO,PSA,SG,2,0,0,1,-26.1
2921,a,IMO,PSA,SG,2,1,-26.0,1,22.9
2921,a,IMO,PSA,SG,2,1,23.0,1,60.0
2921,a,IMO,PSA,SG,2,1,60.1,0,0
2800,,IMO,PSA,SG,3,0,0,1,22.9
2800,,IMO,PSA,SG,3,1,23.0,1,60.0
2800,,IMO,PSA,SG,3,1,60.1,0,0
1723,,IMO,PSA,SG,2,1,-26,1,22.9
1699,,IMO,PSA,SG,2,0,0,1,-26.1
1699,,IMO,PSA,SG,2,1,-26.0,1,22.9
1699,,IMO,PSA,SG,2,1,23.0,1,60.0
1699,,IMO,PSA,SG,2,1,60.1,0,0
2284,,IMO,PSA,SG,2,1,-26,1,22.9
1228,a,IMO,PSA,SG,1D,0,0,1,-26.1
1228,a,IMO,PSA,SG,2,1,-26,1,22.9
1858,b,IMO,PSA,SG,3,0,0,1,22.9
1858,b,IMO,PSA,SG,3,1,23.0,1,60.0
1858,b,IMO,PSA,SG,3,1,60.1,0,0
1238,,IMO,PSA,SG,2,0,0,1,-26.1
1238,,IMO,PSA,SG,2,1,-26.0,1,22.9
1238,,IMO,PSA,SG,2,1,23.0,1,60.0
1238,,IMO,PSA,SG,2,1,60.1,0,0
2969,c,IMO,PSA,SG,3,0,0,1,22.9
2969,c,IMO,PSA,SG,3,1,23.0,1,60.0
2969,c,IMO,PSA,SG,3,1,60.1,0,0
2705,,IMO,PSA,SG,2,0,0,1,-26.1
2705,,IMO,PSA,SG,2,1,-26.0,1,22.9
2705,,IMO,PSA,SG,2,1,23.0,1,60.0
2705,,IMO,PSA,SG,2,1,60.1,0,0
325,,IMO,PSA,SG,2,0,0,1,-26.1
325,,IMO,PSA,SG,2,1,-26.0,1,22.9
325,,IMO,PSA,SG,2,1,23.0,1,60.0
325,,IMO,PSA,SG,2,1,60.1,0,0
257,,IMO,PSA,SG,2,0,0,1,-26.1
257,,IMO,PSA,SG,2,1,-26.0,1,22.9
257,,IMO,PSA,SG,2,1,23.0,1,60.0
257,,IMO,PSA,SG,2,1,60.1,0,0
1106,b,IMO,PSA,SG,2S,1,23,1,60
1907,,IMO,PSA,SG,3,0,0,1,22.9
1907,,IMO,PSA,SG,3,1,23.0,1,60.0
1907,,IMO,PSA,SG,3,1,60.1,0,0
1605,,IMO,PSA,SG,2,0,0,1,-26.1
1605,,IMO,PSA,SG,2,1,-26.0,1,22.9
1605,,IMO,PSA,SG,2,1,23.0,1,60.0
1605,,IMO,PSA,SG,2,1,60.1,0,0
2834,,IMO,PSA,SG,3,0,0,1,22.9
2834,,IMO,PSA,SG,3,1,23.0,1,60.0
2834,,IMO,PSA,SG,3,1,60.1,0,0
3267,a,IMO,PSA,SG,2,0,0,1,-26.1
3267,a,IMO,PSA,SG,2,1,-26.0,1,22.9
3267,a,IMO,PSA,SG,2,1,23.0,1,60.0
3267,a,IMO,PSA,SG,2,1,60.1,0,0
1590,,IMO,PSA,SG,3,0,0,1,22.9
1590,,IMO,PSA,SG,3,1,23.0,1,60.0
1590,,IMO,PSA,SG,3,1,60.1,0,0
2571,a,IMO,PSA,SG,2,0,0,1,-26.1
2571,a,IMO,PSA,SG,2,1,-26.0,1,22.9
2571,a,IMO,PSA,SG,2,1,23.0,1,60.0
2571,a,IMO,PSA,SG,2,1,60.1,0,0
3025,a,IMO,PSA,SG,2,1,23,1,60
3019,b,IMO,PSA,SG,2,1,23,1,60
2917,c,IMO,PSA,SG,2,0,0,1,-26.1
2917,c,IMO,PSA,SG,2,1,-26.0,1,22.9
2917,c,IMO,PSA,SG,2,1,23.0,1,60.0
2917,c,IMO,PSA,SG,2,1,60.1,0,0
2991,a,IMO,PSA,SG,2,1,23,1,60
1935,c,IMO,PSA,SG,2,0,0,1,-26.1
1935,c,IMO,PSA,SG,2,1,-26.0,1,22.9
1935,c,IMO,PSA,SG,2,1,23.0,1,60.0
1935,c,IMO,PSA,SG,2,1,60.1,0,0
1567,,IMO,PSA,SG,2,0,0,1,-26.1
1567,,IMO,PSA,SG,2,1,-26.0,1,22.9
1567,,IMO,PSA,SG,2,1,23.0,1,60.0
1567,,IMO,PSA,SG,2,1,60.1,0,0
1987,a,IMO,PSA,SG,1S,0,0,1,-26.1
1987,a,IMO,PSA,SG,2S,1,-26,1,22.9
2715,,IMO,PSA,SG,3,0,0,1,22.9
2715,,IMO,PSA,SG,3,1,23.0,1,60.0
2715,,IMO,PSA,SG,3,1,60.1,0,0
3109,b,IMO,PSA,SG,2,0,0,1,-26.1
3109,b,IMO,PSA,SG,2,1,-26.0,1,22.9
3109,b,IMO,PSA,SG,2,1,23.0,1,60.0
3109,b,IMO,PSA,SG,2,1,60.1,0,0
3411,b,IMO,PSA,SG,3,0,0,1,22.9
3411,b,IMO,PSA,SG,3,1,23.0,1,60.0
3411,b,IMO,PSA,SG,3,1,60.1,0,0
2733,b,IMO,PSA,SG,1D,0,0,1,-26.1
1353,b,IMO,PSA,SG,2,0,0,1,-26.1
1353,b,IMO,PSA,SG,2,1,-26.0,1,22.9
1353,b,IMO,PSA,SG,2,1,23.0,1,60.0
1353,b,IMO,PSA,SG,2,1,60.1,0,0
55,,IMO,PSA,SG,2,0,0,1,-26.1
55,,IMO,PSA,SG,2,1,-26.0,1,22.9
55,,IMO,PSA,SG,2,1,23.0,1,60.0
55,,IMO,PSA,SG,2,1,60.1,0,0
2683,a,IMO,PSA,SG,2,0,0,1,-26.1
2683,a,IMO,PSA,SG,2,1,-26.0,1,22.9
2683,a,IMO,PSA,SG,2,1,23.0,1,60.0
2683,a,IMO,PSA,SG,2,1,60.1,0,0
2849,,IMO,PSA,SG,3,0,0,1,22.9
2849,,IMO,PSA,SG,3,1,23.0,1,60.0
2849,,IMO,PSA,SG,3,1,60.1,0,0
1293,a,IMO,PSA,SG,2S,1,-26,1,22.9
3302,,IMO,PSA,SG,3,0,0,1,22.9
3302,,IMO,PSA,SG,3,1,23.0,1,60.0
3302,,IMO,PSA,SG,3,1,60.1,0,0
1640,,IMO,PSA,SG,3,0,0,1,22.9
1640,,IMO,PSA,SG,3,1,23.0,1,60.0
1640,,IMO,PSA,SG,3,1,60.1,0,0
300,,IMO,PSA,SG,2,0,0,1,-26.1
300,,IMO,PSA,SG,2,1,-26.0,1,22.9
300,,IMO,PSA,SG,2,1,23.0,1,60.0
300,,IMO,PSA,SG,2,1,60.1,0,0
2946,,IMO,PSA,SG,3,0,0,1,22.9
2946,,IMO,PSA,SG,3,1,23.0,1,60.0
2946,,IMO,PSA,SG,3,1,60.1,0,0
2381,,IMO,PSA,SG,2S,1,-26,1,22.9
3183,a,IMO,PSA,SG,2,0,0,1,-26.1
3183,a,IMO,PSA,SG,2,1,-26.0,1,22.9
3183,a,IMO,PSA,SG,2,1,23.0,1,60.0
3183,a,IMO,PSA,SG,2,1,60.1,0,0
78,a,IMO,PSA,SG,1,0,0,0,0
2992,b,IMO,PSA,SG,2,0,0,1,-26.1
2992,b,IMO,PSA,SG,2,1,-26.0,1,22.9
2992,b,IMO,PSA,SG,2,1,23.0,1,60.0
2992,b,IMO,PSA,SG,2,1,60.1,0,0
1286,a,IMO,PSA,SG,2S,1,-26,1,22.9
3026,b,IMO,PSA,SG,2,0,0,1,-26.1
3026,b,IMO,PSA,SG,2,1,-26.0,1,22.9
3026,b,IMO,PSA,SG,2,1,23.0,1,60.0
3026,b,IMO,PSA,SG,2,1,60.1,0,0
1647,,IMO,PSA,SG,2,0,0,1,-26.1
1647,,IMO,PSA,SG,2,1,-26.0,1,22.9
1647,,IMO,PSA,SG,2,1,23.0,1,60.0
1647,,IMO,PSA,SG,2,1,60.1,0,0
2761,a,IMO,PSA,SG,2,0,0,1,-26.1
2761,a,IMO,PSA,SG,2,1,-26.0,1,22.9
2761,a,IMO,PSA,SG,2,1,23.0,1,60.0
2761,a,IMO,PSA,SG,2,1,60.1,0,0
2873,,IMO,PSA,SG,3,0,0,1,22.9
2873,,IMO,PSA,SG,3,1,23.0,1,60.0
2873,,IMO,PSA,SG,3,1,60.1,0,0
3345,a,IMO,PSA,SG,2,0,0,1,-26.1
3345,a,IMO,PSA,SG,2,1,-26.0,1,22.9
3345,a,IMO,PSA,SG,2,1,23.0,1,60.0
3345,a,IMO,PSA,SG,2,1,60.1,0,0
3288,c,IMO,PSA,SG,3,0,0,1,22.9
3288,c,IMO,PSA,SG,3,1,23.0,1,60.0
3288,c,IMO,PSA,SG,3,1,60.1,0,0
3288,c,IMO,PSA,SG,3,1,60.1,0,0
3258,,IMO,PSA,SG,2,0,0,1,-26.1
3258,,IMO,PSA,SG,2,1,-26.0,1,22.9
3258,,IMO,PSA,SG,2,1,23.0,1,60.0
3258,,IMO,PSA,SG,2,1,60.1,0,0
2485,,IMO,PSA,SG,2,0,0,1,-26.1
2485,,IMO,PSA,SG,2,1,-26.0,1,22.9
2485,,IMO,PSA,SG,2,1,23.0,1,60.0
2485,,IMO,PSA,SG,2,1,60.1,0,0
3321,d,IMO,PSA,SG,2,0,0,1,-26.1
3321,d,IMO,PSA,SG,2,1,-26.0,1,22.9
3321,d,IMO,PSA,SG,2,1,23.0,1,60.0
3321,d,IMO,PSA,SG,2,1,60.1,0,0
1148,b,IMO,PSA,SG,2S,1,23,1,60
2761,c,IMO,PSA,SG,3,0,0,1,22.9
2761,c,IMO,PSA,SG,3,1,23.0,1,60.0
2761,c,IMO,PSA,SG,3,1,60.1,0,0
2761,c,IMO,PSA,SG,3,1,60.1,0,0
408,,IMO,PSA,SG,1,0,0,0,0
2733,d,IMO,PSA,SG,2S,1,-26,1,22.9
2881,a,IMO,PSA,SG,2,0,0,1,-26.1
2881,a,IMO,PSA,SG,2,1,-26.0,1,22.9
2881,a,IMO,PSA,SG,2,1,23.0,1,60.0
2881,a,IMO,PSA,SG,2,1,60.1,0,0
1222,,IMO,PSA,SG,2S,1,-26,1,22.9
3349,c,IMO,PSA,SG,3,0,0,1,22.9
3349,c,IMO,PSA,SG,3,1,23.0,1,60.0
3349,c,IMO,PSA,SG,3,1,60.1,0,0
3349,c,IMO,PSA,SG,3,1,60.1,0,0
1846,,IMO,PSA,SG,3,0,0,1,22.9
1846,,IMO,PSA,SG,3,1,23.0,1,60.0
1846,,IMO,PSA,SG,3,1,60.1,0,0
1940,,IMO,PSA,SG,3,0,0,1,22.9
1940,,IMO,PSA,SG,3,1,23.0,1,60.0
1940,,IMO,PSA,SG,3,1,60.1,0,0
1670,,IMO,PSA,SG,2,0,0,1,-26.1
1670,,IMO,PSA,SG,2,1,-26.0,1,22.9
1670,,IMO,PSA,SG,2,1,23.0,1,60.0
1670,,IMO,PSA,SG,2,1,60.1,0,0
2209,,IMO,PSA,SG,2S,0,0,1,-26.1
2209,,IMO,PSA,SG,2S,1,-26.0,1,22.9
2209,,IMO,PSA,SG,2S,1,23.0,1,60.0
2209,,IMO,PSA,SG,2S,1,60.1,0,0
12,b,IMO,PSA,SG,2,0,0,1,-26.1
12,b,IMO,PSA,SG,2,1,-26.0,1,22.9
12,b,IMO,PSA,SG,2,1,23.0,1,60.0
12,b,IMO,PSA,SG,2,1,60.1,0,0
387,a,IMO,PSA,SG,1,0,0,0,0
365,,IMO,PSA,SG,2,0,0,1,-26.1
365,,IMO,PSA,SG,2,1,-26.0,1,22.9
365,,IMO,PSA,SG,2,1,23.0,1,60.0
365,,IMO,PSA,SG,2,1,60.1,0,0
1854,,IMO,PSA,SG,2,0,0,1,-26.1
1854,,IMO,PSA,SG,2,1,-26.0,1,22.9
1854,,IMO,PSA,SG,2,1,23.0,1,60.0
1854,,IMO,PSA,SG,2,1,60.1,0,0
3186,b,IMO,PSA,SG,2,0,0,1,-26.1
3186,b,IMO,PSA,SG,2,1,-26.0,1,22.9
3186,b,IMO,PSA,SG,2,1,23.0,1,60.0
3186,b,IMO,PSA,SG,2,1,60.1,0,0
1990,,IMO,PSA,SG,3,0,0,1,22.9
1990,,IMO,PSA,SG,3,1,23.0,1,60.0
1990,,IMO,PSA,SG,3,1,60.1,0,0
280,,IMO,PSA,SG,1,0,0,0,0
2916,c,IMO,PSA,SG,2,0,0,1,-26.1
2916,c,IMO,PSA,SG,2,1,-26.0,1,22.9
2916,c,IMO,PSA,SG,2,1,23.0,1,60.0
2916,c,IMO,PSA,SG,2,1,60.1,0,0
2478,a,IMO,PSA,SG,1D,0,0,1,-26.1
2478,a,IMO,PSA,SG,2,1,-26,1,22.9
2210,a,IMO,PSA,SG,2,0,0,1,-26.1
2210,a,IMO,PSA,SG,2,1,-26.0,1,22.9
2210,a,IMO,PSA,SG,2,1,23.0,1,60.0
2210,a,IMO,PSA,SG,2,1,60.1,0,0
3266,b,IMO,PSA,SG,2S,0,0,1,-26.1
3266,b,IMO,PSA,SG,2S,1,-26.0,1,22.9
3266,b,IMO,PSA,SG,2S,1,23.0,1,60.0
3266,b,IMO,PSA,SG,2S,1,60.1,0,0
3266,b,IMO,PSA,SG,2S,1,60.1,0,0
2269,,IMO,PSA,SG,3,0,0,1,22.9
2269,,IMO,PSA,SG,3,1,23.0,1,60.0
2269,,IMO,PSA,SG,3,1,60.1,0,0
15,c,IMO,PSA,SG,1,0,0,0,0
2992,a,IMO,PSA,SG,2,0,0,1,-26.1
2992,a,IMO,PSA,SG,2,1,-26.0,1,22.9
2992,a,IMO,PSA,SG,2,1,23.0,1,60.0
2992,a,IMO,PSA,SG,2,1,60.1,0,0
2776,b,IMO,PSA,SG,2,1,-26,1,22.9
320,,IMO,PSA,SG,2,0,0,1,-26.1
320,,IMO,PSA,SG,2,1,-26.0,1,22.9
320,,IMO,PSA,SG,2,1,23.0,1,60.0
320,,IMO,PSA,SG,2,1,60.1,0,0
1643,,IMO,PSA,SG,2S,0,0,1,-26.1
1643,,IMO,PSA,SG,2S,1,-26.0,1,22.9
1643,,IMO,PSA,SG,2S,1,23.0,1,60.0
1643,,IMO,PSA,SG,2S,1,60.1,0,0
2586,b,IMO,PSA,SG,3,0,0,1,22.9
2586,b,IMO,PSA,SG,3,1,23.0,1,60.0
2586,b,IMO,PSA,SG,3,1,60.1,0,0
2304,,IMO,PSA,SG,2,0,0,1,-26.1
2304,,IMO,PSA,SG,2,1,-26.0,1,22.9
2304,,IMO,PSA,SG,2,1,23.0,1,60.0
2304,,IMO,PSA,SG,2,1,60.1,0,0
155,c,IMO,PSA,SG,1,0,0,0,0
1659,,IMO,PSA,SG,3,0,0,1,22.9
1659,,IMO,PSA,SG,3,1,23.0,1,60.0
1659,,IMO,PSA,SG,3,1,60.1,0,0
2491,b,IMO,PSA,SG,3,0,0,1,22.9
2491,b,IMO,PSA,SG,3,1,23.0,1,60.0
2491,b,IMO,PSA,SG,3,1,60.1,0,0
2922,a,IMO,PSA,SG,2,0,0,1,-26.1
2922,a,IMO,PSA,SG,2,1,-26.0,1,22.9
2922,a,IMO,PSA,SG,2,1,23.0,1,60.0
2922,a,IMO,PSA,SG,2,1,60.1,0,0
220,a,IMO,PSA,SG,1,0,0,0,0
146,c,IMO,PSA,SG,1,0,0,0,0
3241,,IMO,PSA,SG,3,0,0,1,22.9
3241,,IMO,PSA,SG,3,1,23.0,1,60.0
3241,,IMO,PSA,SG,3,1,60.1,0,0
1345,a,IMO,PSA,SG,3,0,0,1,22.9
1345,a,IMO,PSA,SG,3,1,23.0,1,60.0
1345,a,IMO,PSA,SG,3,1,60.1,0,0
3282,a,IMO,PSA,SG,2,0,0,1,-26.1
3282,a,IMO,PSA,SG,2,1,-26.0,1,22.9
3282,a,IMO,PSA,SG,2,1,23.0,1,60.0
3282,a,IMO,PSA,SG,2,1,60.1,0,0
1771,,IMO,PSA,SG,2,0,0,1,-26.1
1771,,IMO,PSA,SG,2,1,-26.0,1,22.9
1771,,IMO,PSA,SG,2,1,23.0,1,60.0
1771,,IMO,PSA,SG,2,1,60.1,0,0
1123,a,IMO,PSA,SG,2S,1,-26,1,22.9
1759,b,IMO,PSA,SG,3,0,0,1,22.9
1759,b,IMO,PSA,SG,3,1,23.0,1,60.0
1759,b,IMO,PSA,SG,3,1,60.1,0,0
1759,b,IMO,PSA,SG,3,1,60.1,0,0
1170,e,IMO,PSA,SG,2S,1,23,1,60
154,d,IMO,PSA,SG,1,0,0,0,0
1748,d,IMO,PSA,SG,3,0,0,1,22.9
1748,d,IMO,PSA,SG,3,1,23.0,1,60.0
1748,d,IMO,PSA,SG,3,1,60.1,0,0
1929,a,IMO,PSA,SG,2,0,0,1,-26.1
1929,a,IMO,PSA,SG,2,1,-26.0,1,22.9
1929,a,IMO,PSA,SG,2,1,23.0,1,60.0
1929,a,IMO,PSA,SG,2,1,60.1,0,0
3244,,IMO,PSA,SG,2S,0,0,1,-26.1
3244,,IMO,PSA,SG,2S,1,-26.0,1,22.9
3244,,IMO,PSA,SG,2S,1,23.0,1,60.0
3244,,IMO,PSA,SG,2S,1,60.1,0,0
3244,,IMO,PSA,SG,2S,1,60.1,0,0
1650,,IMO,PSA,SG,3,0,0,1,22.9
1650,,IMO,PSA,SG,3,1,23.0,1,60.0
1650,,IMO,PSA,SG,3,1,60.1,0,0
2574,,IMO,PSA,SG,2,0,0,1,-26.1
2574,,IMO,PSA,SG,2,1,-26.0,1,22.9
2574,,IMO,PSA,SG,2,1,23.0,1,60.0
2574,,IMO,PSA,SG,2,1,60.1,0,0
3275,b,IMO,PSA,SG,2,1,-26.0,1,22.9
3275,b,IMO,PSA,SG,2,1,23.0,1,60.0
2870,b,IMO,PSA,SG,1D,0,0,1,-26.1
2870,b,IMO,PSA,SG,1D,1,-26.0,0,0
2016,,IMO,PSA,SG,2,0,0,1,-26.1
2016,,IMO,PSA,SG,2,1,-26.0,1,22.9
2016,,IMO,PSA,SG,2,1,23.0,1,60.0
2016,,IMO,PSA,SG,2,1,60.1,0,0
1457,,IMO,PSA,SG,3,0,0,1,22.9
1457,,IMO,PSA,SG,3,1,23.0,1,60.0
1457,,IMO,PSA,SG,3,1,60.1,0,0
3313,b,IMO,PSA,SG,2,0,0,1,-26.1
3313,b,IMO,PSA,SG,2,1,-26.0,1,22.9
3313,b,IMO,PSA,SG,2,1,23.0,1,60.0
3313,b,IMO,PSA,SG,2,1,60.1,0,0
3027,c,IMO,PSA,SG,3,0,0,1,22.9
3027,c,IMO,PSA,SG,3,1,23.0,1,60.0
3027,c,IMO,PSA,SG,3,1,60.1,0,0
3027,c,IMO,PSA,SG,3,1,60.1,0,0
2197,,IMO,PSA,SG,2,0,0,1,-26.1
2197,,IMO,PSA,SG,2,1,-26.0,1,22.9
2197,,IMO,PSA,SG,2,1,23.0,1,60.0
2197,,IMO,PSA,SG,2,1,60.1,0,0
2524,,IMO,PSA,SG,3,1,23,1,60
1929,b,IMO,PSA,SG,2,0,0,1,-26.1
1929,b,IMO,PSA,SG,2,1,-26.0,1,22.9
1929,b,IMO,PSA,SG,2,1,23.0,1,60.0
1929,b,IMO,PSA,SG,2,1,60.1,0,0
2987,,IMO,PSA,SG,2S,0,0,1,-26.1
2987,,IMO,PSA,SG,2S,1,-26.0,1,22.9
2987,,IMO,PSA,SG,2S,1,23.0,1,60.0
2987,,IMO,PSA,SG,2S,1,60.1,0,0
2987,,IMO,PSA,SG,2S,1,60.1,0,0
1715,,IMO,PSA,SG,2S,0,0,1,-26.1
1715,,IMO,PSA,SG,2S,1,-26.0,1,22.9
1715,,IMO,PSA,SG,2S,1,23.0,1,60.0
1715,,IMO,PSA,SG,2S,1,60.1,0,0
2757,b,IMO,PSA,SG,3,0,0,1,22.9
2757,b,IMO,PSA,SG,3,1,23.0,1,60.0
2757,b,IMO,PSA,SG,3,1,60.1,0,0
2757,b,IMO,PSA,SG,3,1,60.1,0,0
3131,b,IMO,PSA,SG,1D,0,0,1,-26.1
3131,b,IMO,PSA,SG,1D,1,-26.0,0,0
3442,,IMO,PSA,SG,2,0,0,1,-26.1
3442,,IMO,PSA,SG,2,1,-26.0,1,22.9
3442,,IMO,PSA,SG,2,1,23.0,1,60.0
3442,,IMO,PSA,SG,2,1,60.1,0,0
3109,a,IMO,PSA,SG,2,0,0,1,-26.1
3109,a,IMO,PSA,SG,2,1,-26.0,1,22.9
3109,a,IMO,PSA,SG,2,1,23.0,1,60.0
3109,a,IMO,PSA,SG,2,1,60.1,0,0
3210,b,IMO,PSA,SG,1D,0,0,1,-26.1
3210,b,IMO,PSA,SG,1D,1,-26.0,0,0
3259,c,IMO,PSA,SG,3,0,0,1,22.9
3259,c,IMO,PSA,SG,3,1,23.0,1,60.0
3259,c,IMO,PSA,SG,3,1,60.1,0,0
3259,c,IMO,PSA,SG,3,1,60.1,0,0
3085,a,IMO,PSA,SG,1D,0,0,1,-26.1
3085,a,IMO,PSA,SG,1D,1,-26.0,0,0
2025,b,IMO,PSA,SG,2,0,0,1,-26.1
2025,b,IMO,PSA,SG,2,1,-26.0,1,22.9
2025,b,IMO,PSA,SG,2,1,23.0,1,60.0
2025,b,IMO,PSA,SG,2,1,60.1,0,0
3284,a,IMO,PSA,SG,2,0,0,1,-26.1
3284,a,IMO,PSA,SG,2,1,-26.0,1,22.9
3284,a,IMO,PSA,SG,2,1,23.0,1,60.0
3284,a,IMO,PSA,SG,2,1,60.1,0,0
3446,,IMO,PSA,SG,2,0,0,1,-26.1
3446,,IMO,PSA,SG,2,1,-26.0,1,22.9
3446,,IMO,PSA,SG,2,1,23.0,1,60.0
3446,,IMO,PSA,SG,2,1,60.1,0,0
468,,IMO,PSA,SG,1,0,0,0,0
1108,b,IMO,PSA,SG,1S,0,0,1,-26.1
1108,b,IMO,PSA,SG,2S,1,-26,1,22.9
1295,,IMO,PSA,SG,1D,0,0,1,-26.1
1295,,IMO,PSA,SG,1D,1,-26.0,0,0
1950,o,IMO,PSA,SG,2S,0,0,1,-26.1
1950,o,IMO,PSA,SG,2S,1,-26.0,1,22.9
1950,o,IMO,PSA,SG,2S,1,23.0,1,60.0
1950,o,IMO,PSA,SG,2S,1,60.1,0,0
387,b,IMO,PSA,SG,1,0,0,0,0
2372,,IMO,PSA,SG,2S,1,-26,1,22.9
2903,c,IMO,PSA,SG,3,1,23,1,60
331,b,IMO,PSA,SG,1,0,0,0,0
2618,,IMO,PSA,SG,3,1,23,1,60
1398,,IMO,PSA,SG,2S,0,0,1,-26.1
1398,,IMO,PSA,SG,2S,1,-26.0,1,22.9
1398,,IMO,PSA,SG,2S,1,23.0,1,60.0
1398,,IMO,PSA,SG,2S,1,60.1,0,0
502,,IMO,PSA,SG,1,0,0,0,0
3256,,IMO,PSA,SG,2,0,0,1,-26.1
3256,,IMO,PSA,SG,2,1,-26.0,1,22.9
3256,,IMO,PSA,SG,2,1,23.0,1,60.0
3256,,IMO,PSA,SG,2,1,60.1,0,0
3005,c,IMO,PSA,SG,3,1,23,1,60
340,b,IMO,PSA,SG,1,0,0,0,0
2506,,IMO,PSA,SG,3,0,0,1,22.9
2506,,IMO,PSA,SG,3,1,23.0,1,60.0
2506,,IMO,PSA,SG,3,1,60.1,0,0
1783,b,IMO,PSA,SG,3,0,0,1,22.9
1783,b,IMO,PSA,SG,3,1,23.0,1,60.0
1783,b,IMO,PSA,SG,3,1,60.1,0,0
2281,,IMO,PSA,SG,2S,0,0,1,-26.1
2281,,IMO,PSA,SG,2S,1,-26.0,1,22.9
2281,,IMO,PSA,SG,2S,1,23.0,1,60.0
2281,,IMO,PSA,SG,2S,1,60.1,0,0
2432,,IMO,PSA,SG,3,0,0,1,22.9
2432,,IMO,PSA,SG,3,1,23.0,1,60.0
2432,,IMO,PSA,SG,3,1,60.1,0,0
402,b,IMO,PSA,SG,1,0,0,0,0
2457,,IMO,PSA,SG,1S,0,0,1,-26.1
3096,b,IMO,PSA,SG,2,0,0,1,-26.1
3096,b,IMO,PSA,SG,2,1,-26.0,1,22.9
3096,b,IMO,PSA,SG,2,1,23.0,1,60.0
3096,b,IMO,PSA,SG,2,1,60.1,0,0
2483,,IMO,PSA,SG,2,0,0,1,-26.1
2483,,IMO,PSA,SG,2,1,-26.0,1,22.9
2483,,IMO,PSA,SG,2,1,23.0,1,60.0
2483,,IMO,PSA,SG,2,1,60.1,0,0
1374,a,IMO,PSA,SG,3,0,0,1,22.9
1374,a,IMO,PSA,SG,3,1,23.0,1,60.0
1374,a,IMO,PSA,SG,3,1,60.1,0,0
2278,,IMO,PSA,SG,2S,1,-26,1,22.9
2656,,IMO,PSA,SG,3,0,0,1,22.9
2656,,IMO,PSA,SG,3,1,23.0,1,60.0
2656,,IMO,PSA,SG,3,1,60.1,0,0
3164,b,IMO,PSA,SG,3,0,0,1,22.9
3164,b,IMO,PSA,SG,3,1,23.0,1,60.0
3164,b,IMO,PSA,SG,3,1,60.1,0,0
1214,,IMO,PSA,SG,2S,1,-26,1,22.9
1613,b,IMO,PSA,SG,2,0,0,1,-26.1
1613,b,IMO,PSA,SG,2,1,-26.0,1,22.9
1613,b,IMO,PSA,SG,2,1,23.0,1,60.0
1613,b,IMO,PSA,SG,2,1,60.1,0,0
1791,b,IMO,PSA,SG,3,0,0,1,22.9
1791,b,IMO,PSA,SG,3,1,23.0,1,60.0
1791,b,IMO,PSA,SG,3,1,60.1,0,0
2344,b,IMO,PSA,SG,2S,1,23,1,60
2517,b,IMO,PSA,SG,2S,0,0,1,-26.1
2517,b,IMO,PSA,SG,2S,1,-26.0,1,22.9
2517,b,IMO,PSA,SG,2S,1,23.0,1,60.0
2517,b,IMO,PSA,SG,2S,1,60.1,0,0
2534,,IMO,PSA,SG,2,0,0,1,-26.1
2534,,IMO,PSA,SG,2,1,-26.0,1,22.9
2534,,IMO,PSA,SG,2,1,23.0,1,60.0
2534,,IMO,PSA,SG,2,1,60.1,0,0
2722,,IMO,PSA,SG,3,0,0,1,22.9
2722,,IMO,PSA,SG,3,1,23.0,1,60.0
2722,,IMO,PSA,SG,3,1,60.1,0,0
3328,a,IMO,PSA,SG,2,0,0,1,-26.1
3328,a,IMO,PSA,SG,2,1,-26.0,1,22.9
3328,a,IMO,PSA,SG,2,1,23.0,1,60.0
3328,a,IMO,PSA,SG,2,1,60.1,0,0
2412,,IMO,PSA,SG,2S,1,-26,1,22.9
3138,,IMO,PSA,SG,2,0,0,1,-26.1
3138,,IMO,PSA,SG,2,1,-26.0,1,22.9
3138,,IMO,PSA,SG,2,1,23.0,1,60.0
3138,,IMO,PSA,SG,2,1,60.1,0,0
342,,IMO,PSA,SG,2,0,0,1,-26.1
342,,IMO,PSA,SG,2,1,-26.0,1,22.9
342,,IMO,PSA,SG,2,1,23.0,1,60.0
342,,IMO,PSA,SG,2,1,60.1,0,0
3224,,IMO,PSA,SG,2,0,0,1,-26.1
3224,,IMO,PSA,SG,2,1,-26.0,1,22.9
3224,,IMO,PSA,SG,2,1,23.0,1,60.0
3224,,IMO,PSA,SG,2,1,60.1,0,0
2037,k,IMO,PSA,SG,2S,0,0,1,-26.1
2037,k,IMO,PSA,SG,2S,1,-26.0,1,22.9
2037,k,IMO,PSA,SG,2S,1,23.0,1,60.0
2037,k,IMO,PSA,SG,2S,1,60.1,0,0
3017,b,IMO,PSA,SG,2,1,23,1,60
1479,a,IMO,PSA,SG,1D,0,0,1,-26.1
1479,a,IMO,PSA,SG,1D,1,-26.0,0,0
3105,b,IMO,PSA,SG,2,0,0,1,-26.1
3105,b,IMO,PSA,SG,2,1,-26.0,1,22.9
3105,b,IMO,PSA,SG,2,1,23.0,1,60.0
3105,b,IMO,PSA,SG,2,1,60.1,0,0
3439,c,IMO,PSA,SG,3,0,0,1,22.9
3439,c,IMO,PSA,SG,3,1,23.0,1,60.0
3439,c,IMO,PSA,SG,3,1,60.1,0,0
3439,c,IMO,PSA,SG,3,1,60.1,0,0
3417,,IMO,PSA,SG,2,0,0,1,-26.1
3417,,IMO,PSA,SG,2,1,-26.0,1,22.9
3417,,IMO,PSA,SG,2,1,23.0,1,60.0
3417,,IMO,PSA,SG,2,1,60.1,0,0
3377,,IMO,PSA,SG,3,0,0,1,22.9
3377,,IMO,PSA,SG,3,1,23.0,1,60.0
3377,,IMO,PSA,SG,3,1,60.1,0,0
3464,a,IMO,PSA,SG,2,0,0,1,-26.1
3464,a,IMO,PSA,SG,2,1,-26.0,1,22.9
3464,a,IMO,PSA,SG,2,1,23.0,1,60.0
3464,a,IMO,PSA,SG,2,1,60.1,0,0
3434,,IMO,PSA,SG,2S,0,0,1,-26.1
3434,,IMO,PSA,SG,2S,1,-26.0,1,22.9
3434,,IMO,PSA,SG,2S,1,23.0,1,60.0
3434,,IMO,PSA,SG,2S,1,60.1,0,0
1748,c,IMO,PSA,SG,3,0,0,1,22.9
1748,c,IMO,PSA,SG,3,1,23.0,1,60.0
1748,c,IMO,PSA,SG,3,1,60.1,0,0
3378,b,IMO,PSA,SG,2,0,0,1,-26.1
3378,b,IMO,PSA,SG,2,1,-26.0,1,22.9
3378,b,IMO,PSA,SG,2,1,23.0,1,60.0
3378,b,IMO,PSA,SG,2,1,60.1,0,0
3399,b,IMO,PSA,SG,1D,0,0,1,-26.1
3399,b,IMO,PSA,SG,1D,1,-26.0,0,0
1803,a,IMO,PSA,SG,3,0,0,1,22.9
1803,a,IMO,PSA,SG,3,1,23.0,1,60.0
1803,a,IMO,PSA,SG,3,1,60.1,0,0
3392,,IMO,PSA,SG,1D,0,0,1,-26.1
3392,,IMO,PSA,SG,1D,1,-26.0,0,0
1577,,IMO,PSA,SG,2,0,0,1,-26.1
1577,,IMO,PSA,SG,2,1,-26.0,1,22.9
1577,,IMO,PSA,SG,2,1,23.0,1,60.0
1577,,IMO,PSA,SG,2,1,60.1,0,0
3404,,IMO,PSA,SG,2,0,0,1,-26.1
3404,,IMO,PSA,SG,2,1,-26.0,1,22.9
3404,,IMO,PSA,SG,2,1,23.0,1,60.0
3404,,IMO,PSA,SG,2,1,60.1,0,0
3455,,IMO,PSA,SG,2S,0,0,1,-26.1
3455,,IMO,PSA,SG,2S,1,-26.0,1,22.9
3455,,IMO,PSA,SG,2S,1,23.0,1,60.0
3455,,IMO,PSA,SG,2S,1,60.1,0,0
1805,,IMO,PSA,SG,2S,0,0,1,-26.1
1805,,IMO,PSA,SG,2S,1,-26.0,1,22.9
1805,,IMO,PSA,SG,2S,1,23.0,1,60.0
1805,,IMO,PSA,SG,2S,1,60.1,0,0
3414,b,IMO,PSA,SG,2,0,0,1,-26.1
3414,b,IMO,PSA,SG,2,1,-26.0,1,22.9
3414,b,IMO,PSA,SG,2,1,23.0,1,60.0
3414,b,IMO,PSA,SG,2,1,60.1,0,0
3464,b,IMO,PSA,SG,3,0,0,1,22.9
3464,b,IMO,PSA,SG,3,1,23.0,1,60.0
3464,b,IMO,PSA,SG,3,1,60.1,0,0
3464,b,IMO,PSA,SG,3,1,60.1,0,0
3385,,IMO,PSA,SG,2,0,0,1,-26.1
3385,,IMO,PSA,SG,2,1,-26.0,1,22.9
3385,,IMO,PSA,SG,2,1,23.0,1,60.0
3385,,IMO,PSA,SG,2,1,60.1,0,0
3462,c,IMO,PSA,SG,3,0,0,1,22.9
3462,c,IMO,PSA,SG,3,1,23.0,1,60.0
3462,c,IMO,PSA,SG,3,1,60.1,0,0
3462,c,IMO,PSA,SG,3,1,60.1,0,0
2545,b,IMO,PSA,SG,2S,0,0,1,-26.1
2545,b,IMO,PSA,SG,2S,1,-26.0,1,22.9
2545,b,IMO,PSA,SG,2S,1,23.0,1,60.0
2545,b,IMO,PSA,SG,2S,1,60.1,0,0
2545,b,IMO,PSA,SG,2S,1,60.1,0,0
3131,c,IMO,PSA,SG,1D,0,0,1,-26.1
3131,c,IMO,PSA,SG,1D,1,-26.0,0,0
1597,b,IMO,PSA,SG,2,0,0,1,-26.1
1597,b,IMO,PSA,SG,2,1,-26.0,1,22.9
1597,b,IMO,PSA,SG,2,1,23.0,1,60.0
1597,b,IMO,PSA,SG,2,1,60.1,0,0
2056,,IMO,PSA,SG,2S,1,-26,1,22.9
432,,IMO,PSA,SG,2,0,0,1,-26.1
432,,IMO,PSA,SG,2,1,-26.0,1,22.9
432,,IMO,PSA,SG,2,1,23.0,1,60.0
432,,IMO,PSA,SG,2,1,60.1,0,0
2992,c,IMO,PSA,SG,3,0,0,1,22.9
2992,c,IMO,PSA,SG,3,1,23.0,1,60.0
2992,c,IMO,PSA,SG,3,1,60.1,0,0
2992,c,IMO,PSA,SG,3,1,60.1,0,0
1573,,IMO,PSA,SG,3,0,0,1,22.9
1573,,IMO,PSA,SG,3,1,23.0,1,60.0
1573,,IMO,PSA,SG,3,1,60.1,0,0
2676,,IMO,PSA,SG,2,0,0,1,-26.1
2676,,IMO,PSA,SG,2,1,-26.0,1,22.9
2676,,IMO,PSA,SG,2,1,23.0,1,60.0
2676,,IMO,PSA,SG,2,1,60.1,0,0
1003,,IMO,PSA,SG,3,0,0,1,22.9
1003,,IMO,PSA,SG,3,1,23.0,1,60.0
1003,,IMO,PSA,SG,3,1,60.1,0,0
2376,,IMO,PSA,SG,2S,1,-26,1,22.9
2343,,IMO,PSA,SG,2B,1,-26,1,22.9
7,,IMO,PSA,SG,1,0,0,0,0
3359,,IMO,PSA,SG,2F,0,0,0,0
2628,,IMO,PSA,SG,2,0,0,1,-26.1
2628,,IMO,PSA,SG,2,1,-26.0,1,22.9
2628,,IMO,PSA,SG,2,1,23.0,1,60.0
2628,,IMO,PSA,SG,2,1,60.1,0,0
1931,a,IMO,PSA,SG,2,0,0,1,-26.1
1931,a,IMO,PSA,SG,2,1,-26.0,1,22.9
1931,a,IMO,PSA,SG,2,1,23.0,1,60.0
1931,a,IMO,PSA,SG,2,1,60.1,0,0
3099,a,IMO,PSA,SG,1D,0,0,1,-26.1
3099,a,IMO,PSA,SG,1D,1,-26.0,0,0
1397,,IMO,PSA,SG,2,0,0,1,-26.1
1397,,IMO,PSA,SG,2,1,-26.0,1,22.9
1397,,IMO,PSA,SG,2,1,23.0,1,60.0
1397,,IMO,PSA,SG,2,1,60.1,0,0
1945,,IMO,PSA,SG,3,0,0,1,22.9
1945,,IMO,PSA,SG,3,1,23.0,1,60.0
1945,,IMO,PSA,SG,3,1,60.1,0,0
3465,c,IMO,PSA,SG,2,0,0,1,-26.1
3465,c,IMO,PSA,SG,2,1,-26.0,1,22.9
3465,c,IMO,PSA,SG,2,1,23.0,1,60.0
3465,c,IMO,PSA,SG,2,1,60.1,0,0
2411,,IMO,PSA,SG,2,1,-26,1,22.9
1794,,IMO,PSA,SG,3,0,0,1,22.9
1794,,IMO,PSA,SG,3,1,23.0,1,60.0
1794,,IMO,PSA,SG,3,1,60.1,0,0
79,e,IMO,PSA,SG,1,0,0,0,0
2799,,IMO,PSA,SG,2,0,0,1,-26.1
2799,,IMO,PSA,SG,2,1,-26.0,1,22.9
2799,,IMO,PSA,SG,2,1,23.0,1,60.0
2799,,IMO,PSA,SG,2,1,60.1,0,0
417,a,IMO,PSA,SG,2,0,0,1,-26.1
417,a,IMO,PSA,SG,2,1,-26.0,1,22.9
417,a,IMO,PSA,SG,2,1,23.0,1,60.0
417,a,IMO,PSA,SG,2,1,60.1,0,0
3261,c,IMO,PSA,SG,3,0,0,1,22.9
3261,c,IMO,PSA,SG,3,1,23.0,1,60.0
3261,c,IMO,PSA,SG,3,1,60.1,0,0
3261,c,IMO,PSA,SG,3,1,60.1,0,0
1789,a,IMO,PSA,SG,2S,0,0,1,-26.1
1789,a,IMO,PSA,SG,2S,1,-26.0,1,22.9
1789,a,IMO,PSA,SG,2S,1,23.0,1,60.0
1789,a,IMO,PSA,SG,2S,1,60.1,0,0
1298,,IMO,PSA,SG,1D,0,0,1,-26.1
1298,,IMO,PSA,SG,2,1,-26,1,22.9
2878,a,IMO,PSA,SG,2,0,0,1,-26.1
2878,a,IMO,PSA,SG,2,1,-26.0,1,22.9
2878,a,IMO,PSA,SG,2,1,23.0,1,60.0
2878,a,IMO,PSA,SG,2,1,60.1,0,0
2797,,IMO,PSA,SG,3,0,0,1,22.9
2797,,IMO,PSA,SG,3,1,23.0,1,60.0
2797,,IMO,PSA,SG,3,1,60.1,0,0
278,,IMO,PSA,SG,2,0,0,1,-26.1
278,,IMO,PSA,SG,2,1,-26.0,1,22.9
278,,IMO,PSA,SG,2,1,23.0,1,60.0
278,,IMO,PSA,SG,2,1,60.1,0,0
2403,,IMO,PSA,SG,2S,1,-26,1,22.9
2571,b,IMO,PSA,SG,2,0,0,1,-26.1
2571,b,IMO,PSA,SG,2,1,-26.0,1,22.9
2571,b,IMO,PSA,SG,2,1,23.0,1,60.0
2571,b,IMO,PSA,SG,2,1,60.1,0,0
1508,,IMO,PSA,SG,2,0,0,1,-26.1
1508,,IMO,PSA,SG,2,1,-26.0,1,22.9
1508,,IMO,PSA,SG,2,1,23.0,1,60.0
1508,,IMO,PSA,SG,2,1,60.1,0,0
3326,a,IMO,PSA,SG,2,0,0,1,-26.1
3326,a,IMO,PSA,SG,2,1,-26.0,1,22.9
3326,a,IMO,PSA,SG,2,1,23.0,1,60.0
3326,a,IMO,PSA,SG,2,1,60.1,0,0
2909,c,IMO,PSA,SG,2,0,0,1,-26.1
2909,c,IMO,PSA,SG,2,1,-26.0,1,22.9
2909,c,IMO,PSA,SG,2,1,23.0,1,60.0
2909,c,IMO,PSA,SG,2,1,60.1,0,0
3112,b,IMO,PSA,SG,1D,0,0,1,-26.1
3112,b,IMO,PSA,SG,1D,1,-26.0,0,0
3387,,IMO,PSA,SG,2,0,0,1,-26.1
3387,,IMO,PSA,SG,2,1,-26.0,1,22.9
3387,,IMO,PSA,SG,2,1,23.0,1,60.0
3387,,IMO,PSA,SG,2,1,60.1,0,0
2430,c,IMO,PSA,SG,3,0,0,1,22.9
2430,c,IMO,PSA,SG,3,1,23.0,1,60.0
2430,c,IMO,PSA,SG,3,1,60.1,0,0
2430,c,IMO,PSA,SG,3,1,60.1,0,0
1678,,IMO,PSA,SG,2S,0,0,1,-26.1
1678,,IMO,PSA,SG,2S,1,-26.0,1,22.9
1678,,IMO,PSA,SG,2S,1,23.0,1,60.0
1678,,IMO,PSA,SG,2S,1,60.1,0,0
3097,b,IMO,PSA,SG,2,0,0,1,-26.1
3097,b,IMO,PSA,SG,2,1,-26.0,1,22.9
3097,b,IMO,PSA,SG,2,1,23.0,1,60.0
3097,b,IMO,PSA,SG,2,1,60.1,0,0
3095,b,IMO,PSA,SG,2,0,0,1,-26.1
3095,b,IMO,PSA,SG,2,1,-26.0,1,22.9
3095,b,IMO,PSA,SG,2,1,23.0,1,60.0
3095,b,IMO,PSA,SG,2,1,60.1,0,0
3087,c,IMO,PSA,SG,1D,0,0,1,-26.1
3087,c,IMO,PSA,SG,1D,1,-26.0,0,0
3287,b,IMO,PSA,SG,2,0,0,1,-26.1
3287,b,IMO,PSA,SG,2,1,-26.0,1,22.9
3287,b,IMO,PSA,SG,2,1,23.0,1,60.0
3287,b,IMO,PSA,SG,2,1,60.1,0,0
1150,,IMO,PSA,SG,2S,1,-26,1,22.9
1306,b,IMO,PSA,SG,2,1,23,1,60
3390,,IMO,PSA,SG,2,0,0,1,-26.1
3390,,IMO,PSA,SG,2,1,-26.0,1,22.9
3390,,IMO,PSA,SG,2,1,23.0,1,60.0
3390,,IMO,PSA,SG,2,1,60.1,0,0
1338,,IMO,PSA,SG,2S,0,0,1,-26.1
1338,,IMO,PSA,SG,2S,1,-26.0,1,22.9
1338,,IMO,PSA,SG,2S,1,23.0,1,60.0
1338,,IMO,PSA,SG,2S,1,60.1,0,0
1863,b,IMO,PSA,SG,2S,1,-26,1,22.9
2435,,IMO,PSA,SG,2,0,0,1,-26.1
2435,,IMO,PSA,SG,2,1,-26.0,1,22.9
2435,,IMO,PSA,SG,2,1,23.0,1,60.0
2435,,IMO,PSA,SG,2,1,60.1,0,0
1495,,IMO,PSA,SG,2,0,0,1,-26.1
1495,,IMO,PSA,SG,2,1,-26.0,1,22.9
1495,,IMO,PSA,SG,2,1,23.0,1,60.0
1495,,IMO,PSA,SG,2,1,60.1,0,0
3267,c,IMO,PSA,SG,3,0,0,1,22.9
3267,c,IMO,PSA,SG,3,1,23.0,1,60.0
3267,c,IMO,PSA,SG,3,1,60.1,0,0
3267,c,IMO,PSA,SG,3,1,60.1,0,0
1827,,IMO,PSA,SG,3,0,0,1,22.9
1827,,IMO,PSA,SG,3,1,23.0,1,60.0
1827,,IMO,PSA,SG,3,1,60.1,0,0
393,,IMO,PSA,SG,1,0,0,0,0
1895,,IMO,PSA,SG,2S,0,0,1,-26.1
1895,,IMO,PSA,SG,2S,1,-26.0,1,22.9
1895,,IMO,PSA,SG,2S,1,23.0,1,60.0
1895,,IMO,PSA,SG,2S,1,60.1,0,0
1050,,IMO,PSA,SG,2,0,0,1,-26.1
1050,,IMO,PSA,SG,2,1,-26.0,1,22.9
1050,,IMO,PSA,SG,2,1,23.0,1,60.0
1050,,IMO,PSA,SG,2,1,60.1,0,0
2354,,IMO,PSA,SG,2,1,-26,1,22.9
2584,a,IMO,PSA,SG,3,0,0,1,22.9
2584,a,IMO,PSA,SG,3,1,23.0,1,60.0
2584,a,IMO,PSA,SG,3,1,60.1,0,0
171,,IMO,PSA,SG,1,0,0,0,0
2300,,IMO,PSA,SG,3,0,0,1,22.9
2300,,IMO,PSA,SG,3,1,23.0,1,60.0
2300,,IMO,PSA,SG,3,1,60.1,0,0
3145,a,IMO,PSA,SG,2,0,0,1,-26.1
3145,a,IMO,PSA,SG,2,1,-26.0,1,22.9
3145,a,IMO,PSA,SG,2,1,23.0,1,60.0
3145,a,IMO,PSA,SG,2,1,60.1,0,0
3229,,IMO,PSA,SG,2,0,0,1,-26.1
3229,,IMO,PSA,SG,2,1,-26.0,1,22.9
3229,,IMO,PSA,SG,2,1,23.0,1,60.0
3229,,IMO,PSA,SG,2,1,60.1,0,0
235,a,IMO,PSA,SG,2,0,0,1,-26.1
235,a,IMO,PSA,SG,2,1,-26.0,1,22.9
235,a,IMO,PSA,SG,2,1,23.0,1,60.0
235,a,IMO,PSA,SG,2,1,60.1,0,0
3015,c,IMO,PSA,SG,3,1,23,1,60
1020,a,IMO,PSA,SG,3,0,0,1,22.9
1020,a,IMO,PSA,SG,3,1,23.0,1,60.0
1020,a,IMO,PSA,SG,3,1,60.1,0,0
1383,a,IMO,PSA,SG,2,0,0,1,-26.1
1383,a,IMO,PSA,SG,2,1,-26.0,1,22.9
1383,a,IMO,PSA,SG,2,1,23.0,1,60.0
1383,a,IMO,PSA,SG,2,1,60.1,0,0
1657,,IMO,PSA,SG,3,0,0,1,22.9
1657,,IMO,PSA,SG,3,1,23.0,1,60.0
1657,,IMO,PSA,SG,3,1,60.1,0,0
3336,b,IMO,PSA,SG,1D,0,0,1,-26.1
1729,,IMO,PSA,SG,2,0,0,1,-26.1
1729,,IMO,PSA,SG,2,1,-26.0,1,22.9
1729,,IMO,PSA,SG,2,1,23.0,1,60.0
1729,,IMO,PSA,SG,2,1,60.1,0,0
3144,e,IMO,PSA,SG,3,0,0,1,22.9
3144,e,IMO,PSA,SG,3,1,23.0,1,60.0
3144,e,IMO,PSA,SG,3,1,60.1,0,0
3144,e,IMO,PSA,SG,3,1,60.1,0,0
2031,a,IMO,PSA,SG,2,0,0,1,-26.1
2031,a,IMO,PSA,SG,2,1,-26.0,1,22.9
2031,a,IMO,PSA,SG,2,1,23.0,1,60.0
2031,a,IMO,PSA,SG,2,1,60.1,0,0
1455,,IMO,PSA,SG,2,0,0,1,-26.1
1455,,IMO,PSA,SG,2,1,-26.0,1,22.9
1455,,IMO,PSA,SG,2,1,23.0,1,60.0
1455,,IMO,PSA,SG,2,1,60.1,0,0
2548,,IMO,PSA,SG,2,0,0,1,-26.1
2548,,IMO,PSA,SG,2,1,-26.0,1,22.9
2548,,IMO,PSA,SG,2,1,23.0,1,60.0
2548,,IMO,PSA,SG,2,1,60.1,0,0
1780,,IMO,PSA,SG,2,0,0,1,-26.1
1780,,IMO,PSA,SG,2,1,-26.0,1,22.9
1780,,IMO,PSA,SG,2,1,23.0,1,60.0
1780,,IMO,PSA,SG,2,1,60.1,0,0
1289,a,IMO,PSA,SG,2S,1,-26,1,22.9
2905,b,IMO,PSA,SG,3,0,0,1,22.9
2905,b,IMO,PSA,SG,3,1,23.0,1,60.0
2905,b,IMO,PSA,SG,3,1,60.1,0,0
3287,c,IMO,PSA,SG,3,0,0,1,22.9
3287,c,IMO,PSA,SG,3,1,23.0,1,60.0
3287,c,IMO,PSA,SG,3,1,60.1,0,0
3287,c,IMO,PSA,SG,3,1,60.1,0,0
2582,,IMO,PSA,SG,2S,0,0,1,-26.1
2582,,IMO,PSA,SG,2S,1,-26.0,1,22.9
2582,,IMO,PSA,SG,2S,1,23.0,1,60.0
2582,,IMO,PSA,SG,2S,1,60.1,0,0
1658,b,IMO,PSA,SG,2S,0,0,1,-26.1
1658,b,IMO,PSA,SG,2S,1,-26.0,1,22.9
1658,b,IMO,PSA,SG,2S,1,23.0,1,60.0
1658,b,IMO,PSA,SG,2S,1,60.1,0,0
2422,a,IMO,PSA,SG,3,0,0,1,22.9
2422,a,IMO,PSA,SG,3,1,23.0,1,60.0
2422,a,IMO,PSA,SG,3,1,60.1,0,0
1458,a,IMO,PSA,SG,1D,0,0,1,-26.1
1458,a,IMO,PSA,SG,1D,1,-26.0,0,0
2008,a,IMO,PSA,SG,2,0,0,1,-26.1
2008,a,IMO,PSA,SG,2,1,-26.0,1,22.9
2008,a,IMO,PSA,SG,2,1,23.0,1,60.0
2008,a,IMO,PSA,SG,2,1,60.1,0,0
1544,a,IMO,PSA,SG,2,0,0,1,-26.1
1544,a,IMO,PSA,SG,2,1,-26.0,1,22.9
1544,a,IMO,PSA,SG,2,1,23.0,1,60.0
1544,a,IMO,PSA,SG,2,1,60.1,0,0
2749,,IMO,PSA,SG,1S,0,0,1,-26.1
2749,,IMO,PSA,SG,2S,1,-26,1,22.9
2283,,IMO,PSA,SG,3,1,23,1,60
417,b,IMO,PSA,SG,2,0,0,1,-26.1
417,b,IMO,PSA,SG,2,1,-26.0,1,22.9
417,b,IMO,PSA,SG,2,1,23.0,1,60.0
417,b,IMO,PSA,SG,2,1,60.1,0,0
2429,a,IMO,PSA,SG,2,0,0,1,-26.1
2429,a,IMO,PSA,SG,2,1,-26.0,1,22.9
2429,a,IMO,PSA,SG,2,1,23.0,1,60.0
2429,a,IMO,PSA,SG,2,1,60.1,0,0
2878,b,IMO,PSA,SG,2,0,0,1,-26.1
2878,b,IMO,PSA,SG,2,1,-26.0,1,22.9
2878,b,IMO,PSA,SG,2,1,23.0,1,60.0
2878,b,IMO,PSA,SG,2,1,60.1,0,0
1296,,IMO,PSA,SG,2S,1,-26,1,22.9
328,,IMO,PSA,SG,1,0,0,0,0
1684,,IMO,PSA,SG,2S,0,0,1,-26.1
1684,,IMO,PSA,SG,2S,1,-26.0,1,22.9
1684,,IMO,PSA,SG,2S,1,23.0,1,60.0
1684,,IMO,PSA,SG,2S,1,60.1,0,0
1415,,IMO,PSA,SG,2,0,0,1,-26.1
1415,,IMO,PSA,SG,2,1,-26.0,1,22.9
1415,,IMO,PSA,SG,2,1,23.0,1,60.0
1415,,IMO,PSA,SG,2,1,60.1,0,0
3145,b,IMO,PSA,SG,2S,0,0,1,-26.1
3145,b,IMO,PSA,SG,2S,1,-26.0,1,22.9
3145,b,IMO,PSA,SG,2S,1,23.0,1,60.0
3145,b,IMO,PSA,SG,2S,1,60.1,0,0
3145,b,IMO,PSA,SG,2S,1,60.1,0,0
1409,b,IMO,PSA,SG,2,0,0,1,-26.1
1409,b,IMO,PSA,SG,2,1,-26.0,1,22.9
1409,b,IMO,PSA,SG,2,1,23.0,1,60.0
1409,b,IMO,PSA,SG,2,1,60.1,0,0
2227,,IMO,PSA,SG,3,1,23,1,60
2503,,IMO,PSA,SG,2,0,0,1,-26.1
2503,,IMO,PSA,SG,2,1,-26.0,1,22.9
2503,,IMO,PSA,SG,2,1,23.0,1,60.0
2503,,IMO,PSA,SG,2,1,60.1,0,0
2399,,IMO,PSA,SG,2S,1,-26,1,22.9
1556,c,IMO,PSA,SG,2,0,0,1,-26.1
1556,c,IMO,PSA,SG,2,1,-26.0,1,22.9
1556,c,IMO,PSA,SG,2,1,23.0,1,60.0
1556,c,IMO,PSA,SG,2,1,60.1,0,0
3472,,IMO,PSA,SG,3,0,0,1,22.9
3472,,IMO,PSA,SG,3,1,23.0,1,60.0
3472,,IMO,PSA,SG,3,1,60.1,0,0
509,,IMO,PSA,SG,2,0,0,1,-26.1
509,,IMO,PSA,SG,2,1,-26.0,1,22.9
509,,IMO,PSA,SG,2,1,23.0,1,60.0
509,,IMO,PSA,SG,2,1,60.1,0,0
3488,,IMO,PSA,SG,1D,0,0,1,-26.1
3488,,IMO,PSA,SG,2,1,-26.0,1,22.9
3488,,IMO,PSA,SG,2,1,23.0,1,60.0
3477,C,IMO,PSA,SG,2,0,0,1,-26.1
3477,C,IMO,PSA,SG,2,1,-26.0,1,22.9
3477,C,IMO,PSA,SG,2,1,23.0,1,60.0
3477,C,IMO,PSA,SG,2,1,60.1,0,0
3478,B,IMO,PSA,SG,1D,0,0,1,-26.1
3478,B,IMO,PSA,SG,1D,1,-26.0,0,0
3477,B,IMO,PSA,SG,2,0,0,1,-26.1
3477,B,IMO,PSA,SG,2,1,-26.0,1,22.9
3477,B,IMO,PSA,SG,2,1,23.0,1,60.0
3477,B,IMO,PSA,SG,2,1,60.1,0,0
3469,A,IMO,PSA,SG,1D,0,0,1,-26.1
3483,,IMO,PSA,SG,2,0,0,1,-26.1
3483,,IMO,PSA,SG,2,1,-26.0,1,22.9
3483,,IMO,PSA,SG,2,1,23.0,1,60.0
3483,,IMO,PSA,SG,2,1,60.1,0,0
3471,B,IMO,PSA,SG,3,0,0,1,22.9
3471,B,IMO,PSA,SG,3,1,23.0,1,60.0
3471,B,IMO,PSA,SG,3,1,60.1,0,0
3471,B,IMO,PSA,SG,3,1,60.1,0,0
3494,C,IMO,PSA,SG,2,1,23,1,60
3494,B,IMO,PSA,SG,2,1,-26,1,22.9
2812,,IMO,PSA,SG,3,0,0,1,22.9
2812,,IMO,PSA,SG,3,1,23.0,1,60.0
2812,,IMO,PSA,SG,3,1,60.1,0,0
3479,A,IMO,PSA,SG,1D,0,0,1,-26.1
3479,A,IMO,PSA,SG,1D,1,-26.0,0,0
3476,A,IMO,PSA,SG,1D,0,0,1,-26.1
3476,A,IMO,PSA,SG,1D,1,-26.0,0,0
3476,A,IMO,PSA,SG,2,0,0,1,-26.1
3476,A,IMO,PSA,SG,2,1,-26.0,1,22.9
3476,A,IMO,PSA,SG,2,1,23.0,1,60.0
3476,A,IMO,PSA,SG,2,1,60.1,0,0
3479,C,IMO,PSA,SG,1D,0,0,1,-26.1
3479,C,IMO,PSA,SG,1D,1,-26.0,0,0
3489,,IMO,PSA,SG,1D,0,0,1,-26.1
3489,,IMO,PSA,SG,2,1,-26.0,1,22.9
3489,,IMO,PSA,SG,2,1,23.0,1,60.0
3463,,IMO,PSA,SG,3,0,0,1,22.9
3463,,IMO,PSA,SG,3,1,23.0,1,60.0
3463,,IMO,PSA,SG,3,1,60.1,0,0
3484,,IMO,PSA,SG,1D,0,0,1,-26.1
3484,,IMO,PSA,SG,2,1,-26.0,1,22.9
3484,,IMO,PSA,SG,2,1,23.0,1,60.0
3479,B,IMO,PSA,SG,1D,0,0,1,-26.1
3479,B,IMO,PSA,SG,1D,1,-26.0,0,0
3471,A,IMO,PSA,SG,2S,0,0,1,-26.1
3471,A,IMO,PSA,SG,2S,1,-26.0,1,22.9
3471,A,IMO,PSA,SG,2S,1,23.0,1,60.0
3471,A,IMO,PSA,SG,2S,1,60.1,0,0
3495,,IMO,PSA,SG,3,0,0,1,22.9
3495,,IMO,PSA,SG,3,1,23.0,1,60.0
3495,,IMO,PSA,SG,3,1,60.1,0,0
506,,IMO,PSA,SG,2,0,0,1,-26.1
506,,IMO,PSA,SG,2,1,-26.0,1,22.9
506,,IMO,PSA,SG,2,1,23.0,1,60.0
506,,IMO,PSA,SG,2,1,60.1,0,0
3412,B,IMO,PSA,SG,2S,0,0,1,-26.1
3412,B,IMO,PSA,SG,2S,1,-26.0,1,22.9
3412,B,IMO,PSA,SG,2S,1,23.0,1,60.0
3412,B,IMO,PSA,SG,2S,1,60.1,0,0
1910,,IMO,PSA,SG,3,0,0,1,22.9
1910,,IMO,PSA,SG,3,1,23.0,1,60.0
1910,,IMO,PSA,SG,3,1,60.1,0,0
3494,A,IMO,PSA,SG,1D,0,0,1,-26.1
3490,,IMO,PSA,SG,1D,0,0,1,-26.1
3490,,IMO,PSA,SG,2,1,-26.0,1,22.9
3490,,IMO,PSA,SG,2,1,23.0,1,60.0
3491,,IMO,PSA,SG,1D,0,0,1,-26.1
3491,,IMO,PSA,SG,2,1,-26.0,1,22.9
3491,,IMO,PSA,SG,2,1,23.0,1,60.0
3476,C,IMO,PSA,SG,1D,0,0,1,-26.1
3476,C,IMO,PSA,SG,1D,1,-26.0,0,0
3476,C,IMO,PSA,SG,2,0,0,1,-26.1
3476,C,IMO,PSA,SG,2,1,-26.0,1,22.9
3476,C,IMO,PSA,SG,2,1,23.0,1,60.0
3476,C,IMO,PSA,SG,2,1,60.1,0,0
3487,A,IMO,PSA,SG,3,0,0,1,22.9
3487,A,IMO,PSA,SG,3,1,23.0,1,60.0
3487,A,IMO,PSA,SG,3,1,60.1,0,0
507,,IMO,PSA,SG,2,0,0,1,-26.1
507,,IMO,PSA,SG,2,1,-26.0,1,22.9
507,,IMO,PSA,SG,2,1,23.0,1,60.0
507,,IMO,PSA,SG,2,1,60.1,0,0
3166,C,IMO,PSA,SG,3,0,0,1,22.9
3166,C,IMO,PSA,SG,3,1,23.0,1,60.0
3166,C,IMO,PSA,SG,3,1,60.1,0,0
3476,B,IMO,PSA,SG,1D,0,0,1,-26.1
3476,B,IMO,PSA,SG,1D,1,-26.0,0,0
3476,B,IMO,PSA,SG,2,0,0,1,-26.1
3476,B,IMO,PSA,SG,2,1,-26.0,1,22.9
3476,B,IMO,PSA,SG,2,1,23.0,1,60.0
3476,B,IMO,PSA,SG,2,1,60.1,0,0
1471,C,IMO,PSA,SG,3,0,0,1,22.9
1471,C,IMO,PSA,SG,3,1,23.0,1,60.0
1471,C,IMO,PSA,SG,3,1,60.1,0,0
3474,,IMO,PSA,SG,2,0,0,1,-26.1
3474,,IMO,PSA,SG,2,1,-26.0,1,22.9
3474,,IMO,PSA,SG,2,1,23.0,1,60.0
3474,,IMO,PSA,SG,2,1,60.1,0,0
3166,A,IMO,PSA,SG,3,0,0,1,22.9
3166,A,IMO,PSA,SG,3,1,23.0,1,60.0
3166,A,IMO,PSA,SG,3,1,60.1,0,0
3477,A,IMO,PSA,SG,2,0,0,1,-26.1
3477,A,IMO,PSA,SG,2,1,-26.0,1,22.9
3477,A,IMO,PSA,SG,2,1,23.0,1,60.0
3477,A,IMO,PSA,SG,2,1,60.1,0,0
3166,D,IMO,PSA,SG,3,0,0,1,22.9
3166,D,IMO,PSA,SG,3,1,23.0,1,60.0
3166,D,IMO,PSA,SG,3,1,60.1,0,0
3412,A,IMO,PSA,SG,2S,0,0,1,-26.1
3412,A,IMO,PSA,SG,2S,1,-26.0,1,22.9
3412,A,IMO,PSA,SG,2S,1,23.0,1,60.0
3412,A,IMO,PSA,SG,2S,1,60.1,0,0
3478,A,IMO,PSA,SG,1D,0,0,1,-26.1
3478,A,IMO,PSA,SG,1D,1,-26.0,0,0
505,,IMO,PSA,SG,2,0,0,1,-26.1
505,,IMO,PSA,SG,2,1,-26.0,1,22.9
505,,IMO,PSA,SG,2,1,23.0,1,60.0
505,,IMO,PSA,SG,2,1,60.1,0,0
2807,,IMO,PSA,SG,3,0,0,1,22.9
2807,,IMO,PSA,SG,3,1,23.0,1,60.0
2807,,IMO,PSA,SG,3,1,60.1,0,0
3469,B,IMO,PSA,SG,1D,0,0,1,-26.1
3478,C,IMO,PSA,SG,1D,0,0,1,-26.1
3478,C,IMO,PSA,SG,1D,1,-26.0,0,0
508,,IMO,PSA,SG,2,0,0,1,-26.1
508,,IMO,PSA,SG,2,1,-26.0,1,22.9
508,,IMO,PSA,SG,2,1,23.0,1,60.0
508,,IMO,PSA,SG,2,1,60.1,0,0
3166,B,IMO,PSA,SG,3,0,0,1,22.9
3166,B,IMO,PSA,SG,3,1,23.0,1,60.0
3166,B,IMO,PSA,SG,3,1,60.1,0,0
3496,,IMO,PSA,SG,3,0,0,1,22.9
3496,,IMO,PSA,SG,3,1,23.0,1,60.0
3496,,IMO,PSA,SG,3,1,60.1,0,0
3486,,IMO,PSA,SG,3,0,0,1,22.9
3486,,IMO,PSA,SG,3,1,23.0,1,60.0
3486,,IMO,PSA,SG,3,1,60.1,0,0
3469,C,IMO,PSA,SG,2,1,-26,1,22.9
1471,D,IMO,PSA,SG,3,0,0,1,22.9
1471,D,IMO,PSA,SG,3,1,23.0,1,60.0
1471,D,IMO,PSA,SG,3,1,60.1,0,0
1384,b,IMO,PSA,SG,2,0,0,1,-26.1
1384,b,IMO,PSA,SG,2,1,-26.0,1,22.9
1384,b,IMO,PSA,SG,2,1,23.0,1,60.0
1384,b,IMO,PSA,SG,2,1,60.1,0,0
160,,IMO,PSA,SG,1,0,0,0,0
3260,c,IMO,PSA,SG,3,0,0,1,22.9
3260,c,IMO,PSA,SG,3,1,23.0,1,60.0
3260,c,IMO,PSA,SG,3,1,60.1,0,0
3260,c,IMO,PSA,SG,3,1,60.1,0,0
1833,,IMO,PSA,SG,3,0,0,1,22.9
1833,,IMO,PSA,SG,3,1,23.0,1,60.0
1833,,IMO,PSA,SG,3,1,60.1,0,0
1139,a,IMO,PSA,SG,1S,0,0,1,-26.1
2604,,IMO,PSA,SG,2,0,0,1,-26.1
2604,,IMO,PSA,SG,2,1,-26.0,1,22.9
2604,,IMO,PSA,SG,2,1,23.0,1,60.0
2604,,IMO,PSA,SG,2,1,60.1,0,0
3314,,IMO,PSA,SG,2,0,0,1,-26.1
3314,,IMO,PSA,SG,2,1,-26.0,1,22.9
3314,,IMO,PSA,SG,2,1,23.0,1,60.0
3314,,IMO,PSA,SG,2,1,60.1,0,0
456,,IMO,PSA,SG,2,0,0,1,-26.1
456,,IMO,PSA,SG,2,1,-26.0,1,22.9
456,,IMO,PSA,SG,2,1,23.0,1,60.0
456,,IMO,PSA,SG,2,1,60.1,0,0
3408,a,IMO,PSA,SG,2,0,0,1,-26.1
3408,a,IMO,PSA,SG,2,1,-26.0,1,22.9
3408,a,IMO,PSA,SG,2,1,23.0,1,60.0
3408,a,IMO,PSA,SG,2,1,60.1,0,0
3185,b,IMO,PSA,SG,2,0,0,1,-26.1
3185,b,IMO,PSA,SG,2,1,-26.0,1,22.9
3185,b,IMO,PSA,SG,2,1,23.0,1,60.0
3185,b,IMO,PSA,SG,2,1,60.1,0,0
3395,c,IMO,PSA,SG,1D,0,0,1,-26.1
3395,c,IMO,PSA,SG,1D,1,-26.0,0,0
2778,a,IMO,PSA,SG,2,1,-26,1,22.9
2763,a,IMO,PSA,SG,2,0,0,1,-26.1
2763,a,IMO,PSA,SG,2,1,-26.0,1,22.9
2763,a,IMO,PSA,SG,2,1,23.0,1,60.0
2763,a,IMO,PSA,SG,2,1,60.1,0,0
27,a,IMO,PSA,SG,1,0,0,0,0
3184,a,IMO,PSA,SG,2,0,0,1,-26.1
3184,a,IMO,PSA,SG,2,1,-26.0,1,22.9
3184,a,IMO,PSA,SG,2,1,23.0,1,60.0
3184,a,IMO,PSA,SG,2,1,60.1,0,0
2320,,IMO,PSA,SG,3,0,0,1,22.9
2320,,IMO,PSA,SG,3,1,23.0,1,60.0
2320,,IMO,PSA,SG,3,1,60.1,0,0
1462,,IMO,PSA,SG,1D,0,0,1,-26.1
1462,,IMO,PSA,SG,1D,1,-26.0,0,0
1514,,IMO,PSA,SG,3,0,0,1,22.9
1514,,IMO,PSA,SG,3,1,23.0,1,60.0
1514,,IMO,PSA,SG,3,1,60.1,0,0
3168,,IMO,PSA,SG,1D,0,0,1,-26.1
3168,,IMO,PSA,SG,1D,1,-26.0,0,0
2335,,IMO,PSA,SG,2,1,-26,1,22.9
1571,,IMO,PSA,SG,2,0,0,1,-26.1
1571,,IMO,PSA,SG,2,1,-26.0,1,22.9
1571,,IMO,PSA,SG,2,1,23.0,1,60.0
1571,,IMO,PSA,SG,2,1,60.1,0,0
1177,,IMO,PSA,SG,3,1,23,1,60
1970,,IMO,PSA,SG,3,0,0,1,22.9
1970,,IMO,PSA,SG,3,1,23.0,1,60.0
1970,,IMO,PSA,SG,3,1,60.1,0,0
2272,,IMO,PSA,SG,3,0,0,1,22.9
2272,,IMO,PSA,SG,3,1,23.0,1,60.0
2272,,IMO,PSA,SG,3,1,60.1,0,0
1307,b,IMO,PSA,SG,2S,1,23,1,60
2588,b,IMO,PSA,SG,3,0,0,1,22.9
2588,b,IMO,PSA,SG,3,1,23.0,1,60.0
2588,b,IMO,PSA,SG,3,1,60.1,0,0
2588,b,IMO,PSA,SG,3,1,60.1,0,0
3016,b,IMO,PSA,SG,2,0,0,1,-26.1
3016,b,IMO,PSA,SG,2,1,-26.0,1,22.9
3016,b,IMO,PSA,SG,2,1,23.0,1,60.0
3016,b,IMO,PSA,SG,2,1,60.1,0,0
1870,,IMO,PSA,SG,2,0,0,1,-26.1
1870,,IMO,PSA,SG,2,1,-26.0,1,22.9
1870,,IMO,PSA,SG,2,1,23.0,1,60.0
1870,,IMO,PSA,SG,2,1,60.1,0,0
1404,,IMO,PSA,SG,2,0,0,1,-26.1
1404,,IMO,PSA,SG,2,1,-26.0,1,22.9
1404,,IMO,PSA,SG,2,1,23.0,1,60.0
1404,,IMO,PSA,SG,2,1,60.1,0,0
2740,,IMO,PSA,SG,2,0,0,1,-26.1
2740,,IMO,PSA,SG,2,1,-26.0,1,22.9
2740,,IMO,PSA,SG,2,1,23.0,1,60.0
2740,,IMO,PSA,SG,2,1,60.1,0,0
3350,a,IMO,PSA,SG,2,1,-26,1,22.9
208,d,IMO,PSA,SG,1,0,0,0,0
3149,,IMO,PSA,SG,2,0,0,1,-26.1
3149,,IMO,PSA,SG,2,1,-26.0,1,22.9
3149,,IMO,PSA,SG,2,1,23.0,1,60.0
3149,,IMO,PSA,SG,2,1,60.1,0,0
1259,,IMO,PSA,SG,1D,0,0,1,-26.1
1259,,IMO,PSA,SG,1D,1,-26.0,0,0
1413,,IMO,PSA,SG,2,0,0,1,-26.1
1413,,IMO,PSA,SG,2,1,-26.0,1,22.9
1413,,IMO,PSA,SG,2,1,23.0,1,60.0
1413,,IMO,PSA,SG,2,1,60.1,0,0
1456,,IMO,PSA,SG,3,0,0,1,22.9
1456,,IMO,PSA,SG,3,1,23.0,1,60.0
1456,,IMO,PSA,SG,3,1,60.1,0,0
2599,a,IMO,PSA,SG,3,0,0,1,22.9
2599,a,IMO,PSA,SG,3,1,23.0,1,60.0
2599,a,IMO,PSA,SG,3,1,60.1,0,0
3020,b,IMO,PSA,SG,2,0,0,1,-26.1
3020,b,IMO,PSA,SG,2,1,-26.0,1,22.9
3020,b,IMO,PSA,SG,2,1,23.0,1,60.0
3020,b,IMO,PSA,SG,2,1,60.1,0,0
2817,b,IMO,PSA,SG,2S,0,0,1,-26.1
2817,b,IMO,PSA,SG,2S,1,-26.0,1,22.9
2817,b,IMO,PSA,SG,2S,1,23.0,1,60.0
2817,b,IMO,PSA,SG,2S,1,60.1,0,0
1801,,IMO,PSA,SG,2,0,0,1,-26.1
1801,,IMO,PSA,SG,2,1,-26.0,1,22.9
1801,,IMO,PSA,SG,2,1,23.0,1,60.0
1801,,IMO,PSA,SG,2,1,60.1,0,0
414,,IMO,PSA,SG,1,0,0,0,0
1133,c,IMO,PSA,SG,2S,1,-26,1,22.9
1133,c,IMO,PSA,SG,3,1,23,1,60
3358,,IMO,PSA,SG,1S,0,0,1,-26.1
3358,,IMO,PSA,SG,1S,1,-26.0,0,0
2707,a,IMO,PSA,SG,2S,1,-26,1,22.9
2528,,IMO,PSA,SG,2S,1,23,1,60
3145,c,IMO,PSA,SG,3,0,0,1,22.9
3145,c,IMO,PSA,SG,3,1,23.0,1,60.0
3145,c,IMO,PSA,SG,3,1,60.1,0,0
3145,c,IMO,PSA,SG,3,1,60.1,0,0
1208,,IMO,PSA,SG,1S,0,0,1,-26.1
1208,,IMO,PSA,SG,2S,1,-26,1,22.9
1845,b,IMO,PSA,SG,3,0,0,1,22.9
1845,b,IMO,PSA,SG,3,1,23.0,1,60.0
1845,b,IMO,PSA,SG,3,1,60.1,0,0
236,b,IMO,PSA,SG,2,0,0,1,-26.1
236,b,IMO,PSA,SG,2,1,-26.0,1,22.9
236,b,IMO,PSA,SG,2,1,23.0,1,60.0
236,b,IMO,PSA,SG,2,1,60.1,0,0
1162,,IMO,PSA,SG,2,1,-26,1,22.9
3276,b,IMO,PSA,SG,2,0,0,1,-26.1
3276,b,IMO,PSA,SG,2,1,-26.0,1,22.9
3276,b,IMO,PSA,SG,2,1,23.0,1,60.0
3276,b,IMO,PSA,SG,2,1,60.1,0,0
442,,IMO,PSA,SG,1,0,0,0,0
295,,IMO,PSA,SG,1,0,0,0,0
480,,IMO,PSA,SG,2,0,0,1,-26.1
480,,IMO,PSA,SG,2,1,-26.0,1,22.9
480,,IMO,PSA,SG,2,1,23.0,1,60.0
480,,IMO,PSA,SG,2,1,60.1,0,0
1402,b,IMO,PSA,SG,2,0,0,1,-26.1
1402,b,IMO,PSA,SG,2,1,-26.0,1,22.9
1402,b,IMO,PSA,SG,2,1,23.0,1,60.0
1402,b,IMO,PSA,SG,2,1,60.1,0,0
1774,,IMO,PSA,SG,3,0,0,1,22.9
1774,,IMO,PSA,SG,3,1,23.0,1,60.0
1774,,IMO,PSA,SG,3,1,60.1,0,0
1712,a,IMO,PSA,SG,3,0,0,1,22.9
1712,a,IMO,PSA,SG,3,1,23.0,1,60.0
1712,a,IMO,PSA,SG,3,1,60.1,0,0
1824,a,IMO,PSA,SG,2S,0,0,1,-26.1
1824,a,IMO,PSA,SG,2S,1,-26.0,1,22.9
1824,a,IMO,PSA,SG,2S,1,23.0,1,60.0
1824,a,IMO,PSA,SG,2S,1,60.1,0,0
1606,,IMO,PSA,SG,3,0,0,1,22.9
1606,,IMO,PSA,SG,3,1,23.0,1,60.0
1606,,IMO,PSA,SG,3,1,60.1,0,0
2576,,IMO,PSA,SG,2,0,0,1,-26.1
2576,,IMO,PSA,SG,2,1,-26.0,1,22.9
2576,,IMO,PSA,SG,2,1,23.0,1,60.0
2576,,IMO,PSA,SG,2,1,60.1,0,0
2391,,IMO,PSA,SG,2S,1,-26,1,22.9
497,,IMO,PSA,SG,1,0,0,0,0
2679,a,IMO,PSA,SG,3,0,0,1,22.9
2679,a,IMO,PSA,SG,3,1,23.0,1,60.0
2679,a,IMO,PSA,SG,3,1,60.1,0,0
94,,IMO,PSA,SG,1,0,0,0,0
1553,,IMO,PSA,SG,2,0,0,1,-26.1
1553,,IMO,PSA,SG,2,1,-26.0,1,22.9
1553,,IMO,PSA,SG,2,1,23.0,1,60.0
1553,,IMO,PSA,SG,2,1,60.1,0,0
2795,a,IMO,PSA,SG,3,0,0,1,22.9
2795,a,IMO,PSA,SG,3,1,23.0,1,60.0
2795,a,IMO,PSA,SG,3,1,60.1,0,0
2453,b,IMO,PSA,SG,2S,0,0,1,-26.1
2453,b,IMO,PSA,SG,2S,1,-26.0,1,22.9
2453,b,IMO,PSA,SG,2S,1,23.0,1,60.0
2453,b,IMO,PSA,SG,2S,1,60.1,0,0
1986,b,IMO,PSA,SG,2,1,-26,1,22.9
1087,,IMO,PSA,SG,2S,0,0,1,-26.1
1087,,IMO,PSA,SG,2S,1,-26.0,1,22.9
1087,,IMO,PSA,SG,2S,1,23.0,1,60.0
1087,,IMO,PSA,SG,2S,1,60.1,0,0
2912,b,IMO,PSA,SG,2,0,0,1,-26.1
2912,b,IMO,PSA,SG,2,1,-26.0,1,22.9
2912,b,IMO,PSA,SG,2,1,23.0,1,60.0
2912,b,IMO,PSA,SG,2,1,60.1,0,0
1229,,IMO,PSA,SG,3,1,23,1,60
2713,,IMO,PSA,SG,3,0,0,1,22.9
2713,,IMO,PSA,SG,3,1,23.0,1,60.0
2713,,IMO,PSA,SG,3,1,60.1,0,0
1289,b,IMO,PSA,SG,2S,1,23,1,60
1173,,IMO,PSA,SG,2S,1,-26,1,22.9
3260,a,IMO,PSA,SG,2,0,0,1,-26.1
3260,a,IMO,PSA,SG,2,1,-26.0,1,22.9
3260,a,IMO,PSA,SG,2,1,23.0,1,60.0
3260,a,IMO,PSA,SG,2,1,60.1,0,0
2545,c,IMO,PSA,SG,2S,0,0,1,-26.1
2545,c,IMO,PSA,SG,2S,1,-26.0,1,22.9
2545,c,IMO,PSA,SG,2S,1,23.0,1,60.0
2545,c,IMO,PSA,SG,2S,1,60.1,0,0
2545,c,IMO,PSA,SG,2S,1,60.1,0,0
2417,,IMO,PSA,SG,2,0,0,1,-26.1
2417,,IMO,PSA,SG,2,1,-26.0,1,22.9
2417,,IMO,PSA,SG,2,1,23.0,1,60.0
2417,,IMO,PSA,SG,2,1,60.1,0,0
3176,a,IMO,PSA,SG,2,0,0,1,-26.1
3176,a,IMO,PSA,SG,2,1,-26.0,1,22.9
3176,a,IMO,PSA,SG,2,1,23.0,1,60.0
3176,a,IMO,PSA,SG,2,1,60.1,0,0
2371,,IMO,PSA,SG,2S,1,-26,1,22.9
386,b,IMO,PSA,SG,1,0,0,0,0
2306,,IMO,PSA,SG,3,0,0,1,22.9
2306,,IMO,PSA,SG,3,1,23.0,1,60.0
2306,,IMO,PSA,SG,3,1,60.1,0,0
3147,d,IMO,PSA,SG,3,0,0,1,22.9
3147,d,IMO,PSA,SG,3,1,23.0,1,60.0
3147,d,IMO,PSA,SG,3,1,60.1,0,0
3147,d,IMO,PSA,SG,3,1,60.1,0,0
1267,c,IMO,PSA,SG,2S,1,23,1,60
3406,a,IMO,PSA,SG,2,0,0,1,-26.1
3406,a,IMO,PSA,SG,2,1,-26.0,1,22.9
3406,a,IMO,PSA,SG,2,1,23.0,1,60.0
3406,a,IMO,PSA,SG,2,1,60.1,0,0
1036,,IMO,PSA,SG,2,0,0,1,-26.1
1036,,IMO,PSA,SG,2,1,-26.0,1,22.9
1036,,IMO,PSA,SG,2,1,23.0,1,60.0
1036,,IMO,PSA,SG,2,1,60.1,0,0
1544,f,IMO,PSA,SG,3,0,0,1,22.9
1544,f,IMO,PSA,SG,3,1,23.0,1,60.0
1544,f,IMO,PSA,SG,3,1,60.1,0,0
1544,f,IMO,PSA,SG,3,1,60.1,0,0
1325,a,IMO,PSA,SG,2,0,0,1,-26.1
1325,a,IMO,PSA,SG,2,1,-26.0,1,22.9
1325,a,IMO,PSA,SG,2,1,23.0,1,60.0
1325,a,IMO,PSA,SG,2,1,60.1,0,0
1325,a,IMO,PSA,SG,2S,1,-26.0,1,22.9
1325,a,IMO,PSA,SG,2S,1,23.0,1,60.0
1325,a,IMO,PSA,SG,2S,1,60.1,0,0
1830,b,IMO,PSA,SG,2S,0,0,1,-26.1
1830,b,IMO,PSA,SG,2S,1,-26.0,1,22.9
1830,b,IMO,PSA,SG,2S,1,23.0,1,60.0
1830,b,IMO,PSA,SG,2S,1,60.1,0,0
1170,a,IMO,PSA,SG,2S,1,-26,1,22.9
3345,b,IMO,PSA,SG,3,0,0,1,22.9
3345,b,IMO,PSA,SG,3,1,23.0,1,60.0
3345,b,IMO,PSA,SG,3,1,60.1,0,0
3345,b,IMO,PSA,SG,3,1,60.1,0,0
1033,,IMO,PSA,SG,2S,0,0,1,-26.1
1033,,IMO,PSA,SG,2S,1,-26.0,1,22.9
1033,,IMO,PSA,SG,2S,1,23.0,1,60.0
1033,,IMO,PSA,SG,2S,1,60.1,0,0
138,,IMO,PSA,SG,1,0,0,0,0
3140,b,IMO,PSA,SG,2,0,0,1,-26.1
3140,b,IMO,PSA,SG,2,1,-26.0,1,22.9
3140,b,IMO,PSA,SG,2,1,23.0,1,60.0
3140,b,IMO,PSA,SG,2,1,60.1,0,0
1374,d,IMO,PSA,SG,3,0,0,1,22.9
1374,d,IMO,PSA,SG,3,1,23.0,1,60.0
1374,d,IMO,PSA,SG,3,1,60.1,0,0
366,,IMO,PSA,SG,2,0,0,1,-26.1
366,,IMO,PSA,SG,2,1,-26.0,1,22.9
366,,IMO,PSA,SG,2,1,23.0,1,60.0
366,,IMO,PSA,SG,2,1,60.1,0,0
3279,b,IMO,PSA,SG,2,1,-26.0,1,22.9
3279,b,IMO,PSA,SG,2,1,23.0,1,60.0
2352,,IMO,PSA,SG,2S,1,-26,1,22.9
3316,a,IMO,PSA,SG,2,0,0,1,-26.1
3316,a,IMO,PSA,SG,2,1,-26.0,1,22.9
3316,a,IMO,PSA,SG,2,1,23.0,1,60.0
3316,a,IMO,PSA,SG,2,1,60.1,0,0
2758,b,IMO,PSA,SG,2,1,-26,1,22.9
1021,b,IMO,PSA,SG,3,0,0,1,22.9
1021,b,IMO,PSA,SG,3,1,23.0,1,60.0
1021,b,IMO,PSA,SG,3,1,60.1,0,0
2276,,IMO,PSA,SG,3,1,23,1,60
1331,,IMO,PSA,SG,2,0,0,1,-26.1
1331,,IMO,PSA,SG,2,1,-26.0,1,22.9
1331,,IMO,PSA,SG,2,1,23.0,1,60.0
1331,,IMO,PSA,SG,2,1,60.1,0,0
3325,a,IMO,PSA,SG,2,0,0,1,-26.1
3325,a,IMO,PSA,SG,2,1,-26.0,1,22.9
3325,a,IMO,PSA,SG,2,1,23.0,1,60.0
3325,a,IMO,PSA,SG,2,1,60.1,0,0
154,c,IMO,PSA,SG,1,0,0,0,0
3073,,IMO,PSA,SG,2,0,0,1,-26.1
3073,,IMO,PSA,SG,2,1,-26.0,1,22.9
3073,,IMO,PSA,SG,2,1,23.0,1,60.0
3073,,IMO,PSA,SG,2,1,60.1,0,0
1583,b,IMO,PSA,SG,2,0,0,1,-26.1
1583,b,IMO,PSA,SG,2,1,-26.0,1,22.9
1583,b,IMO,PSA,SG,2,1,23.0,1,60.0
1583,b,IMO,PSA,SG,2,1,60.1,0,0
222,b,IMO,PSA,SG,1,0,0,0,0
3191,a,IMO,PSA,SG,2,0,0,1,-26.1
3191,a,IMO,PSA,SG,2,1,-26.0,1,22.9
3191,a,IMO,PSA,SG,2,1,23.0,1,60.0
3191,a,IMO,PSA,SG,2,1,60.1,0,0
1989,a,IMO,PSA,SG,1S,0,0,1,-26.1
1017,,IMO,PSA,SG,2,0,0,1,-26.1
1017,,IMO,PSA,SG,2,1,-26.0,1,22.9
1017,,IMO,PSA,SG,2,1,23.0,1,60.0
1017,,IMO,PSA,SG,2,1,60.1,0,0
395,,IMO,PSA,SG,1,0,0,0,0
1803,b,IMO,PSA,SG,3,0,0,1,22.9
1803,b,IMO,PSA,SG,3,1,23.0,1,60.0
1803,b,IMO,PSA,SG,3,1,60.1,0,0
472,,IMO,PSA,SG,2,0,0,1,-26.1
472,,IMO,PSA,SG,2,1,-26.0,1,22.9
472,,IMO,PSA,SG,2,1,23.0,1,60.0
472,,IMO,PSA,SG,2,1,60.1,0,0
410,,IMO,PSA,SG,2,0,0,1,-26.1
410,,IMO,PSA,SG,2,1,-26.0,1,22.9
410,,IMO,PSA,SG,2,1,23.0,1,60.0
410,,IMO,PSA,SG,2,1,60.1,0,0
1944,,IMO,PSA,SG,3,0,0,1,22.9
1944,,IMO,PSA,SG,3,1,23.0,1,60.0
1944,,IMO,PSA,SG,3,1,60.1,0,0
448,,IMO,PSA,SG,2,0,0,1,-26.1
448,,IMO,PSA,SG,2,1,-26.0,1,22.9
448,,IMO,PSA,SG,2,1,23.0,1,60.0
448,,IMO,PSA,SG,2,1,60.1,0,0
343,,IMO,PSA,SG,2,0,0,1,-26.1
343,,IMO,PSA,SG,2,1,-26.0,1,22.9
343,,IMO,PSA,SG,2,1,23.0,1,60.0
343,,IMO,PSA,SG,2,1,60.1,0,0
1164,,IMO,PSA,SG,1S,0,0,1,-26.1
1739,,IMO,PSA,SG,2,0,0,1,-26.1
1739,,IMO,PSA,SG,2,1,-26.0,1,22.9
1739,,IMO,PSA,SG,2,1,23.0,1,60.0
1739,,IMO,PSA,SG,2,1,60.1,0,0
1204,,IMO,PSA,SG,2S,1,-26,1,22.9
3144,a,IMO,PSA,SG,2,0,0,1,-26.1
3144,a,IMO,PSA,SG,2,1,-26.0,1,22.9
3144,a,IMO,PSA,SG,2,1,23.0,1,60.0
3144,a,IMO,PSA,SG,2,1,60.1,0,0
1716,,IMO,PSA,SG,2,0,0,1,-26.1
1716,,IMO,PSA,SG,2,1,-26.0,1,22.9
1716,,IMO,PSA,SG,2,1,23.0,1,60.0
1716,,IMO,PSA,SG,2,1,60.1,0,0
2364,,IMO,PSA,SG,3,1,23,1,60
1691,,IMO,PSA,SG,3,0,0,1,22.9
1691,,IMO,PSA,SG,3,1,23.0,1,60.0
1691,,IMO,PSA,SG,3,1,60.1,0,0
2916,a,IMO,PSA,SG,2,0,0,1,-26.1
2916,a,IMO,PSA,SG,2,1,-26.0,1,22.9
2916,a,IMO,PSA,SG,2,1,23.0,1,60.0
2916,a,IMO,PSA,SG,2,1,60.1,0,0
3295,b,IMO,PSA,SG,2S,1,-26,1,22.9
1727,,IMO,PSA,SG,2S,0,0,1,-26.1
1727,,IMO,PSA,SG,2S,1,-26.0,1,22.9
1727,,IMO,PSA,SG,2S,1,23.0,1,60.0
1727,,IMO,PSA,SG,2S,1,60.1,0,0
2037,m,IMO,PSA,SG,2,0,0,1,-26.1
2037,m,IMO,PSA,SG,2,1,-26.0,1,22.9
2037,m,IMO,PSA,SG,2,1,23.0,1,60.0
2037,m,IMO,PSA,SG,2,1,60.1,0,0
3170,b,IMO,PSA,SG,2,0,0,1,-26.1
3170,b,IMO,PSA,SG,2,1,-26.0,1,22.9
3170,b,IMO,PSA,SG,2,1,23.0,1,60.0
3170,b,IMO,PSA,SG,2,1,60.1,0,0
1950,m,IMO,PSA,SG,2S,0,0,1,-26.1
1950,m,IMO,PSA,SG,2S,1,-26.0,1,22.9
1950,m,IMO,PSA,SG,2S,1,23.0,1,60.0
1950,m,IMO,PSA,SG,2S,1,60.1,0,0
1061,,IMO,PSA,SG,2S,0,0,1,-26.1
1061,,IMO,PSA,SG,2S,1,-26.0,1,22.9
1061,,IMO,PSA,SG,2S,1,23.0,1,60.0
1061,,IMO,PSA,SG,2S,1,60.1,0,0
1962,,IMO,PSA,SG,2S,0,0,1,-26.1
1962,,IMO,PSA,SG,2S,1,-26.0,1,22.9
1962,,IMO,PSA,SG,2S,1,23.0,1,60.0
1962,,IMO,PSA,SG,2S,1,60.1,0,0
1656,a,IMO,PSA,SG,3,0,0,1,22.9
1656,a,IMO,PSA,SG,3,1,23.0,1,60.0
1656,a,IMO,PSA,SG,3,1,60.1,0,0
2212,,IMO,PSA,SG,2S,0,0,1,-26.1
2212,,IMO,PSA,SG,2S,1,-26.0,1,22.9
2212,,IMO,PSA,SG,2S,1,23.0,1,60.0
2212,,IMO,PSA,SG,2S,1,60.1,0,0
2853,,IMO,PSA,SG,3,0,0,1,22.9
2853,,IMO,PSA,SG,3,1,23.0,1,60.0
2853,,IMO,PSA,SG,3,1,60.1,0,0
3080,b,IMO,PSA,SG,1D,0,0,1,-26.1
3080,b,IMO,PSA,SG,2,1,-26.0,1,22.9
3080,b,IMO,PSA,SG,2,1,23.0,1,60.0
1494,,IMO,PSA,SG,2,0,0,1,-26.1
1494,,IMO,PSA,SG,2,1,-26.0,1,22.9
1494,,IMO,PSA,SG,2,1,23.0,1,60.0
1494,,IMO,PSA,SG,2,1,60.1,0,0
2030,c,IMO,PSA,SG,2,0,0,1,-26.1
2030,c,IMO,PSA,SG,2,1,-26.0,1,22.9
2030,c,IMO,PSA,SG,2,1,23.0,1,60.0
2030,c,IMO,PSA,SG,2,1,60.1,0,0
1469,,IMO,PSA,SG,3,0,0,1,22.9
1469,,IMO,PSA,SG,3,1,23.0,1,60.0
1469,,IMO,PSA,SG,3,1,60.1,0,0
3393,,IMO,PSA,SG,1D,0,0,1,-26.1
3393,,IMO,PSA,SG,1D,1,-26.0,0,0
380,,IMO,PSA,SG,1,0,0,0,0
1559,,IMO,PSA,SG,2,0,0,1,-26.1
1559,,IMO,PSA,SG,2,1,-26.0,1,22.9
1559,,IMO,PSA,SG,2,1,23.0,1,60.0
1559,,IMO,PSA,SG,2,1,60.1,0,0
2653,,IMO,PSA,SG,2,0,0,1,-26.1
2653,,IMO,PSA,SG,2,1,-26.0,1,22.9
2653,,IMO,PSA,SG,2,1,23.0,1,60.0
2653,,IMO,PSA,SG,2,1,60.1,0,0
2998,a,IMO,PSA,SG,2,0,0,1,-26.1
2998,a,IMO,PSA,SG,2,1,-26.0,1,22.9
2998,a,IMO,PSA,SG,2,1,23.0,1,60.0
2998,a,IMO,PSA,SG,2,1,60.1,0,0
1585,,IMO,PSA,SG,3,0,0,1,22.9
1585,,IMO,PSA,SG,3,1,23.0,1,60.0
1585,,IMO,PSA,SG,3,1,60.1,0,0
3375,a,IMO,PSA,SG,1D,0,0,1,-26.1
3375,a,IMO,PSA,SG,1D,1,-26.0,0,0
2720,,IMO,PSA,SG,3,0,0,1,22.9
2720,,IMO,PSA,SG,3,1,23.0,1,60.0
2720,,IMO,PSA,SG,3,1,60.1,0,0
2440,,IMO,PSA,SG,3,0,0,1,22.9
2440,,IMO,PSA,SG,3,1,23.0,1,60.0
2440,,IMO,PSA,SG,3,1,60.1,0,0
3341,b,IMO,PSA,SG,2,0,0,1,-26.1
3341,b,IMO,PSA,SG,2,1,-26.0,1,22.9
3341,b,IMO,PSA,SG,2,1,23.0,1,60.0
3341,b,IMO,PSA,SG,2,1,60.1,0,0
1312,,IMO,PSA,SG,3,0,0,1,22.9
1312,,IMO,PSA,SG,3,1,23.0,1,60.0
1312,,IMO,PSA,SG,3,1,60.1,0,0
1287,b,IMO,PSA,SG,3,1,23,1,60
2297,,IMO,PSA,SG,3,1,23,1,60
2865,,IMO,PSA,SG,3,0,0,1,22.9
2865,,IMO,PSA,SG,3,1,23.0,1,60.0
2865,,IMO,PSA,SG,3,1,60.1,0,0
2342,,IMO,PSA,SG,2B,1,-26,1,22.9
174,,IMO,PSA,SG,2,0,0,1,-26.1
174,,IMO,PSA,SG,2,1,-26.0,1,22.9
174,,IMO,PSA,SG,2,1,23.0,1,60.0
174,,IMO,PSA,SG,2,1,60.1,0,0
3176,b,IMO,PSA,SG,2,0,0,1,-26.1
3176,b,IMO,PSA,SG,2,1,-26.0,1,22.9
3176,b,IMO,PSA,SG,2,1,23.0,1,60.0
3176,b,IMO,PSA,SG,2,1,60.1,0,0
103,,IMO,PSA,SG,2,0,0,1,-26.1
103,,IMO,PSA,SG,2,1,-26.0,1,22.9
103,,IMO,PSA,SG,2,1,23.0,1,60.0
103,,IMO,PSA,SG,2,1,60.1,0,0
1481,b,IMO,PSA,SG,1D,0,0,1,-26.1
1481,b,IMO,PSA,SG,1D,1,-26.0,0,0
2649,,IMO,PSA,SG,2,0,0,1,-26.1
2649,,IMO,PSA,SG,2,1,-26.0,1,22.9
2649,,IMO,PSA,SG,2,1,23.0,1,60.0
2649,,IMO,PSA,SG,2,1,60.1,0,0
2838,,IMO,PSA,SG,2S,1,-26,1,22.9
1894,,IMO,PSA,SG,3,0,0,1,22.9
1894,,IMO,PSA,SG,3,1,23.0,1,60.0
1894,,IMO,PSA,SG,3,1,60.1,0,0
411,c,IMO,PSA,SG,1,0,0,0,0
1210,e,IMO,PSA,SG,3,1,23,1,60
1481,a,IMO,PSA,SG,1D,0,0,1,-26.1
1481,a,IMO,PSA,SG,1D,1,-26.0,0,0
1182,,IMO,PSA,SG,2,0,0,1,-26.1
1182,,IMO,PSA,SG,2,1,-26.0,1,22.9
1182,,IMO,PSA,SG,2,1,23.0,1,60.0
1182,,IMO,PSA,SG,2,1,60.1,0,0
3085,b,IMO,PSA,SG,1D,0,0,1,-26.1
3085,b,IMO,PSA,SG,1D,1,-26.0,0,0
289,,IMO,PSA,SG,2,0,0,1,-26.1
289,,IMO,PSA,SG,2,1,-26.0,1,22.9
289,,IMO,PSA,SG,2,1,23.0,1,60.0
289,,IMO,PSA,SG,2,1,60.1,0,0
1575,,IMO,PSA,SG,2,0,0,1,-26.1
1575,,IMO,PSA,SG,2,1,-26.0,1,22.9
1575,,IMO,PSA,SG,2,1,23.0,1,60.0
1575,,IMO,PSA,SG,2,1,60.1,0,0
385,b,IMO,PSA,SG,1,0,0,0,0
2660,,IMO,PSA,SG,3,0,0,1,22.9
2660,,IMO,PSA,SG,3,1,23.0,1,60.0
2660,,IMO,PSA,SG,3,1,60.1,0,0
3261,a,IMO,PSA,SG,2,0,0,1,-26.1
3261,a,IMO,PSA,SG,2,1,-26.0,1,22.9
3261,a,IMO,PSA,SG,2,1,23.0,1,60.0
3261,a,IMO,PSA,SG,2,1,60.1,0,0
2583,a,IMO,PSA,SG,3,0,0,1,22.9
2583,a,IMO,PSA,SG,3,1,23.0,1,60.0
2583,a,IMO,PSA,SG,3,1,60.1,0,0
2967,,IMO,PSA,SG,3,0,0,1,22.9
2967,,IMO,PSA,SG,3,1,23.0,1,60.0
2967,,IMO,PSA,SG,3,1,60.1,0,0
3254,,IMO,PSA,SG,2,0,0,1,-26.1
3254,,IMO,PSA,SG,2,1,-26.0,1,22.9
3254,,IMO,PSA,SG,2,1,23.0,1,60.0
3254,,IMO,PSA,SG,2,1,60.1,0,0
1686,a,IMO,PSA,SG,2S,0,0,1,-26.1
1686,a,IMO,PSA,SG,2S,1,-26.0,1,22.9
1686,a,IMO,PSA,SG,2S,1,23.0,1,60.0
1686,a,IMO,PSA,SG,2S,1,60.1,0,0
1157,,IMO,PSA,SG,2S,1,23,1,60
363,,IMO,PSA,SG,2,0,0,1,-26.1
363,,IMO,PSA,SG,2,1,-26.0,1,22.9
363,,IMO,PSA,SG,2,1,23.0,1,60.0
363,,IMO,PSA,SG,2,1,60.1,0,0
1704,,IMO,PSA,SG,2,0,0,1,-26.1
1704,,IMO,PSA,SG,2,1,-26.0,1,22.9
1704,,IMO,PSA,SG,2,1,23.0,1,60.0
1704,,IMO,PSA,SG,2,1,60.1,0,0
402,a,IMO,PSA,SG,1,0,0,0,0
2429,b,IMO,PSA,SG,2,0,0,1,-26.1
2429,b,IMO,PSA,SG,2,1,-26.0,1,22.9
2429,b,IMO,PSA,SG,2,1,23.0,1,60.0
2429,b,IMO,PSA,SG,2,1,60.1,0,0
282,b,IMO,PSA,SG,1,0,0,0,0
1732,,IMO,PSA,SG,2,0,0,1,-26.1
1732,,IMO,PSA,SG,2,1,-26.0,1,22.9
1732,,IMO,PSA,SG,2,1,23.0,1,60.0
1732,,IMO,PSA,SG,2,1,60.1,0,0
1760,a,IMO,PSA,SG,2,0,0,1,-26.1
1760,a,IMO,PSA,SG,2,1,-26.0,1,22.9
1760,a,IMO,PSA,SG,2,1,23.0,1,60.0
1760,a,IMO,PSA,SG,2,1,60.1,0,0
2443,,IMO,PSA,SG,2,0,0,1,-26.1
2443,,IMO,PSA,SG,2,1,-26.0,1,22.9
2443,,IMO,PSA,SG,2,1,23.0,1,60.0
2443,,IMO,PSA,SG,2,1,60.1,0,0
3246,,IMO,PSA,SG,2,0,0,1,-26.1
3246,,IMO,PSA,SG,2,1,-26.0,1,22.9
3246,,IMO,PSA,SG,2,1,23.0,1,60.0
3246,,IMO,PSA,SG,2,1,60.1,0,0
217,a,IMO,PSA,SG,1,0,0,0,0
3161,,IMO,PSA,SG,1D,0,0,1,-26.1
3161,,IMO,PSA,SG,1D,1,-26.0,0,0
3101,b,IMO,PSA,SG,1D,0,0,1,-26.1
3101,b,IMO,PSA,SG,1D,1,-26.0,0,0
2781,a,IMO,PSA,SG,2,0,0,1,-26.1
2781,a,IMO,PSA,SG,2,1,-26.0,1,22.9
2781,a,IMO,PSA,SG,2,1,23.0,1,60.0
2781,a,IMO,PSA,SG,2,1,60.1,0,0
1601,b,IMO,PSA,SG,3,0,0,1,22.9
1601,b,IMO,PSA,SG,3,1,23.0,1,60.0
1601,b,IMO,PSA,SG,3,1,60.1,0,0
1601,b,IMO,PSA,SG,3,1,60.1,0,0
1828,,IMO,PSA,SG,2,0,0,1,-26.1
1828,,IMO,PSA,SG,2,1,-26.0,1,22.9
1828,,IMO,PSA,SG,2,1,23.0,1,60.0
1828,,IMO,PSA,SG,2,1,60.1,0,0
441,,IMO,PSA,SG,2,0,0,1,-26.1
441,,IMO,PSA,SG,2,1,-26.0,1,22.9
441,,IMO,PSA,SG,2,1,23.0,1,60.0
441,,IMO,PSA,SG,2,1,60.1,0,0
1922,,IMO,PSA,SG,2S,1,-26,1,22.9
1303,,IMO,PSA,SG,1S,0,0,1,-26.1
2869,a,IMO,PSA,SG,2,0,0,1,-26.1
2869,a,IMO,PSA,SG,2,1,-26.0,1,22.9
2869,a,IMO,PSA,SG,2,1,23.0,1,60.0
2869,a,IMO,PSA,SG,2,1,60.1,0,0
2777,a,IMO,PSA,SG,2,0,0,1,-26.1
2777,a,IMO,PSA,SG,2,1,-26.0,1,22.9
2777,a,IMO,PSA,SG,2,1,23.0,1,60.0
2777,a,IMO,PSA,SG,2,1,60.1,0,0
1288,a,IMO,PSA,SG,2S,1,-26,1,22.9
2388,,IMO,PSA,SG,2S,1,-26,1,22.9
1473,,IMO,PSA,SG,2,0,0,1,-26.1
1473,,IMO,PSA,SG,2,1,-26.0,1,22.9
1473,,IMO,PSA,SG,2,1,23.0,1,60.0
1473,,IMO,PSA,SG,2,1,60.1,0,0
1622,,IMO,PSA,SG,3,0,0,1,22.9
1622,,IMO,PSA,SG,3,1,23.0,1,60.0
1622,,IMO,PSA,SG,3,1,60.1,0,0
286,,IMO,PSA,SG,1,0,0,0,0
444,,IMO,PSA,SG,2,0,0,1,-26.1
444,,IMO,PSA,SG,2,1,-26.0,1,22.9
444,,IMO,PSA,SG,2,1,23.0,1,60.0
444,,IMO,PSA,SG,2,1,60.1,0,0
2869,b,IMO,PSA,SG,2,0,0,1,-26.1
2869,b,IMO,PSA,SG,2,1,-26.0,1,22.9
2869,b,IMO,PSA,SG,2,1,23.0,1,60.0
2869,b,IMO,PSA,SG,2,1,60.1,0,0
2251,b,IMO,PSA,SG,2S,1,-26,1,22.9
1454,,IMO,PSA,SG,3,0,0,1,22.9
1454,,IMO,PSA,SG,3,1,23.0,1,60.0
1454,,IMO,PSA,SG,3,1,60.1,0,0
3327,c,IMO,PSA,SG,2,0,0,1,-26.1
3327,c,IMO,PSA,SG,2,1,-26.0,1,22.9
3327,c,IMO,PSA,SG,2,1,23.0,1,60.0
3327,c,IMO,PSA,SG,2,1,60.1,0,0
2909,b,IMO,PSA,SG,2,0,0,1,-26.1
2909,b,IMO,PSA,SG,2,1,-26.0,1,22.9
2909,b,IMO,PSA,SG,2,1,23.0,1,60.0
2909,b,IMO,PSA,SG,2,1,60.1,0,0
486,a,IMO,PSA,SG,1,0,0,0,0
1106,a,IMO,PSA,SG,2S,1,-26,1,22.9
2614,,IMO,PSA,SG,3,1,23,1,60
1987,b,IMO,PSA,SG,3,1,23,1,60
3330,a,IMO,PSA,SG,2,0,0,1,-26.1
3330,a,IMO,PSA,SG,2,1,-26.0,1,22.9
3330,a,IMO,PSA,SG,2,1,23.0,1,60.0
3330,a,IMO,PSA,SG,2,1,60.1,0,0
2294,,IMO,PSA,SG,3,0,0,1,22.9
2294,,IMO,PSA,SG,3,1,23.0,1,60.0
2294,,IMO,PSA,SG,3,1,60.1,0,0
2370,,IMO,PSA,SG,1S,0,0,1,-26.1
2370,,IMO,PSA,SG,2S,1,-26.0,1,22.9
2370,,IMO,PSA,SG,2S,1,23.0,1,60.0
1234,,IMO,PSA,SG,1S,0,0,1,-26.1
2317,,IMO,PSA,SG,2,0,0,1,-26.1
2317,,IMO,PSA,SG,2,1,-26.0,1,22.9
2317,,IMO,PSA,SG,2,1,23.0,1,60.0
2317,,IMO,PSA,SG,2,1,60.1,0,0
371,,IMO,PSA,SG,2,0,0,1,-26.1
371,,IMO,PSA,SG,2,1,-26.0,1,22.9
371,,IMO,PSA,SG,2,1,23.0,1,60.0
371,,IMO,PSA,SG,2,1,60.1,0,0
3192,a,IMO,PSA,SG,2,0,0,1,-26.1
3192,a,IMO,PSA,SG,2,1,-26.0,1,22.9
3192,a,IMO,PSA,SG,2,1,23.0,1,60.0
3192,a,IMO,PSA,SG,2,1,60.1,0,0
2570,c,IMO,PSA,SG,3,0,0,1,22.9
2570,c,IMO,PSA,SG,3,1,23.0,1,60.0
2570,c,IMO,PSA,SG,3,1,60.1,0,0
2570,c,IMO,PSA,SG,3,1,60.1,0,0
1152,,IMO,PSA,SG,3,1,23,1,60
1843,,IMO,PSA,SG,3,0,0,1,22.9
1843,,IMO,PSA,SG,3,1,23.0,1,60.0
1843,,IMO,PSA,SG,3,1,60.1,0,0
1051,,IMO,PSA,SG,2,0,0,1,-26.1
1051,,IMO,PSA,SG,2,1,-26.0,1,22.9
1051,,IMO,PSA,SG,2,1,23.0,1,60.0
1051,,IMO,PSA,SG,2,1,60.1,0,0
3146,c,IMO,PSA,SG,3,0,0,1,22.9
3146,c,IMO,PSA,SG,3,1,23.0,1,60.0
3146,c,IMO,PSA,SG,3,1,60.1,0,0
3146,c,IMO,PSA,SG,3,1,60.1,0,0
1390,,IMO,PSA,SG,2,0,0,1,-26.1
1390,,IMO,PSA,SG,2,1,-26.0,1,22.9
1390,,IMO,PSA,SG,2,1,23.0,1,60.0
1390,,IMO,PSA,SG,2,1,60.1,0,0
1267,a,IMO,PSA,SG,1S,0,0,1,-26.1
1757,b,IMO,PSA,SG,3,0,0,1,22.9
1757,b,IMO,PSA,SG,3,1,23.0,1,60.0
1757,b,IMO,PSA,SG,3,1,60.1,0,0
3142,b,IMO,PSA,SG,2,0,0,1,-26.1
3142,b,IMO,PSA,SG,2,1,-26.0,1,22.9
3142,b,IMO,PSA,SG,2,1,23.0,1,60.0
3142,b,IMO,PSA,SG,2,1,60.1,0,0
3108,,IMO,PSA,SG,2,0,0,1,-26.1
3108,,IMO,PSA,SG,2,1,-26.0,1,22.9
3108,,IMO,PSA,SG,2,1,23.0,1,60.0
3108,,IMO,PSA,SG,2,1,60.1,0,0
3253,,IMO,PSA,SG,3,0,0,1,22.9
3253,,IMO,PSA,SG,3,1,23.0,1,60.0
3253,,IMO,PSA,SG,3,1,60.1,0,0
1274,c,IMO,PSA,SG,2S,1,-26,1,22.9
1274,c,IMO,PSA,SG,2S,1,23,1,60
1334,b,IMO,PSA,SG,3,0,0,1,22.9
1334,b,IMO,PSA,SG,3,1,23.0,1,60.0
1334,b,IMO,PSA,SG,3,1,60.1,0,0
1777,,IMO,PSA,SG,2,0,0,1,-26.1
1777,,IMO,PSA,SG,2,1,-26.0,1,22.9
1777,,IMO,PSA,SG,2,1,23.0,1,60.0
1777,,IMO,PSA,SG,2,1,60.1,0,0
1432,,IMO,PSA,SG,2,0,0,1,-26.1
1432,,IMO,PSA,SG,2,1,-26.0,1,22.9
1432,,IMO,PSA,SG,2,1,23.0,1,60.0
1432,,IMO,PSA,SG,2,1,60.1,0,0
1652,,IMO,PSA,SG,3,0,0,1,22.9
1652,,IMO,PSA,SG,3,1,23.0,1,60.0
1652,,IMO,PSA,SG,3,1,60.1,0,0
2427,b,IMO,PSA,SG,2,0,0,1,-26.1
2427,b,IMO,PSA,SG,2,1,-26.0,1,22.9
2427,b,IMO,PSA,SG,2,1,23.0,1,60.0
2427,b,IMO,PSA,SG,2,1,60.1,0,0
1346,,IMO,PSA,SG,3,0,0,1,22.9
1346,,IMO,PSA,SG,3,1,23.0,1,60.0
1346,,IMO,PSA,SG,3,1,60.1,0,0
3005,b,IMO,PSA,SG,2,1,23,1,60
1433,,IMO,PSA,SG,2,0,0,1,-26.1
1433,,IMO,PSA,SG,2,1,-26.0,1,22.9
1433,,IMO,PSA,SG,2,1,23.0,1,60.0
1433,,IMO,PSA,SG,2,1,60.1,0,0
2821,b,IMO,PSA,SG,2S,0,0,1,-26.1
2821,b,IMO,PSA,SG,2S,1,-26.0,1,22.9
2821,b,IMO,PSA,SG,2S,1,23.0,1,60.0
2821,b,IMO,PSA,SG,2S,1,60.1,0,0
1053,,IMO,PSA,SG,2,0,0,1,-26.1
1053,,IMO,PSA,SG,2,1,-26.0,1,22.9
1053,,IMO,PSA,SG,2,1,23.0,1,60.0
1053,,IMO,PSA,SG,2,1,60.1,0,0
2436,,IMO,PSA,SG,2S,1,-26,1,22.9
2968,b,IMO,PSA,SG,2S,0,0,1,-26.1
2968,b,IMO,PSA,SG,2S,1,-26.0,1,22.9
2968,b,IMO,PSA,SG,2S,1,23.0,1,60.0
2968,b,IMO,PSA,SG,2S,1,60.1,0,0
1358,,IMO,PSA,SG,2,0,0,1,-26.1
1358,,IMO,PSA,SG,2,1,-26.0,1,22.9
1358,,IMO,PSA,SG,2,1,23.0,1,60.0
1358,,IMO,PSA,SG,2,1,60.1,0,0
2460,,IMO,PSA,SG,1S,0,0,1,-26.1
2460,,IMO,PSA,SG,2S,1,-26,1,22.9
3022,,IMO,PSA,SG,2S,1,-26,1,22.9
2224,,IMO,PSA,SG,2S,0,0,1,-26.1
2224,,IMO,PSA,SG,2S,1,-26.0,1,22.9
2224,,IMO,PSA,SG,2S,1,23.0,1,60.0
2224,,IMO,PSA,SG,2S,1,60.1,0,0
1267,b,IMO,PSA,SG,2S,1,-26,1,22.9
1212,b,IMO,PSA,SG,3,1,23,1,60
354,a,IMO,PSA,SG,1,0,0,0,0
2814,,IMO,PSA,SG,2,0,0,1,-26.1
2814,,IMO,PSA,SG,2,1,-26.0,1,22.9
2814,,IMO,PSA,SG,2,1,23.0,1,60.0
2814,,IMO,PSA,SG,2,1,60.1,0,0
1485,,IMO,PSA,SG,2,0,0,1,-26.1
1485,,IMO,PSA,SG,2,1,-26.0,1,22.9
1485,,IMO,PSA,SG,2,1,23.0,1,60.0
1485,,IMO,PSA,SG,2,1,60.1,0,0
1562,,IMO,PSA,SG,2,0,0,1,-26.1
1562,,IMO,PSA,SG,2,1,-26.0,1,22.9
1562,,IMO,PSA,SG,2,1,23.0,1,60.0
1562,,IMO,PSA,SG,2,1,60.1,0,0
2995,c,IMO,PSA,SG,3,1,23,1,60
1931,b,IMO,PSA,SG,2,0,0,1,-26.1
1931,b,IMO,PSA,SG,2,1,-26.0,1,22.9
1931,b,IMO,PSA,SG,2,1,23.0,1,60.0
1931,b,IMO,PSA,SG,2,1,60.1,0,0
2969,b,IMO,PSA,SG,3,0,0,1,22.9
2969,b,IMO,PSA,SG,3,1,23.0,1,60.0
2969,b,IMO,PSA,SG,3,1,60.1,0,0
1845,a,IMO,PSA,SG,3,0,0,1,22.9
1845,a,IMO,PSA,SG,3,1,23.0,1,60.0
1845,a,IMO,PSA,SG,3,1,60.1,0,0
2508,,IMO,PSA,SG,3,0,0,1,22.9
2508,,IMO,PSA,SG,3,1,23.0,1,60.0
2508,,IMO,PSA,SG,3,1,60.1,0,0
2379,,IMO,PSA,SG,2S,1,-26,1,22.9
3247,,IMO,PSA,SG,3,0,0,1,22.9
3247,,IMO,PSA,SG,3,1,23.0,1,60.0
3247,,IMO,PSA,SG,3,1,60.1,0,0
1920,,IMO,PSA,SG,2S,1,23,1,60
3278,a,IMO,PSA,SG,2,0,0,1,-26.1
3278,a,IMO,PSA,SG,2,1,-26.0,1,22.9
3278,a,IMO,PSA,SG,2,1,23.0,1,60.0
3278,a,IMO,PSA,SG,2,1,60.1,0,0
1452,,IMO,PSA,SG,2,0,0,1,-26.1
1452,,IMO,PSA,SG,2,1,-26.0,1,22.9
1452,,IMO,PSA,SG,2,1,23.0,1,60.0
1452,,IMO,PSA,SG,2,1,60.1,0,0
3424,a,IMO,PSA,SG,2,0,0,1,-26.1
3424,a,IMO,PSA,SG,2,1,-26.0,1,22.9
3424,a,IMO,PSA,SG,2,1,23.0,1,60.0
3424,a,IMO,PSA,SG,2,1,60.1,0,0
339,b,IMO,PSA,SG,2,0,0,1,-26.1
339,b,IMO,PSA,SG,2,1,-26.0,1,22.9
339,b,IMO,PSA,SG,2,1,23.0,1,60.0
339,b,IMO,PSA,SG,2,1,60.1,0,0
1983,b,IMO,PSA,SG,2S,0,0,1,-26.1
1983,b,IMO,PSA,SG,2S,1,-26.0,1,22.9
1983,b,IMO,PSA,SG,2S,1,23.0,1,60.0
1983,b,IMO,PSA,SG,2S,1,60.1,0,0
2517,a,IMO,PSA,SG,2S,0,0,1,-26.1
2517,a,IMO,PSA,SG,2S,1,-26.0,1,22.9
2517,a,IMO,PSA,SG,2S,1,23.0,1,60.0
2517,a,IMO,PSA,SG,2S,1,60.1,0,0
3231,b,IMO,PSA,SG,2,0,0,1,-26.1
3231,b,IMO,PSA,SG,2,1,-26.0,1,22.9
3231,b,IMO,PSA,SG,2,1,23.0,1,60.0
3231,b,IMO,PSA,SG,2,1,60.1,0,0
3397,b,IMO,PSA,SG,1D,0,0,1,-26.1
3397,b,IMO,PSA,SG,1D,1,-26.0,0,0
1745,,IMO,PSA,SG,2,0,0,1,-26.1
1745,,IMO,PSA,SG,2,1,-26.0,1,22.9
1745,,IMO,PSA,SG,2,1,23.0,1,60.0
1745,,IMO,PSA,SG,2,1,60.1,0,0
439,,IMO,PSA,SG,1,0,0,0,0
3132,b,IMO,PSA,SG,1D,0,0,1,-26.1
3132,b,IMO,PSA,SG,1D,1,-26.0,0,0
2225,,IMO,PSA,SG,3,0,0,1,22.9
2225,,IMO,PSA,SG,3,1,23.0,1,60.0
2225,,IMO,PSA,SG,3,1,60.1,0,0
2806,,IMO,PSA,SG,2,0,0,1,-26.1
2806,,IMO,PSA,SG,2,1,-26.0,1,22.9
2806,,IMO,PSA,SG,2,1,23.0,1,60.0
2806,,IMO,PSA,SG,2,1,60.1,0,0
1483,b,IMO,PSA,SG,1D,0,0,1,-26.1
1483,b,IMO,PSA,SG,1D,1,-26.0,0,0
2933,,IMO,PSA,SG,3,1,23,1,60
1866,a,IMO,PSA,SG,1S,0,0,1,-26.1
3330,c,IMO,PSA,SG,2,0,0,1,-26.1
3330,c,IMO,PSA,SG,2,1,-26.0,1,22.9
3330,c,IMO,PSA,SG,2,1,23.0,1,60.0
3330,c,IMO,PSA,SG,2,1,60.1,0,0
3144,d,IMO,PSA,SG,2,0,0,1,-26.1
3144,d,IMO,PSA,SG,2,1,-26.0,1,22.9
3144,d,IMO,PSA,SG,2,1,23.0,1,60.0
3144,d,IMO,PSA,SG,2,1,60.1,0,0
3399,c,IMO,PSA,SG,1D,0,0,1,-26.1
3399,c,IMO,PSA,SG,1D,1,-26.0,0,0
3380,,IMO,PSA,SG,2,0,0,1,-26.1
3380,,IMO,PSA,SG,2,1,-26.0,1,22.9
3380,,IMO,PSA,SG,2,1,23.0,1,60.0
3380,,IMO,PSA,SG,2,1,60.1,0,0
1731,b,IMO,PSA,SG,2S,0,0,1,-26.1
1731,b,IMO,PSA,SG,2S,1,-26.0,1,22.9
1731,b,IMO,PSA,SG,2S,1,23.0,1,60.0
1731,b,IMO,PSA,SG,2S,1,60.1,0,0
1655,c,IMO,PSA,SG,2,0,0,1,-26.1
1655,c,IMO,PSA,SG,2,1,-26.0,1,22.9
1655,c,IMO,PSA,SG,2,1,23.0,1,60.0
1655,c,IMO,PSA,SG,2,1,60.1,0,0
2861,,IMO,PSA,SG,3,0,0,1,22.9
2861,,IMO,PSA,SG,3,1,23.0,1,60.0
2861,,IMO,PSA,SG,3,1,60.1,0,0
2679,b,IMO,PSA,SG,3,0,0,1,22.9
2679,b,IMO,PSA,SG,3,1,23.0,1,60.0
2679,b,IMO,PSA,SG,3,1,60.1,0,0
1149,,IMO,PSA,SG,3,1,23,1,60
2444,,IMO,PSA,SG,2,0,0,1,-26.1
2444,,IMO,PSA,SG,2,1,-26.0,1,22.9
2444,,IMO,PSA,SG,2,1,23.0,1,60.0
2444,,IMO,PSA,SG,2,1,60.1,0,0
1515,,IMO,PSA,SG,3,0,0,1,22.9
1515,,IMO,PSA,SG,3,1,23.0,1,60.0
1515,,IMO,PSA,SG,3,1,60.1,0,0
471,,IMO,PSA,SG,2,0,0,1,-26.1
471,,IMO,PSA,SG,2,1,-26.0,1,22.9
471,,IMO,PSA,SG,2,1,23.0,1,60.0
471,,IMO,PSA,SG,2,1,60.1,0,0
1113,,IMO,PSA,SG,2S,1,-26,1,22.9
1627,,IMO,PSA,SG,3,0,0,1,22.9
1627,,IMO,PSA,SG,3,1,23.0,1,60.0
1627,,IMO,PSA,SG,3,1,60.1,0,0
2801,e,IMO,PSA,SG,3,0,0,1,22.9
2801,e,IMO,PSA,SG,3,1,23.0,1,60.0
2801,e,IMO,PSA,SG,3,1,60.1,0,0
2801,e,IMO,PSA,SG,3,1,60.1,0,0
2619,,IMO,PSA,SG,3,0,0,1,22.9
2619,,IMO,PSA,SG,3,1,23.0,1,60.0
2619,,IMO,PSA,SG,3,1,60.1,0,0
2643,,IMO,PSA,SG,2,0,0,1,-26.1
2643,,IMO,PSA,SG,2,1,-26.0,1,22.9
2643,,IMO,PSA,SG,2,1,23.0,1,60.0
2643,,IMO,PSA,SG,2,1,60.1,0,0
244,,IMO,PSA,SG,2,0,0,1,-26.1
244,,IMO,PSA,SG,2,1,-26.0,1,22.9
244,,IMO,PSA,SG,2,1,23.0,1,60.0
244,,IMO,PSA,SG,2,1,60.1,0,0
3006,a,IMO,PSA,SG,2,0,0,1,-26.1
3006,a,IMO,PSA,SG,2,1,-26.0,1,22.9
3006,a,IMO,PSA,SG,2,1,23.0,1,60.0
3006,a,IMO,PSA,SG,2,1,60.1,0,0
2050,,IMO,PSA,SG,2S,1,-26,1,22.9
2630,b,IMO,PSA,SG,2,0,0,1,-26.1
2630,b,IMO,PSA,SG,2,1,-26.0,1,22.9
2630,b,IMO,PSA,SG,2,1,23.0,1,60.0
2630,b,IMO,PSA,SG,2,1,60.1,0,0
2901,,IMO,PSA,SG,2,0,0,1,-26.1
2901,,IMO,PSA,SG,2,1,-26.0,1,22.9
2901,,IMO,PSA,SG,2,1,23.0,1,60.0
2901,,IMO,PSA,SG,2,1,60.1,0,0
1743,,IMO,PSA,SG,2S,0,0,1,-26.1
1743,,IMO,PSA,SG,2S,1,-26.0,1,22.9
1743,,IMO,PSA,SG,2S,1,23.0,1,60.0
1743,,IMO,PSA,SG,2S,1,60.1,0,0
3023,,IMO,PSA,SG,2,1,23,1,60
2308,,IMO,PSA,SG,2,0,0,1,-26.1
2308,,IMO,PSA,SG,2,1,-26.0,1,22.9
2308,,IMO,PSA,SG,2,1,23.0,1,60.0
2308,,IMO,PSA,SG,2,1,60.1,0,0
1248,,IMO,PSA,SG,2S,1,-26,1,22.9
2361,,IMO,PSA,SG,3,1,23,1,60
2734,a,IMO,PSA,SG,1D,0,0,1,-26.1
2734,a,IMO,PSA,SG,2,1,-26.0,1,22.9
2734,a,IMO,PSA,SG,2,1,23.0,1,60.0
2841,,IMO,PSA,SG,3,1,23,1,60
84,,IMO,PSA,SG,1,0,0,0,0
2616,b,IMO,PSA,SG,2S,1,23,1,60
3146,a,IMO,PSA,SG,2,0,0,1,-26.1
3146,a,IMO,PSA,SG,2,1,-26.0,1,22.9
3146,a,IMO,PSA,SG,2,1,23.0,1,60.0
3146,a,IMO,PSA,SG,2,1,60.1,0,0
1436,a,IMO,PSA,SG,2,0,0,1,-26.1
1436,a,IMO,PSA,SG,2,1,-26.0,1,22.9
1436,a,IMO,PSA,SG,2,1,23.0,1,60.0
1436,a,IMO,PSA,SG,2,1,60.1,0,0
3135,a,IMO,PSA,SG,1D,0,0,1,-26.1
3135,a,IMO,PSA,SG,1D,1,-26.0,0,0
1268,f,IMO,PSA,SG,2S,1,23,1,60
1018,b,IMO,PSA,SG,3,0,0,1,22.9
1018,b,IMO,PSA,SG,3,1,23.0,1,60.0
1018,b,IMO,PSA,SG,3,1,60.1,0,0
3299,,IMO,PSA,SG,2,0,0,1,-26.1
3299,,IMO,PSA,SG,2,1,-26.0,1,22.9
3299,,IMO,PSA,SG,2,1,23.0,1,60.0
3299,,IMO,PSA,SG,2,1,60.1,0,0
1396,a,IMO,PSA,SG,2S,0,0,1,-26.1
1396,a,IMO,PSA,SG,2S,1,-26.0,1,22.9
1396,a,IMO,PSA,SG,2S,1,23.0,1,60.0
1396,a,IMO,PSA,SG,2S,1,60.1,0,0
1793,,IMO,PSA,SG,3,0,0,1,22.9
1793,,IMO,PSA,SG,3,1,23.0,1,60.0
1793,,IMO,PSA,SG,3,1,60.1,0,0
2565,,IMO,PSA,SG,3,0,0,1,22.9
2565,,IMO,PSA,SG,3,1,23.0,1,60.0
2565,,IMO,PSA,SG,3,1,60.1,0,0
77,b,IMO,PSA,SG,2,0,0,1,-26.1
77,b,IMO,PSA,SG,2,1,-26.0,1,22.9
77,b,IMO,PSA,SG,2,1,23.0,1,60.0
77,b,IMO,PSA,SG,2,1,60.1,0,0
1775,,IMO,PSA,SG,2S,0,0,1,-26.1
1775,,IMO,PSA,SG,2S,1,-26.0,1,22.9
1775,,IMO,PSA,SG,2S,1,23.0,1,60.0
1775,,IMO,PSA,SG,2S,1,60.1,0,0
1800,,IMO,PSA,SG,2,0,0,1,-26.1
1800,,IMO,PSA,SG,2,1,-26.0,1,22.9
1800,,IMO,PSA,SG,2,1,23.0,1,60.0
1800,,IMO,PSA,SG,2,1,60.1,0,0
2823,,IMO,PSA,SG,3,0,0,1,22.9
2823,,IMO,PSA,SG,3,1,23.0,1,60.0
2823,,IMO,PSA,SG,3,1,60.1,0,0
1049,,IMO,PSA,SG,2S,0,0,1,-26.1
1049,,IMO,PSA,SG,2S,1,-26.0,1,22.9
1049,,IMO,PSA,SG,2S,1,23.0,1,60.0
1049,,IMO,PSA,SG,2S,1,60.1,0,0
1653,,IMO,PSA,SG,2S,0,0,1,-26.1
1653,,IMO,PSA,SG,2S,1,-26.0,1,22.9
1653,,IMO,PSA,SG,2S,1,23.0,1,60.0
1653,,IMO,PSA,SG,2S,1,60.1,0,0
396,,IMO,PSA,SG,1,0,0,0,0
2956,a,IMO,PSA,SG,2,0,0,1,-26.1
2956,a,IMO,PSA,SG,2,1,-26.0,1,22.9
2956,a,IMO,PSA,SG,2,1,23.0,1,60.0
2956,a,IMO,PSA,SG,2,1,60.1,0,0
1210,f,IMO,PSA,SG,3,1,23,1,60
427,,IMO,PSA,SG,2,0,0,1,-26.1
427,,IMO,PSA,SG,2,1,-26.0,1,22.9
427,,IMO,PSA,SG,2,1,23.0,1,60.0
427,,IMO,PSA,SG,2,1,60.1,0,0
180,,IMO,PSA,SG,1,0,0,0,0
1418,f,IMO,PSA,SG,2,0,0,1,-26.1
1418,f,IMO,PSA,SG,2,1,-26.0,1,22.9
1418,f,IMO,PSA,SG,2,1,23.0,1,60.0
1418,f,IMO,PSA,SG,2,1,60.1,0,0
131,,IMO,PSA,SG,2,0,0,1,-26.1
131,,IMO,PSA,SG,2,1,-26.0,1,22.9
131,,IMO,PSA,SG,2,1,23.0,1,60.0
131,,IMO,PSA,SG,2,1,60.1,0,0
2846,,IMO,PSA,SG,1D,0,0,1,-26.1
2846,,IMO,PSA,SG,1D,1,-26.0,0,0
1776,,IMO,PSA,SG,3,0,0,1,22.9
1776,,IMO,PSA,SG,3,1,23.0,1,60.0
1776,,IMO,PSA,SG,3,1,60.1,0,0
1815,,IMO,PSA,SG,2,1,-26,1,22.9
2777,c,IMO,PSA,SG,2,0,0,1,-26.1
2777,c,IMO,PSA,SG,2,1,-26.0,1,22.9
2777,c,IMO,PSA,SG,2,1,23.0,1,60.0
2777,c,IMO,PSA,SG,2,1,60.1,0,0
2020,,IMO,PSA,SG,2S,0,0,1,-26.1
2020,,IMO,PSA,SG,2S,1,-26.0,1,22.9
2020,,IMO,PSA,SG,2S,1,23.0,1,60.0
2020,,IMO,PSA,SG,2S,1,60.1,0,0
443,,IMO,PSA,SG,1,0,0,0,0
3363,b,IMO,PSA,SG,2B,0,0,1,-26.1
3363,b,IMO,PSA,SG,2B,1,-26.0,1,22.9
3363,b,IMO,PSA,SG,2B,1,23.0,0,0
2226,,IMO,PSA,SG,2,0,0,1,-26.1
2226,,IMO,PSA,SG,2,1,-26.0,1,22.9
2226,,IMO,PSA,SG,2,1,23.0,1,60.0
2226,,IMO,PSA,SG,2,1,60.1,0,0
56,,IMO,PSA,SG,1,0,0,0,0
2931,,IMO,PSA,SG,2,0,0,1,-26.1
2931,,IMO,PSA,SG,2,1,-26.0,1,22.9
2931,,IMO,PSA,SG,2,1,23.0,1,60.0
2931,,IMO,PSA,SG,2,1,60.1,0,0
3208,c,IMO,PSA,SG,1D,0,0,1,-26.1
3208,c,IMO,PSA,SG,1D,1,-26.0,0,0
135,,IMO,PSA,SG,1,0,0,0,0
2821,a,IMO,PSA,SG,2S,0,0,1,-26.1
2821,a,IMO,PSA,SG,2S,1,-26.0,1,22.9
2821,a,IMO,PSA,SG,2S,1,23.0,1,60.0
2821,a,IMO,PSA,SG,2S,1,60.1,0,0
1656,b,IMO,PSA,SG,3,0,0,1,22.9
1656,b,IMO,PSA,SG,3,1,23.0,1,60.0
1656,b,IMO,PSA,SG,3,1,60.1,0,0
3249,b,IMO,PSA,SG,3,0,0,1,22.9
3249,b,IMO,PSA,SG,3,1,23.0,1,60.0
3249,b,IMO,PSA,SG,3,1,60.1,0,0
379,,IMO,PSA,SG,2,0,0,1,-26.1
379,,IMO,PSA,SG,2,1,-26.0,1,22.9
379,,IMO,PSA,SG,2,1,23.0,1,60.0
379,,IMO,PSA,SG,2,1,60.1,0,0
1807,,IMO,PSA,SG,3,0,0,1,22.9
1807,,IMO,PSA,SG,3,1,23.0,1,60.0
1807,,IMO,PSA,SG,3,1,60.1,0,0
3233,,IMO,PSA,SG,2,0,0,1,-26.1
3233,,IMO,PSA,SG,2,1,-26.0,1,22.9
3233,,IMO,PSA,SG,2,1,23.0,1,60.0
3233,,IMO,PSA,SG,2,1,60.1,0,0
2402,,IMO,PSA,SG,2S,1,-26,1,22.9
3448,a,IMO,PSA,SG,2,0,0,1,-26.1
3448,a,IMO,PSA,SG,2,1,-26.0,1,22.9
3448,a,IMO,PSA,SG,2,1,23.0,1,60.0
3448,a,IMO,PSA,SG,2,1,60.1,0,0
3273,a,IMO,PSA,SG,1D,0,0,1,-26.1
1672,,IMO,PSA,SG,2,0,0,1,-26.1
1672,,IMO,PSA,SG,2,1,-26.0,1,22.9
1672,,IMO,PSA,SG,2,1,23.0,1,60.0
1672,,IMO,PSA,SG,2,1,60.1,0,0
2668,,IMO,PSA,SG,2,0,0,1,-26.1
2668,,IMO,PSA,SG,2,1,-26.0,1,22.9
2668,,IMO,PSA,SG,2,1,23.0,1,60.0
2668,,IMO,PSA,SG,2,1,60.1,0,0
2772,b,IMO,PSA,SG,2,1,-26,1,22.9
3118,,IMO,PSA,SG,2,0,0,1,-26.1
3118,,IMO,PSA,SG,2,1,-26.0,1,22.9
3118,,IMO,PSA,SG,2,1,23.0,1,60.0
3118,,IMO,PSA,SG,2,1,60.1,0,0
2602,a,IMO,PSA,SG,3,0,0,1,22.9
2602,a,IMO,PSA,SG,3,1,23.0,1,60.0
2602,a,IMO,PSA,SG,3,1,60.1,0,0
3123,b,IMO,PSA,SG,2,0,0,1,-26.1
3123,b,IMO,PSA,SG,2,1,-26.0,1,22.9
3123,b,IMO,PSA,SG,2,1,23.0,1,60.0
3123,b,IMO,PSA,SG,2,1,60.1,0,0
1992,c,IMO,PSA,SG,3,1,23,1,60
2428,a,IMO,PSA,SG,2,0,0,1,-26.1
2428,a,IMO,PSA,SG,2,1,-26.0,1,22.9
2428,a,IMO,PSA,SG,2,1,23.0,1,60.0
2428,a,IMO,PSA,SG,2,1,60.1,0,0
2745,,IMO,PSA,SG,2,0,0,1,-26.1
2745,,IMO,PSA,SG,2,1,-26.0,1,22.9
2745,,IMO,PSA,SG,2,1,23.0,1,60.0
2745,,IMO,PSA,SG,2,1,60.1,0,0
2850,,IMO,PSA,SG,2S,1,23,1,60
1950,p,IMO,PSA,SG,2S,0,0,1,-26.1
1950,p,IMO,PSA,SG,2S,1,-26.0,1,22.9
1950,p,IMO,PSA,SG,2S,1,23.0,1,60.0
1950,p,IMO,PSA,SG,2S,1,60.1,0,0
1022,b,IMO,PSA,SG,3,0,0,1,22.9
1022,b,IMO,PSA,SG,3,1,23.0,1,60.0
1022,b,IMO,PSA,SG,3,1,60.1,0,0
2015,b,IMO,PSA,SG,2,0,0,1,-26.1
2015,b,IMO,PSA,SG,2,1,-26.0,1,22.9
2015,b,IMO,PSA,SG,2,1,23.0,1,60.0
2015,b,IMO,PSA,SG,2,1,60.1,0,0
1892,,IMO,PSA,SG,2,0,0,1,-26.1
1892,,IMO,PSA,SG,2,1,-26.0,1,22.9
1892,,IMO,PSA,SG,2,1,23.0,1,60.0
1892,,IMO,PSA,SG,2,1,60.1,0,0
2351,a,IMO,PSA,SG,2S,1,-26,1,22.9
3155,,IMO,PSA,SG,2S,0,0,1,-26.1
3155,,IMO,PSA,SG,2S,1,-26.0,1,22.9
3155,,IMO,PSA,SG,2S,1,23.0,1,60.0
3155,,IMO,PSA,SG,2S,1,60.1,0,0
83,,IMO,PSA,SG,1,0,0,0,0
2328,,IMO,PSA,SG,2S,0,0,1,-26.1
2328,,IMO,PSA,SG,2S,1,-26.0,1,22.9
2328,,IMO,PSA,SG,2S,1,23.0,1,60.0
2328,,IMO,PSA,SG,2S,1,60.1,0,0
79,d,IMO,PSA,SG,1,0,0,0,0
1988,a,IMO,PSA,SG,1D,0,0,1,-26.1
334,,IMO,PSA,SG,1,0,0,0,0
2280,a,IMO,PSA,SG,3,0,0,1,22.9
2280,a,IMO,PSA,SG,3,1,23.0,1,60.0
2280,a,IMO,PSA,SG,3,1,60.1,0,0
3454,,IMO,PSA,SG,2,0,0,1,-26.1
3454,,IMO,PSA,SG,2,1,-26.0,1,22.9
3454,,IMO,PSA,SG,2,1,23.0,1,60.0
3454,,IMO,PSA,SG,2,1,60.1,0,0
2779,a,IMO,PSA,SG,2,0,0,1,-26.1
2779,a,IMO,PSA,SG,2,1,-26.0,1,22.9
2779,a,IMO,PSA,SG,2,1,23.0,1,60.0
2779,a,IMO,PSA,SG,2,1,60.1,0,0
2522,,IMO,PSA,SG,3,0,0,1,22.9
2522,,IMO,PSA,SG,3,1,23.0,1,60.0
2522,,IMO,PSA,SG,3,1,60.1,0,0
2552,,IMO,PSA,SG,2,0,0,1,-26.1
2552,,IMO,PSA,SG,2,1,-26.0,1,22.9
2552,,IMO,PSA,SG,2,1,23.0,1,60.0
2552,,IMO,PSA,SG,2,1,60.1,0,0
3084,a,IMO,PSA,SG,2,0,0,1,-26.1
3084,a,IMO,PSA,SG,2,1,-26.0,1,22.9
3084,a,IMO,PSA,SG,2,1,23.0,1,60.0
3084,a,IMO,PSA,SG,2,1,60.1,0,0
255,,IMO,PSA,SG,2,0,0,1,-26.1
255,,IMO,PSA,SG,2,1,-26.0,1,22.9
255,,IMO,PSA,SG,2,1,23.0,1,60.0
255,,IMO,PSA,SG,2,1,60.1,0,0
1145,,IMO,PSA,SG,2S,1,-26,1,22.9
268,,IMO,PSA,SG,1,0,0,0,0
235,b,IMO,PSA,SG,2,0,0,1,-26.1
235,b,IMO,PSA,SG,2,1,-26.0,1,22.9
235,b,IMO,PSA,SG,2,1,23.0,1,60.0
235,b,IMO,PSA,SG,2,1,60.1,0,0
2271,,IMO,PSA,SG,3,1,23,1,60
1453,,IMO,PSA,SG,2,0,0,1,-26.1
1453,,IMO,PSA,SG,2,1,-26.0,1,22.9
1453,,IMO,PSA,SG,2,1,23.0,1,60.0
1453,,IMO,PSA,SG,2,1,60.1,0,0
3163,,IMO,PSA,SG,2S,0,0,1,-26.1
3163,,IMO,PSA,SG,2S,1,-26.0,1,22.9
3163,,IMO,PSA,SG,2S,1,23.0,1,60.0
3163,,IMO,PSA,SG,2S,1,60.1,0,0
2923,c,IMO,PSA,SG,3,0,0,1,22.9
2923,c,IMO,PSA,SG,3,1,23.0,1,60.0
2923,c,IMO,PSA,SG,3,1,60.1,0,0
2923,c,IMO,PSA,SG,3,1,60.1,0,0
384,,IMO,PSA,SG,2,0,0,1,-26.1
384,,IMO,PSA,SG,2,1,-26.0,1,22.9
384,,IMO,PSA,SG,2,1,23.0,1,60.0
384,,IMO,PSA,SG,2,1,60.1,0,0
1504,,IMO,PSA,SG,2,0,0,1,-26.1
1504,,IMO,PSA,SG,2,1,-26.0,1,22.9
1504,,IMO,PSA,SG,2,1,23.0,1,60.0
1504,,IMO,PSA,SG,2,1,60.1,0,0
1438,,IMO,PSA,SG,3,0,0,1,22.9
1438,,IMO,PSA,SG,3,1,23.0,1,60.0
1438,,IMO,PSA,SG,3,1,60.1,0,0
1759,c,IMO,PSA,SG,3,0,0,1,22.9
1759,c,IMO,PSA,SG,3,1,23.0,1,60.0
1759,c,IMO,PSA,SG,3,1,60.1,0,0
1759,c,IMO,PSA,SG,3,1,60.1,0,0
2572,,IMO,PSA,SG,3,0,0,1,22.9
2572,,IMO,PSA,SG,3,1,23.0,1,60.0
2572,,IMO,PSA,SG,3,1,60.1,0,0
2717,,IMO,PSA,SG,3,0,0,1,22.9
2717,,IMO,PSA,SG,3,1,23.0,1,60.0
2717,,IMO,PSA,SG,3,1,60.1,0,0
1428,,IMO,PSA,SG,2,0,0,1,-26.1
1428,,IMO,PSA,SG,2,1,-26.0,1,22.9
1428,,IMO,PSA,SG,2,1,23.0,1,60.0
1428,,IMO,PSA,SG,2,1,60.1,0,0
2691,,IMO,PSA,SG,2,0,0,1,-26.1
2691,,IMO,PSA,SG,2,1,-26.0,1,22.9
2691,,IMO,PSA,SG,2,1,23.0,1,60.0
2691,,IMO,PSA,SG,2,1,60.1,0,0
2664,,IMO,PSA,SG,3,0,0,1,22.9
2664,,IMO,PSA,SG,3,1,23.0,1,60.0
2664,,IMO,PSA,SG,3,1,60.1,0,0
3248,a,IMO,PSA,SG,1D,0,0,1,-26.1
3248,a,IMO,PSA,SG,2,1,-26,1,22.9
118,f,IMO,PSA,SG,1,0,0,0,0
1086,,IMO,PSA,SG,2S,0,0,1,-26.1
1086,,IMO,PSA,SG,2S,1,-26.0,1,22.9
1086,,IMO,PSA,SG,2S,1,23.0,1,60.0
1086,,IMO,PSA,SG,2S,1,60.1,0,0
401,a,IMO,PSA,SG,1,0,0,0,0
2541,,IMO,PSA,SG,3,1,23,1,60
2426,,IMO,PSA,SG,1D,0,0,1,-26.1
2426,,IMO,PSA,SG,1D,1,-26.0,0,0
1146,,IMO,PSA,SG,1S,0,0,1,-26.1
1146,,IMO,PSA,SG,2S,1,-26,1,22.9
2059,a,IMO,PSA,SG,1S,0,0,1,-26.1
1139,c,IMO,PSA,SG,3,1,23,1,60
1272,,IMO,PSA,SG,3,1,23,1,60
1860,,IMO,PSA,SG,2S,0,0,1,-26.1
1860,,IMO,PSA,SG,2S,1,-26.0,1,22.9
1860,,IMO,PSA,SG,2S,1,23.0,1,60.0
1860,,IMO,PSA,SG,2S,1,60.1,0,0
2257,,IMO,PSA,SG,2,0,0,1,-26.1
2257,,IMO,PSA,SG,2,1,-26.0,1,22.9
2257,,IMO,PSA,SG,2,1,23.0,1,60.0
2257,,IMO,PSA,SG,2,1,60.1,0,0
3009,b,IMO,PSA,SG,2,1,23,1,60
2783,b,IMO,PSA,SG,3,0,0,1,22.9
2783,b,IMO,PSA,SG,3,1,23.0,1,60.0
2783,b,IMO,PSA,SG,3,1,60.1,0,0
2783,b,IMO,PSA,SG,3,1,60.1,0,0
2942,,IMO,PSA,SG,3,0,0,1,22.9
2942,,IMO,PSA,SG,3,1,23.0,1,60.0
2942,,IMO,PSA,SG,3,1,60.1,0,0
3105,a,IMO,PSA,SG,2,0,0,1,-26.1
3105,a,IMO,PSA,SG,2,1,-26.0,1,22.9
3105,a,IMO,PSA,SG,2,1,23.0,1,60.0
3105,a,IMO,PSA,SG,2,1,60.1,0,0
1698,,IMO,PSA,SG,2,0,0,1,-26.1
1698,,IMO,PSA,SG,2,1,-26.0,1,22.9
1698,,IMO,PSA,SG,2,1,23.0,1,60.0
1698,,IMO,PSA,SG,2,1,60.1,0,0
2997,a,IMO,PSA,SG,2,1,23,1,60
1692,b,IMO,PSA,SG,2,0,0,1,-26.1
1692,b,IMO,PSA,SG,2,1,-26.0,1,22.9
1692,b,IMO,PSA,SG,2,1,23.0,1,60.0
1692,b,IMO,PSA,SG,2,1,60.1,0,0
2854,,IMO,PSA,SG,3,0,0,1,22.9
2854,,IMO,PSA,SG,3,1,23.0,1,60.0
2854,,IMO,PSA,SG,3,1,60.1,0,0
2535,b,IMO,PSA,SG,2S,1,-26,1,22.9
1693,b,IMO,PSA,SG,2,0,0,1,-26.1
1693,b,IMO,PSA,SG,2,1,-26.0,1,22.9
1693,b,IMO,PSA,SG,2,1,23.0,1,60.0
1693,b,IMO,PSA,SG,2,1,60.1,0,0
1475,,IMO,PSA,SG,2,0,0,1,-26.1
1475,,IMO,PSA,SG,2,1,-26.0,1,22.9
1475,,IMO,PSA,SG,2,1,23.0,1,60.0
1475,,IMO,PSA,SG,2,1,60.1,0,0
3379,,IMO,PSA,SG,2,0,0,1,-26.1
3379,,IMO,PSA,SG,2,1,-26.0,1,22.9
3379,,IMO,PSA,SG,2,1,23.0,1,60.0
3379,,IMO,PSA,SG,2,1,60.1,0,0
1435,,IMO,PSA,SG,2S,0,0,1,-26.1
1435,,IMO,PSA,SG,2S,1,-26.0,1,22.9
1435,,IMO,PSA,SG,2S,1,23.0,1,60.0
1435,,IMO,PSA,SG,2S,1,60.1,0,0
2193,a,IMO,PSA,SG,3,0,0,1,22.9
2193,a,IMO,PSA,SG,3,1,23.0,1,60.0
2193,a,IMO,PSA,SG,3,1,60.1,0,0
9,,IMO,PSA,SG,1,0,0,0,0
3341,a,IMO,PSA,SG,2,0,0,1,-26.1
3341,a,IMO,PSA,SG,2,1,-26.0,1,22.9
3341,a,IMO,PSA,SG,2,1,23.0,1,60.0
3341,a,IMO,PSA,SG,2,1,60.1,0,0
356,b,IMO,PSA,SG,1,0,0,0,0
2925,a,IMO,PSA,SG,2,0,0,1,-26.1
2925,a,IMO,PSA,SG,2,1,-26.0,1,22.9
2925,a,IMO,PSA,SG,2,1,23.0,1,60.0
2925,a,IMO,PSA,SG,2,1,60.1,0,0
2925,a,IMO,PSA,SG,2S,1,-26.0,1,22.9
2925,a,IMO,PSA,SG,2S,1,23.0,1,60.0
2925,a,IMO,PSA,SG,2S,1,60.1,0,0
1658,a,IMO,PSA,SG,2S,0,0,1,-26.1
1658,a,IMO,PSA,SG,2S,1,-26.0,1,22.9
1658,a,IMO,PSA,SG,2S,1,23.0,1,60.0
1658,a,IMO,PSA,SG,2S,1,60.1,0,0
2782,b,IMO,PSA,SG,2,1,-26,1,22.9
2037,o,IMO,PSA,SG,2,0,0,1,-26.1
2037,o,IMO,PSA,SG,2,1,-26.0,1,22.9
2037,o,IMO,PSA,SG,2,1,23.0,1,60.0
2037,o,IMO,PSA,SG,2,1,60.1,0,0
2775,b,IMO,PSA,SG,3,0,0,1,22.9
2775,b,IMO,PSA,SG,3,1,23.0,1,60.0
2775,b,IMO,PSA,SG,3,1,60.1,0,0
2775,b,IMO,PSA,SG,3,1,60.1,0,0
3322,c,IMO,PSA,SG,2,0,0,1,-26.1
3322,c,IMO,PSA,SG,2,1,-26.0,1,22.9
3322,c,IMO,PSA,SG,2,1,23.0,1,60.0
3322,c,IMO,PSA,SG,2,1,60.1,0,0
73,,IMO,PSA,SG,1,0,0,0,0
401,c,IMO,PSA,SG,1,0,0,0,0
425,,IMO,PSA,SG,2,0,0,1,-26.1
425,,IMO,PSA,SG,2,1,-26.0,1,22.9
425,,IMO,PSA,SG,2,1,23.0,1,60.0
425,,IMO,PSA,SG,2,1,60.1,0,0
3413,a,IMO,PSA,SG,2,0,0,1,-26.1
3413,a,IMO,PSA,SG,2,1,-26.0,1,22.9
3413,a,IMO,PSA,SG,2,1,23.0,1,60.0
3413,a,IMO,PSA,SG,2,1,60.1,0,0
44,,IMO,PSA,SG,2,0,0,1,-26.1
44,,IMO,PSA,SG,2,1,-26.0,1,22.9
44,,IMO,PSA,SG,2,1,23.0,1,60.0
44,,IMO,PSA,SG,2,1,60.1,0,0
3336,a,IMO,PSA,SG,1D,0,0,1,-26.1
2759,b,IMO,PSA,SG,2,0,0,1,-26.1
2759,b,IMO,PSA,SG,2,1,-26.0,1,22.9
2759,b,IMO,PSA,SG,2,1,23.0,1,60.0
2759,b,IMO,PSA,SG,2,1,60.1,0,0
2667,,IMO,PSA,SG,3,0,0,1,22.9
2667,,IMO,PSA,SG,3,1,23.0,1,60.0
2667,,IMO,PSA,SG,3,1,60.1,0,0
3438,,IMO,PSA,SG,3,0,0,1,22.9
3438,,IMO,PSA,SG,3,1,23.0,1,60.0
3438,,IMO,PSA,SG,3,1,60.1,0,0
3144,b,IMO,PSA,SG,2,0,0,1,-26.1
3144,b,IMO,PSA,SG,2,1,-26.0,1,22.9
3144,b,IMO,PSA,SG,2,1,23.0,1,60.0
3144,b,IMO,PSA,SG,2,1,60.1,0,0
3020,a,IMO,PSA,SG,2,0,0,1,-26.1
3020,a,IMO,PSA,SG,2,1,-26.0,1,22.9
3020,a,IMO,PSA,SG,2,1,23.0,1,60.0
3020,a,IMO,PSA,SG,2,1,60.1,0,0
490,b,IMO,PSA,SG,1,0,0,0,0
1546,,IMO,PSA,SG,3,0,0,1,22.9
1546,,IMO,PSA,SG,3,1,23.0,1,60.0
1546,,IMO,PSA,SG,3,1,60.1,0,0
2912,c,IMO,PSA,SG,2,0,0,1,-26.1
2912,c,IMO,PSA,SG,2,1,-26.0,1,22.9
2912,c,IMO,PSA,SG,2,1,23.0,1,60.0
2912,c,IMO,PSA,SG,2,1,60.1,0,0
2507,,IMO,PSA,SG,3,0,0,1,22.9
2507,,IMO,PSA,SG,3,1,23.0,1,60.0
2507,,IMO,PSA,SG,3,1,60.1,0,0
332,a,IMO,PSA,SG,1,0,0,0,0
1175,,IMO,PSA,SG,2S,1,-26,1,22.9
3444,,IMO,PSA,SG,3,0,0,1,22.9
3444,,IMO,PSA,SG,3,1,23.0,1,60.0
3444,,IMO,PSA,SG,3,1,60.1,0,0
3182,b,IMO,PSA,SG,2,0,0,1,-26.1
3182,b,IMO,PSA,SG,2,1,-26.0,1,22.9
3182,b,IMO,PSA,SG,2,1,23.0,1,60.0
3182,b,IMO,PSA,SG,2,1,60.1,0,0
2204,,IMO,PSA,SG,2,0,0,1,-26.1
2204,,IMO,PSA,SG,2,1,-26.0,1,22.9
2204,,IMO,PSA,SG,2,1,23.0,1,60.0
2204,,IMO,PSA,SG,2,1,60.1,0,0
1838,,IMO,PSA,SG,2,0,0,1,-26.1
1838,,IMO,PSA,SG,2,1,-26.0,1,22.9
1838,,IMO,PSA,SG,2,1,23.0,1,60.0
1838,,IMO,PSA,SG,2,1,60.1,0,0
2874,,IMO,PSA,SG,3,0,0,1,22.9
2874,,IMO,PSA,SG,3,1,23.0,1,60.0
2874,,IMO,PSA,SG,3,1,60.1,0,0
2441,a,IMO,PSA,SG,2,0,0,1,-26.1
2441,a,IMO,PSA,SG,2,1,-26.0,1,22.9
2441,a,IMO,PSA,SG,2,1,23.0,1,60.0
2441,a,IMO,PSA,SG,2,1,60.1,0,0
2037,l,IMO,PSA,SG,2S,0,0,1,-26.1
2037,l,IMO,PSA,SG,2S,1,-26.0,1,22.9
2037,l,IMO,PSA,SG,2S,1,23.0,1,60.0
2037,l,IMO,PSA,SG,2S,1,60.1,0,0
412,,IMO,PSA,SG,2,0,0,1,-26.1
412,,IMO,PSA,SG,2,1,-26.0,1,22.9
412,,IMO,PSA,SG,2,1,23.0,1,60.0
412,,IMO,PSA,SG,2,1,60.1,0,0
2241,,IMO,PSA,SG,2S,1,-26,1,22.9
3218,b,IMO,PSA,SG,1D,0,0,1,-26.1
3218,b,IMO,PSA,SG,1D,1,-26.0,0,0
1614,,IMO,PSA,SG,2,0,0,1,-26.1
1614,,IMO,PSA,SG,2,1,-26.0,1,22.9
1614,,IMO,PSA,SG,2,1,23.0,1,60.0
1614,,IMO,PSA,SG,2,1,60.1,0,0
2835,,IMO,PSA,SG,2S,0,0,1,-26.1
2835,,IMO,PSA,SG,2S,1,-26.0,1,22.9
2835,,IMO,PSA,SG,2S,1,23.0,1,60.0
2835,,IMO,PSA,SG,2S,1,60.1,0,0
1055,,IMO,PSA,SG,2S,0,0,1,-26.1
1055,,IMO,PSA,SG,2S,1,-26.0,1,22.9
1055,,IMO,PSA,SG,2S,1,23.0,1,60.0
1055,,IMO,PSA,SG,2S,1,60.1,0,0
193,,IMO,PSA,SG,2,0,0,1,-26.1
193,,IMO,PSA,SG,2,1,-26.0,1,22.9
193,,IMO,PSA,SG,2,1,23.0,1,60.0
193,,IMO,PSA,SG,2,1,60.1,0,0
1188,,IMO,PSA,SG,2S,1,23,1,60
1847,,IMO,PSA,SG,2S,0,0,1,-26.1
1847,,IMO,PSA,SG,2S,1,-26.0,1,22.9
1847,,IMO,PSA,SG,2S,1,23.0,1,60.0
1847,,IMO,PSA,SG,2S,1,60.1,0,0
2318,,IMO,PSA,SG,2,0,0,1,-26.1
2318,,IMO,PSA,SG,2,1,-26.0,1,22.9
2318,,IMO,PSA,SG,2,1,23.0,1,60.0
2318,,IMO,PSA,SG,2,1,60.1,0,0
3396,c,IMO,PSA,SG,1D,0,0,1,-26.1
3396,c,IMO,PSA,SG,1D,1,-26.0,0,0
1617,,IMO,PSA,SG,2S,0,0,1,-26.1
1617,,IMO,PSA,SG,2S,1,-26.0,1,22.9
1617,,IMO,PSA,SG,2S,1,23.0,1,60.0
1617,,IMO,PSA,SG,2S,1,60.1,0,0
454,,IMO,PSA,SG,2,0,0,1,-26.1
454,,IMO,PSA,SG,2,1,-26.0,1,22.9
454,,IMO,PSA,SG,2,1,23.0,1,60.0
454,,IMO,PSA,SG,2,1,60.1,0,0
1482,a,IMO,PSA,SG,1D,0,0,1,-26.1
1482,a,IMO,PSA,SG,1D,1,-26.0,0,0
2580,,IMO,PSA,SG,3,0,0,1,22.9
2580,,IMO,PSA,SG,3,1,23.0,1,60.0
2580,,IMO,PSA,SG,3,1,60.1,0,0
330,,IMO,PSA,SG,1,0,0,0,0
350,,IMO,PSA,SG,2,0,0,1,-26.1
350,,IMO,PSA,SG,2,1,-26.0,1,22.9
350,,IMO,PSA,SG,2,1,23.0,1,60.0
350,,IMO,PSA,SG,2,1,60.1,0,0
3230,,IMO,PSA,SG,2,0,0,1,-26.1
3230,,IMO,PSA,SG,2,1,-26.0,1,22.9
3230,,IMO,PSA,SG,2,1,23.0,1,60.0
3230,,IMO,PSA,SG,2,1,60.1,0,0
3092,,IMO,PSA,SG,2S,1,23,1,60
2374,,IMO,PSA,SG,2S,1,-26,1,22.9
3322,a,IMO,PSA,SG,2,0,0,1,-26.1
3322,a,IMO,PSA,SG,2,1,-26.0,1,22.9
3322,a,IMO,PSA,SG,2,1,23.0,1,60.0
3322,a,IMO,PSA,SG,2,1,60.1,0,0
491,,IMO,PSA,SG,2,0,0,1,-26.1
491,,IMO,PSA,SG,2,1,-26.0,1,22.9
491,,IMO,PSA,SG,2,1,23.0,1,60.0
491,,IMO,PSA,SG,2,1,60.1,0,0
2616,a,IMO,PSA,SG,2,1,-26,1,22.9
2681,b,IMO,PSA,SG,3,0,0,1,22.9
2681,b,IMO,PSA,SG,3,1,23.0,1,60.0
2681,b,IMO,PSA,SG,3,1,60.1,0,0
1505,,IMO,PSA,SG,3,0,0,1,22.9
1505,,IMO,PSA,SG,3,1,23.0,1,60.0
1505,,IMO,PSA,SG,3,1,60.1,0,0
1966,,IMO,PSA,SG,2S,0,0,1,-26.1
1966,,IMO,PSA,SG,2S,1,-26.0,1,22.9
1966,,IMO,PSA,SG,2S,1,23.0,1,60.0
1966,,IMO,PSA,SG,2S,1,60.1,0,0
3324,c,IMO,PSA,SG,2,0,0,1,-26.1
3324,c,IMO,PSA,SG,2,1,-26.0,1,22.9
3324,c,IMO,PSA,SG,2,1,23.0,1,60.0
3324,c,IMO,PSA,SG,2,1,60.1,0,0
1872,,IMO,PSA,SG,3,0,0,1,22.9
1872,,IMO,PSA,SG,3,1,23.0,1,60.0
1872,,IMO,PSA,SG,3,1,60.1,0,0
1493,,IMO,PSA,SG,3,0,0,1,22.9
1493,,IMO,PSA,SG,3,1,23.0,1,60.0
1493,,IMO,PSA,SG,3,1,60.1,0,0
30,,IMO,PSA,SG,1,0,0,0,0
3010,c,IMO,PSA,SG,3,0,0,1,22.9
3010,c,IMO,PSA,SG,3,1,23.0,1,60.0
3010,c,IMO,PSA,SG,3,1,60.1,0,0
3010,c,IMO,PSA,SG,3,1,60.1,0,0
327,a,IMO,PSA,SG,2,0,0,1,-26.1
327,a,IMO,PSA,SG,2,1,-26.0,1,22.9
327,a,IMO,PSA,SG,2,1,23.0,1,60.0
327,a,IMO,PSA,SG,2,1,60.1,0,0
282,c,IMO,PSA,SG,1,0,0,0,0
3328,c,IMO,PSA,SG,2,0,0,1,-26.1
3328,c,IMO,PSA,SG,2,1,-26.0,1,22.9
3328,c,IMO,PSA,SG,2,1,23.0,1,60.0
3328,c,IMO,PSA,SG,2,1,60.1,0,0
3276,a,IMO,PSA,SG,2,0,0,1,-26.1
3276,a,IMO,PSA,SG,2,1,-26.0,1,22.9
3276,a,IMO,PSA,SG,2,1,23.0,1,60.0
3276,a,IMO,PSA,SG,2,1,60.1,0,0
3290,a,IMO,PSA,SG,2,0,0,1,-26.1
3290,a,IMO,PSA,SG,2,1,-26.0,1,22.9
3290,a,IMO,PSA,SG,2,1,23.0,1,60.0
3290,a,IMO,PSA,SG,2,1,60.1,0,0
10,,IMO,PSA,SG,2,0,0,1,-26.1
10,,IMO,PSA,SG,2,1,-26.0,1,22.9
10,,IMO,PSA,SG,2,1,23.0,1,60.0
10,,IMO,PSA,SG,2,1,60.1,0,0
2858,,IMO,PSA,SG,3,0,0,1,22.9
2858,,IMO,PSA,SG,3,1,23.0,1,60.0
2858,,IMO,PSA,SG,3,1,60.1,0,0
2937,,IMO,PSA,SG,3,0,0,1,22.9
2937,,IMO,PSA,SG,3,1,23.0,1,60.0
2937,,IMO,PSA,SG,3,1,60.1,0,0
1556,a,IMO,PSA,SG,2,0,0,1,-26.1
1556,a,IMO,PSA,SG,2,1,-26.0,1,22.9
1556,a,IMO,PSA,SG,2,1,23.0,1,60.0
1556,a,IMO,PSA,SG,2,1,60.1,0,0
2610,,IMO,PSA,SG,3,1,23,1,60
2418,,IMO,PSA,SG,2,0,0,1,-26.1
2418,,IMO,PSA,SG,2,1,-26.0,1,22.9
2418,,IMO,PSA,SG,2,1,23.0,1,60.0
2418,,IMO,PSA,SG,2,1,60.1,0,0
3139,a,IMO,PSA,SG,1D,0,0,1,-26.1
3139,a,IMO,PSA,SG,1D,1,-26.0,0,0
2686,,IMO,PSA,SG,3,0,0,1,22.9
2686,,IMO,PSA,SG,3,1,23.0,1,60.0
2686,,IMO,PSA,SG,3,1,60.1,0,0
3279,a,IMO,PSA,SG,1D,0,0,1,-26.1
3279,a,IMO,PSA,SG,2,1,-26.0,1,22.9
3279,a,IMO,PSA,SG,2,1,23.0,1,60.0
1300,a,IMO,PSA,SG,2S,1,-26,1,22.9
1207,,IMO,PSA,SG,3,1,23,1,60
2495,,IMO,PSA,SG,2,0,0,1,-26.1
2495,,IMO,PSA,SG,2,1,-26.0,1,22.9
2495,,IMO,PSA,SG,2,1,23.0,1,60.0
2495,,IMO,PSA,SG,2,1,60.1,0,0
247,,IMO,PSA,SG,1,0,0,0,0
2546,b,IMO,PSA,SG,2S,0,0,1,-26.1
2546,b,IMO,PSA,SG,2S,1,-26.0,1,22.9
2546,b,IMO,PSA,SG,2S,1,23.0,1,60.0
2546,b,IMO,PSA,SG,2S,1,60.1,0,0
2546,b,IMO,PSA,SG,2S,1,60.1,0,0
2296,,IMO,PSA,SG,2S,1,-26,1,22.9
2926,a,IMO,PSA,SG,2,0,0,1,-26.1
2926,a,IMO,PSA,SG,2,1,-26.0,1,22.9
2926,a,IMO,PSA,SG,2,1,23.0,1,60.0
2926,a,IMO,PSA,SG,2,1,60.1,0,0
2058,,IMO,PSA,SG,2S,1,-26,1,22.9
1287,a,IMO,PSA,SG,2S,1,-26,1,22.9
315,,IMO,PSA,SG,2,0,0,1,-26.1
315,,IMO,PSA,SG,2,1,-26.0,1,22.9
315,,IMO,PSA,SG,2,1,23.0,1,60.0
315,,IMO,PSA,SG,2,1,60.1,0,0
1557,b,IMO,PSA,SG,2,0,0,1,-26.1
1557,b,IMO,PSA,SG,2,1,-26.0,1,22.9
1557,b,IMO,PSA,SG,2,1,23.0,1,60.0
1557,b,IMO,PSA,SG,2,1,60.1,0,0
1939,,IMO,PSA,SG,2,0,0,1,-26.1
1939,,IMO,PSA,SG,2,1,-26.0,1,22.9
1939,,IMO,PSA,SG,2,1,23.0,1,60.0
1939,,IMO,PSA,SG,2,1,60.1,0,0
1073,,IMO,PSA,SG,3,0,0,1,22.9
1073,,IMO,PSA,SG,3,1,23.0,1,60.0
1073,,IMO,PSA,SG,3,1,60.1,0,0
303,c,IMO,PSA,SG,2,0,0,1,-26.1
303,c,IMO,PSA,SG,2,1,-26.0,1,22.9
303,c,IMO,PSA,SG,2,1,23.0,1,60.0
303,c,IMO,PSA,SG,2,1,60.1,0,0
455,,IMO,PSA,SG,2,0,0,1,-26.1
455,,IMO,PSA,SG,2,1,-26.0,1,22.9
455,,IMO,PSA,SG,2,1,23.0,1,60.0
455,,IMO,PSA,SG,2,1,60.1,0,0
1170,d,IMO,PSA,SG,2S,1,-26,1,22.9
2945,,IMO,PSA,SG,2S,1,-26,1,22.9
3186,a,IMO,PSA,SG,2,0,0,1,-26.1
3186,a,IMO,PSA,SG,2,1,-26.0,1,22.9
3186,a,IMO,PSA,SG,2,1,23.0,1,60.0
3186,a,IMO,PSA,SG,2,1,60.1,0,0
1700,,IMO,PSA,SG,2,0,0,1,-26.1
1700,,IMO,PSA,SG,2,1,-26.0,1,22.9
1700,,IMO,PSA,SG,2,1,23.0,1,60.0
1700,,IMO,PSA,SG,2,1,60.1,0,0
3389,,IMO,PSA,SG,2,0,0,1,-26.1
3389,,IMO,PSA,SG,2,1,-26.0,1,22.9
3389,,IMO,PSA,SG,2,1,23.0,1,60.0
3389,,IMO,PSA,SG,2,1,60.1,0,0
3287,a,IMO,PSA,SG,2,0,0,1,-26.1
3287,a,IMO,PSA,SG,2,1,-26.0,1,22.9
3287,a,IMO,PSA,SG,2,1,23.0,1,60.0
3287,a,IMO,PSA,SG,2,1,60.1,0,0
287,,IMO,PSA,SG,1,0,0,0,0
3422,,IMO,PSA,SG,2S,0,0,1,-26.1
3422,,IMO,PSA,SG,2S,1,-26.0,1,22.9
3422,,IMO,PSA,SG,2S,1,23.0,1,60.0
3422,,IMO,PSA,SG,2S,1,60.1,0,0
2316,,IMO,PSA,SG,2,0,0,1,-26.1
2316,,IMO,PSA,SG,2,1,-26.0,1,22.9
2316,,IMO,PSA,SG,2,1,23.0,1,60.0
2316,,IMO,PSA,SG,2,1,60.1,0,0
2612,,IMO,PSA,SG,1S,0,0,1,-26.1
2612,,IMO,PSA,SG,2S,1,-26,1,22.9
2334,,IMO,PSA,SG,1D,0,0,1,-26.1
2334,,IMO,PSA,SG,1D,1,-26.0,0,0
478,,IMO,PSA,SG,2,0,0,1,-26.1
478,,IMO,PSA,SG,2,1,-26.0,1,22.9
478,,IMO,PSA,SG,2,1,23.0,1,60.0
478,,IMO,PSA,SG,2,1,60.1,0,0
3078,,IMO,PSA,SG,2,0,0,1,-26.1
3078,,IMO,PSA,SG,2,1,-26.0,1,22.9
3078,,IMO,PSA,SG,2,1,23.0,1,60.0
3078,,IMO,PSA,SG,2,1,60.1,0,0
1224,a,IMO,PSA,SG,2S,1,-26,1,22.9
2396,,IMO,PSA,SG,2,1,-26,1,22.9
2680,,IMO,PSA,SG,3,0,0,1,22.9
2680,,IMO,PSA,SG,3,1,23.0,1,60.0
2680,,IMO,PSA,SG,3,1,60.1,0,0
3281,b,IMO,PSA,SG,2,0,0,1,-26.1
3281,b,IMO,PSA,SG,2,1,-26.0,1,22.9
3281,b,IMO,PSA,SG,2,1,23.0,1,60.0
3281,b,IMO,PSA,SG,2,1,60.1,0,0
1866,c,IMO,PSA,SG,3,1,23,1,60
356,a,IMO,PSA,SG,1,0,0,0,0
3259,d,IMO,PSA,SG,3,0,0,1,22.9
3259,d,IMO,PSA,SG,3,1,23.0,1,60.0
3259,d,IMO,PSA,SG,3,1,60.1,0,0
3259,d,IMO,PSA,SG,3,1,60.1,0,0
3134,c,IMO,PSA,SG,1D,0,0,1,-26.1
3134,c,IMO,PSA,SG,1D,1,-26.0,0,0
1799,,IMO,PSA,SG,2,0,0,1,-26.1
1799,,IMO,PSA,SG,2,1,-26.0,1,22.9
1799,,IMO,PSA,SG,2,1,23.0,1,60.0
1799,,IMO,PSA,SG,2,1,60.1,0,0
2801,f,IMO,PSA,SG,3,0,0,1,22.9
2801,f,IMO,PSA,SG,3,1,23.0,1,60.0
2801,f,IMO,PSA,SG,3,1,60.1,0,0
2801,f,IMO,PSA,SG,3,1,60.1,0,0
1321,,IMO,PSA,SG,2,0,0,1,-26.1
1321,,IMO,PSA,SG,2,1,-26.0,1,22.9
1321,,IMO,PSA,SG,2,1,23.0,1,60.0
1321,,IMO,PSA,SG,2,1,60.1,0,0
2529,,IMO,PSA,SG,3,1,23,1,60
1950,i,IMO,PSA,SG,2S,0,0,1,-26.1
1950,i,IMO,PSA,SG,2S,1,-26.0,1,22.9
1950,i,IMO,PSA,SG,2S,1,23.0,1,60.0
1950,i,IMO,PSA,SG,2S,1,60.1,0,0
2747,,IMO,PSA,SG,3,0,0,1,22.9
2747,,IMO,PSA,SG,3,1,23.0,1,60.0
2747,,IMO,PSA,SG,3,1,60.1,0,0
213,b,IMO,PSA,SG,1,0,0,0,0
76,c,IMO,PSA,SG,1,0,0,0,0
3097,a,IMO,PSA,SG,2,0,0,1,-26.1
3097,a,IMO,PSA,SG,2,1,-26.0,1,22.9
3097,a,IMO,PSA,SG,2,1,23.0,1,60.0
3097,a,IMO,PSA,SG,2,1,60.1,0,0
2810,c,IMO,PSA,SG,3,0,0,1,22.9
2810,c,IMO,PSA,SG,3,1,23.0,1,60.0
2810,c,IMO,PSA,SG,3,1,60.1,0,0
2810,c,IMO,PSA,SG,3,1,60.1,0,0
3129,c,IMO,PSA,SG,1D,0,0,1,-26.1
3129,c,IMO,PSA,SG,1D,1,-26.0,0,0
2030,a,IMO,PSA,SG,2,0,0,1,-26.1
2030,a,IMO,PSA,SG,2,1,-26.0,1,22.9
2030,a,IMO,PSA,SG,2,1,23.0,1,60.0
2030,a,IMO,PSA,SG,2,1,60.1,0,0
2351,b,IMO,PSA,SG,2S,1,23,1,60
2588,a,IMO,PSA,SG,2,0,0,1,-26.1
2588,a,IMO,PSA,SG,2,1,-26.0,1,22.9
2588,a,IMO,PSA,SG,2,1,23.0,1,60.0
2588,a,IMO,PSA,SG,2,1,60.1,0,0
3458,,IMO,PSA,SG,3,0,0,1,22.9
3458,,IMO,PSA,SG,3,1,23.0,1,60.0
3458,,IMO,PSA,SG,3,1,60.1,0,0
1347,,IMO,PSA,SG,2,0,0,1,-26.1
1347,,IMO,PSA,SG,2,1,-26.0,1,22.9
1347,,IMO,PSA,SG,2,1,23.0,1,60.0
1347,,IMO,PSA,SG,2,1,60.1,0,0
209,c,IMO,PSA,SG,1,0,0,0,0
377,,IMO,PSA,SG,1,0,0,0,0
3099,b,IMO,PSA,SG,1D,0,0,1,-26.1
3099,b,IMO,PSA,SG,1D,1,-26.0,0,0
1680,,IMO,PSA,SG,2,0,0,1,-26.1
1680,,IMO,PSA,SG,2,1,-26.0,1,22.9
1680,,IMO,PSA,SG,2,1,23.0,1,60.0
1680,,IMO,PSA,SG,2,1,60.1,0,0
1228,c,IMO,PSA,SG,2,1,23,1,60
1355,,IMO,PSA,SG,2,0,0,1,-26.1
1355,,IMO,PSA,SG,2,1,-26.0,1,22.9
1355,,IMO,PSA,SG,2,1,23.0,1,60.0
1355,,IMO,PSA,SG,2,1,60.1,0,0
1594,,IMO,PSA,SG,2,0,0,1,-26.1
1594,,IMO,PSA,SG,2,1,-26.0,1,22.9
1594,,IMO,PSA,SG,2,1,23.0,1,60.0
1594,,IMO,PSA,SG,2,1,60.1,0,0
2191,,IMO,PSA,SG,2,0,0,1,-26.1
2191,,IMO,PSA,SG,2,1,-26.0,1,22.9
2191,,IMO,PSA,SG,2,1,23.0,1,60.0
2191,,IMO,PSA,SG,2,1,60.1,0,0
2557,d,IMO,PSA,SG,2,0,0,1,-26.1
2557,d,IMO,PSA,SG,2,1,-26.0,1,22.9
2557,d,IMO,PSA,SG,2,1,23.0,1,60.0
2557,d,IMO,PSA,SG,2,1,60.1,0,0
376,,IMO,PSA,SG,2,0,0,1,-26.1
376,,IMO,PSA,SG,2,1,-26.0,1,22.9
376,,IMO,PSA,SG,2,1,23.0,1,60.0
376,,IMO,PSA,SG,2,1,60.1,0,0
35,,IMO,PSA,SG,1,0,0,0,0
2554,,IMO,PSA,SG,2S,1,-26,1,22.9
279,,IMO,PSA,SG,1,0,0,0,0
3080,a,IMO,PSA,SG,1D,0,0,1,-26.1
3080,a,IMO,PSA,SG,2,1,-26.0,1,22.9
3080,a,IMO,PSA,SG,2,1,23.0,1,60.0
2968,a,IMO,PSA,SG,2S,0,0,1,-26.1
2968,a,IMO,PSA,SG,2S,1,-26.0,1,22.9
2968,a,IMO,PSA,SG,2S,1,23.0,1,60.0
2968,a,IMO,PSA,SG,2S,1,60.1,0,0
3425,,IMO,PSA,SG,3,0,0,1,22.9
3425,,IMO,PSA,SG,3,1,23.0,1,60.0
3425,,IMO,PSA,SG,3,1,60.1,0,0
1085,,IMO,PSA,SG,2S,0,0,1,-26.1
1085,,IMO,PSA,SG,2S,1,-26.0,1,22.9
1085,,IMO,PSA,SG,2S,1,23.0,1,60.0
1085,,IMO,PSA,SG,2S,1,60.1,0,0
3093,a,IMO,PSA,SG,2,0,0,1,-26.1
3093,a,IMO,PSA,SG,2,1,-26.0,1,22.9
3093,a,IMO,PSA,SG,2,1,23.0,1,60.0
3093,a,IMO,PSA,SG,2,1,60.1,0,0
2729,,IMO,PSA,SG,2S,0,0,1,-26.1
2729,,IMO,PSA,SG,2S,1,-26.0,1,22.9
2729,,IMO,PSA,SG,2S,1,23.0,1,60.0
2729,,IMO,PSA,SG,2S,1,60.1,0,0
1595,,IMO,PSA,SG,2,0,0,1,-26.1
1595,,IMO,PSA,SG,2,1,-26.0,1,22.9
1595,,IMO,PSA,SG,2,1,23.0,1,60.0
1595,,IMO,PSA,SG,2,1,60.1,0,0
2022,,IMO,PSA,SG,2S,0,0,1,-26.1
2022,,IMO,PSA,SG,2S,1,-26.0,1,22.9
2022,,IMO,PSA,SG,2S,1,23.0,1,60.0
2022,,IMO,PSA,SG,2S,1,60.1,0,0
3222,a,IMO,PSA,SG,2,0,0,1,-26.1
3222,a,IMO,PSA,SG,2,1,-26.0,1,22.9
3222,a,IMO,PSA,SG,2,1,23.0,1,60.0
3222,a,IMO,PSA,SG,2,1,60.1,0,0
2044,,IMO,PSA,SG,2S,0,0,1,-26.1
2044,,IMO,PSA,SG,2S,1,-26.0,1,22.9
2044,,IMO,PSA,SG,2S,1,23.0,1,60.0
2044,,IMO,PSA,SG,2S,1,60.1,0,0
2471,,IMO,PSA,SG,2,0,0,1,-26.1
2471,,IMO,PSA,SG,2,1,-26.0,1,22.9
2471,,IMO,PSA,SG,2,1,23.0,1,60.0
2471,,IMO,PSA,SG,2,1,60.1,0,0
3206,b,IMO,PSA,SG,2,0,0,1,-26.1
3206,b,IMO,PSA,SG,2,1,-26.0,1,22.9
3206,b,IMO,PSA,SG,2,1,23.0,1,60.0
3206,b,IMO,PSA,SG,2,1,60.1,0,0
1083,,IMO,PSA,SG,2S,0,0,1,-26.1
1083,,IMO,PSA,SG,2S,1,-26.0,1,22.9
1083,,IMO,PSA,SG,2S,1,23.0,1,60.0
1083,,IMO,PSA,SG,2S,1,60.1,0,0
2732,,IMO,PSA,SG,3,0,0,1,22.9
2732,,IMO,PSA,SG,3,1,23.0,1,60.0
2732,,IMO,PSA,SG,3,1,60.1,0,0
1463,,IMO,PSA,SG,2,0,0,1,-26.1
1463,,IMO,PSA,SG,2,1,-26.0,1,22.9
1463,,IMO,PSA,SG,2,1,23.0,1,60.0
1463,,IMO,PSA,SG,2,1,60.1,0,0
1810,,IMO,PSA,SG,2,0,0,1,-26.1
1810,,IMO,PSA,SG,2,1,-26.0,1,22.9
1810,,IMO,PSA,SG,2,1,23.0,1,60.0
1810,,IMO,PSA,SG,2,1,60.1,0,0
1545,,IMO,PSA,SG,2,0,0,1,-26.1
1545,,IMO,PSA,SG,2,1,-26.0,1,22.9
1545,,IMO,PSA,SG,2,1,23.0,1,60.0
1545,,IMO,PSA,SG,2,1,60.1,0,0
1078,,IMO,PSA,SG,3,0,0,1,22.9
1078,,IMO,PSA,SG,3,1,23.0,1,60.0
1078,,IMO,PSA,SG,3,1,60.1,0,0
3283,c,IMO,PSA,SG,3,0,0,1,22.9
3283,c,IMO,PSA,SG,3,1,23.0,1,60.0
3283,c,IMO,PSA,SG,3,1,60.1,0,0
3283,c,IMO,PSA,SG,3,1,60.1,0,0
2859,,IMO,PSA,SG,3,0,0,1,22.9
2859,,IMO,PSA,SG,3,1,23.0,1,60.0
2859,,IMO,PSA,SG,3,1,60.1,0,0
1372,b,IMO,PSA,SG,3,0,0,1,22.9
1372,b,IMO,PSA,SG,3,1,23.0,1,60.0
1372,b,IMO,PSA,SG,3,1,60.1,0,0
236,a,IMO,PSA,SG,2,0,0,1,-26.1
236,a,IMO,PSA,SG,2,1,-26.0,1,22.9
236,a,IMO,PSA,SG,2,1,23.0,1,60.0
236,a,IMO,PSA,SG,2,1,60.1,0,0
1369,,IMO,PSA,SG,2S,0,0,1,-26.1
1369,,IMO,PSA,SG,2S,1,-26.0,1,22.9
1369,,IMO,PSA,SG,2S,1,23.0,1,60.0
1369,,IMO,PSA,SG,2S,1,60.1,0,0
1437,,IMO,PSA,SG,2,0,0,1,-26.1
1437,,IMO,PSA,SG,2,1,-26.0,1,22.9
1437,,IMO,PSA,SG,2,1,23.0,1,60.0
1437,,IMO,PSA,SG,2,1,60.1,0,0
2533,,IMO,PSA,SG,3,0,0,1,22.9
2533,,IMO,PSA,SG,3,1,23.0,1,60.0
2533,,IMO,PSA,SG,3,1,60.1,0,0
3436,,IMO,PSA,SG,2,0,0,1,-26.1
3436,,IMO,PSA,SG,2,1,-26.0,1,22.9
3436,,IMO,PSA,SG,2,1,23.0,1,60.0
3436,,IMO,PSA,SG,2,1,60.1,0,0
14,a,IMO,PSA,SG,2,0,0,1,-26.1
14,a,IMO,PSA,SG,2,1,-26.0,1,22.9
14,a,IMO,PSA,SG,2,1,23.0,1,60.0
14,a,IMO,PSA,SG,2,1,60.1,0,0
1023,,IMO,PSA,SG,1D,0,0,1,-26.1
1023,,IMO,PSA,SG,1D,1,-26.0,0,0
1579,,IMO,PSA,SG,3,0,0,1,22.9
1579,,IMO,PSA,SG,3,1,23.0,1,60.0
1579,,IMO,PSA,SG,3,1,60.1,0,0
3156,,IMO,PSA,SG,2,0,0,1,-26.1
3156,,IMO,PSA,SG,2,1,-26.0,1,22.9
3156,,IMO,PSA,SG,2,1,23.0,1,60.0
3156,,IMO,PSA,SG,2,1,60.1,0,0
212,,IMO,PSA,SG,2,0,0,1,-26.1
212,,IMO,PSA,SG,2,1,-26.0,1,22.9
212,,IMO,PSA,SG,2,1,23.0,1,60.0
212,,IMO,PSA,SG,2,1,60.1,0,0
1277,,IMO,PSA,SG,1S,0,0,1,-26.1
1277,,IMO,PSA,SG,2S,1,-26,1,22.9
75,,IMO,PSA,SG,1,0,0,0,0
385,a,IMO,PSA,SG,1,0,0,0,0
74,,IMO,PSA,SG,1,0,0,0,0
1856,,IMO,PSA,SG,3,0,0,1,22.9
1856,,IMO,PSA,SG,3,1,23.0,1,60.0
1856,,IMO,PSA,SG,3,1,60.1,0,0
1558,,IMO,PSA,SG,2,0,0,1,-26.1
1558,,IMO,PSA,SG,2,1,-26.0,1,22.9
1558,,IMO,PSA,SG,2,1,23.0,1,60.0
1558,,IMO,PSA,SG,2,1,60.1,0,0
2477,,IMO,PSA,SG,2,0,0,1,-26.1
2477,,IMO,PSA,SG,2,1,-26.0,1,22.9
2477,,IMO,PSA,SG,2,1,23.0,1,60.0
2477,,IMO,PSA,SG,2,1,60.1,0,0
2496,,IMO,PSA,SG,3,0,0,1,22.9
2496,,IMO,PSA,SG,3,1,23.0,1,60.0
2496,,IMO,PSA,SG,3,1,60.1,0,0
1155,b,IMO,PSA,SG,1S,0,0,1,-26.1
3096,a,IMO,PSA,SG,2,0,0,1,-26.1
3096,a,IMO,PSA,SG,2,1,-26.0,1,22.9
3096,a,IMO,PSA,SG,2,1,23.0,1,60.0
3096,a,IMO,PSA,SG,2,1,60.1,0,0
2498,,IMO,PSA,SG,3,1,23,1,60
3277,,IMO,PSA,SG,2,0,0,1,-26.1
3277,,IMO,PSA,SG,2,1,-26.0,1,22.9
3277,,IMO,PSA,SG,2,1,23.0,1,60.0
3277,,IMO,PSA,SG,2,1,60.1,0,0
2682,,IMO,PSA,SG,3,0,0,1,22.9
2682,,IMO,PSA,SG,3,1,23.0,1,60.0
2682,,IMO,PSA,SG,3,1,60.1,0,0
2956,b,IMO,PSA,SG,2,0,0,1,-26.1
2956,b,IMO,PSA,SG,2,1,-26.0,1,22.9
2956,b,IMO,PSA,SG,2,1,23.0,1,60.0
2956,b,IMO,PSA,SG,2,1,60.1,0,0
2678,,IMO,PSA,SG,3,0,0,1,22.9
2678,,IMO,PSA,SG,3,1,23.0,1,60.0
2678,,IMO,PSA,SG,3,1,60.1,0,0
2395,,IMO,PSA,SG,2,1,-26,1,22.9
3219,b,IMO,PSA,SG,1D,0,0,1,-26.1
3219,b,IMO,PSA,SG,1D,1,-26.0,0,0
2997,c,IMO,PSA,SG,3,1,23,1,60
1984,a,IMO,PSA,SG,3,0,0,1,22.9
1984,a,IMO,PSA,SG,3,1,23.0,1,60.0
1984,a,IMO,PSA,SG,3,1,60.1,0,0
3006,b,IMO,PSA,SG,2,0,0,1,-26.1
3006,b,IMO,PSA,SG,2,1,-26.0,1,22.9
3006,b,IMO,PSA,SG,2,1,23.0,1,60.0
3006,b,IMO,PSA,SG,2,1,60.1,0,0
3083,,IMO,PSA,SG,2,0,0,1,-26.1
3083,,IMO,PSA,SG,2,1,-26.0,1,22.9
3083,,IMO,PSA,SG,2,1,23.0,1,60.0
3083,,IMO,PSA,SG,2,1,60.1,0,0
2505,,IMO,PSA,SG,3,0,0,1,22.9
2505,,IMO,PSA,SG,3,1,23.0,1,60.0
2505,,IMO,PSA,SG,3,1,60.1,0,0
2478,b,IMO,PSA,SG,1D,0,0,1,-26.1
2478,b,IMO,PSA,SG,2,1,-26,1,22.9
2587,,IMO,PSA,SG,3,0,0,1,22.9
2587,,IMO,PSA,SG,3,1,23.0,1,60.0
2587,,IMO,PSA,SG,3,1,60.1,0,0
294,,IMO,PSA,SG,1,0,0,0,0
1788,b,IMO,PSA,SG,3,0,0,1,22.9
1788,b,IMO,PSA,SG,3,1,23.0,1,60.0
1788,b,IMO,PSA,SG,3,1,60.1,0,0
1076,,IMO,PSA,SG,2,0,0,1,-26.1
1076,,IMO,PSA,SG,2,1,-26.0,1,22.9
1076,,IMO,PSA,SG,2,1,23.0,1,60.0
1076,,IMO,PSA,SG,2,1,60.1,0,0
1308,a,IMO,PSA,SG,1S,0,0,1,-26.1
1655,b,IMO,PSA,SG,2,0,0,1,-26.1
1655,b,IMO,PSA,SG,2,1,-26.0,1,22.9
1655,b,IMO,PSA,SG,2,1,23.0,1,60.0
1655,b,IMO,PSA,SG,2,1,60.1,0,0
2761,b,IMO,PSA,SG,3,0,0,1,22.9
2761,b,IMO,PSA,SG,3,1,23.0,1,60.0
2761,b,IMO,PSA,SG,3,1,60.1,0,0
2761,b,IMO,PSA,SG,3,1,60.1,0,0
1293,b,IMO,PSA,SG,2S,1,23,1,60
2863,,IMO,PSA,SG,3,0,0,1,22.9
2863,,IMO,PSA,SG,3,1,23.0,1,60.0
2863,,IMO,PSA,SG,3,1,60.1,0,0
3182,a,IMO,PSA,SG,2,0,0,1,-26.1
3182,a,IMO,PSA,SG,2,1,-26.0,1,22.9
3182,a,IMO,PSA,SG,2,1,23.0,1,60.0
3182,a,IMO,PSA,SG,2,1,60.1,0,0
1310,,IMO,PSA,SG,2,0,0,1,-26.1
1310,,IMO,PSA,SG,2,1,-26.0,1,22.9
1310,,IMO,PSA,SG,2,1,23.0,1,60.0
1310,,IMO,PSA,SG,2,1,60.1,0,0
3187,a,IMO,PSA,SG,2,0,0,1,-26.1
3187,a,IMO,PSA,SG,2,1,-26.0,1,22.9
3187,a,IMO,PSA,SG,2,1,23.0,1,60.0
3187,a,IMO,PSA,SG,2,1,60.1,0,0
183,,IMO,PSA,SG,2,0,0,1,-26.1
183,,IMO,PSA,SG,2,1,-26.0,1,22.9
183,,IMO,PSA,SG,2,1,23.0,1,60.0
183,,IMO,PSA,SG,2,1,60.1,0,0
3326,b,IMO,PSA,SG,2,0,0,1,-26.1
3326,b,IMO,PSA,SG,2,1,-26.0,1,22.9
3326,b,IMO,PSA,SG,2,1,23.0,1,60.0
3326,b,IMO,PSA,SG,2,1,60.1,0,0
2026,b,IMO,PSA,SG,2,0,0,1,-26.1
2026,b,IMO,PSA,SG,2,1,-26.0,1,22.9
2026,b,IMO,PSA,SG,2,1,23.0,1,60.0
2026,b,IMO,PSA,SG,2,1,60.1,0,0
195,,IMO,PSA,SG,2,0,0,1,-26.1
195,,IMO,PSA,SG,2,1,-26.0,1,22.9
195,,IMO,PSA,SG,2,1,23.0,1,60.0
195,,IMO,PSA,SG,2,1,60.1,0,0
275,,IMO,PSA,SG,2,0,0,1,-26.1
275,,IMO,PSA,SG,2,1,-26.0,1,22.9
275,,IMO,PSA,SG,2,1,23.0,1,60.0
275,,IMO,PSA,SG,2,1,60.1,0,0
2727,,IMO,PSA,SG,2,0,0,1,-26.1
2727,,IMO,PSA,SG,2,1,-26.0,1,22.9
2727,,IMO,PSA,SG,2,1,23.0,1,60.0
2727,,IMO,PSA,SG,2,1,60.1,0,0
1304,,IMO,PSA,SG,2S,1,-26,1,22.9
2831,,IMO,PSA,SG,3,0,0,1,22.9
2831,,IMO,PSA,SG,3,1,23.0,1,60.0
2831,,IMO,PSA,SG,3,1,60.1,0,0
2053,,IMO,PSA,SG,2S,1,23,1,60
2547,,IMO,PSA,SG,2,0,0,1,-26.1
2547,,IMO,PSA,SG,2,1,-26.0,1,22.9
2547,,IMO,PSA,SG,2,1,23.0,1,60.0
2547,,IMO,PSA,SG,2,1,60.1,0,0
2912,a,IMO,PSA,SG,2,0,0,1,-26.1
2912,a,IMO,PSA,SG,2,1,-26.0,1,22.9
2912,a,IMO,PSA,SG,2,1,23.0,1,60.0
2912,a,IMO,PSA,SG,2,1,60.1,0,0
2852,,IMO,PSA,SG,2,0,0,1,-26.1
2852,,IMO,PSA,SG,2,1,-26.0,1,22.9
2852,,IMO,PSA,SG,2,1,23.0,1,60.0
2852,,IMO,PSA,SG,2,1,60.1,0,0
449,,IMO,PSA,SG,1,0,0,0,0
3232,a,IMO,PSA,SG,2,0,0,1,-26.1
3232,a,IMO,PSA,SG,2,1,-26.0,1,22.9
3232,a,IMO,PSA,SG,2,1,23.0,1,60.0
3232,a,IMO,PSA,SG,2,1,60.1,0,0
3095,a,IMO,PSA,SG,2,0,0,1,-26.1
3095,a,IMO,PSA,SG,2,1,-26.0,1,22.9
3095,a,IMO,PSA,SG,2,1,23.0,1,60.0
3095,a,IMO,PSA,SG,2,1,60.1,0,0
2493,,IMO,PSA,SG,2,1,-26,1,22.9
2930,b,IMO,PSA,SG,2,0,0,1,-26.1
2930,b,IMO,PSA,SG,2,1,-26.0,1,22.9
2930,b,IMO,PSA,SG,2,1,23.0,1,60.0
2930,b,IMO,PSA,SG,2,1,60.1,0,0
3255,,IMO,PSA,SG,1D,0,0,1,-26.1
3255,,IMO,PSA,SG,1D,1,-26.0,0,0
2842,,IMO,PSA,SG,3,1,23,1,60
1646,,IMO,PSA,SG,2S,0,0,1,-26.1
1646,,IMO,PSA,SG,2S,1,-26.0,1,22.9
1646,,IMO,PSA,SG,2S,1,23.0,1,60.0
1646,,IMO,PSA,SG,2S,1,60.1,0,0
1868,,IMO,PSA,SG,2S,0,0,1,-26.1
1868,,IMO,PSA,SG,2S,1,-26.0,1,22.9
1868,,IMO,PSA,SG,2S,1,23.0,1,60.0
1868,,IMO,PSA,SG,2S,1,60.1,0,0
1637,,IMO,PSA,SG,3,0,0,1,22.9
1637,,IMO,PSA,SG,3,1,23.0,1,60.0
1637,,IMO,PSA,SG,3,1,60.1,0,0
3116,,IMO,PSA,SG,2,0,0,1,-26.1
3116,,IMO,PSA,SG,2,1,-26.0,1,22.9
3116,,IMO,PSA,SG,2,1,23.0,1,60.0
3116,,IMO,PSA,SG,2,1,60.1,0,0
3189,b,IMO,PSA,SG,2,0,0,1,-26.1
3189,b,IMO,PSA,SG,2,1,-26.0,1,22.9
3189,b,IMO,PSA,SG,2,1,23.0,1,60.0
3189,b,IMO,PSA,SG,2,1,60.1,0,0
79,c,IMO,PSA,SG,1,0,0,0,0
2985,,IMO,PSA,SG,2,1,-26,1,22.9
306,,IMO,PSA,SG,2,0,0,1,-26.1
306,,IMO,PSA,SG,2,1,-26.0,1,22.9
306,,IMO,PSA,SG,2,1,23.0,1,60.0
306,,IMO,PSA,SG,2,1,60.1,0,0
2763,b,IMO,PSA,SG,3,0,0,1,22.9
2763,b,IMO,PSA,SG,3,1,23.0,1,60.0
2763,b,IMO,PSA,SG,3,1,60.1,0,0
2763,b,IMO,PSA,SG,3,1,60.1,0,0
216,a,IMO,PSA,SG,1,0,0,0,0
1692,a,IMO,PSA,SG,2,0,0,1,-26.1
1692,a,IMO,PSA,SG,2,1,-26.0,1,22.9
1692,a,IMO,PSA,SG,2,1,23.0,1,60.0
1692,a,IMO,PSA,SG,2,1,60.1,0,0
1378,,IMO,PSA,SG,2,0,0,1,-26.1
1378,,IMO,PSA,SG,2,1,-26.0,1,22.9
1378,,IMO,PSA,SG,2,1,23.0,1,60.0
1378,,IMO,PSA,SG,2,1,60.1,0,0
1983,a,IMO,PSA,SG,2S,0,0,1,-26.1
1983,a,IMO,PSA,SG,2S,1,-26.0,1,22.9
1983,a,IMO,PSA,SG,2S,1,23.0,1,60.0
1983,a,IMO,PSA,SG,2S,1,60.1,0,0
383,,IMO,PSA,SG,2,0,0,1,-26.1
383,,IMO,PSA,SG,2,1,-26.0,1,22.9
383,,IMO,PSA,SG,2,1,23.0,1,60.0
383,,IMO,PSA,SG,2,1,60.1,0,0
1693,a,IMO,PSA,SG,2,0,0,1,-26.1
1693,a,IMO,PSA,SG,2,1,-26.0,1,22.9
1693,a,IMO,PSA,SG,2,1,23.0,1,60.0
1693,a,IMO,PSA,SG,2,1,60.1,0,0
2518,,IMO,PSA,SG,2,0,0,1,-26.1
2518,,IMO,PSA,SG,2,1,-26.0,1,22.9
2518,,IMO,PSA,SG,2,1,23.0,1,60.0
2518,,IMO,PSA,SG,2,1,60.1,0,0
336,,IMO,PSA,SG,2,0,0,1,-26.1
336,,IMO,PSA,SG,2,1,-26.0,1,22.9
336,,IMO,PSA,SG,2,1,23.0,1,60.0
336,,IMO,PSA,SG,2,1,60.1,0,0
1604,,IMO,PSA,SG,3,0,0,1,22.9
1604,,IMO,PSA,SG,3,1,23.0,1,60.0
1604,,IMO,PSA,SG,3,1,60.1,0,0
3220,b,IMO,PSA,SG,3,0,0,1,22.9
3220,b,IMO,PSA,SG,3,1,23.0,1,60.0
3220,b,IMO,PSA,SG,3,1,60.1,0,0
3026,a,IMO,PSA,SG,2,0,0,1,-26.1
3026,a,IMO,PSA,SG,2,1,-26.0,1,22.9
3026,a,IMO,PSA,SG,2,1,23.0,1,60.0
3026,a,IMO,PSA,SG,2,1,60.1,0,0
3013,b,IMO,PSA,SG,2,1,23,1,60
2037,n,IMO,PSA,SG,2,0,0,1,-26.1
2037,n,IMO,PSA,SG,2,1,-26.0,1,22.9
2037,n,IMO,PSA,SG,2,1,23.0,1,60.0
2037,n,IMO,PSA,SG,2,1,60.1,0,0
364,,IMO,PSA,SG,1,0,0,0,0
3188,b,IMO,PSA,SG,2,0,0,1,-26.1
3188,b,IMO,PSA,SG,2,1,-26.0,1,22.9
3188,b,IMO,PSA,SG,2,1,23.0,1,60.0
3188,b,IMO,PSA,SG,2,1,60.1,0,0
2915,d,IMO,PSA,SG,2,0,0,1,-26.1
2915,d,IMO,PSA,SG,2,1,-26.0,1,22.9
2915,d,IMO,PSA,SG,2,1,23.0,1,60.0
2915,d,IMO,PSA,SG,2,1,60.1,0,0
3153,,IMO,PSA,SG,2,0,0,1,-26.1
3153,,IMO,PSA,SG,2,1,-26.0,1,22.9
3153,,IMO,PSA,SG,2,1,23.0,1,60.0
3153,,IMO,PSA,SG,2,1,60.1,0,0
110,,IMO,PSA,SG,2,0,0,1,-26.1
110,,IMO,PSA,SG,2,1,-26.0,1,22.9
110,,IMO,PSA,SG,2,1,23.0,1,60.0
110,,IMO,PSA,SG,2,1,60.1,0,0
3396,b,IMO,PSA,SG,1D,0,0,1,-26.1
3396,b,IMO,PSA,SG,1D,1,-26.0,0,0
2188,,IMO,PSA,SG,2,0,0,1,-26.1
2188,,IMO,PSA,SG,2,1,-26.0,1,22.9
2188,,IMO,PSA,SG,2,1,23.0,1,60.0
2188,,IMO,PSA,SG,2,1,60.1,0,0
282,f,IMO,PSA,SG,1,0,0,0,0
3154,,IMO,PSA,SG,2,0,0,1,-26.1
3154,,IMO,PSA,SG,2,1,-26.0,1,22.9
3154,,IMO,PSA,SG,2,1,23.0,1,60.0
3154,,IMO,PSA,SG,2,1,60.1,0,0
1080,,IMO,PSA,SG,3,0,0,1,22.9
1080,,IMO,PSA,SG,3,1,23.0,1,60.0
1080,,IMO,PSA,SG,3,1,60.1,0,0
3451,,IMO,PSA,SG,3,0,0,1,22.9
3451,,IMO,PSA,SG,3,1,23.0,1,60.0
3451,,IMO,PSA,SG,3,1,60.1,0,0
2829,,IMO,PSA,SG,3,0,0,1,22.9
2829,,IMO,PSA,SG,3,1,23.0,1,60.0
2829,,IMO,PSA,SG,3,1,60.1,0,0
1812,,IMO,PSA,SG,2S,0,0,1,-26.1
1812,,IMO,PSA,SG,2S,1,-26.0,1,22.9
1812,,IMO,PSA,SG,2S,1,23.0,1,60.0
1812,,IMO,PSA,SG,2S,1,60.1,0,0
3158,,IMO,PSA,SG,2S,0,0,1,-26.1
3158,,IMO,PSA,SG,2S,1,-26.0,1,22.9
3158,,IMO,PSA,SG,2S,1,23.0,1,60.0
3158,,IMO,PSA,SG,2S,1,60.1,0,0
3272,b,IMO,PSA,SG,3,1,23,1,60
2190,,IMO,PSA,SG,2,0,0,1,-26.1
2190,,IMO,PSA,SG,2,1,-26.0,1,22.9
2190,,IMO,PSA,SG,2,1,23.0,1,60.0
2190,,IMO,PSA,SG,2,1,60.1,0,0
1201,b,IMO,PSA,SG,2S,1,23,1,60
3014,c,IMO,PSA,SG,3,0,0,1,22.9
3014,c,IMO,PSA,SG,3,1,23.0,1,60.0
3014,c,IMO,PSA,SG,3,1,60.1,0,0
3014,c,IMO,PSA,SG,3,1,60.1,0,0
1740,b,IMO,PSA,SG,3,0,0,1,22.9
1740,b,IMO,PSA,SG,3,1,23.0,1,60.0
1740,b,IMO,PSA,SG,3,1,60.1,0,0
1601,c,IMO,PSA,SG,3,0,0,1,22.9
1601,c,IMO,PSA,SG,3,1,23.0,1,60.0
1601,c,IMO,PSA,SG,3,1,60.1,0,0
1601,c,IMO,PSA,SG,3,1,60.1,0,0
1550,,IMO,PSA,SG,3,0,0,1,22.9
1550,,IMO,PSA,SG,3,1,23.0,1,60.0
1550,,IMO,PSA,SG,3,1,60.1,0,0
3351,a,IMO,PSA,SG,2,1,23,1,60
245,,IMO,PSA,SG,1,0,0,0,0
2319,,IMO,PSA,SG,3,1,23,1,60
2478,c,IMO,PSA,SG,2,1,23,1,60
2357,,IMO,PSA,SG,3,0,0,1,22.9
2357,,IMO,PSA,SG,3,1,23.0,1,60.0
2357,,IMO,PSA,SG,3,1,60.1,0,0
3208,a,IMO,PSA,SG,1D,0,0,1,-26.1
3208,a,IMO,PSA,SG,1D,1,-26.0,0,0
2794,a,IMO,PSA,SG,3,0,0,1,22.9
2794,a,IMO,PSA,SG,3,1,23.0,1,60.0
2794,a,IMO,PSA,SG,3,1,60.1,0,0
2921,b,IMO,PSA,SG,2S,0,0,1,-26.1
2921,b,IMO,PSA,SG,2S,1,-26.0,1,22.9
2921,b,IMO,PSA,SG,2S,1,23.0,1,60.0
2921,b,IMO,PSA,SG,2S,1,60.1,0,0
2921,b,IMO,PSA,SG,2S,1,-26.0,1,22.9
2921,b,IMO,PSA,SG,2S,1,23.0,1,60.0
2921,b,IMO,PSA,SG,2S,1,60.1,0,0
1565,,IMO,PSA,SG,2,0,0,1,-26.1
1565,,IMO,PSA,SG,2,1,-26.0,1,22.9
1565,,IMO,PSA,SG,2,1,23.0,1,60.0
1565,,IMO,PSA,SG,2,1,60.1,0,0
1724,,IMO,PSA,SG,2,0,0,1,-26.1
1724,,IMO,PSA,SG,2,1,-26.0,1,22.9
1724,,IMO,PSA,SG,2,1,23.0,1,60.0
1724,,IMO,PSA,SG,2,1,60.1,0,0
3123,a,IMO,PSA,SG,2,0,0,1,-26.1
3123,a,IMO,PSA,SG,2,1,-26.0,1,22.9
3123,a,IMO,PSA,SG,2,1,23.0,1,60.0
3123,a,IMO,PSA,SG,2,1,60.1,0,0
327,b,IMO,PSA,SG,2,0,0,1,-26.1
327,b,IMO,PSA,SG,2,1,-26.0,1,22.9
327,b,IMO,PSA,SG,2,1,23.0,1,60.0
327,b,IMO,PSA,SG,2,1,60.1,0,0
2991,b,IMO,PSA,SG,2,1,23,1,60
2909,a,IMO,PSA,SG,2,0,0,1,-26.1
2909,a,IMO,PSA,SG,2,1,-26.0,1,22.9
2909,a,IMO,PSA,SG,2,1,23.0,1,60.0
2909,a,IMO,PSA,SG,2,1,60.1,0,0
1586,,IMO,PSA,SG,2S,0,0,1,-26.1
1586,,IMO,PSA,SG,2S,1,-26.0,1,22.9
1586,,IMO,PSA,SG,2S,1,23.0,1,60.0
1586,,IMO,PSA,SG,2S,1,60.1,0,0
118,a,IMO,PSA,SG,1,0,0,0,0
3274,,IMO,PSA,SG,2,1,-26,1,22.9
1819,b,IMO,PSA,SG,3,0,0,1,22.9
1819,b,IMO,PSA,SG,3,1,23.0,1,60.0
1819,b,IMO,PSA,SG,3,1,60.1,0,0
1826,b,IMO,PSA,SG,2,0,0,1,-26.1
1826,b,IMO,PSA,SG,2,1,-26.0,1,22.9
1826,b,IMO,PSA,SG,2,1,23.0,1,60.0
1826,b,IMO,PSA,SG,2,1,60.1,0,0
1261,,IMO,PSA,SG,2S,1,-26.0,1,22.9
1261,,IMO,PSA,SG,2S,1,23.0,1,60.0
3296,a,IMO,PSA,SG,3,0,0,1,22.9
3296,a,IMO,PSA,SG,3,1,23.0,1,60.0
3296,a,IMO,PSA,SG,3,1,60.1,0,0
292,,IMO,PSA,SG,1,0,0,0,0
3269,b,IMO,PSA,SG,2,0,0,1,-26.1
3269,b,IMO,PSA,SG,2,1,-26.0,1,22.9
3269,b,IMO,PSA,SG,2,1,23.0,1,60.0
3269,b,IMO,PSA,SG,2,1,60.1,0,0
2025,c,IMO,PSA,SG,2,0,0,1,-26.1
2025,c,IMO,PSA,SG,2,1,-26.0,1,22.9
2025,c,IMO,PSA,SG,2,1,23.0,1,60.0
2025,c,IMO,PSA,SG,2,1,60.1,0,0
3132,a,IMO,PSA,SG,1D,0,0,1,-26.1
3132,a,IMO,PSA,SG,1D,1,-26.0,0,0
3311,,IMO,PSA,SG,2,0,0,1,-26.1
3311,,IMO,PSA,SG,2,1,-26.0,1,22.9
3311,,IMO,PSA,SG,2,1,23.0,1,60.0
3311,,IMO,PSA,SG,2,1,60.1,0,0
1612,,IMO,PSA,SG,2,0,0,1,-26.1
1612,,IMO,PSA,SG,2,1,-26.0,1,22.9
1612,,IMO,PSA,SG,2,1,23.0,1,60.0
1612,,IMO,PSA,SG,2,1,60.1,0,0
1832,a,IMO,PSA,SG,2,0,0,1,-26.1
1832,a,IMO,PSA,SG,2,1,-26.0,1,22.9
1832,a,IMO,PSA,SG,2,1,23.0,1,60.0
1832,a,IMO,PSA,SG,2,1,60.1,0,0
1079,,IMO,PSA,SG,2,0,0,1,-26.1
1079,,IMO,PSA,SG,2,1,-26.0,1,22.9
1079,,IMO,PSA,SG,2,1,23.0,1,60.0
1079,,IMO,PSA,SG,2,1,60.1,0,0
214,b,IMO,PSA,SG,1,0,0,0,0
1561,,IMO,PSA,SG,2,0,0,1,-26.1
1561,,IMO,PSA,SG,2,1,-26.0,1,22.9
1561,,IMO,PSA,SG,2,1,23.0,1,60.0
1561,,IMO,PSA,SG,2,1,60.1,0,0
2285,,IMO,PSA,SG,3,0,0,1,22.9
2285,,IMO,PSA,SG,3,1,23.0,1,60.0
2285,,IMO,PSA,SG,3,1,60.1,0,0
3010,a,IMO,PSA,SG,2,0,0,1,-26.1
3010,a,IMO,PSA,SG,2,1,-26.0,1,22.9
3010,a,IMO,PSA,SG,2,1,23.0,1,60.0
3010,a,IMO,PSA,SG,2,1,60.1,0,0
3295,c,IMO,PSA,SG,2S,1,23,1,60
2312,,IMO,PSA,SG,2,0,0,1,-26.1
2312,,IMO,PSA,SG,2,1,-26.0,1,22.9
2312,,IMO,PSA,SG,2,1,23.0,1,60.0
2312,,IMO,PSA,SG,2,1,60.1,0,0
374,,IMO,PSA,SG,1,0,0,0,0
1914,,IMO,PSA,SG,3,1,23,1,60
3111,b,IMO,PSA,SG,1D,0,0,1,-26.1
3111,b,IMO,PSA,SG,1D,1,-26.0,0,0
1447,,IMO,PSA,SG,2,0,0,1,-26.1
1447,,IMO,PSA,SG,2,1,-26.0,1,22.9
1447,,IMO,PSA,SG,2,1,23.0,1,60.0
1447,,IMO,PSA,SG,2,1,60.1,0,0
1268,c,IMO,PSA,SG,2S,1,-26,1,22.9
2818,b,IMO,PSA,SG,2S,0,0,1,-26.1
2818,b,IMO,PSA,SG,2S,1,-26.0,1,22.9
2818,b,IMO,PSA,SG,2S,1,23.0,1,60.0
2818,b,IMO,PSA,SG,2S,1,60.1,0,0
121,,IMO,PSA,SG,1,0,0,0,0
1171,,IMO,PSA,SG,2S,1,23,1,60
1683,,IMO,PSA,SG,3,0,0,1,22.9
1683,,IMO,PSA,SG,3,1,23.0,1,60.0
1683,,IMO,PSA,SG,3,1,60.1,0,0
2390,,IMO,PSA,SG,2S,1,-26,1,22.9
3151,a,IMO,PSA,SG,2S,0,0,1,-26.1
3151,a,IMO,PSA,SG,2S,1,-26.0,1,22.9
3151,a,IMO,PSA,SG,2S,1,23.0,1,60.0
3151,a,IMO,PSA,SG,2S,1,60.1,0,0
2015,a,IMO,PSA,SG,2,0,0,1,-26.1
2015,a,IMO,PSA,SG,2,1,-26.0,1,22.9
2015,a,IMO,PSA,SG,2,1,23.0,1,60.0
2015,a,IMO,PSA,SG,2,1,60.1,0,0
1263,e,IMO,PSA,SG,3,1,23,1,60
3014,a,IMO,PSA,SG,2,0,0,1,-26.1
3014,a,IMO,PSA,SG,2,1,-26.0,1,22.9
3014,a,IMO,PSA,SG,2,1,23.0,1,60.0
3014,a,IMO,PSA,SG,2,1,60.1,0,0
1855,b,IMO,PSA,SG,2,0,0,1,-26.1
1855,b,IMO,PSA,SG,2,1,-26.0,1,22.9
1855,b,IMO,PSA,SG,2,1,23.0,1,60.0
1855,b,IMO,PSA,SG,2,1,60.1,0,0
486,b,IMO,PSA,SG,1,0,0,0,0
2034,,IMO,PSA,SG,1S,0,0,1,-26.1
2034,,IMO,PSA,SG,1S,1,-26.0,0,0
3013,a,IMO,PSA,SG,2,1,23,1,60
2748,,IMO,PSA,SG,2,0,0,1,-26.1
2748,,IMO,PSA,SG,2,1,-26.0,1,22.9
2748,,IMO,PSA,SG,2,1,23.0,1,60.0
2748,,IMO,PSA,SG,2,1,60.1,0,0
3266,c,IMO,PSA,SG,3,0,0,1,22.9
3266,c,IMO,PSA,SG,3,1,23.0,1,60.0
3266,c,IMO,PSA,SG,3,1,60.1,0,0
3266,c,IMO,PSA,SG,3,1,60.1,0,0
1043,,IMO,PSA,SG,2S,0,0,1,-26.1
1043,,IMO,PSA,SG,2S,1,-26.0,1,22.9
1043,,IMO,PSA,SG,2S,1,23.0,1,60.0
1043,,IMO,PSA,SG,2S,1,60.1,0,0
2924,a,IMO,PSA,SG,1D,0,0,1,-26.1
2237,,IMO,PSA,SG,3,0,0,1,22.9
2237,,IMO,PSA,SG,3,1,23.0,1,60.0
2237,,IMO,PSA,SG,3,1,60.1,0,0
3323,c,IMO,PSA,SG,2,0,0,1,-26.1
3323,c,IMO,PSA,SG,2,1,-26.0,1,22.9
3323,c,IMO,PSA,SG,2,1,23.0,1,60.0
3323,c,IMO,PSA,SG,2,1,60.1,0,0
1418,c,IMO,PSA,SG,2,0,0,1,-26.1
1418,c,IMO,PSA,SG,2,1,-26.0,1,22.9
1418,c,IMO,PSA,SG,2,1,23.0,1,60.0
1418,c,IMO,PSA,SG,2,1,60.1,0,0
2465,b,IMO,PSA,SG,3,0,0,1,22.9
2465,b,IMO,PSA,SG,3,1,23.0,1,60.0
2465,b,IMO,PSA,SG,3,1,60.1,0,0
3276,c,IMO,PSA,SG,3,0,0,1,22.9
3276,c,IMO,PSA,SG,3,1,23.0,1,60.0
3276,c,IMO,PSA,SG,3,1,60.1,0,0
3276,c,IMO,PSA,SG,3,1,60.1,0,0
1372,a,IMO,PSA,SG,3,0,0,1,22.9
1372,a,IMO,PSA,SG,3,1,23.0,1,60.0
1372,a,IMO,PSA,SG,3,1,60.1,0,0
1263,b,IMO,PSA,SG,1S,0,0,1,-26.1
1280,,IMO,PSA,SG,1D,0,0,1,-26.1
1057,a,IMO,PSA,SG,2,0,0,1,-26.1
1057,a,IMO,PSA,SG,2,1,-26.0,1,22.9
1057,a,IMO,PSA,SG,2,1,23.0,1,60.0
1057,a,IMO,PSA,SG,2,1,60.1,0,0
1098,,IMO,PSA,SG,2,0,0,1,-26.1
1098,,IMO,PSA,SG,2,1,-26.0,1,22.9
1098,,IMO,PSA,SG,2,1,23.0,1,60.0
1098,,IMO,PSA,SG,2,1,60.1,0,0
16,c,IMO,PSA,SG,2,0,0,1,-26.1
16,c,IMO,PSA,SG,2,1,-26.0,1,22.9
16,c,IMO,PSA,SG,2,1,23.0,1,60.0
16,c,IMO,PSA,SG,2,1,60.1,0,0
3139,b,IMO,PSA,SG,1D,0,0,1,-26.1
3139,b,IMO,PSA,SG,1D,1,-26.0,0,0
3180,b,IMO,PSA,SG,2,0,0,1,-26.1
3180,b,IMO,PSA,SG,2,1,-26.0,1,22.9
3180,b,IMO,PSA,SG,2,1,23.0,1,60.0
3180,b,IMO,PSA,SG,2,1,60.1,0,0
3180,b,IMO,PSA,SG,3,1,23.0,1,60.0
3180,b,IMO,PSA,SG,3,1,60.1,0,0
2759,a,IMO,PSA,SG,2,0,0,1,-26.1
2759,a,IMO,PSA,SG,2,1,-26.0,1,22.9
2759,a,IMO,PSA,SG,2,1,23.0,1,60.0
2759,a,IMO,PSA,SG,2,1,60.1,0,0
3112,a,IMO,PSA,SG,1D,0,0,1,-26.1
3112,a,IMO,PSA,SG,1D,1,-26.0,0,0
1343,,IMO,PSA,SG,2,0,0,1,-26.1
1343,,IMO,PSA,SG,2,1,-26.0,1,22.9
1343,,IMO,PSA,SG,2,1,23.0,1,60.0
1343,,IMO,PSA,SG,2,1,60.1,0,0
3325,b,IMO,PSA,SG,2,0,0,1,-26.1
3325,b,IMO,PSA,SG,2,1,-26.0,1,22.9
3325,b,IMO,PSA,SG,2,1,23.0,1,60.0
3325,b,IMO,PSA,SG,2,1,60.1,0,0
186,,IMO,PSA,SG,2,0,0,1,-26.1
186,,IMO,PSA,SG,2,1,-26.0,1,22.9
186,,IMO,PSA,SG,2,1,23.0,1,60.0
186,,IMO,PSA,SG,2,1,60.1,0,0
338,b,IMO,PSA,SG,2,0,0,1,-26.1
338,b,IMO,PSA,SG,2,1,-26.0,1,22.9
338,b,IMO,PSA,SG,2,1,23.0,1,60.0
338,b,IMO,PSA,SG,2,1,60.1,0,0
1993,c,IMO,PSA,SG,3,1,23,1,60
415,,IMO,PSA,SG,1,0,0,0,0
2206,c,IMO,PSA,SG,2,0,0,1,-26.1
2206,c,IMO,PSA,SG,2,1,-26.0,1,22.9
2206,c,IMO,PSA,SG,2,1,23.0,1,60.0
2206,c,IMO,PSA,SG,2,1,60.1,0,0
1418,e,IMO,PSA,SG,2,0,0,1,-26.1
1418,e,IMO,PSA,SG,2,1,-26.0,1,22.9
1418,e,IMO,PSA,SG,2,1,23.0,1,60.0
1418,e,IMO,PSA,SG,2,1,60.1,0,0
3264,c,IMO,PSA,SG,3,0,0,1,22.9
3264,c,IMO,PSA,SG,3,1,23.0,1,60.0
3264,c,IMO,PSA,SG,3,1,60.1,0,0
3264,c,IMO,PSA,SG,3,1,60.1,0,0
3175,,IMO,PSA,SG,2,0,0,1,-26.1
3175,,IMO,PSA,SG,2,1,-26.0,1,22.9
3175,,IMO,PSA,SG,2,1,23.0,1,60.0
3175,,IMO,PSA,SG,2,1,60.1,0,0
3175,,IMO,PSA,SG,2S,1,-26.0,1,22.9
3175,,IMO,PSA,SG,2S,1,23.0,1,60.0
3175,,IMO,PSA,SG,2S,1,60.1,0,0
3226,,IMO,PSA,SG,2,0,0,1,-26.1
3226,,IMO,PSA,SG,2,1,-26.0,1,22.9
3226,,IMO,PSA,SG,2,1,23.0,1,60.0
3226,,IMO,PSA,SG,2,1,60.1,0,0
1639,,IMO,PSA,SG,2S,0,0,1,-26.1
1639,,IMO,PSA,SG,2S,1,-26.0,1,22.9
1639,,IMO,PSA,SG,2S,1,23.0,1,60.0
1639,,IMO,PSA,SG,2S,1,60.1,0,0
1751,,IMO,PSA,SG,3,0,0,1,22.9
1751,,IMO,PSA,SG,3,1,23.0,1,60.0
1751,,IMO,PSA,SG,3,1,60.1,0,0
1972,b,IMO,PSA,SG,1S,0,0,1,-26.1
1972,b,IMO,PSA,SG,1S,1,-26.0,0,0
1107,,IMO,PSA,SG,2B,1,-26,1,22.9
3056,,IMO,PSA,SG,2S,1,23,1,60
2790,a,IMO,PSA,SG,2S,0,0,1,-26.1
2790,a,IMO,PSA,SG,2S,1,-26.0,1,22.9
2790,a,IMO,PSA,SG,2S,1,23.0,1,60.0
2790,a,IMO,PSA,SG,2S,1,60.1,0,0
2790,a,IMO,PSA,SG,2S,1,60.1,0,0
3206,a,IMO,PSA,SG,2,0,0,1,-26.1
3206,a,IMO,PSA,SG,2,1,-26.0,1,22.9
3206,a,IMO,PSA,SG,2,1,23.0,1,60.0
3206,a,IMO,PSA,SG,2,1,60.1,0,0
3464,c,IMO,PSA,SG,3,0,0,1,22.9
3464,c,IMO,PSA,SG,3,1,23.0,1,60.0
3464,c,IMO,PSA,SG,3,1,60.1,0,0
3464,c,IMO,PSA,SG,3,1,60.1,0,0
3298,,IMO,PSA,SG,2,0,0,1,-26.1
3298,,IMO,PSA,SG,2,1,-26.0,1,22.9
3298,,IMO,PSA,SG,2,1,23.0,1,60.0
3298,,IMO,PSA,SG,2,1,60.1,0,0
173,,IMO,PSA,SG,2,0,0,1,-26.1
173,,IMO,PSA,SG,2,1,-26.0,1,22.9
173,,IMO,PSA,SG,2,1,23.0,1,60.0
173,,IMO,PSA,SG,2,1,60.1,0,0
1476,,IMO,PSA,SG,3,0,0,1,22.9
1476,,IMO,PSA,SG,3,1,23.0,1,60.0
1476,,IMO,PSA,SG,3,1,60.1,0,0
2004,,IMO,PSA,SG,2S,0,0,1,-26.1
2004,,IMO,PSA,SG,2S,1,-26.0,1,22.9
2004,,IMO,PSA,SG,2S,1,23.0,1,60.0
2004,,IMO,PSA,SG,2S,1,60.1,0,0
1636,,IMO,PSA,SG,2,0,0,1,-26.1
1636,,IMO,PSA,SG,2,1,-26.0,1,22.9
1636,,IMO,PSA,SG,2,1,23.0,1,60.0
1636,,IMO,PSA,SG,2,1,60.1,0,0
1607,,IMO,PSA,SG,3,0,0,1,22.9
1607,,IMO,PSA,SG,3,1,23.0,1,60.0
1607,,IMO,PSA,SG,3,1,60.1,0,0
3291,b,IMO,PSA,SG,2,0,0,1,-26.1
3291,b,IMO,PSA,SG,2,1,-26.0,1,22.9
3291,b,IMO,PSA,SG,2,1,23.0,1,60.0
3291,b,IMO,PSA,SG,2,1,60.1,0,0
352,,IMO,PSA,SG,2,0,0,1,-26.1
352,,IMO,PSA,SG,2,1,-26.0,1,22.9
352,,IMO,PSA,SG,2,1,23.0,1,60.0
352,,IMO,PSA,SG,2,1,60.1,0,0
2583,b,IMO,PSA,SG,3,0,0,1,22.9
2583,b,IMO,PSA,SG,3,1,23.0,1,60.0
2583,b,IMO,PSA,SG,3,1,60.1,0,0
2461,,IMO,PSA,SG,1S,0,0,1,-26.1
2461,,IMO,PSA,SG,2S,1,-26,1,22.9
2299,,IMO,PSA,SG,3,0,0,1,22.9
2299,,IMO,PSA,SG,3,1,23.0,1,60.0
2299,,IMO,PSA,SG,3,1,60.1,0,0
1010,b,IMO,PSA,SG,2S,0,0,1,-26.1
1010,b,IMO,PSA,SG,2S,1,-26.0,1,22.9
1010,b,IMO,PSA,SG,2S,1,23.0,1,60.0
1010,b,IMO,PSA,SG,2S,1,60.1,0,0
2902,c,IMO,PSA,SG,3,0,0,1,22.9
2902,c,IMO,PSA,SG,3,1,23.0,1,60.0
2902,c,IMO,PSA,SG,3,1,60.1,0,0
2902,c,IMO,PSA,SG,3,1,60.1,0,0
1479,b,IMO,PSA,SG,1D,0,0,1,-26.1
1479,b,IMO,PSA,SG,1D,1,-26.0,0,0
1056,,IMO,PSA,SG,3,0,0,1,22.9
1056,,IMO,PSA,SG,3,1,23.0,1,60.0
1056,,IMO,PSA,SG,3,1,60.1,0,0
1740,a,IMO,PSA,SG,3,0,0,1,22.9
1740,a,IMO,PSA,SG,3,1,23.0,1,60.0
1740,a,IMO,PSA,SG,3,1,60.1,0,0
1448,,IMO,PSA,SG,3,0,0,1,22.9
1448,,IMO,PSA,SG,3,1,23.0,1,60.0
1448,,IMO,PSA,SG,3,1,60.1,0,0
2206,b,IMO,PSA,SG,2,0,0,1,-26.1
2206,b,IMO,PSA,SG,2,1,-26.0,1,22.9
2206,b,IMO,PSA,SG,2,1,23.0,1,60.0
2206,b,IMO,PSA,SG,2,1,60.1,0,0
1314,,IMO,PSA,SG,3,0,0,1,22.9
1314,,IMO,PSA,SG,3,1,23.0,1,60.0
1314,,IMO,PSA,SG,3,1,60.1,0,0
3129,a,IMO,PSA,SG,1D,0,0,1,-26.1
3129,a,IMO,PSA,SG,1D,1,-26.0,0,0
3360,,IMO,PSA,SG,3,0,0,1,22.9
3360,,IMO,PSA,SG,3,1,23.0,1,60.0
3360,,IMO,PSA,SG,3,1,60.1,0,0
1928,,IMO,PSA,SG,1D,0,0,1,-26.1
1928,,IMO,PSA,SG,1D,1,-26.0,0,0
246,,IMO,PSA,SG,2,0,0,1,-26.1
246,,IMO,PSA,SG,2,1,-26.0,1,22.9
246,,IMO,PSA,SG,2,1,23.0,1,60.0
246,,IMO,PSA,SG,2,1,60.1,0,0
1459,a,IMO,PSA,SG,1D,0,0,1,-26.1
1459,a,IMO,PSA,SG,1D,1,-26.0,0,0
2978,,IMO,PSA,SG,2,0,0,1,-26.1
2978,,IMO,PSA,SG,2,1,-26.0,1,22.9
2978,,IMO,PSA,SG,2,1,23.0,1,60.0
2978,,IMO,PSA,SG,2,1,60.1,0,0
2763,c,IMO,PSA,SG,3,0,0,1,22.9
2763,c,IMO,PSA,SG,3,1,23.0,1,60.0
2763,c,IMO,PSA,SG,3,1,60.1,0,0
2763,c,IMO,PSA,SG,3,1,60.1,0,0
1679,,IMO,PSA,SG,2S,0,0,1,-26.1
1679,,IMO,PSA,SG,2S,1,-26.0,1,22.9
1679,,IMO,PSA,SG,2S,1,23.0,1,60.0
1679,,IMO,PSA,SG,2S,1,60.1,0,0
2024,b,IMO,PSA,SG,2,0,0,1,-26.1
2024,b,IMO,PSA,SG,2,1,-26.0,1,22.9
2024,b,IMO,PSA,SG,2,1,23.0,1,60.0
2024,b,IMO,PSA,SG,2,1,60.1,0,0
2934,,IMO,PSA,SG,3,1,23,1,60
3120,,IMO,PSA,SG,2,0,0,1,-26.1
3120,,IMO,PSA,SG,2,1,-26.0,1,22.9
3120,,IMO,PSA,SG,2,1,23.0,1,60.0
3120,,IMO,PSA,SG,2,1,60.1,0,0
2688,,IMO,PSA,SG,3,0,0,1,22.9
2688,,IMO,PSA,SG,3,1,23.0,1,60.0
2688,,IMO,PSA,SG,3,1,60.1,0,0
1761,a,IMO,PSA,SG,2S,0,0,1,-26.1
1761,a,IMO,PSA,SG,2S,1,-26.0,1,22.9
1761,a,IMO,PSA,SG,2S,1,23.0,1,60.0
1761,a,IMO,PSA,SG,2S,1,60.1,0,0
2912,d,IMO,PSA,SG,2,0,0,1,-26.1
2912,d,IMO,PSA,SG,2,1,-26.0,1,22.9
2912,d,IMO,PSA,SG,2,1,23.0,1,60.0
2912,d,IMO,PSA,SG,2,1,60.1,0,0
3382,,IMO,PSA,SG,2,0,0,1,-26.1
3382,,IMO,PSA,SG,2,1,-26.0,1,22.9
3382,,IMO,PSA,SG,2,1,23.0,1,60.0
3382,,IMO,PSA,SG,2,1,60.1,0,0
1012,,IMO,PSA,SG,2S,0,0,1,-26.1
1012,,IMO,PSA,SG,2S,1,-26.0,1,22.9
1012,,IMO,PSA,SG,2S,1,23.0,1,60.0
1012,,IMO,PSA,SG,2S,1,60.1,0,0
1181,,IMO,PSA,SG,2,0,0,1,-26.1
1181,,IMO,PSA,SG,2,1,-26.0,1,22.9
1181,,IMO,PSA,SG,2,1,23.0,1,60.0
1181,,IMO,PSA,SG,2,1,60.1,0,0
3327,a,IMO,PSA,SG,2,0,0,1,-26.1
3327,a,IMO,PSA,SG,2,1,-26.0,1,22.9
3327,a,IMO,PSA,SG,2,1,23.0,1,60.0
3327,a,IMO,PSA,SG,2,1,60.1,0,0
220,c,IMO,PSA,SG,1,0,0,0,0
493,,IMO,PSA,SG,2,0,0,1,-26.1
493,,IMO,PSA,SG,2,1,-26.0,1,22.9
493,,IMO,PSA,SG,2,1,23.0,1,60.0
493,,IMO,PSA,SG,2,1,60.1,0,0
3322,b,IMO,PSA,SG,2,0,0,1,-26.1
3322,b,IMO,PSA,SG,2,1,-26.0,1,22.9
3322,b,IMO,PSA,SG,2,1,23.0,1,60.0
3322,b,IMO,PSA,SG,2,1,60.1,0,0
1108,a,IMO,PSA,SG,1S,0,0,1,-26.1
1108,a,IMO,PSA,SG,2S,1,-26,1,22.9
3261,b,IMO,PSA,SG,3,0,0,1,22.9
3261,b,IMO,PSA,SG,3,1,23.0,1,60.0
3261,b,IMO,PSA,SG,3,1,60.1,0,0
3261,b,IMO,PSA,SG,3,1,60.1,0,0
1767,,IMO,PSA,SG,2,0,0,1,-26.1
1767,,IMO,PSA,SG,2,1,-26.0,1,22.9
1767,,IMO,PSA,SG,2,1,23.0,1,60.0
1767,,IMO,PSA,SG,2,1,60.1,0,0
1719,a,IMO,PSA,SG,2S,0,0,1,-26.1
1719,a,IMO,PSA,SG,2S,1,-26.0,1,22.9
1719,a,IMO,PSA,SG,2S,1,23.0,1,60.0
1719,a,IMO,PSA,SG,2S,1,60.1,0,0
1719,a,IMO,PSA,SG,2S,1,60.1,0,0
3005,a,IMO,PSA,SG,2,1,23,1,60
3447,,IMO,PSA,SG,2,0,0,1,-26.1
3447,,IMO,PSA,SG,2,1,-26.0,1,22.9
3447,,IMO,PSA,SG,2,1,23.0,1,60.0
3447,,IMO,PSA,SG,2,1,60.1,0,0
2904,b,IMO,PSA,SG,3,0,0,1,22.9
2904,b,IMO,PSA,SG,3,1,23.0,1,60.0
2904,b,IMO,PSA,SG,3,1,60.1,0,0
375,,IMO,PSA,SG,1,0,0,0,0
1790,b,IMO,PSA,SG,2,0,0,1,-26.1
1790,b,IMO,PSA,SG,2,1,-26.0,1,22.9
1790,b,IMO,PSA,SG,2,1,23.0,1,60.0
1790,b,IMO,PSA,SG,2,1,60.1,0,0
3211,a,IMO,PSA,SG,1D,0,0,1,-26.1
3211,a,IMO,PSA,SG,1D,1,-26.0,0,0
2035,a,IMO,PSA,SG,2S,0,0,1,-26.1
2035,a,IMO,PSA,SG,2S,1,-26.0,1,22.9
2035,a,IMO,PSA,SG,2S,1,23.0,1,60.0
2035,a,IMO,PSA,SG,2S,1,60.1,0,0
1385,b,IMO,PSA,SG,2,0,0,1,-26.1
1385,b,IMO,PSA,SG,2,1,-26.0,1,22.9
1385,b,IMO,PSA,SG,2,1,23.0,1,60.0
1385,b,IMO,PSA,SG,2,1,60.1,0,0
3265,b,IMO,PSA,SG,2S,0,0,1,-26.1
3265,b,IMO,PSA,SG,2S,1,-26.0,1,22.9
3265,b,IMO,PSA,SG,2S,1,23.0,1,60.0
3265,b,IMO,PSA,SG,2S,1,60.1,0,0
3265,b,IMO,PSA,SG,2S,1,60.1,0,0
1544,c,IMO,PSA,SG,3,0,0,1,22.9
1544,c,IMO,PSA,SG,3,1,23.0,1,60.0
1544,c,IMO,PSA,SG,3,1,60.1,0,0
1544,c,IMO,PSA,SG,3,1,60.1,0,0
1569,,IMO,PSA,SG,2,0,0,1,-26.1
1569,,IMO,PSA,SG,2,1,-26.0,1,22.9
1569,,IMO,PSA,SG,2,1,23.0,1,60.0
1569,,IMO,PSA,SG,2,1,60.1,0,0
3330,d,IMO,PSA,SG,2,0,0,1,-26.1
3330,d,IMO,PSA,SG,2,1,-26.0,1,22.9
3330,d,IMO,PSA,SG,2,1,23.0,1,60.0
3330,d,IMO,PSA,SG,2,1,60.1,0,0
3352,c,IMO,PSA,SG,3,0,0,1,22.9
3352,c,IMO,PSA,SG,3,1,23.0,1,60.0
3352,c,IMO,PSA,SG,3,1,60.1,0,0
3352,c,IMO,PSA,SG,3,1,60.1,0,0
3250,,IMO,PSA,SG,2,0,0,1,-26.1
3250,,IMO,PSA,SG,2,1,-26.0,1,22.9
3250,,IMO,PSA,SG,2,1,23.0,1,60.0
3250,,IMO,PSA,SG,2,1,60.1,0,0
1381,d,IMO,PSA,SG,2,0,0,1,-26.1
1381,d,IMO,PSA,SG,2,1,-26.0,1,22.9
1381,d,IMO,PSA,SG,2,1,23.0,1,60.0
1381,d,IMO,PSA,SG,2,1,60.1,0,0
2037,p,IMO,PSA,SG,2,0,0,1,-26.1
2037,p,IMO,PSA,SG,2,1,-26.0,1,22.9
2037,p,IMO,PSA,SG,2,1,23.0,1,60.0
2037,p,IMO,PSA,SG,2,1,60.1,0,0
3103,b,IMO,PSA,SG,2,0,0,1,-26.1
3103,b,IMO,PSA,SG,2,1,-26.0,1,22.9
3103,b,IMO,PSA,SG,2,1,23.0,1,60.0
3103,b,IMO,PSA,SG,2,1,60.1,0,0
2414,,IMO,PSA,SG,2S,1,-26,1,22.9
2055,,IMO,PSA,SG,2S,1,23,1,60
3094,b,IMO,PSA,SG,2,0,0,1,-26.1
3094,b,IMO,PSA,SG,2,1,-26.0,1,22.9
3094,b,IMO,PSA,SG,2,1,23.0,1,60.0
3094,b,IMO,PSA,SG,2,1,60.1,0,0
2293,,IMO,PSA,SG,3,1,23,1,60
2805,,IMO,PSA,SG,2S,0,0,1,-26.1
2805,,IMO,PSA,SG,2S,1,-26.0,1,22.9
2805,,IMO,PSA,SG,2S,1,23.0,1,60.0
2805,,IMO,PSA,SG,2S,1,60.1,0,0
489,c,IMO,PSA,SG,1,0,0,0,0
2880,b,IMO,PSA,SG,3,0,0,1,22.9
2880,b,IMO,PSA,SG,3,1,23.0,1,60.0
2880,b,IMO,PSA,SG,3,1,60.1,0,0
346,,IMO,PSA,SG,1,0,0,0,0
3066,d,IMO,PSA,SG,2,0,0,1,-26.1
3066,d,IMO,PSA,SG,2,1,-26.0,1,22.9
3066,d,IMO,PSA,SG,2,1,23.0,1,60.0
3066,d,IMO,PSA,SG,2,1,60.1,0,0
204,,IMO,PSA,SG,1,0,0,0,0
1502,,IMO,PSA,SG,2,0,0,1,-26.1
1502,,IMO,PSA,SG,2,1,-26.0,1,22.9
1502,,IMO,PSA,SG,2,1,23.0,1,60.0
1502,,IMO,PSA,SG,2,1,60.1,0,0
1281,,IMO,PSA,SG,2S,1,-26,1,22.9
217,b,IMO,PSA,SG,1,0,0,0,0
66,,IMO,PSA,SG,2,0,0,1,-26.1
66,,IMO,PSA,SG,2,1,-26.0,1,22.9
66,,IMO,PSA,SG,2,1,23.0,1,60.0
66,,IMO,PSA,SG,2,1,60.1,0,0
369,,IMO,PSA,SG,1,0,0,0,0
1831,b,IMO,PSA,SG,2,0,0,1,-26.1
1831,b,IMO,PSA,SG,2,1,-26.0,1,22.9
1831,b,IMO,PSA,SG,2,1,23.0,1,60.0
1831,b,IMO,PSA,SG,2,1,60.1,0,0
1768,,IMO,PSA,SG,3,0,0,1,22.9
1768,,IMO,PSA,SG,3,1,23.0,1,60.0
1768,,IMO,PSA,SG,3,1,60.1,0,0
1245,,IMO,PSA,SG,2S,1,-26,1,22.9
1306,a,IMO,PSA,SG,2,1,-26,1,22.9
2295,,IMO,PSA,SG,2,0,0,1,-26.1
2295,,IMO,PSA,SG,2,1,-26.0,1,22.9
2295,,IMO,PSA,SG,2,1,23.0,1,60.0
2295,,IMO,PSA,SG,2,1,60.1,0,0
2783,c,IMO,PSA,SG,3,0,0,1,22.9
2783,c,IMO,PSA,SG,3,1,23.0,1,60.0
2783,c,IMO,PSA,SG,3,1,60.1,0,0
2783,c,IMO,PSA,SG,3,1,60.1,0,0
3278,c,IMO,PSA,SG,3,0,0,1,22.9
3278,c,IMO,PSA,SG,3,1,23.0,1,60.0
3278,c,IMO,PSA,SG,3,1,60.1,0,0
3278,c,IMO,PSA,SG,3,1,60.1,0,0
48,,IMO,PSA,SG,1,0,0,0,0
1974,a,IMO,PSA,SG,3,0,0,1,22.9
1974,a,IMO,PSA,SG,3,1,23.0,1,60.0
1974,a,IMO,PSA,SG,3,1,60.1,0,0
2775,a,IMO,PSA,SG,2,0,0,1,-26.1
2775,a,IMO,PSA,SG,2,1,-26.0,1,22.9
2775,a,IMO,PSA,SG,2,1,23.0,1,60.0
2775,a,IMO,PSA,SG,2,1,60.1,0,0
1796,a,IMO,PSA,SG,2,0,0,1,-26.1
1796,a,IMO,PSA,SG,2,1,-26.0,1,22.9
1796,a,IMO,PSA,SG,2,1,23.0,1,60.0
1796,a,IMO,PSA,SG,2,1,60.1,0,0
3352,a,IMO,PSA,SG,2,0,0,1,-26.1
3352,a,IMO,PSA,SG,2,1,-26.0,1,22.9
3352,a,IMO,PSA,SG,2,1,23.0,1,60.0
3352,a,IMO,PSA,SG,2,1,60.1,0,0
3101,d,IMO,PSA,SG,1D,0,0,1,-26.1
3101,d,IMO,PSA,SG,1D,1,-26.0,0,0
1155,a,IMO,PSA,SG,1S,0,0,1,-26.1
2796,b,IMO,PSA,SG,2S,0,0,1,-26.1
2796,b,IMO,PSA,SG,2S,1,-26.0,1,22.9
2796,b,IMO,PSA,SG,2S,1,23.0,1,60.0
2796,b,IMO,PSA,SG,2S,1,60.1,0,0
2054,,IMO,PSA,SG,2,0,0,1,-26.1
2054,,IMO,PSA,SG,2,1,-26.0,1,22.9
2054,,IMO,PSA,SG,2,1,23.0,1,60.0
2054,,IMO,PSA,SG,2,1,60.1,0,0
305,,IMO,PSA,SG,2,0,0,1,-26.1
305,,IMO,PSA,SG,2,1,-26.0,1,22.9
305,,IMO,PSA,SG,2,1,23.0,1,60.0
305,,IMO,PSA,SG,2,1,60.1,0,0
3265,c,IMO,PSA,SG,3,0,0,1,22.9
3265,c,IMO,PSA,SG,3,1,23.0,1,60.0
3265,c,IMO,PSA,SG,3,1,60.1,0,0
3265,c,IMO,PSA,SG,3,1,60.1,0,0
1160,,IMO,PSA,SG,1S,0,0,1,-26.1
426,,IMO,PSA,SG,1,0,0,0,0
1626,,IMO,PSA,SG,2,0,0,1,-26.1
1626,,IMO,PSA,SG,2,1,-26.0,1,22.9
1626,,IMO,PSA,SG,2,1,23.0,1,60.0
1626,,IMO,PSA,SG,2,1,60.1,0,0
1446,,IMO,PSA,SG,2,0,0,1,-26.1
1446,,IMO,PSA,SG,2,1,-26.0,1,22.9
1446,,IMO,PSA,SG,2,1,23.0,1,60.0
1446,,IMO,PSA,SG,2,1,60.1,0,0
1766,,IMO,PSA,SG,2,0,0,1,-26.1
1766,,IMO,PSA,SG,2,1,-26.0,1,22.9
1766,,IMO,PSA,SG,2,1,23.0,1,60.0
1766,,IMO,PSA,SG,2,1,60.1,0,0
1297,c,IMO,PSA,SG,2S,1,23,1,60
1599,b,IMO,PSA,SG,2,0,0,1,-26.1
1599,b,IMO,PSA,SG,2,1,-26.0,1,22.9
1599,b,IMO,PSA,SG,2,1,23.0,1,60.0
1599,b,IMO,PSA,SG,2,1,60.1,0,0
1608,,IMO,PSA,SG,3,0,0,1,22.9
1608,,IMO,PSA,SG,3,1,23.0,1,60.0
1608,,IMO,PSA,SG,3,1,60.1,0,0
1583,a,IMO,PSA,SG,2,0,0,1,-26.1
1583,a,IMO,PSA,SG,2,1,-26.0,1,22.9
1583,a,IMO,PSA,SG,2,1,23.0,1,60.0
1583,a,IMO,PSA,SG,2,1,60.1,0,0
2373,,IMO,PSA,SG,2S,1,-26,1,22.9
16,a,IMO,PSA,SG,2,0,0,1,-26.1
16,a,IMO,PSA,SG,2,1,-26.0,1,22.9
16,a,IMO,PSA,SG,2,1,23.0,1,60.0
16,a,IMO,PSA,SG,2,1,60.1,0,0
3087,b,IMO,PSA,SG,1D,0,0,1,-26.1
3087,b,IMO,PSA,SG,1D,1,-26.0,0,0
1418,a,IMO,PSA,SG,2,0,0,1,-26.1
1418,a,IMO,PSA,SG,2,1,-26.0,1,22.9
1418,a,IMO,PSA,SG,2,1,23.0,1,60.0
1418,a,IMO,PSA,SG,2,1,60.1,0,0
283,b,IMO,PSA,SG,1,0,0,0,0
1814,a,IMO,PSA,SG,2S,0,0,1,-26.1
1814,a,IMO,PSA,SG,2S,1,-26.0,1,22.9
1814,a,IMO,PSA,SG,2S,1,23.0,1,60.0
1814,a,IMO,PSA,SG,2S,1,60.1,0,0
2584,b,IMO,PSA,SG,3,0,0,1,22.9
2584,b,IMO,PSA,SG,3,1,23.0,1,60.0
2584,b,IMO,PSA,SG,3,1,60.1,0,0
3127,a,IMO,PSA,SG,2,0,0,1,-26.1
3127,a,IMO,PSA,SG,2,1,-26.0,1,22.9
3127,a,IMO,PSA,SG,2,1,23.0,1,60.0
3127,a,IMO,PSA,SG,2,1,60.1,0,0
351,,IMO,PSA,SG,2,0,0,1,-26.1
351,,IMO,PSA,SG,2,1,-26.0,1,22.9
351,,IMO,PSA,SG,2,1,23.0,1,60.0
351,,IMO,PSA,SG,2,1,60.1,0,0
1414,,IMO,PSA,SG,2,0,0,1,-26.1
1414,,IMO,PSA,SG,2,1,-26.0,1,22.9
1414,,IMO,PSA,SG,2,1,23.0,1,60.0
1414,,IMO,PSA,SG,2,1,60.1,0,0
1361,b,IMO,PSA,SG,3,0,0,1,22.9
1361,b,IMO,PSA,SG,3,1,23.0,1,60.0
1361,b,IMO,PSA,SG,3,1,60.1,0,0
2545,a,IMO,PSA,SG,2,0,0,1,-26.1
2545,a,IMO,PSA,SG,2,1,-26.0,1,22.9
2545,a,IMO,PSA,SG,2,1,23.0,1,60.0
2545,a,IMO,PSA,SG,2,1,60.1,0,0
2032,,IMO,PSA,SG,2,0,0,1,-26.1
2032,,IMO,PSA,SG,2,1,-26.0,1,22.9
2032,,IMO,PSA,SG,2,1,23.0,1,60.0
2032,,IMO,PSA,SG,2,1,60.1,0,0
169,,IMO,PSA,SG,1,0,0,0,0
2071,,IMO,PSA,SG,2,0,0,1,-26.1
2071,,IMO,PSA,SG,2,1,-26.0,1,22.9
2071,,IMO,PSA,SG,2,1,23.0,1,60.0
2071,,IMO,PSA,SG,2,1,60.1,0,0
1035,,IMO,PSA,SG,1S,0,0,1,-26.1
1035,,IMO,PSA,SG,1S,1,-26.0,0,0
3213,a,IMO,PSA,SG,2,0,0,1,-26.1
3213,a,IMO,PSA,SG,2,1,-26.0,1,22.9
3213,a,IMO,PSA,SG,2,1,23.0,1,60.0
3213,a,IMO,PSA,SG,2,1,60.1,0,0
2247,,IMO,PSA,SG,3,1,23,1,60
99,,IMO,PSA,SG,1,0,0,0,0
2734,d,IMO,PSA,SG,2S,1,-26.0,1,22.9
2734,d,IMO,PSA,SG,2S,1,23.0,1,60.0
2526,,IMO,PSA,SG,3,1,23,1,60
1500,,IMO,PSA,SG,2,0,0,1,-26.1
1500,,IMO,PSA,SG,2,1,-26.0,1,22.9
1500,,IMO,PSA,SG,2,1,23.0,1,60.0
1500,,IMO,PSA,SG,2,1,60.1,0,0
3323,d,IMO,PSA,SG,2,0,0,1,-26.1
3323,d,IMO,PSA,SG,2,1,-26.0,1,22.9
3323,d,IMO,PSA,SG,2,1,23.0,1,60.0
3323,d,IMO,PSA,SG,2,1,60.1,0,0
1973,b,IMO,PSA,SG,3,0,0,1,22.9
1973,b,IMO,PSA,SG,3,1,23.0,1,60.0
1973,b,IMO,PSA,SG,3,1,60.1,0,0
3140,f,IMO,PSA,SG,3,0,0,1,22.9
3140,f,IMO,PSA,SG,3,1,23.0,1,60.0
3140,f,IMO,PSA,SG,3,1,60.1,0,0
3140,f,IMO,PSA,SG,3,1,60.1,0,0
1278,,IMO,PSA,SG,2S,1,-26,1,22.9
3107,a,IMO,PSA,SG,2,0,0,1,-26.1
3107,a,IMO,PSA,SG,2,1,-26.0,1,22.9
3107,a,IMO,PSA,SG,2,1,23.0,1,60.0
3107,a,IMO,PSA,SG,2,1,60.1,0,0
467,,IMO,PSA,SG,1,0,0,0,0
2802,,IMO,PSA,SG,3,0,0,1,22.9
2802,,IMO,PSA,SG,3,1,23.0,1,60.0
2802,,IMO,PSA,SG,3,1,60.1,0,0
2486,,IMO,PSA,SG,2,0,0,1,-26.1
2486,,IMO,PSA,SG,2,1,-26.0,1,22.9
2486,,IMO,PSA,SG,2,1,23.0,1,60.0
2486,,IMO,PSA,SG,2,1,60.1,0,0
2198,,IMO,PSA,SG,2,0,0,1,-26.1
2198,,IMO,PSA,SG,2,1,-26.0,1,22.9
2198,,IMO,PSA,SG,2,1,23.0,1,60.0
2198,,IMO,PSA,SG,2,1,60.1,0,0
3136,,IMO,PSA,SG,3,0,0,1,22.9
3136,,IMO,PSA,SG,3,1,23.0,1,60.0
3136,,IMO,PSA,SG,3,1,60.1,0,0
1950,k,IMO,PSA,SG,2S,0,0,1,-26.1
1950,k,IMO,PSA,SG,2S,1,-26.0,1,22.9
1950,k,IMO,PSA,SG,2S,1,23.0,1,60.0
1950,k,IMO,PSA,SG,2S,1,60.1,0,0
1986,a,IMO,PSA,SG,1D,0,0,1,-26.1
1671,,IMO,PSA,SG,2S,0,0,1,-26.1
1671,,IMO,PSA,SG,2S,1,-26.0,1,22.9
1671,,IMO,PSA,SG,2S,1,23.0,1,60.0
1671,,IMO,PSA,SG,2S,1,60.1,0,0
2427,a,IMO,PSA,SG,2,0,0,1,-26.1
2427,a,IMO,PSA,SG,2,1,-26.0,1,22.9
2427,a,IMO,PSA,SG,2,1,23.0,1,60.0
2427,a,IMO,PSA,SG,2,1,60.1,0,0
382,,IMO,PSA,SG,1,0,0,0,0
242,,IMO,PSA,SG,2,0,0,1,-26.1
242,,IMO,PSA,SG,2,1,-26.0,1,22.9
242,,IMO,PSA,SG,2,1,23.0,1,60.0
242,,IMO,PSA,SG,2,1,60.1,0,0
1210,d,IMO,PSA,SG,2S,1,-26,1,22.9
1589,,IMO,PSA,SG,2,0,0,1,-26.1
1589,,IMO,PSA,SG,2,1,-26.0,1,22.9
1589,,IMO,PSA,SG,2,1,23.0,1,60.0
1589,,IMO,PSA,SG,2,1,60.1,0,0
2564,b,IMO,PSA,SG,3,0,0,1,22.9
2564,b,IMO,PSA,SG,3,1,23.0,1,60.0
2564,b,IMO,PSA,SG,3,1,60.1,0,0
1322,,IMO,PSA,SG,2,0,0,1,-26.1
1322,,IMO,PSA,SG,2,1,-26.0,1,22.9
1322,,IMO,PSA,SG,2,1,23.0,1,60.0
1322,,IMO,PSA,SG,2,1,60.1,0,0
2321,,IMO,PSA,SG,2S,0,0,1,-26.1
2321,,IMO,PSA,SG,2S,1,-26.0,1,22.9
2321,,IMO,PSA,SG,2S,1,23.0,1,60.0
2321,,IMO,PSA,SG,2S,1,60.1,0,0
2235,,IMO,PSA,SG,3,0,0,1,22.9
2235,,IMO,PSA,SG,3,1,23.0,1,60.0
2235,,IMO,PSA,SG,3,1,60.1,0,0
1836,,IMO,PSA,SG,2,0,0,1,-26.1
1836,,IMO,PSA,SG,2,1,-26.0,1,22.9
1836,,IMO,PSA,SG,2,1,23.0,1,60.0
1836,,IMO,PSA,SG,2,1,60.1,0,0
2880,c,IMO,PSA,SG,3,0,0,1,22.9
2880,c,IMO,PSA,SG,3,1,23.0,1,60.0
2880,c,IMO,PSA,SG,3,1,60.1,0,0
3336,e,IMO,PSA,SG,2,1,23,1,60
1192,,IMO,PSA,SG,2S,1,23,1,60
1817,,IMO,PSA,SG,2,0,0,1,-26.1
1817,,IMO,PSA,SG,2,1,-26.0,1,22.9
1817,,IMO,PSA,SG,2,1,23.0,1,60.0
1817,,IMO,PSA,SG,2,1,60.1,0,0
2581,,IMO,PSA,SG,3,0,0,1,22.9
2581,,IMO,PSA,SG,3,1,23.0,1,60.0
2581,,IMO,PSA,SG,3,1,60.1,0,0
1301,,IMO,PSA,SG,2S,1,-26,1,22.9
3101,c,IMO,PSA,SG,1D,0,0,1,-26.1
3101,c,IMO,PSA,SG,1D,1,-26.0,0,0
1873,,IMO,PSA,SG,2,0,0,1,-26.1
1873,,IMO,PSA,SG,2,1,-26.0,1,22.9
1873,,IMO,PSA,SG,2,1,23.0,1,60.0
1873,,IMO,PSA,SG,2,1,60.1,0,0
2924,b,IMO,PSA,SG,2S,1,-26,1,22.9
1471,a,IMO,PSA,SG,3,0,0,1,22.9
1471,a,IMO,PSA,SG,3,1,23.0,1,60.0
1471,a,IMO,PSA,SG,3,1,60.1,0,0
1787,b,IMO,PSA,SG,3,0,0,1,22.9
1787,b,IMO,PSA,SG,3,1,23.0,1,60.0
1787,b,IMO,PSA,SG,3,1,60.1,0,0
1250,,IMO,PSA,SG,2,1,-26,1,22.9
3300,,IMO,PSA,SG,2,0,0,1,-26.1
3300,,IMO,PSA,SG,2,1,-26.0,1,22.9
3300,,IMO,PSA,SG,2,1,23.0,1,60.0
3300,,IMO,PSA,SG,2,1,60.1,0,0
2935,,IMO,PSA,SG,3,1,23,1,60
29,,IMO,PSA,SG,1,0,0,0,0
1088,,IMO,PSA,SG,1S,0,0,1,-26.1
1088,,IMO,PSA,SG,2S,1,-26,1,22.9
2353,,IMO,PSA,SG,2,1,-26,1,22.9
3414,c,IMO,PSA,SG,2,0,0,1,-26.1
3414,c,IMO,PSA,SG,2,1,-26.0,1,22.9
3414,c,IMO,PSA,SG,2,1,23.0,1,60.0
3414,c,IMO,PSA,SG,2,1,60.1,0,0
43,,IMO,PSA,SG,1,0,0,0,0
2911,b,IMO,PSA,SG,2,0,0,1,-26.1
2911,b,IMO,PSA,SG,2,1,-26.0,1,22.9
2911,b,IMO,PSA,SG,2,1,23.0,1,60.0
2911,b,IMO,PSA,SG,2,1,60.1,0,0
2644,,IMO,PSA,SG,2,0,0,1,-26.1
2644,,IMO,PSA,SG,2,1,-26.0,1,22.9
2644,,IMO,PSA,SG,2,1,23.0,1,60.0
2644,,IMO,PSA,SG,2,1,60.1,0,0
475,,IMO,PSA,SG,1,0,0,0,0
2416,,IMO,PSA,SG,2,1,-26,1,22.9
2474,,IMO,PSA,SG,2,0,0,1,-26.1
2474,,IMO,PSA,SG,2,1,-26.0,1,22.9
2474,,IMO,PSA,SG,2,1,23.0,1,60.0
2474,,IMO,PSA,SG,2,1,60.1,0,0
1923,a,IMO,PSA,SG,2,0,0,1,-26.1
1923,a,IMO,PSA,SG,2,1,-26.0,1,22.9
1923,a,IMO,PSA,SG,2,1,23.0,1,60.0
1923,a,IMO,PSA,SG,2,1,60.1,0,0
2988,,IMO,PSA,SG,1D,0,0,1,-26.1
2988,,IMO,PSA,SG,1D,1,-26.0,0,0
3167,,IMO,PSA,SG,1D,0,0,1,-26.1
3167,,IMO,PSA,SG,1D,1,-26.0,0,0
1984,b,IMO,PSA,SG,3,0,0,1,22.9
1984,b,IMO,PSA,SG,3,1,23.0,1,60.0
1984,b,IMO,PSA,SG,3,1,60.1,0,0
1133,a,IMO,PSA,SG,1S,0,0,1,-26.1
1702,,IMO,PSA,SG,3,0,0,1,22.9
1702,,IMO,PSA,SG,3,1,23.0,1,60.0
1702,,IMO,PSA,SG,3,1,60.1,0,0
1436,e,IMO,PSA,SG,2,0,0,1,-26.1
1436,e,IMO,PSA,SG,2,1,-26.0,1,22.9
1436,e,IMO,PSA,SG,2,1,23.0,1,60.0
1436,e,IMO,PSA,SG,2,1,60.1,0,0
1959,a,IMO,PSA,SG,2S,0,0,1,-26.1
1959,a,IMO,PSA,SG,2S,1,-26.0,1,22.9
1959,a,IMO,PSA,SG,2S,1,23.0,1,60.0
1959,a,IMO,PSA,SG,2S,1,60.1,0,0
3398,c,IMO,PSA,SG,1D,0,0,1,-26.1
3398,c,IMO,PSA,SG,1D,1,-26.0,0,0
3395,b,IMO,PSA,SG,1D,0,0,1,-26.1
3395,b,IMO,PSA,SG,1D,1,-26.0,0,0
1863,a,IMO,PSA,SG,1S,0,0,1,-26.1
1431,,IMO,PSA,SG,2S,0,0,1,-26.1
1431,,IMO,PSA,SG,2S,1,-26.0,1,22.9
1431,,IMO,PSA,SG,2S,1,23.0,1,60.0
1431,,IMO,PSA,SG,2S,1,60.1,0,0
2735,f,IMO,PSA,SG,3,0,0,1,22.9
2735,f,IMO,PSA,SG,3,1,23.0,1,60.0
2735,f,IMO,PSA,SG,3,1,60.1,0,0
2735,f,IMO,PSA,SG,3,1,60.1,0,0
2356,,IMO,PSA,SG,1S,0,0,1,-26.1
2012,,IMO,PSA,SG,2,0,0,1,-26.1
2012,,IMO,PSA,SG,2,1,-26.0,1,22.9
2012,,IMO,PSA,SG,2,1,23.0,1,60.0
2012,,IMO,PSA,SG,2,1,60.1,0,0
219,c,IMO,PSA,SG,1,0,0,0,0
3465,a,IMO,PSA,SG,2,0,0,1,-26.1
3465,a,IMO,PSA,SG,2,1,-26.0,1,22.9
3465,a,IMO,PSA,SG,2,1,23.0,1,60.0
3465,a,IMO,PSA,SG,2,1,60.1,0,0
1665,,IMO,PSA,SG,3,0,0,1,22.9
1665,,IMO,PSA,SG,3,1,23.0,1,60.0
1665,,IMO,PSA,SG,3,1,60.1,0,0
2368,,IMO,PSA,SG,3,1,23,1,60
143,a,IMO,PSA,SG,1,0,0,0,0
1917,,IMO,PSA,SG,2S,1,-26,1,22.9
458,,IMO,PSA,SG,1,0,0,0,0
1818,,IMO,PSA,SG,2,0,0,1,-26.1
1818,,IMO,PSA,SG,2,1,-26.0,1,22.9
1818,,IMO,PSA,SG,2,1,23.0,1,60.0
1818,,IMO,PSA,SG,2,1,60.1,0,0
1129,,IMO,PSA,SG,2S,1,-26,1,22.9
1104,,IMO,PSA,SG,2S,1,23,1,60
3346,a,IMO,PSA,SG,2,1,-26,1,22.9
1932,,IMO,PSA,SG,2S,0,0,1,-26.1
1932,,IMO,PSA,SG,2S,1,-26.0,1,22.9
1932,,IMO,PSA,SG,2S,1,23.0,1,60.0
1932,,IMO,PSA,SG,2S,1,60.1,0,0
2880,a,IMO,PSA,SG,3,0,0,1,22.9
2880,a,IMO,PSA,SG,3,1,23.0,1,60.0
2880,a,IMO,PSA,SG,3,1,60.1,0,0
1506,,IMO,PSA,SG,2,0,0,1,-26.1
1506,,IMO,PSA,SG,2,1,-26.0,1,22.9
1506,,IMO,PSA,SG,2,1,23.0,1,60.0
1506,,IMO,PSA,SG,2,1,60.1,0,0
2606,,IMO,PSA,SG,2,0,0,1,-26.1
2606,,IMO,PSA,SG,2,1,-26.0,1,22.9
2606,,IMO,PSA,SG,2,1,23.0,1,60.0
2606,,IMO,PSA,SG,2,1,60.1,0,0
2196,,IMO,PSA,SG,2,0,0,1,-26.1
2196,,IMO,PSA,SG,2,1,-26.0,1,22.9
2196,,IMO,PSA,SG,2,1,23.0,1,60.0
2196,,IMO,PSA,SG,2,1,60.1,0,0
1690,,IMO,PSA,SG,2S,0,0,1,-26.1
1690,,IMO,PSA,SG,2S,1,-26.0,1,22.9
1690,,IMO,PSA,SG,2S,1,23.0,1,60.0
1690,,IMO,PSA,SG,2S,1,60.1,0,0
1193,b,IMO,PSA,SG,2S,1,-26,1,22.9
1376,b,IMO,PSA,SG,2,0,0,1,-26.1
1376,b,IMO,PSA,SG,2,1,-26.0,1,22.9
1376,b,IMO,PSA,SG,2,1,23.0,1,60.0
1376,b,IMO,PSA,SG,2,1,60.1,0,0
386,a,IMO,PSA,SG,1,0,0,0,0
1885,,IMO,PSA,SG,3,0,0,1,22.9
1885,,IMO,PSA,SG,3,1,23.0,1,60.0
1885,,IMO,PSA,SG,3,1,60.1,0,0
2291,,IMO,PSA,SG,3,0,0,1,22.9
2291,,IMO,PSA,SG,3,1,23.0,1,60.0
2291,,IMO,PSA,SG,3,1,60.1,0,0
1341,,IMO,PSA,SG,2,0,0,1,-26.1
1341,,IMO,PSA,SG,2,1,-26.0,1,22.9
1341,,IMO,PSA,SG,2,1,23.0,1,60.0
1341,,IMO,PSA,SG,2,1,60.1,0,0
2340,,IMO,PSA,SG,2S,1,-26,1,22.9
1773,,IMO,PSA,SG,2S,0,0,1,-26.1
1773,,IMO,PSA,SG,2S,1,-26.0,1,22.9
1773,,IMO,PSA,SG,2S,1,23.0,1,60.0
1773,,IMO,PSA,SG,2S,1,60.1,0,0
3057,,IMO,PSA,SG,2,0,0,1,-26.1
3057,,IMO,PSA,SG,2,1,-26.0,1,22.9
3057,,IMO,PSA,SG,2,1,23.0,1,60.0
3057,,IMO,PSA,SG,2,1,60.1,0,0
2458,,IMO,PSA,SG,2S,1,-26,1,22.9
3323,b,IMO,PSA,SG,2,0,0,1,-26.1
3323,b,IMO,PSA,SG,2,1,-26.0,1,22.9
3323,b,IMO,PSA,SG,2,1,23.0,1,60.0
3323,b,IMO,PSA,SG,2,1,60.1,0,0
1334,a,IMO,PSA,SG,3,0,0,1,22.9
1334,a,IMO,PSA,SG,3,1,23.0,1,60.0
1334,a,IMO,PSA,SG,3,1,60.1,0,0
2912,e,IMO,PSA,SG,2,0,0,1,-26.1
2912,e,IMO,PSA,SG,2,1,-26.0,1,22.9
2912,e,IMO,PSA,SG,2,1,23.0,1,60.0
2912,e,IMO,PSA,SG,2,1,60.1,0,0
3216,,IMO,PSA,SG,2,0,0,1,-26.1
3216,,IMO,PSA,SG,2,1,-26.0,1,22.9
3216,,IMO,PSA,SG,2,1,23.0,1,60.0
3216,,IMO,PSA,SG,2,1,60.1,0,0
1380,,IMO,PSA,SG,1D,0,0,1,-26.1
1380,,IMO,PSA,SG,1D,1,-26.0,0,0
1588,b,IMO,PSA,SG,2,0,0,1,-26.1
1588,b,IMO,PSA,SG,2,1,-26.0,1,22.9
1588,b,IMO,PSA,SG,2,1,23.0,1,60.0
1588,b,IMO,PSA,SG,2,1,60.1,0,0
1071,,IMO,PSA,SG,1D,0,0,1,-26.1
1071,,IMO,PSA,SG,1D,1,-26.0,0,0
465,,IMO,PSA,SG,1,0,0,0,0
2650,,IMO,PSA,SG,3,0,0,1,22.9
2650,,IMO,PSA,SG,3,1,23.0,1,60.0
2650,,IMO,PSA,SG,3,1,60.1,0,0
1016,,IMO,PSA,SG,2,0,0,1,-26.1
1016,,IMO,PSA,SG,2,1,-26.0,1,22.9
1016,,IMO,PSA,SG,2,1,23.0,1,60.0
1016,,IMO,PSA,SG,2,1,60.1,0,0
1483,a,IMO,PSA,SG,1D,0,0,1,-26.1
1483,a,IMO,PSA,SG,1D,1,-26.0,0,0
3150,a,IMO,PSA,SG,2,0,0,1,-26.1
3150,a,IMO,PSA,SG,2,1,-26.0,1,22.9
3150,a,IMO,PSA,SG,2,1,23.0,1,60.0
3150,a,IMO,PSA,SG,2,1,60.1,0,0
1194,,IMO,PSA,SG,2,1,-26,1,22.9
283,a,IMO,PSA,SG,1,0,0,0,0
2738,,IMO,PSA,SG,3,0,0,1,22.9
2738,,IMO,PSA,SG,3,1,23.0,1,60.0
2738,,IMO,PSA,SG,3,1,60.1,0,0
1857,,IMO,PSA,SG,2,0,0,1,-26.1
1857,,IMO,PSA,SG,2,1,-26.0,1,22.9
1857,,IMO,PSA,SG,2,1,23.0,1,60.0
1857,,IMO,PSA,SG,2,1,60.1,0,0
1950,l,IMO,PSA,SG,2S,0,0,1,-26.1
1950,l,IMO,PSA,SG,2S,1,-26.0,1,22.9
1950,l,IMO,PSA,SG,2S,1,23.0,1,60.0
1950,l,IMO,PSA,SG,2S,1,60.1,0,0
1971,a,IMO,PSA,SG,1S,0,0,1,-26.1
1971,a,IMO,PSA,SG,1S,1,-26.0,0,0
1439,,IMO,PSA,SG,2S,0,0,1,-26.1
1439,,IMO,PSA,SG,2S,1,-26.0,1,22.9
1439,,IMO,PSA,SG,2S,1,23.0,1,60.0
1439,,IMO,PSA,SG,2S,1,60.1,0,0
1935,b,IMO,PSA,SG,2,0,0,1,-26.1
1935,b,IMO,PSA,SG,2,1,-26.0,1,22.9
1935,b,IMO,PSA,SG,2,1,23.0,1,60.0
1935,b,IMO,PSA,SG,2,1,60.1,0,0
1148,a,IMO,PSA,SG,2S,1,-26,1,22.9
3237,,IMO,PSA,SG,2,0,0,1,-26.1
3237,,IMO,PSA,SG,2,1,-26.0,1,22.9
3237,,IMO,PSA,SG,2,1,23.0,1,60.0
3237,,IMO,PSA,SG,2,1,60.1,0,0
1263,d,IMO,PSA,SG,2S,1,-26,1,22.9
3283,a,IMO,PSA,SG,2,0,0,1,-26.1
3283,a,IMO,PSA,SG,2,1,-26.0,1,22.9
3283,a,IMO,PSA,SG,2,1,23.0,1,60.0
3283,a,IMO,PSA,SG,2,1,60.1,0,0
2624,,IMO,PSA,SG,2S,0,0,1,-26.1
2624,,IMO,PSA,SG,2S,1,-26.0,1,22.9
2624,,IMO,PSA,SG,2S,1,23.0,1,60.0
2624,,IMO,PSA,SG,2S,1,60.1,0,0
2478,d,IMO,PSA,SG,2,1,23,1,60
299,,IMO,PSA,SG,2,0,0,1,-26.1
299,,IMO,PSA,SG,2,1,-26.0,1,22.9
299,,IMO,PSA,SG,2,1,23.0,1,60.0
299,,IMO,PSA,SG,2,1,60.1,0,0
2441,b,IMO,PSA,SG,2,0,0,1,-26.1
2441,b,IMO,PSA,SG,2,1,-26.0,1,22.9
2441,b,IMO,PSA,SG,2,1,23.0,1,60.0
2441,b,IMO,PSA,SG,2,1,60.1,0,0
2936,,IMO,PSA,SG,2,0,0,1,-26.1
2936,,IMO,PSA,SG,2,1,-26.0,1,22.9
2936,,IMO,PSA,SG,2,1,23.0,1,60.0
2936,,IMO,PSA,SG,2,1,60.1,0,0
154,b,IMO,PSA,SG,1,0,0,0,0
1993,b,IMO,PSA,SG,2S,1,-26,1,22.9
2375,,IMO,PSA,SG,2S,1,-26,1,22.9
359,,IMO,PSA,SG,1,0,0,0,0
154,a,IMO,PSA,SG,1,0,0,0,0
2468,,IMO,PSA,SG,3,0,0,1,22.9
2468,,IMO,PSA,SG,3,1,23.0,1,60.0
2468,,IMO,PSA,SG,3,1,60.1,0,0
2780,b,IMO,PSA,SG,2,1,-26,1,22.9
1903,c,IMO,PSA,SG,3,0,0,1,22.9
1903,c,IMO,PSA,SG,3,1,23.0,1,60.0
1903,c,IMO,PSA,SG,3,1,60.1,0,0
1903,c,IMO,PSA,SG,3,1,60.1,0,0
3248,b,IMO,PSA,SG,3,1,23,1,60
1964,,IMO,PSA,SG,1S,0,0,1,-26.1
1964,,IMO,PSA,SG,1S,1,-26.0,0,0
1655,a,IMO,PSA,SG,2,0,0,1,-26.1
1655,a,IMO,PSA,SG,2,1,-26.0,1,22.9
1655,a,IMO,PSA,SG,2,1,23.0,1,60.0
1655,a,IMO,PSA,SG,2,1,60.1,0,0
1400,,IMO,PSA,SG,2S,0,0,1,-26.1
1400,,IMO,PSA,SG,2S,1,-26.0,1,22.9
1400,,IMO,PSA,SG,2S,1,23.0,1,60.0
1400,,IMO,PSA,SG,2S,1,60.1,0,0
3018,a,IMO,PSA,SG,2,0,0,1,-26.1
3018,a,IMO,PSA,SG,2,1,-26.0,1,22.9
3018,a,IMO,PSA,SG,2,1,23.0,1,60.0
3018,a,IMO,PSA,SG,2,1,60.1,0,0
1091,,IMO,PSA,SG,2S,1,-26,1,22.9
2733,f,IMO,PSA,SG,3,1,23,1,60
3106,,IMO,PSA,SG,2,0,0,1,-26.1
3106,,IMO,PSA,SG,2,1,-26.0,1,22.9
3106,,IMO,PSA,SG,2,1,23.0,1,60.0
3106,,IMO,PSA,SG,2,1,60.1,0,0
282,d,IMO,PSA,SG,1,0,0,0,0
1625,,IMO,PSA,SG,2S,0,0,1,-26.1
1625,,IMO,PSA,SG,2S,1,-26.0,1,22.9
1625,,IMO,PSA,SG,2S,1,23.0,1,60.0
1625,,IMO,PSA,SG,2S,1,60.1,0,0
2322,,IMO,PSA,SG,3,0,0,1,22.9
2322,,IMO,PSA,SG,3,1,23.0,1,60.0
2322,,IMO,PSA,SG,3,1,60.1,0,0
2564,a,IMO,PSA,SG,3,0,0,1,22.9
2564,a,IMO,PSA,SG,3,1,23.0,1,60.0
2564,a,IMO,PSA,SG,3,1,60.1,0,0
1135,,IMO,PSA,SG,2,0,0,1,-26.1
1135,,IMO,PSA,SG,2,1,-26.0,1,22.9
1135,,IMO,PSA,SG,2,1,23.0,1,60.0
1135,,IMO,PSA,SG,2,1,60.1,0,0
2771,a,IMO,PSA,SG,2,0,0,1,-26.1
2771,a,IMO,PSA,SG,2,1,-26.0,1,22.9
2771,a,IMO,PSA,SG,2,1,23.0,1,60.0
2771,a,IMO,PSA,SG,2,1,60.1,0,0
2622,,IMO,PSA,SG,2S,1,23,1,60
207,b,IMO,PSA,SG,1,0,0,0,0
3183,b,IMO,PSA,SG,2,0,0,1,-26.1
3183,b,IMO,PSA,SG,2,1,-26.0,1,22.9
3183,b,IMO,PSA,SG,2,1,23.0,1,60.0
3183,b,IMO,PSA,SG,2,1,60.1,0,0
1224,b,IMO,PSA,SG,3,1,23,1,60
136,,IMO,PSA,SG,1,0,0,0,0
3126,a,IMO,PSA,SG,2,0,0,1,-26.1
3126,a,IMO,PSA,SG,2,1,-26.0,1,22.9
3126,a,IMO,PSA,SG,2,1,23.0,1,60.0
3126,a,IMO,PSA,SG,2,1,60.1,0,0
2437,,IMO,PSA,SG,2,0,0,1,-26.1
2437,,IMO,PSA,SG,2,1,-26.0,1,22.9
2437,,IMO,PSA,SG,2,1,23.0,1,60.0
2437,,IMO,PSA,SG,2,1,60.1,0,0
2428,b,IMO,PSA,SG,2,0,0,1,-26.1
2428,b,IMO,PSA,SG,2,1,-26.0,1,22.9
2428,b,IMO,PSA,SG,2,1,23.0,1,60.0
2428,b,IMO,PSA,SG,2,1,60.1,0,0
2250,,IMO,PSA,SG,3,0,0,1,22.9
2250,,IMO,PSA,SG,3,1,23.0,1,60.0
2250,,IMO,PSA,SG,3,1,60.1,0,0
3172,c,IMO,PSA,SG,3,0,0,1,22.9
3172,c,IMO,PSA,SG,3,1,23.0,1,60.0
3172,c,IMO,PSA,SG,3,1,60.1,0,0
3172,c,IMO,PSA,SG,3,1,60.1,0,0
1422,,IMO,PSA,SG,2,0,0,1,-26.1
1422,,IMO,PSA,SG,2,1,-26.0,1,22.9
1422,,IMO,PSA,SG,2,1,23.0,1,60.0
1422,,IMO,PSA,SG,2,1,60.1,0,0
1105,b,IMO,PSA,SG,2S,1,23,1,60
3179,a,IMO,PSA,SG,2,0,0,1,-26.1
3179,a,IMO,PSA,SG,2,1,-26.0,1,22.9
3179,a,IMO,PSA,SG,2,1,23.0,1,60.0
3179,a,IMO,PSA,SG,2,1,60.1,0,0
3221,b,IMO,PSA,SG,2,0,0,1,-26.1
3221,b,IMO,PSA,SG,2,1,-26.0,1,22.9
3221,b,IMO,PSA,SG,2,1,23.0,1,60.0
3221,b,IMO,PSA,SG,2,1,60.1,0,0
2210,b,IMO,PSA,SG,2,0,0,1,-26.1
2210,b,IMO,PSA,SG,2,1,-26.0,1,22.9
2210,b,IMO,PSA,SG,2,1,23.0,1,60.0
2210,b,IMO,PSA,SG,2,1,60.1,0,0
345,,IMO,PSA,SG,2,0,0,1,-26.1
345,,IMO,PSA,SG,2,1,-26.0,1,22.9
345,,IMO,PSA,SG,2,1,23.0,1,60.0
345,,IMO,PSA,SG,2,1,60.1,0,0
314,,IMO,PSA,SG,1,0,0,0,0
3262,c,IMO,PSA,SG,3,0,0,1,22.9
3262,c,IMO,PSA,SG,3,1,23.0,1,60.0
3262,c,IMO,PSA,SG,3,1,60.1,0,0
3263,c,IMO,PSA,SG,3,0,0,1,22.9
3263,c,IMO,PSA,SG,3,1,23.0,1,60.0
3263,c,IMO,PSA,SG,3,1,60.1,0,0
3263,c,IMO,PSA,SG,3,1,60.1,0,0
490,c,IMO,PSA,SG,1,0,0,0,0
2561,,IMO,PSA,SG,1S,0,0,1,-26.1
2813,a,IMO,PSA,SG,1D,0,0,1,-26.1
2813,a,IMO,PSA,SG,1D,1,-26.0,0,0
1898,,IMO,PSA,SG,2,0,0,1,-26.1
1898,,IMO,PSA,SG,2,1,-26.0,1,22.9
1898,,IMO,PSA,SG,2,1,23.0,1,60.0
1898,,IMO,PSA,SG,2,1,60.1,0,0
3140,e,IMO,PSA,SG,3,0,0,1,22.9
3140,e,IMO,PSA,SG,3,1,23.0,1,60.0
3140,e,IMO,PSA,SG,3,1,60.1,0,0
3140,e,IMO,PSA,SG,3,1,60.1,0,0
1808,,IMO,PSA,SG,2,0,0,1,-26.1
1808,,IMO,PSA,SG,2,1,-26.0,1,22.9
1808,,IMO,PSA,SG,2,1,23.0,1,60.0
1808,,IMO,PSA,SG,2,1,60.1,0,0
413,,IMO,PSA,SG,1,0,0,0,0
266,b,IMO,PSA,SG,1,0,0,0,0
3140,d,IMO,PSA,SG,2,0,0,1,-26.1
3140,d,IMO,PSA,SG,2,1,-26.0,1,22.9
3140,d,IMO,PSA,SG,2,1,23.0,1,60.0
3140,d,IMO,PSA,SG,2,1,60.1,0,0
3238,,IMO,PSA,SG,2,0,0,1,-26.1
3238,,IMO,PSA,SG,2,1,-26.0,1,22.9
3238,,IMO,PSA,SG,2,1,23.0,1,60.0
3238,,IMO,PSA,SG,2,1,60.1,0,0
281,,IMO,PSA,SG,1,0,0,0,0
1707,,IMO,PSA,SG,2,0,0,1,-26.1
1707,,IMO,PSA,SG,2,1,-26.0,1,22.9
1707,,IMO,PSA,SG,2,1,23.0,1,60.0
1707,,IMO,PSA,SG,2,1,60.1,0,0
1616,,IMO,PSA,SG,3,0,0,1,22.9
1616,,IMO,PSA,SG,3,1,23.0,1,60.0
1616,,IMO,PSA,SG,3,1,60.1,0,0
1391,b,IMO,PSA,SG,1D,0,0,1,-26.1
1391,b,IMO,PSA,SG,1D,1,-26.0,0,0
1391,b,IMO,PSA,SG,2,0,0,1,-26.1
1391,b,IMO,PSA,SG,2,1,-26.0,1,22.9
1391,b,IMO,PSA,SG,2,1,23.0,1,60.0
1391,b,IMO,PSA,SG,2,1,60.1,0,0
3291,a,IMO,PSA,SG,2,0,0,1,-26.1
3291,a,IMO,PSA,SG,2,1,-26.0,1,22.9
3291,a,IMO,PSA,SG,2,1,23.0,1,60.0
3291,a,IMO,PSA,SG,2,1,60.1,0,0
2267,,IMO,PSA,SG,3,0,0,1,22.9
2267,,IMO,PSA,SG,3,1,23.0,1,60.0
2267,,IMO,PSA,SG,3,1,60.1,0,0
2262,,IMO,PSA,SG,2,0,0,1,-26.1
2262,,IMO,PSA,SG,2,1,-26.0,1,22.9
2262,,IMO,PSA,SG,2,1,23.0,1,60.0
2262,,IMO,PSA,SG,2,1,60.1,0,0
2311,,IMO,PSA,SG,3,0,0,1,22.9
2311,,IMO,PSA,SG,3,1,23.0,1,60.0
2311,,IMO,PSA,SG,3,1,60.1,0,0
3426,,IMO,PSA,SG,3,0,0,1,22.9
3426,,IMO,PSA,SG,3,1,23.0,1,60.0
3426,,IMO,PSA,SG,3,1,60.1,0,0
2781,b,IMO,PSA,SG,3,0,0,1,22.9
2781,b,IMO,PSA,SG,3,1,23.0,1,60.0
2781,b,IMO,PSA,SG,3,1,60.1,0,0
2781,b,IMO,PSA,SG,3,1,60.1,0,0
2627,,IMO,PSA,SG,1D,0,0,1,-26.1
2627,,IMO,PSA,SG,1D,1,-26.0,0,0
1185,,IMO,PSA,SG,2,1,-26,1,22.9
3231,a,IMO,PSA,SG,2,0,0,1,-26.1
3231,a,IMO,PSA,SG,2,1,-26.0,1,22.9
3231,a,IMO,PSA,SG,2,1,23.0,1,60.0
3231,a,IMO,PSA,SG,2,1,60.1,0,0
1163,,IMO,PSA,SG,2,0,0,1,-26.1
1163,,IMO,PSA,SG,2,1,-26.0,1,22.9
1163,,IMO,PSA,SG,2,1,23.0,1,60.0
1163,,IMO,PSA,SG,2,1,60.1,0,0
367,,IMO,PSA,SG,2,0,0,1,-26.1
367,,IMO,PSA,SG,2,1,-26.0,1,22.9
367,,IMO,PSA,SG,2,1,23.0,1,60.0
367,,IMO,PSA,SG,2,1,60.1,0,0
1749,,IMO,PSA,SG,2,0,0,1,-26.1
1749,,IMO,PSA,SG,2,1,-26.0,1,22.9
1749,,IMO,PSA,SG,2,1,23.0,1,60.0
1749,,IMO,PSA,SG,2,1,60.1,0,0
3296,b,IMO,PSA,SG,3,0,0,1,22.9
3296,b,IMO,PSA,SG,3,1,23.0,1,60.0
3296,b,IMO,PSA,SG,3,1,60.1,0,0
2947,,IMO,PSA,SG,3,1,23,1,60
1364,,IMO,PSA,SG,3,0,0,1,22.9
1364,,IMO,PSA,SG,3,1,23.0,1,60.0
1364,,IMO,PSA,SG,3,1,60.1,0,0
1601,a,IMO,PSA,SG,2,0,0,1,-26.1
1601,a,IMO,PSA,SG,2,1,-26.0,1,22.9
1601,a,IMO,PSA,SG,2,1,23.0,1,60.0
1601,a,IMO,PSA,SG,2,1,60.1,0,0
2775,c,IMO,PSA,SG,3,0,0,1,22.9
2775,c,IMO,PSA,SG,3,1,23.0,1,60.0
2775,c,IMO,PSA,SG,3,1,60.1,0,0
2775,c,IMO,PSA,SG,3,1,60.1,0,0
3252,a,IMO,PSA,SG,2,0,0,1,-26.1
3252,a,IMO,PSA,SG,2,1,-26.0,1,22.9
3252,a,IMO,PSA,SG,2,1,23.0,1,60.0
3252,a,IMO,PSA,SG,2,1,60.1,0,0
2000,,IMO,PSA,SG,3,0,0,1,22.9
2000,,IMO,PSA,SG,3,1,23.0,1,60.0
2000,,IMO,PSA,SG,3,1,60.1,0,0
2465,a,IMO,PSA,SG,3,0,0,1,22.9
2465,a,IMO,PSA,SG,3,1,23.0,1,60.0
2465,a,IMO,PSA,SG,3,1,60.1,0,0
1891,,IMO,PSA,SG,2,0,0,1,-26.1
1891,,IMO,PSA,SG,2,1,-26.0,1,22.9
1891,,IMO,PSA,SG,2,1,23.0,1,60.0
1891,,IMO,PSA,SG,2,1,60.1,0,0
3064,,IMO,PSA,SG,2,0,0,1,-26.1
3064,,IMO,PSA,SG,2,1,-26.0,1,22.9
3064,,IMO,PSA,SG,2,1,23.0,1,60.0
3064,,IMO,PSA,SG,2,1,60.1,0,0
1170,f,IMO,PSA,SG,2S,1,23,1,60
3282,c,IMO,PSA,SG,3,0,0,1,22.9
3282,c,IMO,PSA,SG,3,1,23.0,1,60.0
3282,c,IMO,PSA,SG,3,1,60.1,0,0
3282,c,IMO,PSA,SG,3,1,60.1,0,0
1602,e,IMO,PSA,SG,3,0,0,1,22.9
1602,e,IMO,PSA,SG,3,1,23.0,1,60.0
1602,e,IMO,PSA,SG,3,1,60.1,0,0
1602,e,IMO,PSA,SG,3,1,60.1,0,0
1548,,IMO,PSA,SG,3,0,0,1,22.9
1548,,IMO,PSA,SG,3,1,23.0,1,60.0
1548,,IMO,PSA,SG,3,1,60.1,0,0
2840,,IMO,PSA,SG,3,1,23,1,60
2684,,IMO,PSA,SG,2S,1,23,1,60
424,,IMO,PSA,SG,2,0,0,1,-26.1
424,,IMO,PSA,SG,2,1,-26.0,1,22.9
424,,IMO,PSA,SG,2,1,23.0,1,60.0
424,,IMO,PSA,SG,2,1,60.1,0,0
221,,IMO,PSA,SG,1,0,0,0,0
3113,,IMO,PSA,SG,2,0,0,1,-26.1
3113,,IMO,PSA,SG,2,1,-26.0,1,22.9
3113,,IMO,PSA,SG,2,1,23.0,1,60.0
3113,,IMO,PSA,SG,2,1,60.1,0,0
3148,a,IMO,PSA,SG,1D,0,0,1,-26.1
3148,a,IMO,PSA,SG,1D,1,-26.0,0,0
1032,,IMO,PSA,SG,2,0,0,1,-26.1
1032,,IMO,PSA,SG,2,1,-26.0,1,22.9
1032,,IMO,PSA,SG,2,1,23.0,1,60.0
1032,,IMO,PSA,SG,2,1,60.1,0,0
3150,b,IMO,PSA,SG,2,0,0,1,-26.1
3150,b,IMO,PSA,SG,2,1,-26.0,1,22.9
3150,b,IMO,PSA,SG,2,1,23.0,1,60.0
3150,b,IMO,PSA,SG,2,1,60.1,0,0
504,,IMO,PSA,SG,1,0,0,0,0
462,,IMO,PSA,SG,1,0,0,0,0
3317,,IMO,PSA,SG,2,0,0,1,-26.1
3317,,IMO,PSA,SG,2,1,-26.0,1,22.9
3317,,IMO,PSA,SG,2,1,23.0,1,60.0
3317,,IMO,PSA,SG,2,1,60.1,0,0
1363,,IMO,PSA,SG,3,0,0,1,22.9
1363,,IMO,PSA,SG,3,1,23.0,1,60.0
1363,,IMO,PSA,SG,3,1,60.1,0,0
3348,c,IMO,PSA,SG,3,0,0,1,22.9
3348,c,IMO,PSA,SG,3,1,23.0,1,60.0
3348,c,IMO,PSA,SG,3,1,60.1,0,0
3348,c,IMO,PSA,SG,3,1,60.1,0,0
489,b,IMO,PSA,SG,1,0,0,0,0
3349,a,IMO,PSA,SG,2,0,0,1,-26.1
3349,a,IMO,PSA,SG,2,1,-26.0,1,22.9
3349,a,IMO,PSA,SG,2,1,23.0,1,60.0
3349,a,IMO,PSA,SG,2,1,60.1,0,0
1385,a,IMO,PSA,SG,2,0,0,1,-26.1
1385,a,IMO,PSA,SG,2,1,-26.0,1,22.9
1385,a,IMO,PSA,SG,2,1,23.0,1,60.0
1385,a,IMO,PSA,SG,2,1,60.1,0,0
1687,,IMO,PSA,SG,2,0,0,1,-26.1
1687,,IMO,PSA,SG,2,1,-26.0,1,22.9
1687,,IMO,PSA,SG,2,1,23.0,1,60.0
1687,,IMO,PSA,SG,2,1,60.1,0,0
1599,a,IMO,PSA,SG,2,0,0,1,-26.1
1599,a,IMO,PSA,SG,2,1,-26.0,1,22.9
1599,a,IMO,PSA,SG,2,1,23.0,1,60.0
1599,a,IMO,PSA,SG,2,1,60.1,0,0
3336,c,IMO,PSA,SG,2,1,-26,1,22.9
1662,,IMO,PSA,SG,2,0,0,1,-26.1
1662,,IMO,PSA,SG,2,1,-26.0,1,22.9
1662,,IMO,PSA,SG,2,1,23.0,1,60.0
1662,,IMO,PSA,SG,2,1,60.1,0,0
481,,IMO,PSA,SG,2,0,0,1,-26.1
481,,IMO,PSA,SG,2,1,-26.0,1,22.9
481,,IMO,PSA,SG,2,1,23.0,1,60.0
481,,IMO,PSA,SG,2,1,60.1,0,0
1123,b,IMO,PSA,SG,2S,1,23,1,60
1624,,IMO,PSA,SG,2S,0,0,1,-26.1
1624,,IMO,PSA,SG,2S,1,-26.0,1,22.9
1624,,IMO,PSA,SG,2S,1,23.0,1,60.0
1624,,IMO,PSA,SG,2S,1,60.1,0,0
1725,,IMO,PSA,SG,2,0,0,1,-26.1
1725,,IMO,PSA,SG,2,1,-26.0,1,22.9
1725,,IMO,PSA,SG,2,1,23.0,1,60.0
1725,,IMO,PSA,SG,2,1,60.1,0,0
2929,a,IMO,PSA,SG,1D,0,0,1,-26.1
2929,a,IMO,PSA,SG,2,1,-26.0,1,22.9
2929,a,IMO,PSA,SG,2,1,23.0,1,60.0
1760,b,IMO,PSA,SG,2S,0,0,1,-26.1
1760,b,IMO,PSA,SG,2S,1,-26.0,1,22.9
1760,b,IMO,PSA,SG,2S,1,23.0,1,60.0
1760,b,IMO,PSA,SG,2S,1,60.1,0,0
1760,b,IMO,PSA,SG,2S,1,60.1,0,0
1752,,IMO,PSA,SG,2,0,0,1,-26.1
1752,,IMO,PSA,SG,2,1,-26.0,1,22.9
1752,,IMO,PSA,SG,2,1,23.0,1,60.0
1752,,IMO,PSA,SG,2,1,60.1,0,0
225,,IMO,PSA,SG,1,0,0,0,0
1376,a,IMO,PSA,SG,2,0,0,1,-26.1
1376,a,IMO,PSA,SG,2,1,-26.0,1,22.9
1376,a,IMO,PSA,SG,2,1,23.0,1,60.0
1376,a,IMO,PSA,SG,2,1,60.1,0,0
2336,,IMO,PSA,SG,2,1,-26,1,22.9
3240,,IMO,PSA,SG,2,0,0,1,-26.1
3240,,IMO,PSA,SG,2,1,-26.0,1,22.9
3240,,IMO,PSA,SG,2,1,23.0,1,60.0
3240,,IMO,PSA,SG,2,1,60.1,0,0
214,a,IMO,PSA,SG,1,0,0,0,0
3336,d,IMO,PSA,SG,2,1,-26,1,22.9
1326,,IMO,PSA,SG,2,0,0,1,-26.1
1326,,IMO,PSA,SG,2,1,-26.0,1,22.9
1326,,IMO,PSA,SG,2,1,23.0,1,60.0
1326,,IMO,PSA,SG,2,1,60.1,0,0
340,a,IMO,PSA,SG,1,0,0,0,0
2378,,IMO,PSA,SG,2,1,23,1,60
1266,a,IMO,PSA,SG,2S,1,-26,1,22.9
1228,d,IMO,PSA,SG,2,1,23,1,60
1361,a,IMO,PSA,SG,3,0,0,1,22.9
1361,a,IMO,PSA,SG,3,1,23.0,1,60.0
1361,a,IMO,PSA,SG,3,1,60.1,0,0
1811,,IMO,PSA,SG,2S,0,0,1,-26.1
1811,,IMO,PSA,SG,2S,1,-26.0,1,22.9
1811,,IMO,PSA,SG,2S,1,23.0,1,60.0
1811,,IMO,PSA,SG,2S,1,60.1,0,0
2201,,IMO,PSA,SG,3,0,0,1,22.9
2201,,IMO,PSA,SG,3,1,23.0,1,60.0
2201,,IMO,PSA,SG,3,1,60.1,0,0
1790,a,IMO,PSA,SG,2,0,0,1,-26.1
1790,a,IMO,PSA,SG,2,1,-26.0,1,22.9
1790,a,IMO,PSA,SG,2,1,23.0,1,60.0
1790,a,IMO,PSA,SG,2,1,60.1,0,0
3208,b,IMO,PSA,SG,1D,0,0,1,-26.1
3208,b,IMO,PSA,SG,1D,1,-26.0,0,0
1865,,IMO,PSA,SG,2S,1,-26,1,22.9
2484,,IMO,PSA,SG,2,0,0,1,-26.1
2484,,IMO,PSA,SG,2,1,-26.0,1,22.9
2484,,IMO,PSA,SG,2,1,23.0,1,60.0
2484,,IMO,PSA,SG,2,1,60.1,0,0
1048,,IMO,PSA,SG,2,0,0,1,-26.1
1048,,IMO,PSA,SG,2,1,-26.0,1,22.9
1048,,IMO,PSA,SG,2,1,23.0,1,60.0
1048,,IMO,PSA,SG,2,1,60.1,0,0
2455,,IMO,PSA,SG,1,0,0,0,0
3264,a,IMO,PSA,SG,2,0,0,1,-26.1
3264,a,IMO,PSA,SG,2,1,-26.0,1,22.9
3264,a,IMO,PSA,SG,2,1,23.0,1,60.0
3264,a,IMO,PSA,SG,2,1,60.1,0,0
1327,c,IMO,PSA,SG,3,0,0,1,22.9
1327,c,IMO,PSA,SG,3,1,23.0,1,60.0
1327,c,IMO,PSA,SG,3,1,60.1,0,0
3301,b,IMO,PSA,SG,2,0,0,1,-26.1
3301,b,IMO,PSA,SG,2,1,-26.0,1,22.9
3301,b,IMO,PSA,SG,2,1,23.0,1,60.0
3301,b,IMO,PSA,SG,2,1,60.1,0,0
3350,b,IMO,PSA,SG,2,1,-26,1,22.9
2033,,IMO,PSA,SG,3,0,0,1,22.9
2033,,IMO,PSA,SG,3,1,23.0,1,60.0
2033,,IMO,PSA,SG,3,1,60.1,0,0
1674,,IMO,PSA,SG,2S,0,0,1,-26.1
1674,,IMO,PSA,SG,2S,1,-26.0,1,22.9
1674,,IMO,PSA,SG,2S,1,23.0,1,60.0
1674,,IMO,PSA,SG,2S,1,60.1,0,0
3400,b,IMO,PSA,SG,2,0,0,1,-26.1
3400,b,IMO,PSA,SG,2,1,-26.0,1,22.9
3400,b,IMO,PSA,SG,2,1,23.0,1,60.0
3400,b,IMO,PSA,SG,2,1,60.1,0,0
3293,,IMO,PSA,SG,2S,0,0,1,-26.1
3293,,IMO,PSA,SG,2S,1,-26.0,1,22.9
3293,,IMO,PSA,SG,2S,1,23.0,1,60.0
3293,,IMO,PSA,SG,2S,1,60.1,0,0
401,b,IMO,PSA,SG,1,0,0,0,0
3086,b,IMO,PSA,SG,2,0,0,1,-26.1
3086,b,IMO,PSA,SG,2,1,-26.0,1,22.9
3086,b,IMO,PSA,SG,2,1,23.0,1,60.0
3086,b,IMO,PSA,SG,2,1,60.1,0,0
1798,,IMO,PSA,SG,2,0,0,1,-26.1
1798,,IMO,PSA,SG,2,1,-26.0,1,22.9
1798,,IMO,PSA,SG,2,1,23.0,1,60.0
1798,,IMO,PSA,SG,2,1,60.1,0,0
466,,IMO,PSA,SG,1,0,0,0,0
1219,b,IMO,PSA,SG,2S,1,-26,1,22.9
1046,,IMO,PSA,SG,3,0,0,1,22.9
1046,,IMO,PSA,SG,3,1,23.0,1,60.0
1046,,IMO,PSA,SG,3,1,60.1,0,0
2279,,IMO,PSA,SG,2S,0,0,1,-26.1
2279,,IMO,PSA,SG,2S,1,-26.0,1,22.9
2279,,IMO,PSA,SG,2S,1,23.0,1,60.0
2279,,IMO,PSA,SG,2S,1,60.1,0,0
3214,,IMO,PSA,SG,1D,0,0,1,-26.1
3214,,IMO,PSA,SG,1D,1,-26.0,0,0
3319,,IMO,PSA,SG,2,0,0,1,-26.1
3319,,IMO,PSA,SG,2,1,-26.0,1,22.9
3319,,IMO,PSA,SG,2,1,23.0,1,60.0
3319,,IMO,PSA,SG,2,1,60.1,0,0
1541,,IMO,PSA,SG,2,0,0,1,-26.1
1541,,IMO,PSA,SG,2,1,-26.0,1,22.9
1541,,IMO,PSA,SG,2,1,23.0,1,60.0
1541,,IMO,PSA,SG,2,1,60.1,0,0
2213,,IMO,PSA,SG,3,0,0,1,22.9
2213,,IMO,PSA,SG,3,1,23.0,1,60.0
2213,,IMO,PSA,SG,3,1,60.1,0,0
1848,,IMO,PSA,SG,3,0,0,1,22.9
1848,,IMO,PSA,SG,3,1,23.0,1,60.0
1848,,IMO,PSA,SG,3,1,60.1,0,0
2989,a,IMO,PSA,SG,2,0,0,1,-26.1
2989,a,IMO,PSA,SG,2,1,-26.0,1,22.9
2989,a,IMO,PSA,SG,2,1,23.0,1,60.0
2989,a,IMO,PSA,SG,2,1,60.1,0,0
2438,,IMO,PSA,SG,2,0,0,1,-26.1
2438,,IMO,PSA,SG,2,1,-26.0,1,22.9
2438,,IMO,PSA,SG,2,1,23.0,1,60.0
2438,,IMO,PSA,SG,2,1,60.1,0,0
3329,c,IMO,PSA,SG,2,0,0,1,-26.1
3329,c,IMO,PSA,SG,2,1,-26.0,1,22.9
3329,c,IMO,PSA,SG,2,1,23.0,1,60.0
3329,c,IMO,PSA,SG,2,1,60.1,0,0
2038,,IMO,PSA,SG,2,0,0,1,-26.1
2038,,IMO,PSA,SG,2,1,-26.0,1,22.9
2038,,IMO,PSA,SG,2,1,23.0,1,60.0
2038,,IMO,PSA,SG,2,1,60.1,0,0
2683,b,IMO,PSA,SG,2,0,0,1,-26.1
2683,b,IMO,PSA,SG,2,1,-26.0,1,22.9
2683,b,IMO,PSA,SG,2,1,23.0,1,60.0
2683,b,IMO,PSA,SG,2,1,60.1,0,0
378,,IMO,PSA,SG,2,0,0,1,-26.1
378,,IMO,PSA,SG,2,1,-26.0,1,22.9
378,,IMO,PSA,SG,2,1,23.0,1,60.0
378,,IMO,PSA,SG,2,1,60.1,0,0
1958,b,IMO,PSA,SG,3,0,0,1,22.9
1958,b,IMO,PSA,SG,3,1,23.0,1,60.0
1958,b,IMO,PSA,SG,3,1,60.1,0,0
3187,b,IMO,PSA,SG,2,0,0,1,-26.1
3187,b,IMO,PSA,SG,2,1,-26.0,1,22.9
3187,b,IMO,PSA,SG,2,1,23.0,1,60.0
3187,b,IMO,PSA,SG,2,1,60.1,0,0
1202,a,IMO,PSA,SG,2S,1,23,1,60
129,,IMO,PSA,SG,1,0,0,0,0
3130,c,IMO,PSA,SG,1D,0,0,1,-26.1
3130,c,IMO,PSA,SG,1D,1,-26.0,0,0
1918,,IMO,PSA,SG,3,1,23,1,60
390,b,IMO,PSA,SG,1,0,0,0,0
2546,a,IMO,PSA,SG,2,0,0,1,-26.1
2546,a,IMO,PSA,SG,2,1,-26.0,1,22.9
2546,a,IMO,PSA,SG,2,1,23.0,1,60.0
2546,a,IMO,PSA,SG,2,1,60.1,0,0
1655,f,IMO,PSA,SG,3,0,0,1,22.9
1655,f,IMO,PSA,SG,3,1,23.0,1,60.0
1655,f,IMO,PSA,SG,3,1,60.1,0,0
1655,f,IMO,PSA,SG,3,1,60.1,0,0
1572,,IMO,PSA,SG,2S,0,0,1,-26.1
1572,,IMO,PSA,SG,2S,1,-26.0,1,22.9
1572,,IMO,PSA,SG,2S,1,23.0,1,60.0
1572,,IMO,PSA,SG,2S,1,60.1,0,0
1170,b,IMO,PSA,SG,2S,1,-26,1,22.9
2037,q,IMO,PSA,SG,2,0,0,1,-26.1
2037,q,IMO,PSA,SG,2,1,-26.0,1,22.9
2037,q,IMO,PSA,SG,2,1,23.0,1,60.0
2037,q,IMO,PSA,SG,2,1,60.1,0,0
3179,b,IMO,PSA,SG,3,0,0,1,22.9
3179,b,IMO,PSA,SG,3,1,23.0,1,60.0
3179,b,IMO,PSA,SG,3,1,60.1,0,0
3179,b,IMO,PSA,SG,3,1,23.0,1,60.0
3179,b,IMO,PSA,SG,3,1,60.1,0,0
3144,c,IMO,PSA,SG,2,0,0,1,-26.1
3144,c,IMO,PSA,SG,2,1,-26.0,1,22.9
3144,c,IMO,PSA,SG,2,1,23.0,1,60.0
3144,c,IMO,PSA,SG,2,1,60.1,0,0
3172,a,IMO,PSA,SG,2,0,0,1,-26.1
3172,a,IMO,PSA,SG,2,1,-26.0,1,22.9
3172,a,IMO,PSA,SG,2,1,23.0,1,60.0
3172,a,IMO,PSA,SG,2,1,60.1,0,0
3235,,IMO,PSA,SG,2,0,0,1,-26.1
3235,,IMO,PSA,SG,2,1,-26.0,1,22.9
3235,,IMO,PSA,SG,2,1,23.0,1,60.0
3235,,IMO,PSA,SG,2,1,60.1,0,0
321,,IMO,PSA,SG,1,0,0,0,0
3024,b,IMO,PSA,SG,2,1,-26,1,22.9
1228,b,IMO,PSA,SG,1D,0,0,1,-26.1
1228,b,IMO,PSA,SG,2,1,-26,1,22.9
2759,c,IMO,PSA,SG,2,0,0,1,-26.1
2759,c,IMO,PSA,SG,2,1,-26.0,1,22.9
2759,c,IMO,PSA,SG,2,1,23.0,1,60.0
2759,c,IMO,PSA,SG,2,1,60.1,0,0
2735,d,IMO,PSA,SG,2S,0,0,1,-26.1
2735,d,IMO,PSA,SG,2S,1,-26.0,1,22.9
2735,d,IMO,PSA,SG,2S,1,23.0,1,60.0
2735,d,IMO,PSA,SG,2S,1,60.1,0,0
2735,d,IMO,PSA,SG,2S,1,60.1,0,0
2772,a,IMO,PSA,SG,2,1,-26,1,22.9
2422,b,IMO,PSA,SG,3,0,0,1,22.9
2422,b,IMO,PSA,SG,3,1,23.0,1,60.0
2422,b,IMO,PSA,SG,3,1,60.1,0,0
1387,,IMO,PSA,SG,2,0,0,1,-26.1
1387,,IMO,PSA,SG,2,1,-26.0,1,22.9
1387,,IMO,PSA,SG,2,1,23.0,1,60.0
1387,,IMO,PSA,SG,2,1,60.1,0,0
344,,IMO,PSA,SG,2,0,0,1,-26.1
344,,IMO,PSA,SG,2,1,-26.0,1,22.9
344,,IMO,PSA,SG,2,1,23.0,1,60.0
344,,IMO,PSA,SG,2,1,60.1,0,0
1170,c,IMO,PSA,SG,2S,1,-26,1,22.9
1219,a,IMO,PSA,SG,2S,1,-26,1,22.9
2880,d,IMO,PSA,SG,3,0,0,1,22.9
2880,d,IMO,PSA,SG,3,1,23.0,1,60.0
2880,d,IMO,PSA,SG,3,1,60.1,0,0
3180,a,IMO,PSA,SG,2,0,0,1,-26.1
3180,a,IMO,PSA,SG,2,1,-26.0,1,22.9
3180,a,IMO,PSA,SG,2,1,23.0,1,60.0
3180,a,IMO,PSA,SG,2,1,60.1,0,0
3180,a,IMO,PSA,SG,2S,1,-26.0,1,22.9
3180,a,IMO,PSA,SG,2S,1,23.0,1,60.0
3180,a,IMO,PSA,SG,2S,1,60.1,0,0
2305,,IMO,PSA,SG,3,0,0,1,22.9
2305,,IMO,PSA,SG,3,1,23.0,1,60.0
2305,,IMO,PSA,SG,3,1,60.1,0,0
1203,b,IMO,PSA,SG,1S,0,0,1,-26.1
3348,b,IMO,PSA,SG,2,0,0,1,-26.1
3348,b,IMO,PSA,SG,2,1,-26.0,1,22.9
3348,b,IMO,PSA,SG,2,1,23.0,1,60.0
3348,b,IMO,PSA,SG,2,1,60.1,0,0
1070,,IMO,PSA,SG,3,0,0,1,22.9
1070,,IMO,PSA,SG,3,1,23.0,1,60.0
1070,,IMO,PSA,SG,3,1,60.1,0,0
1747,,IMO,PSA,SG,2,0,0,1,-26.1
1747,,IMO,PSA,SG,2,1,-26.0,1,22.9
1747,,IMO,PSA,SG,2,1,23.0,1,60.0
1747,,IMO,PSA,SG,2,1,60.1,0,0
1246,,IMO,PSA,SG,2S,1,-26,1,22.9
2362,,IMO,PSA,SG,2S,1,-26,1,22.9
460,,IMO,PSA,SG,2,0,0,1,-26.1
460,,IMO,PSA,SG,2,1,-26.0,1,22.9
460,,IMO,PSA,SG,2,1,23.0,1,60.0
460,,IMO,PSA,SG,2,1,60.1,0,0
1352,,IMO,PSA,SG,2,0,0,1,-26.1
1352,,IMO,PSA,SG,2,1,-26.0,1,22.9
1352,,IMO,PSA,SG,2,1,23.0,1,60.0
1352,,IMO,PSA,SG,2,1,60.1,0,0
451,,IMO,PSA,SG,1,0,0,0,0
1235,,IMO,PSA,SG,2S,1,-26,1,22.9
2822,,IMO,PSA,SG,3,0,0,1,22.9
2822,,IMO,PSA,SG,3,1,23.0,1,60.0
2822,,IMO,PSA,SG,3,1,60.1,0,0
485,,IMO,PSA,SG,2,0,0,1,-26.1
485,,IMO,PSA,SG,2,1,-26.0,1,22.9
485,,IMO,PSA,SG,2,1,23.0,1,60.0
485,,IMO,PSA,SG,2,1,60.1,0,0
2855,,IMO,PSA,SG,3,0,0,1,22.9
2855,,IMO,PSA,SG,3,1,23.0,1,60.0
2855,,IMO,PSA,SG,3,1,60.1,0,0
2424,b,IMO,PSA,SG,3,0,0,1,22.9
2424,b,IMO,PSA,SG,3,1,23.0,1,60.0
2424,b,IMO,PSA,SG,3,1,60.1,0,0
2525,,IMO,PSA,SG,3,0,0,1,22.9
2525,,IMO,PSA,SG,3,1,23.0,1,60.0
2525,,IMO,PSA,SG,3,1,60.1,0,0
2781,c,IMO,PSA,SG,3,0,0,1,22.9
2781,c,IMO,PSA,SG,3,1,23.0,1,60.0
2781,c,IMO,PSA,SG,3,1,60.1,0,0
2781,c,IMO,PSA,SG,3,1,60.1,0,0
3143,f,IMO,PSA,SG,3,0,0,1,22.9
3143,f,IMO,PSA,SG,3,1,23.0,1,60.0
3143,f,IMO,PSA,SG,3,1,60.1,0,0
3143,f,IMO,PSA,SG,3,1,60.1,0,0
2037,r,IMO,PSA,SG,2,0,0,1,-26.1
2037,r,IMO,PSA,SG,2,1,-26.0,1,22.9
2037,r,IMO,PSA,SG,2,1,23.0,1,60.0
2037,r,IMO,PSA,SG,2,1,60.1,0,0
1648,,IMO,PSA,SG,2,1,-26,1,22.9
2059,b,IMO,PSA,SG,2S,1,-26,1,22.9
2047,b,IMO,PSA,SG,2S,1,23,1,60
208,b,IMO,PSA,SG,1,0,0,0,0
1153,b,IMO,PSA,SG,2S,1,23,1,60
2567,,IMO,PSA,SG,3,0,0,1,22.9
2567,,IMO,PSA,SG,3,1,23.0,1,60.0
2567,,IMO,PSA,SG,3,1,60.1,0,0
2454,b,IMO,PSA,SG,2S,0,0,1,-26.1
2454,b,IMO,PSA,SG,2S,1,-26.0,1,22.9
2454,b,IMO,PSA,SG,2S,1,23.0,1,60.0
2454,b,IMO,PSA,SG,2S,1,60.1,0,0
2265,,IMO,PSA,SG,2S,1,23,1,60
2236,,IMO,PSA,SG,3,0,0,1,22.9
2236,,IMO,PSA,SG,3,1,23.0,1,60.0
2236,,IMO,PSA,SG,3,1,60.1,0,0
3143,b,IMO,PSA,SG,2,0,0,1,-26.1
3143,b,IMO,PSA,SG,2,1,-26.0,1,22.9
3143,b,IMO,PSA,SG,2,1,23.0,1,60.0
3143,b,IMO,PSA,SG,2,1,60.1,0,0
1210,a,IMO,PSA,SG,1S,0,0,1,-26.1
2870,a,IMO,PSA,SG,1D,0,0,1,-26.1
2870,a,IMO,PSA,SG,1D,1,-26.0,0,0
1989,b,IMO,PSA,SG,2S,1,-26,1,22.9
2785,,IMO,PSA,SG,3,0,0,1,22.9
2785,,IMO,PSA,SG,3,1,23.0,1,60.0
2785,,IMO,PSA,SG,3,1,60.1,0,0
1731,a,IMO,PSA,SG,2S,0,0,1,-26.1
1731,a,IMO,PSA,SG,2S,1,-26.0,1,22.9
1731,a,IMO,PSA,SG,2S,1,23.0,1,60.0
1731,a,IMO,PSA,SG,2S,1,60.1,0,0
1994,,IMO,PSA,SG,2,0,0,1,-26.1
1994,,IMO,PSA,SG,2,1,-26.0,1,22.9
1994,,IMO,PSA,SG,2,1,23.0,1,60.0
1994,,IMO,PSA,SG,2,1,60.1,0,0
3094,a,IMO,PSA,SG,2,0,0,1,-26.1
3094,a,IMO,PSA,SG,2,1,-26.0,1,22.9
3094,a,IMO,PSA,SG,2,1,23.0,1,60.0
3094,a,IMO,PSA,SG,2,1,60.1,0,0
2617,,IMO,PSA,SG,3,1,23,1,60
450,,IMO,PSA,SG,1,0,0,0,0
1013,,IMO,PSA,SG,3,0,0,1,22.9
1013,,IMO,PSA,SG,3,1,23.0,1,60.0
1013,,IMO,PSA,SG,3,1,60.1,0,0
3089,a,IMO,PSA,SG,2,0,0,1,-26.1
3089,a,IMO,PSA,SG,2,1,-26.0,1,22.9
3089,a,IMO,PSA,SG,2,1,23.0,1,60.0
3089,a,IMO,PSA,SG,2,1,60.1,0,0
3089,a,IMO,PSA,SG,2S,1,-26.0,1,22.9
3089,a,IMO,PSA,SG,2S,1,23.0,1,60.0
3089,a,IMO,PSA,SG,2S,1,60.1,0,0
1711,,IMO,PSA,SG,3,0,0,1,22.9
1711,,IMO,PSA,SG,3,1,23.0,1,60.0
1711,,IMO,PSA,SG,3,1,60.1,0,0
357,,IMO,PSA,SG,1,0,0,0,0
3440,a,IMO,PSA,SG,2,0,0,1,-26.1
3440,a,IMO,PSA,SG,2,1,-26.0,1,22.9
3440,a,IMO,PSA,SG,2,1,23.0,1,60.0
3440,a,IMO,PSA,SG,2,1,60.1,0,0
3066,a,IMO,PSA,SG,2,0,0,1,-26.1
3066,a,IMO,PSA,SG,2,1,-26.0,1,22.9
3066,a,IMO,PSA,SG,2,1,23.0,1,60.0
3066,a,IMO,PSA,SG,2,1,60.1,0,0
1247,,IMO,PSA,SG,2S,1,-26,1,22.9
1436,b,IMO,PSA,SG,2,0,0,1,-26.1
1436,b,IMO,PSA,SG,2,1,-26.0,1,22.9
1436,b,IMO,PSA,SG,2,1,23.0,1,60.0
1436,b,IMO,PSA,SG,2,1,60.1,0,0
3378,a,IMO,PSA,SG,2,0,0,1,-26.1
3378,a,IMO,PSA,SG,2,1,-26.0,1,22.9
3378,a,IMO,PSA,SG,2,1,23.0,1,60.0
3378,a,IMO,PSA,SG,2,1,60.1,0,0
492,,IMO,PSA,SG,2,0,0,1,-26.1
492,,IMO,PSA,SG,2,1,-26.0,1,22.9
492,,IMO,PSA,SG,2,1,23.0,1,60.0
492,,IMO,PSA,SG,2,1,60.1,0,0
2075,,IMO,PSA,SG,2,0,0,1,-26.1
2075,,IMO,PSA,SG,2,1,-26.0,1,22.9
2075,,IMO,PSA,SG,2,1,23.0,1,60.0
2075,,IMO,PSA,SG,2,1,60.1,0,0
2995,b,IMO,PSA,SG,2,1,23,1,60
2669,a,IMO,PSA,SG,3,0,0,1,22.9
2669,a,IMO,PSA,SG,3,1,23.0,1,60.0
2669,a,IMO,PSA,SG,3,1,60.1,0,0
1244,,IMO,PSA,SG,2,0,0,1,-26.1
1244,,IMO,PSA,SG,2,1,-26.0,1,22.9
1244,,IMO,PSA,SG,2,1,23.0,1,60.0
1244,,IMO,PSA,SG,2,1,60.1,0,0
3354,,IMO,PSA,SG,1D,0,0,1,-26.1
3354,,IMO,PSA,SG,1D,1,-26.0,0,0
1197,a,IMO,PSA,SG,2S,1,-26,1,22.9
1849,,IMO,PSA,SG,2S,0,0,1,-26.1
1849,,IMO,PSA,SG,2S,1,-26.0,1,22.9
1849,,IMO,PSA,SG,2S,1,23.0,1,60.0
1849,,IMO,PSA,SG,2S,1,60.1,0,0
1726,,IMO,PSA,SG,3,0,0,1,22.9
1726,,IMO,PSA,SG,3,1,23.0,1,60.0
1726,,IMO,PSA,SG,3,1,60.1,0,0
1203,c,IMO,PSA,SG,1S,0,0,1,-26.1
3414,a,IMO,PSA,SG,2,0,0,1,-26.1
3414,a,IMO,PSA,SG,2,1,-26.0,1,22.9
3414,a,IMO,PSA,SG,2,1,23.0,1,60.0
3414,a,IMO,PSA,SG,2,1,60.1,0,0
1313,,IMO,PSA,SG,3,0,0,1,22.9
1313,,IMO,PSA,SG,3,1,23.0,1,60.0
1313,,IMO,PSA,SG,3,1,60.1,0,0
1147,,IMO,PSA,SG,3,1,23,1,60
1324,,IMO,PSA,SG,3,0,0,1,22.9
1324,,IMO,PSA,SG,3,1,23.0,1,60.0
1324,,IMO,PSA,SG,3,1,60.1,0,0
3407,b,IMO,PSA,SG,1D,0,0,1,-26.1
3407,b,IMO,PSA,SG,1D,1,-26.0,0,0
266,a,IMO,PSA,SG,1,0,0,0,0
1105,a,IMO,PSA,SG,2S,1,-26,1,22.9
3104,b,IMO,PSA,SG,2,0,0,1,-26.1
3104,b,IMO,PSA,SG,2,1,-26.0,1,22.9
3104,b,IMO,PSA,SG,2,1,23.0,1,60.0
3104,b,IMO,PSA,SG,2,1,60.1,0,0
3361,,IMO,PSA,SG,2,0,0,1,-26.1
3361,,IMO,PSA,SG,2,1,-26.0,1,22.9
3361,,IMO,PSA,SG,2,1,23.0,1,60.0
3361,,IMO,PSA,SG,2,1,60.1,0,0
1134,,IMO,PSA,SG,2S,1,23,1,60
1753,,IMO,PSA,SG,2,0,0,1,-26.1
1753,,IMO,PSA,SG,2,1,-26.0,1,22.9
1753,,IMO,PSA,SG,2,1,23.0,1,60.0
1753,,IMO,PSA,SG,2,1,60.1,0,0
2187,,IMO,PSA,SG,3,0,0,1,22.9
2187,,IMO,PSA,SG,3,1,23.0,1,60.0
2187,,IMO,PSA,SG,3,1,60.1,0,0
1623,,IMO,PSA,SG,2,0,0,1,-26.1
1623,,IMO,PSA,SG,2,1,-26.0,1,22.9
1623,,IMO,PSA,SG,2,1,23.0,1,60.0
1623,,IMO,PSA,SG,2,1,60.1,0,0
3421,a,IMO,PSA,SG,2S,0,0,1,-26.1
3421,a,IMO,PSA,SG,2S,1,-26.0,1,22.9
3421,a,IMO,PSA,SG,2S,1,23.0,1,60.0
3421,a,IMO,PSA,SG,2S,1,60.1,0,0
3139,c,IMO,PSA,SG,1D,0,0,1,-26.1
3139,c,IMO,PSA,SG,1D,1,-26.0,0,0
153,a,IMO,PSA,SG,1,0,0,0,0
2339,,IMO,PSA,SG,2S,1,-26,1,22.9
2857,,IMO,PSA,SG,2S,0,0,1,-26.1
2857,,IMO,PSA,SG,2S,1,-26.0,1,22.9
2857,,IMO,PSA,SG,2S,1,23.0,1,60.0
2857,,IMO,PSA,SG,2S,1,60.1,0,0
2784,b,IMO,PSA,SG,2,1,-26,1,22.9
2026,a,IMO,PSA,SG,2,0,0,1,-26.1
2026,a,IMO,PSA,SG,2,1,-26.0,1,22.9
2026,a,IMO,PSA,SG,2,1,23.0,1,60.0
2026,a,IMO,PSA,SG,2,1,60.1,0,0
2527,,IMO,PSA,SG,2S,1,23,1,60
209,e,IMO,PSA,SG,1,0,0,0,0
3262,b,IMO,PSA,SG,3,0,0,1,22.9
3262,b,IMO,PSA,SG,3,1,23.0,1,60.0
3262,b,IMO,PSA,SG,3,1,60.1,0,0
2817,a,IMO,PSA,SG,2S,0,0,1,-26.1
2817,a,IMO,PSA,SG,2S,1,-26.0,1,22.9
2817,a,IMO,PSA,SG,2S,1,23.0,1,60.0
2817,a,IMO,PSA,SG,2S,1,60.1,0,0
2801,d,IMO,PSA,SG,2S,0,0,1,-26.1
2801,d,IMO,PSA,SG,2S,1,-26.0,1,22.9
2801,d,IMO,PSA,SG,2S,1,23.0,1,60.0
2801,d,IMO,PSA,SG,2S,1,60.1,0,0
2801,d,IMO,PSA,SG,2S,1,60.1,0,0
3376,,IMO,PSA,SG,2,0,0,1,-26.1
3376,,IMO,PSA,SG,2,1,-26.0,1,22.9
3376,,IMO,PSA,SG,2,1,23.0,1,60.0
3376,,IMO,PSA,SG,2,1,60.1,0,0
2862,,IMO,PSA,SG,2,0,0,1,-26.1
2862,,IMO,PSA,SG,2,1,-26.0,1,22.9
2862,,IMO,PSA,SG,2,1,23.0,1,60.0
2862,,IMO,PSA,SG,2,1,60.1,0,0
2994,c,IMO,PSA,SG,2,0,0,1,-26.1
2994,c,IMO,PSA,SG,2,1,-26.0,1,22.9
2994,c,IMO,PSA,SG,2,1,23.0,1,60.0
2994,c,IMO,PSA,SG,2,1,60.1,0,0
1600,,IMO,PSA,SG,2,0,0,1,-26.1
1600,,IMO,PSA,SG,2,1,-26.0,1,22.9
1600,,IMO,PSA,SG,2,1,23.0,1,60.0
1600,,IMO,PSA,SG,2,1,60.1,0,0
2385,,IMO,PSA,SG,2S,1,-26,1,22.9
1908,b,IMO,PSA,SG,2,0,0,1,-26.1
1908,b,IMO,PSA,SG,2,1,-26.0,1,22.9
1908,b,IMO,PSA,SG,2,1,23.0,1,60.0
1908,b,IMO,PSA,SG,2,1,60.1,0,0
2813,b,IMO,PSA,SG,1D,0,0,1,-26.1
2813,b,IMO,PSA,SG,1D,1,-26.0,0,0
2811,c,IMO,PSA,SG,3,0,0,1,22.9
2811,c,IMO,PSA,SG,3,1,23.0,1,60.0
2811,c,IMO,PSA,SG,3,1,60.1,0,0
2811,c,IMO,PSA,SG,3,1,60.1,0,0
3280,b,IMO,PSA,SG,2,0,0,1,-26.1
3280,b,IMO,PSA,SG,2,1,-26.0,1,22.9
3280,b,IMO,PSA,SG,2,1,23.0,1,60.0
3280,b,IMO,PSA,SG,2,1,60.1,0,0
1651,,IMO,PSA,SG,2,0,0,1,-26.1
1651,,IMO,PSA,SG,2,1,-26.0,1,22.9
1651,,IMO,PSA,SG,2,1,23.0,1,60.0
1651,,IMO,PSA,SG,2,1,60.1,0,0
2786,a,IMO,PSA,SG,2,0,0,1,-26.1
2786,a,IMO,PSA,SG,2,1,-26.0,1,22.9
2786,a,IMO,PSA,SG,2,1,23.0,1,60.0
2786,a,IMO,PSA,SG,2,1,60.1,0,0
1449,,IMO,PSA,SG,3,0,0,1,22.9
1449,,IMO,PSA,SG,3,1,23.0,1,60.0
1449,,IMO,PSA,SG,3,1,60.1,0,0
106,,IMO,PSA,SG,1,0,0,0,0
1507,,IMO,PSA,SG,3,0,0,1,22.9
1507,,IMO,PSA,SG,3,1,23.0,1,60.0
1507,,IMO,PSA,SG,3,1,60.1,0,0
2232,,IMO,PSA,SG,2,0,0,1,-26.1
2232,,IMO,PSA,SG,2,1,-26.0,1,22.9
2232,,IMO,PSA,SG,2,1,23.0,1,60.0
2232,,IMO,PSA,SG,2,1,60.1,0,0
215,c,IMO,PSA,SG,1,0,0,0,0
1374,c,IMO,PSA,SG,3,0,0,1,22.9
1374,c,IMO,PSA,SG,3,1,23.0,1,60.0
1374,c,IMO,PSA,SG,3,1,60.1,0,0
2240,,IMO,PSA,SG,2,0,0,1,-26.1
2240,,IMO,PSA,SG,2,1,-26.0,1,22.9
2240,,IMO,PSA,SG,2,1,23.0,1,60.0
2240,,IMO,PSA,SG,2,1,60.1,0,0
3025,b,IMO,PSA,SG,2,1,23,1,60
3013,c,IMO,PSA,SG,3,1,23,1,60
3086,a,IMO,PSA,SG,2,0,0,1,-26.1
3086,a,IMO,PSA,SG,2,1,-26.0,1,22.9
3086,a,IMO,PSA,SG,2,1,23.0,1,60.0
3086,a,IMO,PSA,SG,2,1,60.1,0,0
1183,,IMO,PSA,SG,2,1,-26.0,1,22.9
1183,,IMO,PSA,SG,2,1,23.0,1,60.0
1183,,IMO,PSA,SG,2,1,60.1,0,0
1905,,IMO,PSA,SG,2,0,0,1,-26.1
1905,,IMO,PSA,SG,2,1,-26.0,1,22.9
1905,,IMO,PSA,SG,2,1,23.0,1,60.0
1905,,IMO,PSA,SG,2,1,60.1,0,0
4,a,IMO,PSA,SG,1,0,0,0,0
1345,b,IMO,PSA,SG,3,0,0,1,22.9
1345,b,IMO,PSA,SG,3,1,23.0,1,60.0
1345,b,IMO,PSA,SG,3,1,60.1,0,0
435,,IMO,PSA,SG,2,0,0,1,-26.1
435,,IMO,PSA,SG,2,1,-26.0,1,22.9
435,,IMO,PSA,SG,2,1,23.0,1,60.0
435,,IMO,PSA,SG,2,1,60.1,0,0
2905,a,IMO,PSA,SG,3,0,0,1,22.9
2905,a,IMO,PSA,SG,3,1,23.0,1,60.0
2905,a,IMO,PSA,SG,3,1,60.1,0,0
168,,IMO,PSA,SG,1,0,0,0,0
1472,,IMO,PSA,SG,3,0,0,1,22.9
1472,,IMO,PSA,SG,3,1,23.0,1,60.0
1472,,IMO,PSA,SG,3,1,60.1,0,0
1179,,IMO,PSA,SG,2S,1,-26,1,22.9
3209,c,IMO,PSA,SG,1D,0,0,1,-26.1
3209,c,IMO,PSA,SG,1D,1,-26.0,0,0
1009,b,IMO,PSA,SG,3,0,0,1,22.9
1009,b,IMO,PSA,SG,3,1,23.0,1,60.0
1009,b,IMO,PSA,SG,3,1,60.1,0,0
1307,a,IMO,PSA,SG,2S,1,-26,1,22.9
1411,,IMO,PSA,SG,1D,0,0,1,-26.1
1411,,IMO,PSA,SG,1D,1,-26.0,0,0
3467,b,IMO,PSA,SG,3,0,0,1,22.9
3467,b,IMO,PSA,SG,3,1,23.0,1,60.0
3467,b,IMO,PSA,SG,3,1,60.1,0,0
3467,b,IMO,PSA,SG,3,1,60.1,0,0
2329,,IMO,PSA,SG,2S,1,23,1,60
1471,b,IMO,PSA,SG,3,0,0,1,22.9
1471,b,IMO,PSA,SG,3,1,23.0,1,60.0
1471,b,IMO,PSA,SG,3,1,60.1,0,0
452,,IMO,PSA,SG,2,0,0,1,-26.1
452,,IMO,PSA,SG,2,1,-26.0,1,22.9
452,,IMO,PSA,SG,2,1,23.0,1,60.0
452,,IMO,PSA,SG,2,1,60.1,0,0
1237,,IMO,PSA,SG,2S,1,-26,1,22.9
2677,a,IMO,PSA,SG,3,0,0,1,22.9
2677,a,IMO,PSA,SG,3,1,23.0,1,60.0
2677,a,IMO,PSA,SG,3,1,60.1,0,0
3170,d,IMO,PSA,SG,2,0,0,1,-26.1
3170,d,IMO,PSA,SG,2,1,-26.0,1,22.9
3170,d,IMO,PSA,SG,2,1,23.0,1,60.0
3170,d,IMO,PSA,SG,2,1,60.1,0,0
1243,,IMO,PSA,SG,1S,0,0,1,-26.1
332,b,IMO,PSA,SG,1,0,0,0,0
1634,,IMO,PSA,SG,2S,0,0,1,-26.1
1634,,IMO,PSA,SG,2S,1,-26.0,1,22.9
1634,,IMO,PSA,SG,2S,1,23.0,1,60.0
1634,,IMO,PSA,SG,2S,1,60.1,0,0
1782,,IMO,PSA,SG,3,0,0,1,22.9
1782,,IMO,PSA,SG,3,1,23.0,1,60.0
1782,,IMO,PSA,SG,3,1,60.1,0,0
3437,,IMO,PSA,SG,3,0,0,1,22.9
3437,,IMO,PSA,SG,3,1,23.0,1,60.0
3437,,IMO,PSA,SG,3,1,60.1,0,0
3249,a,IMO,PSA,SG,3,0,0,1,22.9
3249,a,IMO,PSA,SG,3,1,23.0,1,60.0
3249,a,IMO,PSA,SG,3,1,60.1,0,0
2681,a,IMO,PSA,SG,3,0,0,1,22.9
2681,a,IMO,PSA,SG,3,1,23.0,1,60.0
2681,a,IMO,PSA,SG,3,1,60.1,0,0
3111,a,IMO,PSA,SG,1D,0,0,1,-26.1
3111,a,IMO,PSA,SG,1D,1,-26.0,0,0
2389,,IMO,PSA,SG,1S,0,0,1,-26.1
2389,,IMO,PSA,SG,2S,1,-26,1,22.9
2048,,IMO,PSA,SG,3,1,23,1,60
1950,n,IMO,PSA,SG,2S,0,0,1,-26.1
1950,n,IMO,PSA,SG,2S,1,-26.0,1,22.9
1950,n,IMO,PSA,SG,2S,1,23.0,1,60.0
1950,n,IMO,PSA,SG,2S,1,60.1,0,0
2367,,IMO,PSA,SG,2S,1,-26,1,22.9
3102,a,IMO,PSA,SG,1D,0,0,1,-26.1
3102,a,IMO,PSA,SG,1D,1,-26.0,0,0
2709,,IMO,PSA,SG,3,1,23,1,60
2801,c,IMO,PSA,SG,2S,0,0,1,-26.1
2801,c,IMO,PSA,SG,2S,1,-26.0,1,22.9
2801,c,IMO,PSA,SG,2S,1,23.0,1,60.0
2801,c,IMO,PSA,SG,2S,1,60.1,0,0
2801,c,IMO,PSA,SG,2S,1,60.1,0,0
2377,,IMO,PSA,SG,2S,1,-26,1,22.9
42,a,IMO,PSA,SG,1,0,0,0,0
2393,,IMO,PSA,SG,2S,1,-26,1,22.9
282,a,IMO,PSA,SG,1,0,0,0,0
2778,b,IMO,PSA,SG,2,1,-26,1,22.9
3098,a,IMO,PSA,SG,1D,0,0,1,-26.1
3098,a,IMO,PSA,SG,1D,1,-26.0,0,0
3025,c,IMO,PSA,SG,3,1,23,1,60
496,a,IMO,PSA,SG,1,0,0,0,0
3010,b,IMO,PSA,SG,2,0,0,1,-26.1
3010,b,IMO,PSA,SG,2,1,-26.0,1,22.9
3010,b,IMO,PSA,SG,2,1,23.0,1,60.0
3010,b,IMO,PSA,SG,2,1,60.1,0,0
2969,d,IMO,PSA,SG,3,0,0,1,22.9
2969,d,IMO,PSA,SG,3,1,23.0,1,60.0
2969,d,IMO,PSA,SG,3,1,60.1,0,0
218,a,IMO,PSA,SG,1,0,0,0,0
209,d,IMO,PSA,SG,1,0,0,0,0
2786,b,IMO,PSA,SG,3,0,0,1,22.9
2786,b,IMO,PSA,SG,3,1,23.0,1,60.0
2786,b,IMO,PSA,SG,3,1,60.1,0,0
2786,b,IMO,PSA,SG,3,1,60.1,0,0
2515,,IMO,PSA,SG,3,0,0,1,22.9
2515,,IMO,PSA,SG,3,1,23.0,1,60.0
2515,,IMO,PSA,SG,3,1,60.1,0,0
1973,a,IMO,PSA,SG,3,0,0,1,22.9
1973,a,IMO,PSA,SG,3,1,23.0,1,60.0
1973,a,IMO,PSA,SG,3,1,60.1,0,0
3285,a,IMO,PSA,SG,2,0,0,1,-26.1
3285,a,IMO,PSA,SG,2,1,-26.0,1,22.9
3285,a,IMO,PSA,SG,2,1,23.0,1,60.0
3285,a,IMO,PSA,SG,2,1,60.1,0,0
1233,,IMO,PSA,SG,2S,1,23,1,60
1339,,IMO,PSA,SG,2,0,0,1,-26.1
1339,,IMO,PSA,SG,2,1,-26.0,1,22.9
1339,,IMO,PSA,SG,2,1,23.0,1,60.0
1339,,IMO,PSA,SG,2,1,60.1,0,0
3020,c,IMO,PSA,SG,3,0,0,1,22.9
3020,c,IMO,PSA,SG,3,1,23.0,1,60.0
3020,c,IMO,PSA,SG,3,1,60.1,0,0
3020,c,IMO,PSA,SG,3,1,60.1,0,0
3324,a,IMO,PSA,SG,2,0,0,1,-26.1
3324,a,IMO,PSA,SG,2,1,-26.0,1,22.9
3324,a,IMO,PSA,SG,2,1,23.0,1,60.0
3324,a,IMO,PSA,SG,2,1,60.1,0,0
2258,,IMO,PSA,SG,3,0,0,1,22.9
2258,,IMO,PSA,SG,3,1,23.0,1,60.0
2258,,IMO,PSA,SG,3,1,60.1,0,0
3188,a,IMO,PSA,SG,2,0,0,1,-26.1
3188,a,IMO,PSA,SG,2,1,-26.0,1,22.9
3188,a,IMO,PSA,SG,2,1,23.0,1,60.0
3188,a,IMO,PSA,SG,2,1,60.1,0,0
3028,,IMO,PSA,SG,3,0,0,1,22.9
3028,,IMO,PSA,SG,3,1,23.0,1,60.0
3028,,IMO,PSA,SG,3,1,60.1,0,0
2830,,IMO,PSA,SG,2S,0,0,1,-26.1
2830,,IMO,PSA,SG,2S,1,-26.0,1,22.9
2830,,IMO,PSA,SG,2S,1,23.0,1,60.0
2830,,IMO,PSA,SG,2S,1,60.1,0,0
2998,b,IMO,PSA,SG,2,0,0,1,-26.1
2998,b,IMO,PSA,SG,2,1,-26.0,1,22.9
2998,b,IMO,PSA,SG,2,1,23.0,1,60.0
2998,b,IMO,PSA,SG,2,1,60.1,0,0
79,a,IMO,PSA,SG,1,0,0,0,0
1332,,IMO,PSA,SG,3,0,0,1,22.9
1332,,IMO,PSA,SG,3,1,23.0,1,60.0
1332,,IMO,PSA,SG,3,1,60.1,0,0
3284,c,IMO,PSA,SG,3,0,0,1,22.9
3284,c,IMO,PSA,SG,3,1,23.0,1,60.0
3284,c,IMO,PSA,SG,3,1,60.1,0,0
3284,c,IMO,PSA,SG,3,1,60.1,0,0
1384,a,IMO,PSA,SG,2,0,0,1,-26.1
1384,a,IMO,PSA,SG,2,1,-26.0,1,22.9
1384,a,IMO,PSA,SG,2,1,23.0,1,60.0
1384,a,IMO,PSA,SG,2,1,60.1,0,0
207,a,IMO,PSA,SG,1,0,0,0,0
2733,c,IMO,PSA,SG,2S,1,-26,1,22.9
3280,a,IMO,PSA,SG,2,0,0,1,-26.1
3280,a,IMO,PSA,SG,2,1,-26.0,1,22.9
3280,a,IMO,PSA,SG,2,1,23.0,1,60.0
3280,a,IMO,PSA,SG,2,1,60.1,0,0
254,,IMO,PSA,SG,2,0,0,1,-26.1
254,,IMO,PSA,SG,2,1,-26.0,1,22.9
254,,IMO,PSA,SG,2,1,23.0,1,60.0
254,,IMO,PSA,SG,2,1,60.1,0,0
2509,,IMO,PSA,SG,3,0,0,1,22.9
2509,,IMO,PSA,SG,3,1,23.0,1,60.0
2509,,IMO,PSA,SG,3,1,60.1,0,0
105,,IMO,PSA,SG,2,0,0,1,-26.1
105,,IMO,PSA,SG,2,1,-26.0,1,22.9
105,,IMO,PSA,SG,2,1,23.0,1,60.0
105,,IMO,PSA,SG,2,1,60.1,0,0
2577,,IMO,PSA,SG,2,0,0,1,-26.1
2577,,IMO,PSA,SG,2,1,-26.0,1,22.9
2577,,IMO,PSA,SG,2,1,23.0,1,60.0
2577,,IMO,PSA,SG,2,1,60.1,0,0
3178,a,IMO,PSA,SG,2,0,0,1,-26.1
3178,a,IMO,PSA,SG,2,1,-26.0,1,22.9
3178,a,IMO,PSA,SG,2,1,23.0,1,60.0
3178,a,IMO,PSA,SG,2,1,60.1,0,0
3178,a,IMO,PSA,SG,2S,1,-26.0,1,22.9
3178,a,IMO,PSA,SG,2S,1,23.0,1,60.0
3178,a,IMO,PSA,SG,2S,1,60.1,0,0
1292,,IMO,PSA,SG,3,1,23,1,60
2659,,IMO,PSA,SG,3,0,0,1,22.9
2659,,IMO,PSA,SG,3,1,23.0,1,60.0
2659,,IMO,PSA,SG,3,1,60.1,0,0
339,a,IMO,PSA,SG,2,0,0,1,-26.1
339,a,IMO,PSA,SG,2,1,-26.0,1,22.9
339,a,IMO,PSA,SG,2,1,23.0,1,60.0
339,a,IMO,PSA,SG,2,1,60.1,0,0
1862,,IMO,PSA,SG,2S,1,-26,1,22.9
2726,,IMO,PSA,SG,3,0,0,1,22.9
2726,,IMO,PSA,SG,3,1,23.0,1,60.0
2726,,IMO,PSA,SG,3,1,60.1,0,0
2586,a,IMO,PSA,SG,3,0,0,1,22.9
2586,a,IMO,PSA,SG,3,1,23.0,1,60.0
2586,a,IMO,PSA,SG,3,1,60.1,0,0
322,,IMO,PSA,SG,1,0,0,0,0
2983,,IMO,PSA,SG,1D,0,0,1,-26.1
2996,c,IMO,PSA,SG,3,0,0,1,22.9
2996,c,IMO,PSA,SG,3,1,23.0,1,60.0
2996,c,IMO,PSA,SG,3,1,60.1,0,0
2996,c,IMO,PSA,SG,3,1,60.1,0,0
1906,a,IMO,PSA,SG,2,0,0,1,-26.1
1906,a,IMO,PSA,SG,2,1,-26.0,1,22.9
1906,a,IMO,PSA,SG,2,1,23.0,1,60.0
1906,a,IMO,PSA,SG,2,1,60.1,0,0
3209,b,IMO,PSA,SG,1D,0,0,1,-26.1
3209,b,IMO,PSA,SG,1D,1,-26.0,0,0
2557,a,IMO,PSA,SG,2,0,0,1,-26.1
2557,a,IMO,PSA,SG,2,1,-26.0,1,22.9
2557,a,IMO,PSA,SG,2,1,23.0,1,60.0
2557,a,IMO,PSA,SG,2,1,60.1,0,0
1593,,IMO,PSA,SG,3,0,0,1,22.9
1593,,IMO,PSA,SG,3,1,23.0,1,60.0
1593,,IMO,PSA,SG,3,1,60.1,0,0
1444,,IMO,PSA,SG,3,0,0,1,22.9
1444,,IMO,PSA,SG,3,1,23.0,1,60.0
1444,,IMO,PSA,SG,3,1,60.1,0,0
3343,,IMO,PSA,SG,1D,0,0,1,-26.1
3343,,IMO,PSA,SG,2,1,-26,1,22.9
3122,b,IMO,PSA,SG,2,0,0,1,-26.1
3122,b,IMO,PSA,SG,2,1,-26.0,1,22.9
3122,b,IMO,PSA,SG,2,1,23.0,1,60.0
3122,b,IMO,PSA,SG,2,1,60.1,0,0
3192,b,IMO,PSA,SG,2,0,0,1,-26.1
3192,b,IMO,PSA,SG,2,1,-26.0,1,22.9
3192,b,IMO,PSA,SG,2,1,23.0,1,60.0
3192,b,IMO,PSA,SG,2,1,60.1,0,0
1781,,IMO,PSA,SG,2,0,0,1,-26.1
1781,,IMO,PSA,SG,2,1,-26.0,1,22.9
1781,,IMO,PSA,SG,2,1,23.0,1,60.0
1781,,IMO,PSA,SG,2,1,60.1,0,0
1420,,IMO,PSA,SG,2,0,0,1,-26.1
1420,,IMO,PSA,SG,2,1,-26.0,1,22.9
1420,,IMO,PSA,SG,2,1,23.0,1,60.0
1420,,IMO,PSA,SG,2,1,60.1,0,0
3322,d,IMO,PSA,SG,2,0,0,1,-26.1
3322,d,IMO,PSA,SG,2,1,-26.0,1,22.9
3322,d,IMO,PSA,SG,2,1,23.0,1,60.0
3322,d,IMO,PSA,SG,2,1,60.1,0,0
2994,a,IMO,PSA,SG,2,0,0,1,-26.1
2994,a,IMO,PSA,SG,2,1,-26.0,1,22.9
2994,a,IMO,PSA,SG,2,1,23.0,1,60.0
2994,a,IMO,PSA,SG,2,1,60.1,0,0
2902,a,IMO,PSA,SG,2,0,0,1,-26.1
2902,a,IMO,PSA,SG,2,1,-26.0,1,22.9
2902,a,IMO,PSA,SG,2,1,23.0,1,60.0
2902,a,IMO,PSA,SG,2,1,60.1,0,0
118,b,IMO,PSA,SG,1,0,0,0,0
1695,,IMO,PSA,SG,2,0,0,1,-26.1
1695,,IMO,PSA,SG,2,1,-26.0,1,22.9
1695,,IMO,PSA,SG,2,1,23.0,1,60.0
1695,,IMO,PSA,SG,2,1,60.1,0,0
3452,,IMO,PSA,SG,3,0,0,1,22.9
3452,,IMO,PSA,SG,3,1,23.0,1,60.0
3452,,IMO,PSA,SG,3,1,60.1,0,0
4,c,IMO,PSA,SG,1,0,0,0,0
3017,a,IMO,PSA,SG,2,1,23,1,60
2218,,IMO,PSA,SG,2,0,0,1,-26.1
2218,,IMO,PSA,SG,2,1,-26.0,1,22.9
2218,,IMO,PSA,SG,2,1,23.0,1,60.0
2218,,IMO,PSA,SG,2,1,60.1,0,0
3342,a,IMO,PSA,SG,2S,0,0,1,-26.1
3342,a,IMO,PSA,SG,2S,1,-26.0,1,22.9
3342,a,IMO,PSA,SG,2S,1,23.0,1,60.0
3342,a,IMO,PSA,SG,2S,1,60.1,0,0
2839,,IMO,PSA,SG,3,0,0,1,22.9
2839,,IMO,PSA,SG,3,1,23.0,1,60.0
2839,,IMO,PSA,SG,3,1,60.1,0,0
1060,,IMO,PSA,SG,2S,0,0,1,-26.1
1060,,IMO,PSA,SG,2S,1,-26.0,1,22.9
1060,,IMO,PSA,SG,2S,1,23.0,1,60.0
1060,,IMO,PSA,SG,2S,1,60.1,0,0
355,a,IMO,PSA,SG,1,0,0,0,0
1855,a,IMO,PSA,SG,2,0,0,1,-26.1
1855,a,IMO,PSA,SG,2,1,-26.0,1,22.9
1855,a,IMO,PSA,SG,2,1,23.0,1,60.0
1855,a,IMO,PSA,SG,2,1,60.1,0,0
2615,,IMO,PSA,SG,2S,1,-26,1,22.9
1588,a,IMO,PSA,SG,2,0,0,1,-26.1
1588,a,IMO,PSA,SG,2,1,-26.0,1,22.9
1588,a,IMO,PSA,SG,2,1,23.0,1,60.0
1588,a,IMO,PSA,SG,2,1,60.1,0,0
2685,,IMO,PSA,SG,3,0,0,1,22.9
2685,,IMO,PSA,SG,3,1,23.0,1,60.0
2685,,IMO,PSA,SG,3,1,60.1,0,0
1566,a,IMO,PSA,SG,3,0,0,1,22.9
1566,a,IMO,PSA,SG,3,1,23.0,1,60.0
1566,a,IMO,PSA,SG,3,1,60.1,0,0
1436,c,IMO,PSA,SG,2,0,0,1,-26.1
1436,c,IMO,PSA,SG,2,1,-26.0,1,22.9
1436,c,IMO,PSA,SG,2,1,23.0,1,60.0
1436,c,IMO,PSA,SG,2,1,60.1,0,0
1393,,IMO,PSA,SG,2,0,0,1,-26.1
1393,,IMO,PSA,SG,2,1,-26.0,1,22.9
1393,,IMO,PSA,SG,2,1,23.0,1,60.0
1393,,IMO,PSA,SG,2,1,60.1,0,0
2263,,IMO,PSA,SG,2S,1,-26,1,22.9
3098,c,IMO,PSA,SG,1D,0,0,1,-26.1
3098,c,IMO,PSA,SG,1D,1,-26.0,0,0
2864,,IMO,PSA,SG,3,0,0,1,22.9
2864,,IMO,PSA,SG,3,1,23.0,1,60.0
2864,,IMO,PSA,SG,3,1,60.1,0,0
3223,,IMO,PSA,SG,2,0,0,1,-26.1
3223,,IMO,PSA,SG,2,1,-26.0,1,22.9
3223,,IMO,PSA,SG,2,1,23.0,1,60.0
3223,,IMO,PSA,SG,2,1,60.1,0,0
1863,c,IMO,PSA,SG,2S,1,23,1,60
3281,c,IMO,PSA,SG,2,0,0,1,-26.1
3281,c,IMO,PSA,SG,2,1,-26.0,1,22.9
3281,c,IMO,PSA,SG,2,1,23.0,1,60.0
3281,c,IMO,PSA,SG,2,1,60.1,0,0
3259,a,IMO,PSA,SG,2,0,0,1,-26.1
3259,a,IMO,PSA,SG,2,1,-26.0,1,22.9
3259,a,IMO,PSA,SG,2,1,23.0,1,60.0
3259,a,IMO,PSA,SG,2,1,60.1,0,0
3346,b,IMO,PSA,SG,2,1,-26,1,22.9
1030,a,IMO,PSA,SG,2S,0,0,1,-26.1
1030,a,IMO,PSA,SG,2S,1,-26.0,1,22.9
1030,a,IMO,PSA,SG,2S,1,23.0,1,60.0
1030,a,IMO,PSA,SG,2S,1,60.1,0,0
1806,,IMO,PSA,SG,2S,0,0,1,-26.1
1806,,IMO,PSA,SG,2S,1,-26.0,1,22.9
1806,,IMO,PSA,SG,2S,1,23.0,1,60.0
1806,,IMO,PSA,SG,2S,1,60.1,0,0
1436,d,IMO,PSA,SG,2,0,0,1,-26.1
1436,d,IMO,PSA,SG,2,1,-26.0,1,22.9
1436,d,IMO,PSA,SG,2,1,23.0,1,60.0
1436,d,IMO,PSA,SG,2,1,60.1,0,0
3212,b,IMO,PSA,SG,2,0,0,1,-26.1
3212,b,IMO,PSA,SG,2,1,-26.0,1,22.9
3212,b,IMO,PSA,SG,2,1,23.0,1,60.0
3212,b,IMO,PSA,SG,2,1,60.1,0,0
3110,,IMO,PSA,SG,2,0,0,1,-26.1
3110,,IMO,PSA,SG,2,1,-26.0,1,22.9
3110,,IMO,PSA,SG,2,1,23.0,1,60.0
3110,,IMO,PSA,SG,2,1,60.1,0,0
2346,,IMO,PSA,SG,2S,1,-26,1,22.9
1489,,IMO,PSA,SG,2,0,0,1,-26.1
1489,,IMO,PSA,SG,2,1,-26.0,1,22.9
1489,,IMO,PSA,SG,2,1,23.0,1,60.0
1489,,IMO,PSA,SG,2,1,60.1,0,0
1459,b,IMO,PSA,SG,1D,0,0,1,-26.1
1459,b,IMO,PSA,SG,1D,1,-26.0,0,0
2710,,IMO,PSA,SG,2S,1,23,1,60
2733,a,IMO,PSA,SG,1D,0,0,1,-26.1
3006,c,IMO,PSA,SG,3,0,0,1,22.9
3006,c,IMO,PSA,SG,3,1,23.0,1,60.0
3006,c,IMO,PSA,SG,3,1,60.1,0,0
3006,c,IMO,PSA,SG,3,1,60.1,0,0
154,e,IMO,PSA,SG,1,0,0,0,0
1120,b,IMO,PSA,SG,2S,1,23,1,60
2557,c,IMO,PSA,SG,2,0,0,1,-26.1
2557,c,IMO,PSA,SG,2,1,-26.0,1,22.9
2557,c,IMO,PSA,SG,2,1,23.0,1,60.0
2557,c,IMO,PSA,SG,2,1,60.1,0,0
319,,IMO,PSA,SG,2,0,0,1,-26.1
319,,IMO,PSA,SG,2,1,-26.0,1,22.9
319,,IMO,PSA,SG,2,1,23.0,1,60.0
319,,IMO,PSA,SG,2,1,60.1,0,0
1165,,IMO,PSA,SG,2S,1,-26,1,22.9
2927,b,IMO,PSA,SG,2,0,0,1,-26.1
2927,b,IMO,PSA,SG,2,1,-26.0,1,22.9
2927,b,IMO,PSA,SG,2,1,23.0,1,60.0
2927,b,IMO,PSA,SG,2,1,60.1,0,0
151,a,IMO,PSA,SG,1,0,0,0,0
3220,a,IMO,PSA,SG,3,0,0,1,22.9
3220,a,IMO,PSA,SG,3,1,23.0,1,60.0
3220,a,IMO,PSA,SG,3,1,60.1,0,0
1935,a,IMO,PSA,SG,2,0,0,1,-26.1
1935,a,IMO,PSA,SG,2,1,-26.0,1,22.9
1935,a,IMO,PSA,SG,2,1,23.0,1,60.0
1935,a,IMO,PSA,SG,2,1,60.1,0,0
3285,b,IMO,PSA,SG,3,0,0,1,22.9
3285,b,IMO,PSA,SG,3,1,23.0,1,60.0
3285,b,IMO,PSA,SG,3,1,60.1,0,0
3285,b,IMO,PSA,SG,3,1,60.1,0,0
2788,c,IMO,PSA,SG,3,0,0,1,22.9
2788,c,IMO,PSA,SG,3,1,23.0,1,60.0
2788,c,IMO,PSA,SG,3,1,60.1,0,0
2788,c,IMO,PSA,SG,3,1,60.1,0,0
2482,,IMO,PSA,SG,2,0,0,1,-26.1
2482,,IMO,PSA,SG,2,1,-26.0,1,22.9
2482,,IMO,PSA,SG,2,1,23.0,1,60.0
2482,,IMO,PSA,SG,2,1,60.1,0,0
2386,,IMO,PSA,SG,2S,1,-26,1,22.9
2079,,IMO,PSA,SG,3,0,0,1,22.9
2079,,IMO,PSA,SG,3,1,23.0,1,60.0
2079,,IMO,PSA,SG,3,1,60.1,0,0
3148,b,IMO,PSA,SG,1D,0,0,1,-26.1
3148,b,IMO,PSA,SG,1D,1,-26.0,0,0
1956,,IMO,PSA,SG,3,0,0,1,22.9
1956,,IMO,PSA,SG,3,1,23.0,1,60.0
1956,,IMO,PSA,SG,3,1,60.1,0,0
161,,IMO,PSA,SG,2,0,0,1,-26.1
161,,IMO,PSA,SG,2,1,-26.0,1,22.9
161,,IMO,PSA,SG,2,1,23.0,1,60.0
161,,IMO,PSA,SG,2,1,60.1,0,0
2757,a,IMO,PSA,SG,2,0,0,1,-26.1
2757,a,IMO,PSA,SG,2,1,-26.0,1,22.9
2757,a,IMO,PSA,SG,2,1,23.0,1,60.0
2757,a,IMO,PSA,SG,2,1,60.1,0,0
2052,,IMO,PSA,SG,2S,1,23,1,60
3270,,IMO,PSA,SG,3,0,0,1,22.9
3270,,IMO,PSA,SG,3,1,23.0,1,60.0
3270,,IMO,PSA,SG,3,1,60.1,0,0
3466,b,IMO,PSA,SG,2,0,0,1,-26.1
3466,b,IMO,PSA,SG,2,1,-26.0,1,22.9
3466,b,IMO,PSA,SG,2,1,23.0,1,60.0
3466,b,IMO,PSA,SG,2,1,60.1,0,0
3424,b,IMO,PSA,SG,2,0,0,1,-26.1
3424,b,IMO,PSA,SG,2,1,-26.0,1,22.9
3424,b,IMO,PSA,SG,2,1,23.0,1,60.0
3424,b,IMO,PSA,SG,2,1,60.1,0,0
1037,,IMO,PSA,SG,2S,0,0,1,-26.1
1037,,IMO,PSA,SG,2S,1,-26.0,1,22.9
1037,,IMO,PSA,SG,2S,1,23.0,1,60.0
1037,,IMO,PSA,SG,2S,1,60.1,0,0
1178,,IMO,PSA,SG,2S,1,-26,1,22.9
1809,,IMO,PSA,SG,2,0,0,1,-26.1
1809,,IMO,PSA,SG,2,1,-26.0,1,22.9
1809,,IMO,PSA,SG,2,1,23.0,1,60.0
1809,,IMO,PSA,SG,2,1,60.1,0,0
1201,a,IMO,PSA,SG,2S,1,-26,1,22.9
3259,b,IMO,PSA,SG,2,0,0,1,-26.1
3259,b,IMO,PSA,SG,2,1,-26.0,1,22.9
3259,b,IMO,PSA,SG,2,1,23.0,1,60.0
3259,b,IMO,PSA,SG,2,1,60.1,0,0
1490,,IMO,PSA,SG,3,0,0,1,22.9
1490,,IMO,PSA,SG,3,1,23.0,1,60.0
1490,,IMO,PSA,SG,3,1,60.1,0,0
2986,,IMO,PSA,SG,1D,0,0,1,-26.1
2986,,IMO,PSA,SG,2S,1,-26.0,1,22.9
2986,,IMO,PSA,SG,2S,1,23.0,1,60.0
59,,IMO,PSA,SG,1,0,0,0,0
2463,,IMO,PSA,SG,2,0,0,1,-26.1
2463,,IMO,PSA,SG,2,1,-26.0,1,22.9
2463,,IMO,PSA,SG,2,1,23.0,1,60.0
2463,,IMO,PSA,SG,2,1,60.1,0,0
2916,b,IMO,PSA,SG,2,0,0,1,-26.1
2916,b,IMO,PSA,SG,2,1,-26.0,1,22.9
2916,b,IMO,PSA,SG,2,1,23.0,1,60.0
2916,b,IMO,PSA,SG,2,1,60.1,0,0
1871,,IMO,PSA,SG,2,0,0,1,-26.1
1871,,IMO,PSA,SG,2,1,-26.0,1,22.9
1871,,IMO,PSA,SG,2,1,23.0,1,60.0
1871,,IMO,PSA,SG,2,1,60.1,0,0
3239,,IMO,PSA,SG,2,0,0,1,-26.1
3239,,IMO,PSA,SG,2,1,-26.0,1,22.9
3239,,IMO,PSA,SG,2,1,23.0,1,60.0
3239,,IMO,PSA,SG,2,1,60.1,0,0
12,a,IMO,PSA,SG,2,0,0,1,-26.1
12,a,IMO,PSA,SG,2,1,-26.0,1,22.9
12,a,IMO,PSA,SG,2,1,23.0,1,60.0
12,a,IMO,PSA,SG,2,1,60.1,0,0
2556,,IMO,PSA,SG,2,0,0,1,-26.1
2556,,IMO,PSA,SG,2,1,-26.0,1,22.9
2556,,IMO,PSA,SG,2,1,23.0,1,60.0
2556,,IMO,PSA,SG,2,1,60.1,0,0
1465,,IMO,PSA,SG,3,0,0,1,22.9
1465,,IMO,PSA,SG,3,1,23.0,1,60.0
1465,,IMO,PSA,SG,3,1,60.1,0,0
2588,c,IMO,PSA,SG,3,0,0,1,22.9
2588,c,IMO,PSA,SG,3,1,23.0,1,60.0
2588,c,IMO,PSA,SG,3,1,60.1,0,0
2588,c,IMO,PSA,SG,3,1,60.1,0,0
2734,b,IMO,PSA,SG,1D,0,0,1,-26.1
2734,b,IMO,PSA,SG,2,1,-26.0,1,22.9
2734,b,IMO,PSA,SG,2,1,23.0,1,60.0
1167,,IMO,PSA,SG,1S,0,0,1,-26.1
470,,IMO,PSA,SG,2,0,0,1,-26.1
470,,IMO,PSA,SG,2,1,-26.0,1,22.9
470,,IMO,PSA,SG,2,1,23.0,1,60.0
470,,IMO,PSA,SG,2,1,60.1,0,0
2655,,IMO,PSA,SG,2S,0,0,1,-26.1
2655,,IMO,PSA,SG,2S,1,-26.0,1,22.9
2655,,IMO,PSA,SG,2S,1,23.0,1,60.0
2655,,IMO,PSA,SG,2S,1,60.1,0,0
1421,,IMO,PSA,SG,2,0,0,1,-26.1
1421,,IMO,PSA,SG,2,1,-26.0,1,22.9
1421,,IMO,PSA,SG,2,1,23.0,1,60.0
1421,,IMO,PSA,SG,2,1,60.1,0,0
3338,,IMO,PSA,SG,3,0,0,1,22.9
3338,,IMO,PSA,SG,3,1,23.0,1,60.0
3338,,IMO,PSA,SG,3,1,60.1,0,0
3143,e,IMO,PSA,SG,3,0,0,1,22.9
3143,e,IMO,PSA,SG,3,1,23.0,1,60.0
3143,e,IMO,PSA,SG,3,1,60.1,0,0
3143,e,IMO,PSA,SG,3,1,60.1,0,0
1340,,IMO,PSA,SG,2,0,0,1,-26.1
1340,,IMO,PSA,SG,2,1,-26.0,1,22.9
1340,,IMO,PSA,SG,2,1,23.0,1,60.0
1340,,IMO,PSA,SG,2,1,60.1,0,0
2046,,IMO,PSA,SG,3,1,23,1,60
2789,b,IMO,PSA,SG,2S,0,0,1,-26.1
2789,b,IMO,PSA,SG,2S,1,-26.0,1,22.9
2789,b,IMO,PSA,SG,2S,1,23.0,1,60.0
2789,b,IMO,PSA,SG,2S,1,60.1,0,0
3017,c,IMO,PSA,SG,3,1,23,1,60
2789,a,IMO,PSA,SG,2S,0,0,1,-26.1
2789,a,IMO,PSA,SG,2S,1,-26.0,1,22.9
2789,a,IMO,PSA,SG,2S,1,23.0,1,60.0
2789,a,IMO,PSA,SG,2S,1,60.1,0,0
2277,,IMO,PSA,SG,2S,1,-26,1,22.9
3205,a,IMO,PSA,SG,2,0,0,1,-26.1
3205,a,IMO,PSA,SG,2,1,-26.0,1,22.9
3205,a,IMO,PSA,SG,2,1,23.0,1,60.0
3205,a,IMO,PSA,SG,2,1,60.1,0,0
2430,b,IMO,PSA,SG,3,0,0,1,22.9
2430,b,IMO,PSA,SG,3,1,23.0,1,60.0
2430,b,IMO,PSA,SG,3,1,60.1,0,0
2430,b,IMO,PSA,SG,3,1,60.1,0,0
2657,,IMO,PSA,SG,3,0,0,1,22.9
2657,,IMO,PSA,SG,3,1,23.0,1,60.0
2657,,IMO,PSA,SG,3,1,60.1,0,0
2383,,IMO,PSA,SG,2S,1,-26,1,22.9
3135,b,IMO,PSA,SG,1D,0,0,1,-26.1
3135,b,IMO,PSA,SG,1D,1,-26.0,0,0
1402,a,IMO,PSA,SG,2,0,0,1,-26.1
1402,a,IMO,PSA,SG,2,1,-26.0,1,22.9
1402,a,IMO,PSA,SG,2,1,23.0,1,60.0
1402,a,IMO,PSA,SG,2,1,60.1,0,0
1040,b,IMO,PSA,SG,2,0,0,1,-26.1
1040,b,IMO,PSA,SG,2,1,-26.0,1,22.9
1040,b,IMO,PSA,SG,2,1,23.0,1,60.0
1040,b,IMO,PSA,SG,2,1,60.1,0,0
2504,,IMO,PSA,SG,3,0,0,1,22.9
2504,,IMO,PSA,SG,3,1,23.0,1,60.0
2504,,IMO,PSA,SG,3,1,60.1,0,0
1202,b,IMO,PSA,SG,2S,1,23,1,60
1602,c,IMO,PSA,SG,2,0,0,1,-26.1
1602,c,IMO,PSA,SG,2,1,-26.0,1,22.9
1602,c,IMO,PSA,SG,2,1,23.0,1,60.0
1602,c,IMO,PSA,SG,2,1,60.1,0,0
1062,,IMO,PSA,SG,2,0,0,1,-26.1
1062,,IMO,PSA,SG,2,1,-26.0,1,22.9
1062,,IMO,PSA,SG,2,1,23.0,1,60.0
1062,,IMO,PSA,SG,2,1,60.1,0,0
3079,,IMO,PSA,SG,2,0,0,1,-26.1
3079,,IMO,PSA,SG,2,1,-26.0,1,22.9
3079,,IMO,PSA,SG,2,1,23.0,1,60.0
3079,,IMO,PSA,SG,2,1,60.1,0,0
1308,b,IMO,PSA,SG,2S,1,-26,1,22.9
2795,b,IMO,PSA,SG,3,0,0,1,22.9
2795,b,IMO,PSA,SG,3,1,23.0,1,60.0
2795,b,IMO,PSA,SG,3,1,60.1,0,0
219,f,IMO,PSA,SG,1,0,0,0,0
2782,a,IMO,PSA,SG,2,1,-26,1,22.9
3449,,IMO,PSA,SG,2,0,0,1,-26.1
3449,,IMO,PSA,SG,2,1,-26.0,1,22.9
3449,,IMO,PSA,SG,2,1,23.0,1,60.0
3449,,IMO,PSA,SG,2,1,60.1,0,0
3347,b,IMO,PSA,SG,2,1,23,1,60
1992,b,IMO,PSA,SG,2,1,-26,1,22.9
1621,,IMO,PSA,SG,2S,0,0,1,-26.1
1621,,IMO,PSA,SG,2S,1,-26.0,1,22.9
1621,,IMO,PSA,SG,2S,1,23.0,1,60.0
1621,,IMO,PSA,SG,2S,1,60.1,0,0
1274,a,IMO,PSA,SG,2S,1,-26,1,22.9
3133,b,IMO,PSA,SG,1D,0,0,1,-26.1
3133,b,IMO,PSA,SG,1D,1,-26.0,0,0
3281,a,IMO,PSA,SG,2,0,0,1,-26.1
3281,a,IMO,PSA,SG,2,1,-26.0,1,22.9
3281,a,IMO,PSA,SG,2,1,23.0,1,60.0
3281,a,IMO,PSA,SG,2,1,60.1,0,0
60,a,IMO,PSA,SG,1,0,0,0,0
2045,b,IMO,PSA,SG,2S,1,-26,1,22.9
1231,,IMO,PSA,SG,2S,1,-26,1,22.9
3335,,IMO,PSA,SG,3,0,0,1,22.9
3335,,IMO,PSA,SG,3,1,23.0,1,60.0
3335,,IMO,PSA,SG,3,1,60.1,0,0
2707,b,IMO,PSA,SG,2S,1,23,1,60
2900,,IMO,PSA,SG,2,0,0,1,-26.1
2900,,IMO,PSA,SG,2,1,-26.0,1,22.9
2900,,IMO,PSA,SG,2,1,23.0,1,60.0
2900,,IMO,PSA,SG,2,1,60.1,0,0
3399,a,IMO,PSA,SG,1D,0,0,1,-26.1
3399,a,IMO,PSA,SG,1D,1,-26.0,0,0
3121,b,IMO,PSA,SG,1D,0,0,1,-26.1
3121,b,IMO,PSA,SG,1D,1,-26.0,0,0
2488,,IMO,PSA,SG,2,1,23,1,60
1193,a,IMO,PSA,SG,2S,1,-26,1,22.9
137,,IMO,PSA,SG,1,0,0,0,0
2057,a,IMO,PSA,SG,2S,1,-26,1,22.9
1386,b,IMO,PSA,SG,3,0,0,1,22.9
1386,b,IMO,PSA,SG,3,1,23.0,1,60.0
1386,b,IMO,PSA,SG,3,1,60.1,0,0
1477,b,IMO,PSA,SG,1D,0,0,1,-26.1
1477,b,IMO,PSA,SG,1D,1,-26.0,0,0
1789,b,IMO,PSA,SG,2S,0,0,1,-26.1
1789,b,IMO,PSA,SG,2S,1,-26.0,1,22.9
1789,b,IMO,PSA,SG,2S,1,23.0,1,60.0
1789,b,IMO,PSA,SG,2S,1,60.1,0,0
2557,b,IMO,PSA,SG,2,0,0,1,-26.1
2557,b,IMO,PSA,SG,2,1,-26.0,1,22.9
2557,b,IMO,PSA,SG,2,1,23.0,1,60.0
2557,b,IMO,PSA,SG,2,1,60.1,0,0
1963,,IMO,PSA,SG,3,0,0,1,22.9
1963,,IMO,PSA,SG,3,1,23.0,1,60.0
1963,,IMO,PSA,SG,3,1,60.1,0,0
3221,a,IMO,PSA,SG,2,0,0,1,-26.1
3221,a,IMO,PSA,SG,2,1,-26.0,1,22.9
3221,a,IMO,PSA,SG,2,1,23.0,1,60.0
3221,a,IMO,PSA,SG,2,1,60.1,0,0
3026,c,IMO,PSA,SG,3,0,0,1,22.9
3026,c,IMO,PSA,SG,3,1,23.0,1,60.0
3026,c,IMO,PSA,SG,3,1,60.1,0,0
3026,c,IMO,PSA,SG,3,1,60.1,0,0
2303,,IMO,PSA,SG,3,1,23,1,60
2780,a,IMO,PSA,SG,2,1,-26,1,22.9
1570,,IMO,PSA,SG,2,0,0,1,-26.1
1570,,IMO,PSA,SG,2,1,-26.0,1,22.9
1570,,IMO,PSA,SG,2,1,23.0,1,60.0
1570,,IMO,PSA,SG,2,1,60.1,0,0
1010,a,IMO,PSA,SG,2S,0,0,1,-26.1
1010,a,IMO,PSA,SG,2S,1,-26.0,1,22.9
1010,a,IMO,PSA,SG,2S,1,23.0,1,60.0
1010,a,IMO,PSA,SG,2S,1,60.1,0,0
3174,,IMO,PSA,SG,2,0,0,1,-26.1
3174,,IMO,PSA,SG,2,1,-26.0,1,22.9
3174,,IMO,PSA,SG,2,1,23.0,1,60.0
3174,,IMO,PSA,SG,2,1,60.1,0,0
335,,IMO,PSA,SG,2,0,0,1,-26.1
335,,IMO,PSA,SG,2,1,-26.0,1,22.9
335,,IMO,PSA,SG,2,1,23.0,1,60.0
335,,IMO,PSA,SG,2,1,60.1,0,0
209,f,IMO,PSA,SG,1,0,0,0,0
2741,,IMO,PSA,SG,3,0,0,1,22.9
2741,,IMO,PSA,SG,3,1,23.0,1,60.0
2741,,IMO,PSA,SG,3,1,60.1,0,0
2234,,IMO,PSA,SG,3,1,23,1,60
1153,a,IMO,PSA,SG,2S,1,-26,1,22.9
3381,,IMO,PSA,SG,2,0,0,1,-26.1
3381,,IMO,PSA,SG,2,1,-26.0,1,22.9
3381,,IMO,PSA,SG,2,1,23.0,1,60.0
3381,,IMO,PSA,SG,2,1,60.1,0,0
2611,,IMO,PSA,SG,3,0,0,1,22.9
2611,,IMO,PSA,SG,3,1,23.0,1,60.0
2611,,IMO,PSA,SG,3,1,60.1,0,0
1783,a,IMO,PSA,SG,3,0,0,1,22.9
1783,a,IMO,PSA,SG,3,1,23.0,1,60.0
1783,a,IMO,PSA,SG,3,1,60.1,0,0
2645,,IMO,PSA,SG,2,0,0,1,-26.1
2645,,IMO,PSA,SG,2,1,-26.0,1,22.9
2645,,IMO,PSA,SG,2,1,23.0,1,60.0
2645,,IMO,PSA,SG,2,1,60.1,0,0
3406,b,IMO,PSA,SG,2,0,0,1,-26.1
3406,b,IMO,PSA,SG,2,1,-26.0,1,22.9
3406,b,IMO,PSA,SG,2,1,23.0,1,60.0
3406,b,IMO,PSA,SG,2,1,60.1,0,0
2008,c,IMO,PSA,SG,2S,0,0,1,-26.1
2008,c,IMO,PSA,SG,2S,1,-26.0,1,22.9
2008,c,IMO,PSA,SG,2S,1,23.0,1,60.0
2008,c,IMO,PSA,SG,2S,1,60.1,0,0
2008,c,IMO,PSA,SG,2S,1,60.1,0,0
3386,,IMO,PSA,SG,2,0,0,1,-26.1
3386,,IMO,PSA,SG,2,1,-26.0,1,22.9
3386,,IMO,PSA,SG,2,1,23.0,1,60.0
3386,,IMO,PSA,SG,2,1,60.1,0,0
219,d,IMO,PSA,SG,1,0,0,0,0
1099,,IMO,PSA,SG,2,1,-26,1,22.9
3228,,IMO,PSA,SG,2,0,0,1,-26.1
3228,,IMO,PSA,SG,2,1,-26.0,1,22.9
3228,,IMO,PSA,SG,2,1,23.0,1,60.0
3228,,IMO,PSA,SG,2,1,60.1,0,0
1044,,IMO,PSA,SG,3,0,0,1,22.9
1044,,IMO,PSA,SG,3,1,23.0,1,60.0
1044,,IMO,PSA,SG,3,1,60.1,0,0
1018,a,IMO,PSA,SG,3,0,0,1,22.9
1018,a,IMO,PSA,SG,3,1,23.0,1,60.0
1018,a,IMO,PSA,SG,3,1,60.1,0,0
3152,a,IMO,PSA,SG,2S,0,0,1,-26.1
3152,a,IMO,PSA,SG,2S,1,-26.0,1,22.9
3152,a,IMO,PSA,SG,2S,1,23.0,1,60.0
3152,a,IMO,PSA,SG,2S,1,60.1,0,0
3267,b,IMO,PSA,SG,2S,1,60.1,0,0
3267,b,IMO,PSA,SG,2S,0,0,1,-26.1
3267,b,IMO,PSA,SG,2S,1,-26.0,1,22.9
3267,b,IMO,PSA,SG,2S,1,23.0,1,60.0
3267,b,IMO,PSA,SG,2S,1,60.1,0,0
2006,,IMO,PSA,SG,2,0,0,1,-26.1
2006,,IMO,PSA,SG,2,1,-26.0,1,22.9
2006,,IMO,PSA,SG,2,1,23.0,1,60.0
2006,,IMO,PSA,SG,2,1,60.1,0,0
489,d,IMO,PSA,SG,1,0,0,0,0
2401,,IMO,PSA,SG,2,0,0,1,-26.1
2401,,IMO,PSA,SG,2,1,-26.0,1,22.9
2401,,IMO,PSA,SG,2,1,23.0,1,60.0
2401,,IMO,PSA,SG,2,1,60.1,0,0
3316,b,IMO,PSA,SG,2,0,0,1,-26.1
3316,b,IMO,PSA,SG,2,1,-26.0,1,22.9
3316,b,IMO,PSA,SG,2,1,23.0,1,60.0
3316,b,IMO,PSA,SG,2,1,60.1,0,0
1549,,IMO,PSA,SG,3,0,0,1,22.9
1549,,IMO,PSA,SG,3,1,23.0,1,60.0
1549,,IMO,PSA,SG,3,1,60.1,0,0
1196,,IMO,PSA,SG,2,1,-26,1,22.9
1131,,IMO,PSA,SG,1D,0,0,1,-26.1
1913,,IMO,PSA,SG,3,0,0,1,22.9
1913,,IMO,PSA,SG,3,1,23.0,1,60.0
1913,,IMO,PSA,SG,3,1,60.1,0,0
3087,a,IMO,PSA,SG,1D,0,0,1,-26.1
3087,a,IMO,PSA,SG,1D,1,-26.0,0,0
2758,a,IMO,PSA,SG,2,1,-26,1,22.9
222,a,IMO,PSA,SG,1,0,0,0,0
3181,a,IMO,PSA,SG,2,0,0,1,-26.1
3181,a,IMO,PSA,SG,2,1,-26.0,1,22.9
3181,a,IMO,PSA,SG,2,1,23.0,1,60.0
3181,a,IMO,PSA,SG,2,1,60.1,0,0
3181,a,IMO,PSA,SG,2S,1,-26.0,1,22.9
3181,a,IMO,PSA,SG,2S,1,23.0,1,60.0
3181,a,IMO,PSA,SG,2S,1,60.1,0,0
2202,,IMO,PSA,SG,2,0,0,1,-26.1
2202,,IMO,PSA,SG,2,1,-26.0,1,22.9
2202,,IMO,PSA,SG,2,1,23.0,1,60.0
2202,,IMO,PSA,SG,2,1,60.1,0,0
2904,a,IMO,PSA,SG,3,0,0,1,22.9
2904,a,IMO,PSA,SG,3,1,23.0,1,60.0
2904,a,IMO,PSA,SG,3,1,60.1,0,0
3292,a,IMO,PSA,SG,2,0,0,1,-26.1
3292,a,IMO,PSA,SG,2,1,-26.0,1,22.9
3292,a,IMO,PSA,SG,2,1,23.0,1,60.0
3292,a,IMO,PSA,SG,2,1,60.1,0,0
3151,b,IMO,PSA,SG,2S,0,0,1,-26.1
3151,b,IMO,PSA,SG,2S,1,-26.0,1,22.9
3151,b,IMO,PSA,SG,2S,1,23.0,1,60.0
3151,b,IMO,PSA,SG,2S,1,60.1,0,0
2721,,IMO,PSA,SG,2,0,0,1,-26.1
2721,,IMO,PSA,SG,2,1,-26.0,1,22.9
2721,,IMO,PSA,SG,2,1,23.0,1,60.0
2721,,IMO,PSA,SG,2,1,60.1,0,0
2601,,IMO,PSA,SG,1S,0,0,1,-26.1
2601,,IMO,PSA,SG,1S,1,-26.0,0,0
2409,,IMO,PSA,SG,2S,1,-26,1,22.9
2801,a,IMO,PSA,SG,2,0,0,1,-26.1
2801,a,IMO,PSA,SG,2,1,-26.0,1,22.9
2801,a,IMO,PSA,SG,2,1,23.0,1,60.0
2801,a,IMO,PSA,SG,2,1,60.1,0,0
1631,,IMO,PSA,SG,3,0,0,1,22.9
1631,,IMO,PSA,SG,3,1,23.0,1,60.0
1631,,IMO,PSA,SG,3,1,60.1,0,0
1028,b,IMO,PSA,SG,3,0,0,1,22.9
1028,b,IMO,PSA,SG,3,1,23.0,1,60.0
1028,b,IMO,PSA,SG,3,1,60.1,0,0
1057,b,IMO,PSA,SG,2,0,0,1,-26.1
1057,b,IMO,PSA,SG,2,1,-26.0,1,22.9
1057,b,IMO,PSA,SG,2,1,23.0,1,60.0
1057,b,IMO,PSA,SG,2,1,60.1,0,0
1778,,IMO,PSA,SG,2S,0,0,1,-26.1
1778,,IMO,PSA,SG,2S,1,-26.0,1,22.9
1778,,IMO,PSA,SG,2S,1,23.0,1,60.0
1778,,IMO,PSA,SG,2S,1,60.1,0,0
326,,IMO,PSA,SG,1,0,0,0,0
1512,,IMO,PSA,SG,1,0,0,0,0
2535,a,IMO,PSA,SG,2S,1,-26,1,22.9
1835,a,IMO,PSA,SG,3,0,0,1,22.9
1835,a,IMO,PSA,SG,3,1,23.0,1,60.0
1835,a,IMO,PSA,SG,3,1,60.1,0,0
3140,a,IMO,PSA,SG,2,0,0,1,-26.1
3140,a,IMO,PSA,SG,2,1,-26.0,1,22.9
3140,a,IMO,PSA,SG,2,1,23.0,1,60.0
3140,a,IMO,PSA,SG,2,1,60.1,0,0
2793,a,IMO,PSA,SG,2,0,0,1,-26.1
2793,a,IMO,PSA,SG,2,1,-26.0,1,22.9
2793,a,IMO,PSA,SG,2,1,23.0,1,60.0
2793,a,IMO,PSA,SG,2,1,60.1,0,0
3388,,IMO,PSA,SG,2,0,0,1,-26.1
3388,,IMO,PSA,SG,2,1,-26.0,1,22.9
3388,,IMO,PSA,SG,2,1,23.0,1,60.0
3388,,IMO,PSA,SG,2,1,60.1,0,0
1330,,IMO,PSA,SG,3,0,0,1,22.9
1330,,IMO,PSA,SG,3,1,23.0,1,60.0
1330,,IMO,PSA,SG,3,1,60.1,0,0
1297,b,IMO,PSA,SG,2S,1,-26,1,22.9
3164,a,IMO,PSA,SG,3,0,0,1,22.9
3164,a,IMO,PSA,SG,3,1,23.0,1,60.0
3164,a,IMO,PSA,SG,3,1,60.1,0,0
1360,,IMO,PSA,SG,2,0,0,1,-26.1
1360,,IMO,PSA,SG,2,1,-26.0,1,22.9
1360,,IMO,PSA,SG,2,1,23.0,1,60.0
1360,,IMO,PSA,SG,2,1,60.1,0,0
1251,,IMO,PSA,SG,2,0,0,1,-26.1
1251,,IMO,PSA,SG,2,1,-26.0,1,22.9
1251,,IMO,PSA,SG,2,1,23.0,1,60.0
1251,,IMO,PSA,SG,2,1,60.1,0,0
3165,,IMO,PSA,SG,2,1,-26,1,22.9
3466,a,IMO,PSA,SG,2,0,0,1,-26.1
3466,a,IMO,PSA,SG,2,1,-26.0,1,22.9
3466,a,IMO,PSA,SG,2,1,23.0,1,60.0
3466,a,IMO,PSA,SG,2,1,60.1,0,0
2642,,IMO,PSA,SG,2,0,0,1,-26.1
2642,,IMO,PSA,SG,2,1,-26.0,1,22.9
2642,,IMO,PSA,SG,2,1,23.0,1,60.0
2642,,IMO,PSA,SG,2,1,60.1,0,0
3264,b,IMO,PSA,SG,2S,0,0,1,-26.1
3264,b,IMO,PSA,SG,2S,1,-26.0,1,22.9
3264,b,IMO,PSA,SG,2S,1,23.0,1,60.0
3264,b,IMO,PSA,SG,2S,1,60.1,0,0
3264,b,IMO,PSA,SG,2S,1,60.1,0,0
2502,,IMO,PSA,SG,2,0,0,1,-26.1
2502,,IMO,PSA,SG,2,1,-26.0,1,22.9
2502,,IMO,PSA,SG,2,1,23.0,1,60.0
2502,,IMO,PSA,SG,2,1,60.1,0,0
1409,a,IMO,PSA,SG,2,0,0,1,-26.1
1409,a,IMO,PSA,SG,2,1,-26.0,1,22.9
1409,a,IMO,PSA,SG,2,1,23.0,1,60.0
1409,a,IMO,PSA,SG,2,1,60.1,0,0
2473,,IMO,PSA,SG,2S,0,0,1,-26.1
2473,,IMO,PSA,SG,2S,1,-26.0,1,22.9
2473,,IMO,PSA,SG,2S,1,23.0,1,60.0
2473,,IMO,PSA,SG,2S,1,60.1,0,0
220,b,IMO,PSA,SG,1,0,0,0,0
2011,,IMO,PSA,SG,2,0,0,1,-26.1
2011,,IMO,PSA,SG,2,1,-26.0,1,22.9
2011,,IMO,PSA,SG,2,1,23.0,1,60.0
2011,,IMO,PSA,SG,2,1,60.1,0,0
2275,,IMO,PSA,SG,3,1,23,1,60
2037,j,IMO,PSA,SG,2S,0,0,1,-26.1
2037,j,IMO,PSA,SG,2S,1,-26.0,1,22.9
2037,j,IMO,PSA,SG,2S,1,23.0,1,60.0
2037,j,IMO,PSA,SG,2S,1,60.1,0,0
1792,,IMO,PSA,SG,2,0,0,1,-26.1
1792,,IMO,PSA,SG,2,1,-26.0,1,22.9
1792,,IMO,PSA,SG,2,1,23.0,1,60.0
1792,,IMO,PSA,SG,2,1,60.1,0,0
1405,b,IMO,PSA,SG,2S,0,0,1,-26.1
1405,b,IMO,PSA,SG,2S,1,-26.0,1,22.9
1405,b,IMO,PSA,SG,2S,1,23.0,1,60.0
1405,b,IMO,PSA,SG,2S,1,60.1,0,0
1851,a,IMO,PSA,SG,2,0,0,1,-26.1
1851,a,IMO,PSA,SG,2,1,-26.0,1,22.9
1851,a,IMO,PSA,SG,2,1,23.0,1,60.0
1851,a,IMO,PSA,SG,2,1,60.1,0,0
2302,,IMO,PSA,SG,3,1,23,1,60
1613,a,IMO,PSA,SG,2,0,0,1,-26.1
1613,a,IMO,PSA,SG,2,1,-26.0,1,22.9
1613,a,IMO,PSA,SG,2,1,23.0,1,60.0
1613,a,IMO,PSA,SG,2,1,60.1,0,0
2811,b,IMO,PSA,SG,3,0,0,1,22.9
2811,b,IMO,PSA,SG,3,1,23.0,1,60.0
2811,b,IMO,PSA,SG,3,1,60.1,0,0
2811,b,IMO,PSA,SG,3,1,60.1,0,0
3329,a,IMO,PSA,SG,2,0,0,1,-26.1
3329,a,IMO,PSA,SG,2,1,-26.0,1,22.9
3329,a,IMO,PSA,SG,2,1,23.0,1,60.0
3329,a,IMO,PSA,SG,2,1,60.1,0,0
3400,a,IMO,PSA,SG,2,0,0,1,-26.1
3400,a,IMO,PSA,SG,2,1,-26.0,1,22.9
3400,a,IMO,PSA,SG,2,1,23.0,1,60.0
3400,a,IMO,PSA,SG,2,1,60.1,0,0
1581,,IMO,PSA,SG,2,0,0,1,-26.1
1581,,IMO,PSA,SG,2,1,-26.0,1,22.9
1581,,IMO,PSA,SG,2,1,23.0,1,60.0
1581,,IMO,PSA,SG,2,1,60.1,0,0
3347,a,IMO,PSA,SG,2,1,23,1,60
2969,a,IMO,PSA,SG,3,0,0,1,22.9
2969,a,IMO,PSA,SG,3,1,23.0,1,60.0
2969,a,IMO,PSA,SG,3,1,60.1,0,0
461,,IMO,PSA,SG,1,0,0,0,0
362,,IMO,PSA,SG,2,0,0,1,-26.1
362,,IMO,PSA,SG,2,1,-26.0,1,22.9
362,,IMO,PSA,SG,2,1,23.0,1,60.0
362,,IMO,PSA,SG,2,1,60.1,0,0
2380,,IMO,PSA,SG,2S,1,-26,1,22.9
1830,a,IMO,PSA,SG,2S,0,0,1,-26.1
1830,a,IMO,PSA,SG,2S,1,-26.0,1,22.9
1830,a,IMO,PSA,SG,2S,1,23.0,1,60.0
1830,a,IMO,PSA,SG,2S,1,60.1,0,0
1655,e,IMO,PSA,SG,3,0,0,1,22.9
1655,e,IMO,PSA,SG,3,1,23.0,1,60.0
1655,e,IMO,PSA,SG,3,1,60.1,0,0
1655,e,IMO,PSA,SG,3,1,60.1,0,0
192,,IMO,PSA,SG,1,0,0,0,0
1474,,IMO,PSA,SG,3,0,0,1,22.9
1474,,IMO,PSA,SG,3,1,23.0,1,60.0
1474,,IMO,PSA,SG,3,1,60.1,0,0
2623,,IMO,PSA,SG,2,0,0,1,-26.1
2623,,IMO,PSA,SG,2,1,-26.0,1,22.9
2623,,IMO,PSA,SG,2,1,23.0,1,60.0
2623,,IMO,PSA,SG,2,1,60.1,0,0
2008,b,IMO,PSA,SG,2S,0,0,1,-26.1
2008,b,IMO,PSA,SG,2S,1,-26.0,1,22.9
2008,b,IMO,PSA,SG,2S,1,23.0,1,60.0
2008,b,IMO,PSA,SG,2S,1,60.1,0,0
2008,b,IMO,PSA,SG,2S,1,60.1,0,0
2764,b,IMO,PSA,SG,2,1,-26,1,22.9
2348,,IMO,PSA,SG,2S,1,23,1,60
1841,,IMO,PSA,SG,3,0,0,1,22.9
1841,,IMO,PSA,SG,3,1,23.0,1,60.0
1841,,IMO,PSA,SG,3,1,60.1,0,0
2337,,IMO,PSA,SG,2,0,0,1,-26.1
2337,,IMO,PSA,SG,2,1,-26.0,1,22.9
2337,,IMO,PSA,SG,2,1,23.0,1,60.0
2337,,IMO,PSA,SG,2,1,60.1,0,0
2920,b,IMO,PSA,SG,2S,1,-26.0,1,22.9
2920,b,IMO,PSA,SG,2S,1,23.0,1,60.0
2735,c,IMO,PSA,SG,2S,0,0,1,-26.1
2735,c,IMO,PSA,SG,2S,1,-26.0,1,22.9
2735,c,IMO,PSA,SG,2S,1,23.0,1,60.0
2735,c,IMO,PSA,SG,2S,1,60.1,0,0
2735,c,IMO,PSA,SG,2S,1,60.1,0,0
3397,a,IMO,PSA,SG,1D,0,0,1,-26.1
3397,a,IMO,PSA,SG,1D,1,-26.0,0,0
266,f,IMO,PSA,SG,1,0,0,0,0
285,,IMO,PSA,SG,1,0,0,0,0
154,f,IMO,PSA,SG,1,0,0,0,0
3103,a,IMO,PSA,SG,2,0,0,1,-26.1
3103,a,IMO,PSA,SG,2,1,-26.0,1,22.9
3103,a,IMO,PSA,SG,2,1,23.0,1,60.0
3103,a,IMO,PSA,SG,2,1,60.1,0,0
2811,a,IMO,PSA,SG,2,0,0,1,-26.1
2811,a,IMO,PSA,SG,2,1,-26.0,1,22.9
2811,a,IMO,PSA,SG,2,1,23.0,1,60.0
2811,a,IMO,PSA,SG,2,1,60.1,0,0
1957,,IMO,PSA,SG,2S,0,0,1,-26.1
1957,,IMO,PSA,SG,2S,1,-26.0,1,22.9
1957,,IMO,PSA,SG,2S,1,23.0,1,60.0
1957,,IMO,PSA,SG,2S,1,60.1,0,0
1978,,IMO,PSA,SG,1S,0,0,1,-26.1
1978,,IMO,PSA,SG,1S,1,-26.0,0,0
1660,,IMO,PSA,SG,2,0,0,1,-26.1
1660,,IMO,PSA,SG,2,1,-26.0,1,22.9
1660,,IMO,PSA,SG,2,1,23.0,1,60.0
1660,,IMO,PSA,SG,2,1,60.1,0,0
1560,,IMO,PSA,SG,2,0,0,1,-26.1
1560,,IMO,PSA,SG,2,1,-26.0,1,22.9
1560,,IMO,PSA,SG,2,1,23.0,1,60.0
1560,,IMO,PSA,SG,2,1,60.1,0,0
208,a,IMO,PSA,SG,1,0,0,0,0
1020,b,IMO,PSA,SG,3,0,0,1,22.9
1020,b,IMO,PSA,SG,3,1,23.0,1,60.0
1020,b,IMO,PSA,SG,3,1,60.1,0,0
3315,,IMO,PSA,SG,2,0,0,1,-26.1
3315,,IMO,PSA,SG,2,1,-26.0,1,22.9
3315,,IMO,PSA,SG,2,1,23.0,1,60.0
3315,,IMO,PSA,SG,2,1,60.1,0,0
317,,IMO,PSA,SG,2,0,0,1,-26.1
317,,IMO,PSA,SG,2,1,-26.0,1,22.9
317,,IMO,PSA,SG,2,1,23.0,1,60.0
317,,IMO,PSA,SG,2,1,60.1,0,0
1588,c,IMO,PSA,SG,2,0,0,1,-26.1
1588,c,IMO,PSA,SG,2,1,-26.0,1,22.9
1588,c,IMO,PSA,SG,2,1,23.0,1,60.0
1588,c,IMO,PSA,SG,2,1,60.1,0,0
2751,,IMO,PSA,SG,3,0,0,1,22.9
2751,,IMO,PSA,SG,3,1,23.0,1,60.0
2751,,IMO,PSA,SG,3,1,60.1,0,0
1603,,IMO,PSA,SG,2,0,0,1,-26.1
1603,,IMO,PSA,SG,2,1,-26.0,1,22.9
1603,,IMO,PSA,SG,2,1,23.0,1,60.0
1603,,IMO,PSA,SG,2,1,60.1,0,0
1555,,IMO,PSA,SG,2,0,0,1,-26.1
1555,,IMO,PSA,SG,2,1,-26.0,1,22.9
1555,,IMO,PSA,SG,2,1,23.0,1,60.0
1555,,IMO,PSA,SG,2,1,60.1,0,0
1834,,IMO,PSA,SG,2,0,0,1,-26.1
1834,,IMO,PSA,SG,2,1,-26.0,1,22.9
1834,,IMO,PSA,SG,2,1,23.0,1,60.0
1834,,IMO,PSA,SG,2,1,60.1,0,0
3465,b,IMO,PSA,SG,2,0,0,1,-26.1
3465,b,IMO,PSA,SG,2,1,-26.0,1,22.9
3465,b,IMO,PSA,SG,2,1,23.0,1,60.0
3465,b,IMO,PSA,SG,2,1,60.1,0,0
1986,c,IMO,PSA,SG,3,1,23,1,60
1199,,IMO,PSA,SG,3,0,0,1,22.9
1199,,IMO,PSA,SG,3,1,23.0,1,60.0
1199,,IMO,PSA,SG,3,1,60.1,0,0
2724,,IMO,PSA,SG,3,0,0,1,22.9
2724,,IMO,PSA,SG,3,1,23.0,1,60.0
2724,,IMO,PSA,SG,3,1,60.1,0,0
3181,b,IMO,PSA,SG,3,0,0,1,22.9
3181,b,IMO,PSA,SG,3,1,23.0,1,60.0
3181,b,IMO,PSA,SG,3,1,60.1,0,0
3181,b,IMO,PSA,SG,3,1,23.0,1,60.0
3181,b,IMO,PSA,SG,3,1,60.1,0,0
1265,b,IMO,PSA,SG,1S,0,0,1,-26.1
1714,,IMO,PSA,SG,2,0,0,1,-26.1
1714,,IMO,PSA,SG,2,1,-26.0,1,22.9
1714,,IMO,PSA,SG,2,1,23.0,1,60.0
1714,,IMO,PSA,SG,2,1,60.1,0,0
144,,IMO,PSA,SG,1,0,0,0,0
1040,a,IMO,PSA,SG,2,0,0,1,-26.1
1040,a,IMO,PSA,SG,2,1,-26.0,1,22.9
1040,a,IMO,PSA,SG,2,1,23.0,1,60.0
1040,a,IMO,PSA,SG,2,1,60.1,0,0
1069,,IMO,PSA,SG,2,0,0,1,-26.1
1069,,IMO,PSA,SG,2,1,-26.0,1,22.9
1069,,IMO,PSA,SG,2,1,23.0,1,60.0
1069,,IMO,PSA,SG,2,1,60.1,0,0
1309,a,IMO,PSA,SG,2S,0,0,1,-26.1
1309,a,IMO,PSA,SG,2S,1,-26.0,1,22.9
1309,a,IMO,PSA,SG,2S,1,23.0,1,60.0
1309,a,IMO,PSA,SG,2S,1,60.1,0,0
2280,b,IMO,PSA,SG,3,0,0,1,22.9
2280,b,IMO,PSA,SG,3,1,23.0,1,60.0
2280,b,IMO,PSA,SG,3,1,60.1,0,0
1686,b,IMO,PSA,SG,2S,0,0,1,-26.1
1686,b,IMO,PSA,SG,2S,1,-26.0,1,22.9
1686,b,IMO,PSA,SG,2S,1,23.0,1,60.0
1686,b,IMO,PSA,SG,2S,1,60.1,0,0
2327,,IMO,PSA,SG,3,0,0,1,22.9
2327,,IMO,PSA,SG,3,1,23.0,1,60.0
2327,,IMO,PSA,SG,3,1,60.1,0,0
20,,IMO,PSA,SG,1,0,0,0,0
2923,a,IMO,PSA,SG,2,0,0,1,-26.1
2923,a,IMO,PSA,SG,2,1,-26.0,1,22.9
2923,a,IMO,PSA,SG,2,1,23.0,1,60.0
2923,a,IMO,PSA,SG,2,1,60.1,0,0
1889,,IMO,PSA,SG,2,0,0,1,-26.1
1889,,IMO,PSA,SG,2,1,-26.0,1,22.9
1889,,IMO,PSA,SG,2,1,23.0,1,60.0
1889,,IMO,PSA,SG,2,1,60.1,0,0
2454,a,IMO,PSA,SG,2S,0,0,1,-26.1
2454,a,IMO,PSA,SG,2S,1,-26.0,1,22.9
2454,a,IMO,PSA,SG,2S,1,23.0,1,60.0
2454,a,IMO,PSA,SG,2S,1,60.1,0,0
78,b,IMO,PSA,SG,1,0,0,0,0
1602,d,IMO,PSA,SG,2,0,0,1,-26.1
1602,d,IMO,PSA,SG,2,1,-26.0,1,22.9
1602,d,IMO,PSA,SG,2,1,23.0,1,60.0
1602,d,IMO,PSA,SG,2,1,60.1,0,0
2536,,IMO,PSA,SG,2S,1,-26,1,22.9
1509,,IMO,PSA,SG,3,0,0,1,22.9
1509,,IMO,PSA,SG,3,1,23.0,1,60.0
1509,,IMO,PSA,SG,3,1,60.1,0,0
2725,,IMO,PSA,SG,3,0,0,1,22.9
2725,,IMO,PSA,SG,3,1,23.0,1,60.0
2725,,IMO,PSA,SG,3,1,60.1,0,0
153,d,IMO,PSA,SG,1,0,0,0,0
1029,b,IMO,PSA,SG,2S,0,0,1,-26.1
1029,b,IMO,PSA,SG,2S,1,-26.0,1,22.9
1029,b,IMO,PSA,SG,2S,1,23.0,1,60.0
1029,b,IMO,PSA,SG,2S,1,60.1,0,0
2837,b,IMO,PSA,SG,3,0,0,1,22.9
2837,b,IMO,PSA,SG,3,1,23.0,1,60.0
2837,b,IMO,PSA,SG,3,1,60.1,0,0
2837,b,IMO,PSA,SG,3,1,60.1,0,0
469,,IMO,PSA,SG,1,0,0,0,0
2670,,IMO,PSA,SG,2,0,0,1,-26.1
2670,,IMO,PSA,SG,2,1,-26.0,1,22.9
2670,,IMO,PSA,SG,2,1,23.0,1,60.0
2670,,IMO,PSA,SG,2,1,60.1,0,0
2270,,IMO,PSA,SG,2S,1,-26,1,22.9
1190,,IMO,PSA,SG,2S,1,-26,1,22.9
3122,a,IMO,PSA,SG,2,0,0,1,-26.1
3122,a,IMO,PSA,SG,2,1,-26.0,1,22.9
3122,a,IMO,PSA,SG,2,1,23.0,1,60.0
3122,a,IMO,PSA,SG,2,1,60.1,0,0
3351,c,IMO,PSA,SG,3,1,23,1,60
3093,b,IMO,PSA,SG,2,0,0,1,-26.1
3093,b,IMO,PSA,SG,2,1,-26.0,1,22.9
3093,b,IMO,PSA,SG,2,1,23.0,1,60.0
3093,b,IMO,PSA,SG,2,1,60.1,0,0
76,a,IMO,PSA,SG,1,0,0,0,0
1426,,IMO,PSA,SG,2,0,0,1,-26.1
1426,,IMO,PSA,SG,2,1,-26.0,1,22.9
1426,,IMO,PSA,SG,2,1,23.0,1,60.0
1426,,IMO,PSA,SG,2,1,60.1,0,0
1202,c,IMO,PSA,SG,2S,1,23,1,60
1198,,IMO,PSA,SG,2S,1,23,1,60
348,,IMO,PSA,SG,2,0,0,1,-26.1
348,,IMO,PSA,SG,2,1,-26.0,1,22.9
348,,IMO,PSA,SG,2,1,23.0,1,60.0
348,,IMO,PSA,SG,2,1,60.1,0,0
3320,a,IMO,PSA,SG,2S,0,0,1,-26.1
3320,a,IMO,PSA,SG,2S,1,-26.0,1,22.9
3320,a,IMO,PSA,SG,2S,1,23.0,1,60.0
3320,a,IMO,PSA,SG,2S,1,60.1,0,0
2024,c,IMO,PSA,SG,2,0,0,1,-26.1
2024,c,IMO,PSA,SG,2,1,-26.0,1,22.9
2024,c,IMO,PSA,SG,2,1,23.0,1,60.0
2024,c,IMO,PSA,SG,2,1,60.1,0,0
2514,,IMO,PSA,SG,3,1,23,1,60
2419,,IMO,PSA,SG,2S,0,0,1,-26.1
2419,,IMO,PSA,SG,2S,1,-26.0,1,22.9
2419,,IMO,PSA,SG,2S,1,23.0,1,60.0
2419,,IMO,PSA,SG,2S,1,60.1,0,0
1728,,IMO,PSA,SG,2,0,0,1,-26.1
1728,,IMO,PSA,SG,2,1,-26.0,1,22.9
1728,,IMO,PSA,SG,2,1,23.0,1,60.0
1728,,IMO,PSA,SG,2,1,60.1,0,0
1112,,IMO,PSA,SG,3,1,23,1,60
2341,,IMO,PSA,SG,3,1,23,1,60
3009,a,IMO,PSA,SG,2,1,23,1,60
2001,,IMO,PSA,SG,3,0,0,1,22.9
2001,,IMO,PSA,SG,3,1,23.0,1,60.0
2001,,IMO,PSA,SG,3,1,60.1,0,0
1574,,IMO,PSA,SG,3,0,0,1,22.9
1574,,IMO,PSA,SG,3,1,23.0,1,60.0
1574,,IMO,PSA,SG,3,1,60.1,0,0
392,a,IMO,PSA,SG,1,0,0,0,0
3065,a,IMO,PSA,SG,2S,1,-26,1,22.9
1746,,IMO,PSA,SG,2,0,0,1,-26.1
1746,,IMO,PSA,SG,2,1,-26.0,1,22.9
1746,,IMO,PSA,SG,2,1,23.0,1,60.0
1746,,IMO,PSA,SG,2,1,60.1,0,0
3070,,IMO,PSA,SG,2,0,0,1,-26.1
3070,,IMO,PSA,SG,2,1,-26.0,1,22.9
3070,,IMO,PSA,SG,2,1,23.0,1,60.0
3070,,IMO,PSA,SG,2,1,60.1,0,0
2470,,IMO,PSA,SG,2S,0,0,1,-26.1
2470,,IMO,PSA,SG,2S,1,-26.0,1,22.9
2470,,IMO,PSA,SG,2S,1,23.0,1,60.0
2470,,IMO,PSA,SG,2S,1,60.1,0,0
2325,,IMO,PSA,SG,3,1,23,1,60
1991,,IMO,PSA,SG,2,1,-26,1,22.9
2798,,IMO,PSA,SG,2,0,0,1,-26.1
2798,,IMO,PSA,SG,2,1,-26.0,1,22.9
2798,,IMO,PSA,SG,2,1,23.0,1,60.0
2798,,IMO,PSA,SG,2,1,60.1,0,0
1763,,IMO,PSA,SG,2,0,0,1,-26.1
1763,,IMO,PSA,SG,2,1,-26.0,1,22.9
1763,,IMO,PSA,SG,2,1,23.0,1,60.0
1763,,IMO,PSA,SG,2,1,60.1,0,0
1547,,IMO,PSA,SG,3,0,0,1,22.9
1547,,IMO,PSA,SG,3,1,23.0,1,60.0
1547,,IMO,PSA,SG,3,1,60.1,0,0
1897,,IMO,PSA,SG,3,0,0,1,22.9
1897,,IMO,PSA,SG,3,1,23.0,1,60.0
1897,,IMO,PSA,SG,3,1,60.1,0,0
113,,IMO,PSA,SG,1,0,0,0,0
1737,,IMO,PSA,SG,2,0,0,1,-26.1
1737,,IMO,PSA,SG,2,1,-26.0,1,22.9
1737,,IMO,PSA,SG,2,1,23.0,1,60.0
1737,,IMO,PSA,SG,2,1,60.1,0,0
2585,a,IMO,PSA,SG,3,0,0,1,22.9
2585,a,IMO,PSA,SG,3,1,23.0,1,60.0
2585,a,IMO,PSA,SG,3,1,60.1,0,0
1989,c,IMO,PSA,SG,3,1,23,1,60
2579,,IMO,PSA,SG,3,0,0,1,22.9
2579,,IMO,PSA,SG,3,1,23.0,1,60.0
2579,,IMO,PSA,SG,3,1,60.1,0,0
3142,a,IMO,PSA,SG,2,0,0,1,-26.1
3142,a,IMO,PSA,SG,2,1,-26.0,1,22.9
3142,a,IMO,PSA,SG,2,1,23.0,1,60.0
3142,a,IMO,PSA,SG,2,1,60.1,0,0
2818,a,IMO,PSA,SG,2S,0,0,1,-26.1
2818,a,IMO,PSA,SG,2S,1,-26.0,1,22.9
2818,a,IMO,PSA,SG,2S,1,23.0,1,60.0
2818,a,IMO,PSA,SG,2S,1,60.1,0,0
1544,e,IMO,PSA,SG,3,0,0,1,22.9
1544,e,IMO,PSA,SG,3,1,23.0,1,60.0
1544,e,IMO,PSA,SG,3,1,60.1,0,0
1544,e,IMO,PSA,SG,3,1,60.1,0,0
1030,b,IMO,PSA,SG,2S,0,0,1,-26.1
1030,b,IMO,PSA,SG,2S,1,-26.0,1,22.9
1030,b,IMO,PSA,SG,2S,1,23.0,1,60.0
1030,b,IMO,PSA,SG,2S,1,60.1,0,0
1869,a,IMO,PSA,SG,2,0,0,1,-26.1
1869,a,IMO,PSA,SG,2,1,-26.0,1,22.9
1869,a,IMO,PSA,SG,2,1,23.0,1,60.0
1869,a,IMO,PSA,SG,2,1,60.1,0,0
2059,c,IMO,PSA,SG,2S,1,23,1,60
1189,,IMO,PSA,SG,2S,1,23,1,60
3526,,IMO,PSA,SG,2,0,0,1,-26.1
3526,,IMO,PSA,SG,2,1,-26.0,1,22.9
3526,,IMO,PSA,SG,2,1,23.0,1,60.0
3526,,IMO,PSA,SG,2,1,60.1,0,0
3268,,IMO,PSA,SG,2B,0,0,1,-26.1
3268,,IMO,PSA,SG,2B,1,-26.0,1,22.9
3268,,IMO,PSA,SG,2B,1,23.0,0,0
1082,b,IMO,PSA,SG,2,0,0,1,-26.1
1082,b,IMO,PSA,SG,2,1,-26.0,1,22.9
1082,b,IMO,PSA,SG,2,1,23.0,1,60.0
1082,b,IMO,PSA,SG,2,1,60.1,0,0
3082,,IMO,PSA,SG,3,0,0,1,22.9
3082,,IMO,PSA,SG,3,1,23.0,1,60.0
3082,,IMO,PSA,SG,3,1,60.1,0,0
1941,,IMO,PSA,SG,3,0,0,1,22.9
1941,,IMO,PSA,SG,3,1,23.0,1,60.0
1941,,IMO,PSA,SG,3,1,60.1,0,0
3519,,IMO,PSA,SG,2,0,0,1,-26.1
3519,,IMO,PSA,SG,2,1,-26.0,1,22.9
3519,,IMO,PSA,SG,2,1,23.0,1,60.0
3519,,IMO,PSA,SG,2,1,60.1,0,0
3481,h,IMO,PSA,SG,3,0,0,1,22.9
3481,h,IMO,PSA,SG,3,1,23.0,1,60.0
3481,h,IMO,PSA,SG,3,1,60.1,0,0
3151,c,IMO,PSA,SG,2S,0,0,1,-26.1
3151,c,IMO,PSA,SG,2S,1,-26.0,1,22.9
3151,c,IMO,PSA,SG,2S,1,23.0,1,60.0
3151,c,IMO,PSA,SG,2S,1,60.1,0,0
3432,,IMO,PSA,SG,2S,0,0,1,-26.1
3432,,IMO,PSA,SG,2S,1,-26.0,1,22.9
3432,,IMO,PSA,SG,2S,1,23.0,1,60.0
3432,,IMO,PSA,SG,2S,1,60.1,0,0
2036,,IMO,PSA,SG,3,0,0,1,22.9
2036,,IMO,PSA,SG,3,1,23.0,1,60.0
2036,,IMO,PSA,SG,3,1,60.1,0,0
276,,IMO,PSA,SG,2,0,0,1,-26.1
276,,IMO,PSA,SG,2,1,-26.0,1,22.9
276,,IMO,PSA,SG,2,1,23.0,1,60.0
276,,IMO,PSA,SG,2,1,60.1,0,0
3498,,IMO,PSA,SG,2,0,0,1,-26.1
3498,,IMO,PSA,SG,2,1,-26.0,1,22.9
3498,,IMO,PSA,SG,2,1,23.0,1,60.0
3498,,IMO,PSA,SG,2,1,60.1,0,0
3534,,IMO,PSA,SG,2,0,0,1,-26.1
3534,,IMO,PSA,SG,2,1,-26.0,1,22.9
3534,,IMO,PSA,SG,2,1,23.0,1,60.0
3534,,IMO,PSA,SG,2,1,60.1,0,0
1754,,IMO,PSA,SG,2,0,0,1,-26.1
1754,,IMO,PSA,SG,2,1,-26.0,1,22.9
1754,,IMO,PSA,SG,2,1,23.0,1,60.0
1754,,IMO,PSA,SG,2,1,60.1,0,0
3468,a,IMO,PSA,SG,1D,0,0,1,-26.1
3468,a,IMO,PSA,SG,1D,1,-26.0,0,0
3507,,IMO,PSA,SG,2,0,0,1,-26.1
3507,,IMO,PSA,SG,2,1,-26.0,1,22.9
3507,,IMO,PSA,SG,2,1,23.0,1,60.0
3507,,IMO,PSA,SG,2,1,60.1,0,0
420,,IMO,PSA,SG,1,0,0,0,0
3481,e,IMO,PSA,SG,3,0,0,1,22.9
3481,e,IMO,PSA,SG,3,1,23.0,1,60.0
3481,e,IMO,PSA,SG,3,1,60.1,0,0
3527,b,IMO,PSA,SG,2,0,0,1,-26.1
3527,b,IMO,PSA,SG,2,1,-26.0,1,22.9
3527,b,IMO,PSA,SG,2,1,23.0,1,60.0
3527,b,IMO,PSA,SG,2,1,60.1,0,0
3482,b,IMO,PSA,SG,1D,0,0,1,-26.1
3482,b,IMO,PSA,SG,1D,1,-26.0,0,0
249,,IMO,PSA,SG,1,0,0,0,0
3100,b,IMO,PSA,SG,1D,0,0,1,-26.1
3100,b,IMO,PSA,SG,1D,1,-26.0,0,0
3480,c,IMO,PSA,SG,3,0,0,1,22.9
3480,c,IMO,PSA,SG,3,1,23.0,1,60.0
3480,c,IMO,PSA,SG,3,1,60.1,0,0
1477,d,IMO,PSA,SG,1D,0,0,1,-26.1
1477,d,IMO,PSA,SG,1D,1,-26.0,0,0
3482,a,IMO,PSA,SG,1D,0,0,1,-26.1
3482,a,IMO,PSA,SG,1D,1,-26.0,0,0
1005,,IMO,PSA,SG,2,0,0,1,-26.1
1005,,IMO,PSA,SG,2,1,-26.0,1,22.9
1005,,IMO,PSA,SG,2,1,23.0,1,60.0
1005,,IMO,PSA,SG,2,1,60.1,0,0
3530,b,IMO,PSA,SG,3,0,0,1,22.9
3530,b,IMO,PSA,SG,3,1,23.0,1,60.0
3530,b,IMO,PSA,SG,3,1,60.1,0,0
54,,IMO,PSA,SG,2,0,0,1,-26.1
54,,IMO,PSA,SG,2,1,-26.0,1,22.9
54,,IMO,PSA,SG,2,1,23.0,1,60.0
54,,IMO,PSA,SG,2,1,60.1,0,0
3481,i,IMO,PSA,SG,3,0,0,1,22.9
3481,i,IMO,PSA,SG,3,1,23.0,1,60.0
3481,i,IMO,PSA,SG,3,1,60.1,0,0
313,,IMO,PSA,SG,1,0,0,0,0
3521,,IMO,PSA,SG,2,0,0,1,-26.1
3521,,IMO,PSA,SG,2,1,-26.0,1,22.9
3521,,IMO,PSA,SG,2,1,23.0,1,60.0
3521,,IMO,PSA,SG,2,1,60.1,0,0
1556,f,IMO,PSA,SG,2,0,0,1,-26.1
1556,f,IMO,PSA,SG,2,1,-26.0,1,22.9
1556,f,IMO,PSA,SG,2,1,23.0,1,60.0
1556,f,IMO,PSA,SG,2,1,60.1,0,0
418,,IMO,PSA,SG,1,0,0,0,0
3100,a,IMO,PSA,SG,1D,0,0,1,-26.1
3100,a,IMO,PSA,SG,1D,1,-26.0,0,0
1325,d,IMO,PSA,SG,3,0,0,1,22.9
1325,d,IMO,PSA,SG,3,1,23.0,1,60.0
1325,d,IMO,PSA,SG,3,1,60.1,0,0
1325,d,IMO,PSA,SG,3,1,23.0,1,60.0
1325,d,IMO,PSA,SG,3,1,60.1,0,0
494,,IMO,PSA,SG,2,0,0,1,-26.1
494,,IMO,PSA,SG,2,1,-26.0,1,22.9
494,,IMO,PSA,SG,2,1,23.0,1,60.0
494,,IMO,PSA,SG,2,1,60.1,0,0
3107,c,IMO,PSA,SG,2,0,0,1,-26.1
3107,c,IMO,PSA,SG,2,1,-26.0,1,22.9
3107,c,IMO,PSA,SG,2,1,23.0,1,60.0
3107,c,IMO,PSA,SG,2,1,60.1,0,0
248,,IMO,PSA,SG,1,0,0,0,0
3318,,IMO,PSA,SG,2,0,0,1,-26.1
3318,,IMO,PSA,SG,2,1,-26.0,1,22.9
3318,,IMO,PSA,SG,2,1,23.0,1,60.0
3318,,IMO,PSA,SG,2,1,60.1,0,0
2845,,IMO,PSA,SG,1D,0,0,1,-26.1
2845,,IMO,PSA,SG,1D,1,-26.0,0,0
3480,b,IMO,PSA,SG,3,0,0,1,22.9
3480,b,IMO,PSA,SG,3,1,23.0,1,60.0
3480,b,IMO,PSA,SG,3,1,60.1,0,0
191,,IMO,PSA,SG,2,0,0,1,-26.1
191,,IMO,PSA,SG,2,1,-26.0,1,22.9
191,,IMO,PSA,SG,2,1,23.0,1,60.0
191,,IMO,PSA,SG,2,1,60.1,0,0
3506,,IMO,PSA,SG,2S,0,0,1,-26.1
3506,,IMO,PSA,SG,2S,1,-26.0,1,22.9
3506,,IMO,PSA,SG,2S,1,23.0,1,60.0
3506,,IMO,PSA,SG,2S,1,60.1,0,0
3316,g,IMO,PSA,SG,2,0,0,1,-26.1
3316,g,IMO,PSA,SG,2,1,-26.0,1,22.9
3316,g,IMO,PSA,SG,2,1,23.0,1,60.0
3316,g,IMO,PSA,SG,2,1,60.1,0,0
3497,b,IMO,PSA,SG,3,0,0,1,22.9
3497,b,IMO,PSA,SG,3,1,23.0,1,60.0
3497,b,IMO,PSA,SG,3,1,60.1,0,0
3481,k,IMO,PSA,SG,3,0,0,1,22.9
3481,k,IMO,PSA,SG,3,1,23.0,1,60.0
3481,k,IMO,PSA,SG,3,1,60.1,0,0
3356,,IMO,PSA,SG,2,0,0,1,-26.1
3356,,IMO,PSA,SG,2,1,-26.0,1,22.9
3356,,IMO,PSA,SG,2,1,23.0,1,60.0
3356,,IMO,PSA,SG,2,1,60.1,0,0
3523,,IMO,PSA,SG,2,0,0,1,-26.1
3523,,IMO,PSA,SG,2,1,-26.0,1,22.9
3523,,IMO,PSA,SG,2,1,23.0,1,60.0
3523,,IMO,PSA,SG,2,1,60.1,0,0
421,,IMO,PSA,SG,1,0,0,0,0
3324,e,IMO,PSA,SG,2,0,0,1,-26.1
3324,e,IMO,PSA,SG,2,1,-26.0,1,22.9
3324,e,IMO,PSA,SG,2,1,23.0,1,60.0
3324,e,IMO,PSA,SG,2,1,60.1,0,0
3473,a,IMO,PSA,SG,2,0,0,1,-26.1
3473,a,IMO,PSA,SG,2,1,-26.0,1,22.9
3473,a,IMO,PSA,SG,2,1,23.0,1,60.0
3473,a,IMO,PSA,SG,2,1,60.1,0,0
3091,k,IMO,PSA,SG,3,0,0,1,22.9
3091,k,IMO,PSA,SG,3,1,23.0,1,60.0
3091,k,IMO,PSA,SG,3,1,60.1,0,0
3109,c,IMO,PSA,SG,2,0,0,1,-26.1
3109,c,IMO,PSA,SG,2,1,-26.0,1,22.9
3109,c,IMO,PSA,SG,2,1,23.0,1,60.0
3109,c,IMO,PSA,SG,2,1,60.1,0,0
1950,za,IMO,PSA,SG,2S,0,0,1,-26.1
1950,za,IMO,PSA,SG,2S,1,-26.0,1,22.9
1950,za,IMO,PSA,SG,2S,1,23.0,1,60.0
1950,za,IMO,PSA,SG,2S,1,60.1,0,0
3532,,IMO,PSA,SG,2,0,0,1,-26.1
3532,,IMO,PSA,SG,2,1,-26.0,1,22.9
3532,,IMO,PSA,SG,2,1,23.0,1,60.0
3532,,IMO,PSA,SG,2,1,60.1,0,0
331,d,IMO,PSA,SG,1,0,0,0,0
1325,c,IMO,PSA,SG,3,0,0,1,22.9
1325,c,IMO,PSA,SG,3,1,23.0,1,60.0
1325,c,IMO,PSA,SG,3,1,60.1,0,0
1325,c,IMO,PSA,SG,3,1,23.0,1,60.0
1325,c,IMO,PSA,SG,3,1,60.1,0,0
3545,,IMO,PSA,SG,1D,0,0,1,-26.1
3545,,IMO,PSA,SG,1D,1,-26.0,0,0
3545,,IMO,PSA,SG,2,0,0,1,-26.1
3545,,IMO,PSA,SG,2,1,-26.0,1,22.9
3545,,IMO,PSA,SG,2,1,23.0,1,60.0
3545,,IMO,PSA,SG,2,1,60.1,0,0
82,b,IMO,PSA,SG,1,0,0,0,0
92,,IMO,PSA,SG,2,0,0,1,-26.1
92,,IMO,PSA,SG,2,1,-26.0,1,22.9
92,,IMO,PSA,SG,2,1,23.0,1,60.0
92,,IMO,PSA,SG,2,1,60.1,0,0
3470,a,IMO,PSA,SG,1D,0,0,1,-26.1
3470,a,IMO,PSA,SG,2,1,-26.0,1,22.9
3470,a,IMO,PSA,SG,2,1,23.0,1,60.0
3481,c,IMO,PSA,SG,3,0,0,1,22.9
3481,c,IMO,PSA,SG,3,1,23.0,1,60.0
3481,c,IMO,PSA,SG,3,1,60.1,0,0
3091,d,IMO,PSA,SG,3,0,0,1,22.9
3091,d,IMO,PSA,SG,3,1,23.0,1,60.0
3091,d,IMO,PSA,SG,3,1,60.1,0,0
3119,b,IMO,PSA,SG,2,0,0,1,-26.1
3119,b,IMO,PSA,SG,2,1,-26.0,1,22.9
3119,b,IMO,PSA,SG,2,1,23.0,1,60.0
3119,b,IMO,PSA,SG,2,1,60.1,0,0
3528,g,IMO,PSA,SG,1S,0,0,1,-26.1
3528,g,IMO,PSA,SG,2S,1,-26,1,22.9
3528,g,IMO,PSA,SG,3,1,23,1,60
241,b,IMO,PSA,SG,1,0,0,0,0
3091,j,IMO,PSA,SG,3,0,0,1,22.9
3091,j,IMO,PSA,SG,3,1,23.0,1,60.0
3091,j,IMO,PSA,SG,3,1,60.1,0,0
81,a,IMO,PSA,SG,1,0,0,0,0
3533,,IMO,PSA,SG,2,0,0,1,-26.1
3533,,IMO,PSA,SG,2,1,-26.0,1,22.9
3533,,IMO,PSA,SG,2,1,23.0,1,60.0
3533,,IMO,PSA,SG,2,1,60.1,0,0
3119,a,IMO,PSA,SG,2,0,0,1,-26.1
3119,a,IMO,PSA,SG,2,1,-26.0,1,22.9
3119,a,IMO,PSA,SG,2,1,23.0,1,60.0
3119,a,IMO,PSA,SG,2,1,60.1,0,0
3548,,IMO,PSA,SG,3,0,0,1,22.9
3548,,IMO,PSA,SG,3,1,23.0,1,60.0
3548,,IMO,PSA,SG,3,1,60.1,0,0
3520,,IMO,PSA,SG,2,0,0,1,-26.1
3520,,IMO,PSA,SG,2,1,-26.0,1,22.9
3520,,IMO,PSA,SG,2,1,23.0,1,60.0
3520,,IMO,PSA,SG,2,1,60.1,0,0
3536,,IMO,PSA,SG,3,0,0,1,22.9
3536,,IMO,PSA,SG,3,1,23.0,1,60.0
3536,,IMO,PSA,SG,3,1,60.1,0,0
2743,,IMO,PSA,SG,2,0,0,1,-26.1
2743,,IMO,PSA,SG,2,1,-26.0,1,22.9
2743,,IMO,PSA,SG,2,1,23.0,1,60.0
2743,,IMO,PSA,SG,2,1,60.1,0,0
1942,a,IMO,PSA,SG,1D,0,0,1,-26.1
1942,a,IMO,PSA,SG,1D,1,-26.0,0,0
3485,a,IMO,PSA,SG,3,0,0,1,22.9
3485,a,IMO,PSA,SG,3,1,23.0,1,60.0
3485,a,IMO,PSA,SG,3,1,60.1,0,0
1942,b,IMO,PSA,SG,1D,0,0,1,-26.1
1942,b,IMO,PSA,SG,1D,1,-26.0,0,0
1961,,IMO,PSA,SG,1S,0,0,1,-26.1
1961,,IMO,PSA,SG,1S,1,-26.0,0,0
3215,b,IMO,PSA,SG,2,0,0,1,-26.1
3215,b,IMO,PSA,SG,2,1,-26.0,1,22.9
3215,b,IMO,PSA,SG,2,1,23.0,1,60.0
3215,b,IMO,PSA,SG,2,1,60.1,0,0
2067,a,IMO,PSA,SG,1D,0,0,1,-26.1
2067,a,IMO,PSA,SG,1D,1,-26.0,0,0
50,,IMO,PSA,SG,2,0,0,1,-26.1
50,,IMO,PSA,SG,2,1,-26.0,1,22.9
50,,IMO,PSA,SG,2,1,23.0,1,60.0
50,,IMO,PSA,SG,2,1,60.1,0,0
3245,b,IMO,PSA,SG,2,0,0,1,-26.1
3245,b,IMO,PSA,SG,2,1,-26.0,1,22.9
3245,b,IMO,PSA,SG,2,1,23.0,1,60.0
3245,b,IMO,PSA,SG,2,1,60.1,0,0
3077,,IMO,PSA,SG,3,0,0,1,22.9
3077,,IMO,PSA,SG,3,1,23.0,1,60.0
3077,,IMO,PSA,SG,3,1,60.1,0,0
3487,c,IMO,PSA,SG,3,0,0,1,22.9
3487,c,IMO,PSA,SG,3,1,23.0,1,60.0
3487,c,IMO,PSA,SG,3,1,60.1,0,0
3332,,IMO,PSA,SG,2,0,0,1,-26.1
3332,,IMO,PSA,SG,2,1,-26.0,1,22.9
3332,,IMO,PSA,SG,2,1,23.0,1,60.0
3332,,IMO,PSA,SG,2,1,60.1,0,0
3530,a,IMO,PSA,SG,3,0,0,1,22.9
3530,a,IMO,PSA,SG,3,1,23.0,1,60.0
3530,a,IMO,PSA,SG,3,1,60.1,0,0
2826,,IMO,PSA,SG,3,0,0,1,22.9
2826,,IMO,PSA,SG,3,1,23.0,1,60.0
2826,,IMO,PSA,SG,3,1,60.1,0,0
3503,,IMO,PSA,SG,2,0,0,1,-26.1
3503,,IMO,PSA,SG,2,1,-26.0,1,22.9
3503,,IMO,PSA,SG,2,1,23.0,1,60.0
3503,,IMO,PSA,SG,2,1,60.1,0,0
3527,a,IMO,PSA,SG,2,0,0,1,-26.1
3527,a,IMO,PSA,SG,2,1,-26.0,1,22.9
3527,a,IMO,PSA,SG,2,1,23.0,1,60.0
3527,a,IMO,PSA,SG,2,1,60.1,0,0
3528,h,IMO,PSA,SG,1S,0,0,1,-26.1
3528,h,IMO,PSA,SG,2S,1,-26,1,22.9
3528,h,IMO,PSA,SG,3,1,23,1,60
2956,d,IMO,PSA,SG,2,0,0,1,-26.1
2956,d,IMO,PSA,SG,2,1,-26.0,1,22.9
2956,d,IMO,PSA,SG,2,1,23.0,1,60.0
2956,d,IMO,PSA,SG,2,1,60.1,0,0
18,,IMO,PSA,SG,1,0,0,0,0
498,,IMO,PSA,SG,1,0,0,0,0
3531,,IMO,PSA,SG,2,0,0,1,-26.1
3531,,IMO,PSA,SG,2,1,-26.0,1,22.9
3531,,IMO,PSA,SG,2,1,23.0,1,60.0
3531,,IMO,PSA,SG,2,1,60.1,0,0
1839,,IMO,PSA,SG,3,0,0,1,22.9
1839,,IMO,PSA,SG,3,1,23.0,1,60.0
1839,,IMO,PSA,SG,3,1,60.1,0,0
3542,,IMO,PSA,SG,1D,0,0,1,-26.1
3542,,IMO,PSA,SG,1D,1,-26.0,0,0
3542,,IMO,PSA,SG,2,0,0,1,-26.1
3542,,IMO,PSA,SG,2,1,-26.0,1,22.9
3542,,IMO,PSA,SG,2,1,23.0,1,60.0
3542,,IMO,PSA,SG,2,1,60.1,0,0
3541,,IMO,PSA,SG,2,0,0,1,-26.1
3541,,IMO,PSA,SG,2,1,-26.0,1,22.9
3541,,IMO,PSA,SG,2,1,23.0,1,60.0
3541,,IMO,PSA,SG,2,1,60.1,0,0
3528,a,IMO,PSA,SG,1S,0,0,1,-26.1
3528,a,IMO,PSA,SG,2S,1,-26,1,22.9
3528,a,IMO,PSA,SG,3,1,23,1,60
3510,,IMO,PSA,SG,1D,0,0,1,-26.1
3510,,IMO,PSA,SG,1D,1,-26.0,0,0
3469,d,IMO,PSA,SG,2,1,-26,1,22.9
1040,d,IMO,PSA,SG,2,0,0,1,-26.1
1040,d,IMO,PSA,SG,2,1,-26.0,1,22.9
1040,d,IMO,PSA,SG,2,1,23.0,1,60.0
1040,d,IMO,PSA,SG,2,1,60.1,0,0
3316,f,IMO,PSA,SG,2,0,0,1,-26.1
3316,f,IMO,PSA,SG,2,1,-26.0,1,22.9
3316,f,IMO,PSA,SG,2,1,23.0,1,60.0
3316,f,IMO,PSA,SG,2,1,60.1,0,0
503,,IMO,PSA,SG,2,0,0,1,-26.1
503,,IMO,PSA,SG,2,1,-26.0,1,22.9
503,,IMO,PSA,SG,2,1,23.0,1,60.0
503,,IMO,PSA,SG,2,1,60.1,0,0
312,,IMO,PSA,SG,2,0,0,1,-26.1
312,,IMO,PSA,SG,2,1,-26.0,1,22.9
312,,IMO,PSA,SG,2,1,23.0,1,60.0
312,,IMO,PSA,SG,2,1,60.1,0,0
1733,,IMO,PSA,SG,3,0,0,1,22.9
1733,,IMO,PSA,SG,3,1,23.0,1,60.0
1733,,IMO,PSA,SG,3,1,60.1,0,0
323,,IMO,PSA,SG,2,0,0,1,-26.1
323,,IMO,PSA,SG,2,1,-26.0,1,22.9
323,,IMO,PSA,SG,2,1,23.0,1,60.0
323,,IMO,PSA,SG,2,1,60.1,0,0
3540,,IMO,PSA,SG,1S,0,0,1,-26.1
3540,,IMO,PSA,SG,2S,1,-26,1,22.9
3540,,IMO,PSA,SG,3,1,23.0,1,60.0
3540,,IMO,PSA,SG,3,1,60.1,0,0
3475,c,IMO,PSA,SG,2S,1,-26,1,22.9
3481,a,IMO,PSA,SG,3,0,0,1,22.9
3481,a,IMO,PSA,SG,3,1,23.0,1,60.0
3481,a,IMO,PSA,SG,3,1,60.1,0,0
2956,c,IMO,PSA,SG,2,0,0,1,-26.1
2956,c,IMO,PSA,SG,2,1,-26.0,1,22.9
2956,c,IMO,PSA,SG,2,1,23.0,1,60.0
2956,c,IMO,PSA,SG,2,1,60.1,0,0
3481,f,IMO,PSA,SG,3,0,0,1,22.9
3481,f,IMO,PSA,SG,3,1,23.0,1,60.0
3481,f,IMO,PSA,SG,3,1,60.1,0,0
430,,IMO,PSA,SG,2,0,0,1,-26.1
430,,IMO,PSA,SG,2,1,-26.0,1,22.9
430,,IMO,PSA,SG,2,1,23.0,1,60.0
430,,IMO,PSA,SG,2,1,60.1,0,0
3469,f,IMO,PSA,SG,2,1,-26.0,1,22.9
3469,f,IMO,PSA,SG,2,1,23.0,1,60.0
3535,a,IMO,PSA,SG,2,0,0,1,-26.1
3535,a,IMO,PSA,SG,2,1,-26.0,1,22.9
3535,a,IMO,PSA,SG,2,1,23.0,1,60.0
3535,a,IMO,PSA,SG,2,1,60.1,0,0
3468,b,IMO,PSA,SG,1D,0,0,1,-26.1
3468,b,IMO,PSA,SG,1D,1,-26.0,0,0
2448,,IMO,PSA,SG,2,0,0,1,-26.1
2448,,IMO,PSA,SG,2,1,-26.0,1,22.9
2448,,IMO,PSA,SG,2,1,23.0,1,60.0
2448,,IMO,PSA,SG,2,1,60.1,0,0
3369,,IMO,PSA,SG,2,0,0,1,-26.1
3369,,IMO,PSA,SG,2,1,-26.0,1,22.9
3369,,IMO,PSA,SG,2,1,23.0,1,60.0
3369,,IMO,PSA,SG,2,1,60.1,0,0
3091,e,IMO,PSA,SG,3,0,0,1,22.9
3091,e,IMO,PSA,SG,3,1,23.0,1,60.0
3091,e,IMO,PSA,SG,3,1,60.1,0,0
3528,e,IMO,PSA,SG,1S,0,0,1,-26.1
3528,e,IMO,PSA,SG,2S,1,-26,1,22.9
3528,e,IMO,PSA,SG,3,1,23,1,60
1075,,IMO,PSA,SG,1S,0,0,1,-26.1
1075,,IMO,PSA,SG,1S,1,-26.0,0,0
3537,,IMO,PSA,SG,1D,0,0,1,-26.1
3537,,IMO,PSA,SG,1D,1,-26.0,0,0
3316,h,IMO,PSA,SG,2,0,0,1,-26.1
3316,h,IMO,PSA,SG,2,1,-26.0,1,22.9
3316,h,IMO,PSA,SG,2,1,23.0,1,60.0
3316,h,IMO,PSA,SG,2,1,60.1,0,0
3501,,IMO,PSA,SG,1D,0,0,1,-26.1
3501,,IMO,PSA,SG,1D,1,-26.0,0,0
1786,,IMO,PSA,SG,2,0,0,1,-26.1
1786,,IMO,PSA,SG,2,1,-26.0,1,22.9
1786,,IMO,PSA,SG,2,1,23.0,1,60.0
1786,,IMO,PSA,SG,2,1,60.1,0,0
3481,g,IMO,PSA,SG,3,0,0,1,22.9
3481,g,IMO,PSA,SG,3,1,23.0,1,60.0
3481,g,IMO,PSA,SG,3,1,60.1,0,0
3480,d,IMO,PSA,SG,3,0,0,1,22.9
3480,d,IMO,PSA,SG,3,1,23.0,1,60.0
3480,d,IMO,PSA,SG,3,1,60.1,0,0
3529,a,IMO,PSA,SG,1D,0,0,1,-26.1
3529,a,IMO,PSA,SG,1D,1,-26.0,0,0
3473,b,IMO,PSA,SG,2,0,0,1,-26.1
3473,b,IMO,PSA,SG,2,1,-26.0,1,22.9
3473,b,IMO,PSA,SG,2,1,23.0,1,60.0
3473,b,IMO,PSA,SG,2,1,60.1,0,0
3522,,IMO,PSA,SG,2,0,0,1,-26.1
3522,,IMO,PSA,SG,2,1,-26.0,1,22.9
3522,,IMO,PSA,SG,2,1,23.0,1,60.0
3522,,IMO,PSA,SG,2,1,60.1,0,0
3481,j,IMO,PSA,SG,3,0,0,1,22.9
3481,j,IMO,PSA,SG,3,1,23.0,1,60.0
3481,j,IMO,PSA,SG,3,1,60.1,0,0
3480,f,IMO,PSA,SG,3,0,0,1,22.9
3480,f,IMO,PSA,SG,3,1,23.0,1,60.0
3480,f,IMO,PSA,SG,3,1,60.1,0,0
1008,b,IMO,PSA,SG,2,0,0,1,-26.1
1008,b,IMO,PSA,SG,2,1,-26.0,1,22.9
1008,b,IMO,PSA,SG,2,1,23.0,1,60.0
1008,b,IMO,PSA,SG,2,1,60.1,0,0
1082,a,IMO,PSA,SG,2,0,0,1,-26.1
1082,a,IMO,PSA,SG,2,1,-26.0,1,22.9
1082,a,IMO,PSA,SG,2,1,23.0,1,60.0
1082,a,IMO,PSA,SG,2,1,60.1,0,0
3529,b,IMO,PSA,SG,1D,0,0,1,-26.1
3529,b,IMO,PSA,SG,1D,1,-26.0,0,0
3528,f,IMO,PSA,SG,1S,0,0,1,-26.1
3528,f,IMO,PSA,SG,2S,1,-26,1,22.9
3528,f,IMO,PSA,SG,3,1,23,1,60
331,c,IMO,PSA,SG,1,0,0,0,0
1143,a,IMO,PSA,SG,2,1,-26.0,1,22.9
1143,a,IMO,PSA,SG,2,1,23.0,1,60.0
1143,a,IMO,PSA,SG,2,1,60.1,0,0
1911,,IMO,PSA,SG,1D,0,0,1,-26.1
1911,,IMO,PSA,SG,1D,1,-26.0,0,0
3524,,IMO,PSA,SG,2,0,0,1,-26.1
3524,,IMO,PSA,SG,2,1,-26.0,1,22.9
3524,,IMO,PSA,SG,2,1,23.0,1,60.0
3524,,IMO,PSA,SG,2,1,60.1,0,0
2315,,IMO,PSA,SG,2S,0,0,1,-26.1
2315,,IMO,PSA,SG,2S,1,-26.0,1,22.9
2315,,IMO,PSA,SG,2S,1,23.0,1,60.0
2315,,IMO,PSA,SG,2S,1,60.1,0,0
3091,c,IMO,PSA,SG,3,0,0,1,22.9
3091,c,IMO,PSA,SG,3,1,23.0,1,60.0
3091,c,IMO,PSA,SG,3,1,60.1,0,0
3485,b,IMO,PSA,SG,3,0,0,1,22.9
3485,b,IMO,PSA,SG,3,1,23.0,1,60.0
3485,b,IMO,PSA,SG,3,1,60.1,0,0
1967,,IMO,PSA,SG,1D,0,0,1,-26.1
1967,,IMO,PSA,SG,1D,1,-26.0,0,0
2672,,IMO,PSA,SG,2S,0,0,1,-26.1
2672,,IMO,PSA,SG,2S,1,-26.0,1,22.9
2672,,IMO,PSA,SG,2S,1,23.0,1,60.0
2672,,IMO,PSA,SG,2S,1,60.1,0,0
510,,IMO,PSA,SG,2,0,0,1,-26.1
510,,IMO,PSA,SG,2,1,-26.0,1,22.9
510,,IMO,PSA,SG,2,1,23.0,1,60.0
510,,IMO,PSA,SG,2,1,60.1,0,0
3535,b,IMO,PSA,SG,2,0,0,1,-26.1
3535,b,IMO,PSA,SG,2,1,-26.0,1,22.9
3535,b,IMO,PSA,SG,2,1,23.0,1,60.0
3535,b,IMO,PSA,SG,2,1,60.1,0,0
1556,d,IMO,PSA,SG,2,0,0,1,-26.1
1556,d,IMO,PSA,SG,2,1,-26.0,1,22.9
1556,d,IMO,PSA,SG,2,1,23.0,1,60.0
1556,d,IMO,PSA,SG,2,1,60.1,0,0
1557,d,IMO,PSA,SG,2,0,0,1,-26.1
1557,d,IMO,PSA,SG,2,1,-26.0,1,22.9
1557,d,IMO,PSA,SG,2,1,23.0,1,60.0
1557,d,IMO,PSA,SG,2,1,60.1,0,0
1090,,IMO,PSA,SG,2S,1,-26,1,22.9
3325,d,IMO,PSA,SG,2,0,0,1,-26.1
3325,d,IMO,PSA,SG,2,1,-26.0,1,22.9
3325,d,IMO,PSA,SG,2,1,23.0,1,60.0
3325,d,IMO,PSA,SG,2,1,60.1,0,0
3090,c,IMO,PSA,SG,3,0,0,1,22.9
3090,c,IMO,PSA,SG,3,1,23.0,1,60.0
3090,c,IMO,PSA,SG,3,1,60.1,0,0
3091,h,IMO,PSA,SG,3,0,0,1,22.9
3091,h,IMO,PSA,SG,3,1,23.0,1,60.0
3091,h,IMO,PSA,SG,3,1,60.1,0,0
1829,,IMO,PSA,SG,2,0,0,1,-26.1
1829,,IMO,PSA,SG,2,1,-26.0,1,22.9
1829,,IMO,PSA,SG,2,1,23.0,1,60.0
1829,,IMO,PSA,SG,2,1,60.1,0,0
124,,IMO,PSA,SG,1,0,0,0,0
2442,,IMO,PSA,SG,2,0,0,1,-26.1
2442,,IMO,PSA,SG,2,1,-26.0,1,22.9
2442,,IMO,PSA,SG,2,1,23.0,1,60.0
2442,,IMO,PSA,SG,2,1,60.1,0,0
3321,e,IMO,PSA,SG,2,0,0,1,-26.1
3321,e,IMO,PSA,SG,2,1,-26.0,1,22.9
3321,e,IMO,PSA,SG,2,1,23.0,1,60.0
3321,e,IMO,PSA,SG,2,1,60.1,0,0
3091,i,IMO,PSA,SG,3,0,0,1,22.9
3091,i,IMO,PSA,SG,3,1,23.0,1,60.0
3091,i,IMO,PSA,SG,3,1,60.1,0,0
3091,f,IMO,PSA,SG,3,0,0,1,22.9
3091,f,IMO,PSA,SG,3,1,23.0,1,60.0
3091,f,IMO,PSA,SG,3,1,60.1,0,0
3543,,IMO,PSA,SG,1D,0,0,1,-26.1
3543,,IMO,PSA,SG,1D,1,-26.0,0,0
3543,,IMO,PSA,SG,2,0,0,1,-26.1
3543,,IMO,PSA,SG,2,1,-26.0,1,22.9
3543,,IMO,PSA,SG,2,1,23.0,1,60.0
3543,,IMO,PSA,SG,2,1,60.1,0,0
3481,b,IMO,PSA,SG,3,0,0,1,22.9
3481,b,IMO,PSA,SG,3,1,23.0,1,60.0
3481,b,IMO,PSA,SG,3,1,60.1,0,0
3544,,IMO,PSA,SG,1D,0,0,1,-26.1
3544,,IMO,PSA,SG,1D,1,-26.0,0,0
3544,,IMO,PSA,SG,2,0,0,1,-26.1
3544,,IMO,PSA,SG,2,1,-26.0,1,22.9
3544,,IMO,PSA,SG,2,1,23.0,1,60.0
3544,,IMO,PSA,SG,2,1,60.1,0,0
3528,d,IMO,PSA,SG,1S,0,0,1,-26.1
3528,d,IMO,PSA,SG,2S,1,-26,1,22.9
3528,d,IMO,PSA,SG,3,1,23,1,60
196,,IMO,PSA,SG,1,0,0,0,0
3468,c,IMO,PSA,SG,1D,0,0,1,-26.1
3468,c,IMO,PSA,SG,1D,1,-26.0,0,0
93,,IMO,PSA,SG,2,0,0,1,-26.1
93,,IMO,PSA,SG,2,1,-26.0,1,22.9
93,,IMO,PSA,SG,2,1,23.0,1,60.0
93,,IMO,PSA,SG,2,1,60.1,0,0
3469,e,IMO,PSA,SG,2,1,23,1,60
2073,,IMO,PSA,SG,2S,0,0,1,-26.1
2073,,IMO,PSA,SG,2S,1,-26.0,1,22.9
2073,,IMO,PSA,SG,2S,1,23.0,1,60.0
2073,,IMO,PSA,SG,2S,1,60.1,0,0
332,d,IMO,PSA,SG,1,0,0,0,0
3505,,IMO,PSA,SG,1D,0,0,1,-26.1
3505,,IMO,PSA,SG,1D,1,-26.0,0,0
2692,,IMO,PSA,SG,2,0,0,1,-26.1
2692,,IMO,PSA,SG,2,1,-26.0,1,22.9
2692,,IMO,PSA,SG,2,1,23.0,1,60.0
2692,,IMO,PSA,SG,2,1,60.1,0,0
3481,d,IMO,PSA,SG,3,0,0,1,22.9
3481,d,IMO,PSA,SG,3,1,23.0,1,60.0
3481,d,IMO,PSA,SG,3,1,60.1,0,0
3481,l,IMO,PSA,SG,3,0,0,1,22.9
3481,l,IMO,PSA,SG,3,1,23.0,1,60.0
3481,l,IMO,PSA,SG,3,1,60.1,0,0
3500,,IMO,PSA,SG,2S,0,0,1,-26.1
3500,,IMO,PSA,SG,2S,1,-26.0,1,22.9
3500,,IMO,PSA,SG,2S,1,23.0,1,60.0
3500,,IMO,PSA,SG,2S,1,60.1,0,0
3090,a,IMO,PSA,SG,3,0,0,1,22.9
3090,a,IMO,PSA,SG,3,1,23.0,1,60.0
3090,a,IMO,PSA,SG,3,1,60.1,0,0
2919,,IMO,PSA,SG,2,0,0,1,-26.1
2919,,IMO,PSA,SG,2,1,-26.0,1,22.9
2919,,IMO,PSA,SG,2,1,23.0,1,60.0
2919,,IMO,PSA,SG,2,1,60.1,0,0
3475,a,IMO,PSA,SG,1S,0,0,1,-26.1
3475,a,IMO,PSA,SG,2S,1,-26,1,22.9
1365,,IMO,PSA,SG,3,0,0,1,22.9
1365,,IMO,PSA,SG,3,1,23.0,1,60.0
1365,,IMO,PSA,SG,3,1,60.1,0,0
487,,IMO,PSA,SG,2,0,0,1,-26.1
487,,IMO,PSA,SG,2,1,-26.0,1,22.9
487,,IMO,PSA,SG,2,1,23.0,1,60.0
487,,IMO,PSA,SG,2,1,60.1,0,0
3316,e,IMO,PSA,SG,2,0,0,1,-26.1
3316,e,IMO,PSA,SG,2,1,-26.0,1,22.9
3316,e,IMO,PSA,SG,2,1,23.0,1,60.0
3316,e,IMO,PSA,SG,2,1,60.1,0,0
1738,,IMO,PSA,SG,2,0,0,1,-26.1
1738,,IMO,PSA,SG,2,1,-26.0,1,22.9
1738,,IMO,PSA,SG,2,1,23.0,1,60.0
1738,,IMO,PSA,SG,2,1,60.1,0,0
82,a,IMO,PSA,SG,1,0,0,0,0
19,,IMO,PSA,SG,2,0,0,1,-26.1
19,,IMO,PSA,SG,2,1,-26.0,1,22.9
19,,IMO,PSA,SG,2,1,23.0,1,60.0
19,,IMO,PSA,SG,2,1,60.1,0,0
3511,,IMO,PSA,SG,2S,0,0,1,-26.1
3511,,IMO,PSA,SG,2S,1,-26.0,1,22.9
3511,,IMO,PSA,SG,2S,1,23.0,1,60.0
3511,,IMO,PSA,SG,2S,1,60.1,0,0
1954,,IMO,PSA,SG,1D,0,0,1,-26.1
1954,,IMO,PSA,SG,1D,1,-26.0,0,0
1143,b,IMO,PSA,SG,2,1,-26.0,1,22.9
1143,b,IMO,PSA,SG,2,1,23.0,1,60.0
1143,b,IMO,PSA,SG,2,1,60.1,0,0
3091,l,IMO,PSA,SG,3,0,0,1,22.9
3091,l,IMO,PSA,SG,3,1,23.0,1,60.0
3091,l,IMO,PSA,SG,3,1,60.1,0,0
3334,,IMO,PSA,SG,3,0,0,1,22.9
3334,,IMO,PSA,SG,3,1,23.0,1,60.0
3334,,IMO,PSA,SG,3,1,60.1,0,0
3499,,IMO,PSA,SG,3,0,0,1,22.9
3499,,IMO,PSA,SG,3,1,23.0,1,60.0
3499,,IMO,PSA,SG,3,1,60.1,0,0
332,c,IMO,PSA,SG,1,0,0,0,0
3502,,IMO,PSA,SG,2,0,0,1,-26.1
3502,,IMO,PSA,SG,2,1,-26.0,1,22.9
3502,,IMO,PSA,SG,2,1,23.0,1,60.0
3502,,IMO,PSA,SG,2,1,60.1,0,0
3529,d,IMO,PSA,SG,1D,0,0,1,-26.1
3529,d,IMO,PSA,SG,1D,1,-26.0,0,0
2067,b,IMO,PSA,SG,1D,0,0,1,-26.1
2067,b,IMO,PSA,SG,1D,1,-26.0,0,0
1477,c,IMO,PSA,SG,1D,0,0,1,-26.1
1477,c,IMO,PSA,SG,1D,1,-26.0,0,0
431,,IMO,PSA,SG,2,0,0,1,-26.1
431,,IMO,PSA,SG,2,1,-26.0,1,22.9
431,,IMO,PSA,SG,2,1,23.0,1,60.0
431,,IMO,PSA,SG,2,1,60.1,0,0
1040,c,IMO,PSA,SG,2,0,0,1,-26.1
1040,c,IMO,PSA,SG,2,1,-26.0,1,22.9
1040,c,IMO,PSA,SG,2,1,23.0,1,60.0
1040,c,IMO,PSA,SG,2,1,60.1,0,0
3171,b,IMO,PSA,SG,3,0,0,1,22.9
3171,b,IMO,PSA,SG,3,1,23.0,1,60.0
3171,b,IMO,PSA,SG,3,1,60.1,0,0
3333,,IMO,PSA,SG,2,0,0,1,-26.1
3333,,IMO,PSA,SG,2,1,-26.0,1,22.9
3333,,IMO,PSA,SG,2,1,23.0,1,60.0
3333,,IMO,PSA,SG,2,1,60.1,0,0
3090,b,IMO,PSA,SG,3,0,0,1,22.9
3090,b,IMO,PSA,SG,3,1,23.0,1,60.0
3090,b,IMO,PSA,SG,3,1,60.1,0,0
3090,f,IMO,PSA,SG,3,0,0,1,22.9
3090,f,IMO,PSA,SG,3,1,23.0,1,60.0
3090,f,IMO,PSA,SG,3,1,60.1,0,0
419,,IMO,PSA,SG,1,0,0,0,0
1230,,IMO,PSA,SG,2S,1,-26,1,22.9
3331,,IMO,PSA,SG,2,0,0,1,-26.1
3331,,IMO,PSA,SG,2,1,-26.0,1,22.9
3331,,IMO,PSA,SG,2,1,23.0,1,60.0
3331,,IMO,PSA,SG,2,1,60.1,0,0
301,,IMO,PSA,SG,2,0,0,1,-26.1
301,,IMO,PSA,SG,2,1,-26.0,1,22.9
301,,IMO,PSA,SG,2,1,23.0,1,60.0
301,,IMO,PSA,SG,2,1,60.1,0,0
3528,b,IMO,PSA,SG,1S,0,0,1,-26.1
3528,b,IMO,PSA,SG,2S,1,-26,1,22.9
3528,b,IMO,PSA,SG,3,1,23,1,60
3539,,IMO,PSA,SG,1D,0,0,1,-26.1
3539,,IMO,PSA,SG,1D,1,-26.0,0,0
3539,,IMO,PSA,SG,2,0,0,1,-26.1
3539,,IMO,PSA,SG,2,1,-26.0,1,22.9
3539,,IMO,PSA,SG,2,1,23.0,1,60.0
3539,,IMO,PSA,SG,2,1,60.1,0,0
3316,c,IMO,PSA,SG,2,0,0,1,-26.1
3316,c,IMO,PSA,SG,2,1,-26.0,1,22.9
3316,c,IMO,PSA,SG,2,1,23.0,1,60.0
3316,c,IMO,PSA,SG,2,1,60.1,0,0
3470,b,IMO,PSA,SG,1D,0,0,1,-26.1
3470,b,IMO,PSA,SG,2,1,-26.0,1,22.9
3470,b,IMO,PSA,SG,2,1,23.0,1,60.0
1649,,IMO,PSA,SG,2,0,0,1,-26.1
1649,,IMO,PSA,SG,2,1,-26.0,1,22.9
1649,,IMO,PSA,SG,2,1,23.0,1,60.0
1649,,IMO,PSA,SG,2,1,60.1,0,0
3090,e,IMO,PSA,SG,3,0,0,1,22.9
3090,e,IMO,PSA,SG,3,1,23.0,1,60.0
3090,e,IMO,PSA,SG,3,1,60.1,0,0
3105,c,IMO,PSA,SG,2,0,0,1,-26.1
3105,c,IMO,PSA,SG,2,1,-26.0,1,22.9
3105,c,IMO,PSA,SG,2,1,23.0,1,60.0
3105,c,IMO,PSA,SG,2,1,60.1,0,0
2208,,IMO,PSA,SG,3,0,0,1,22.9
2208,,IMO,PSA,SG,3,1,23.0,1,60.0
2208,,IMO,PSA,SG,3,1,60.1,0,0
1557,e,IMO,PSA,SG,2,0,0,1,-26.1
1557,e,IMO,PSA,SG,2,1,-26.0,1,22.9
1557,e,IMO,PSA,SG,2,1,23.0,1,60.0
1557,e,IMO,PSA,SG,2,1,60.1,0,0
3525,,IMO,PSA,SG,2,0,0,1,-26.1
3525,,IMO,PSA,SG,2,1,-26.0,1,22.9
3525,,IMO,PSA,SG,2,1,23.0,1,60.0
3525,,IMO,PSA,SG,2,1,60.1,0,0
3538,,IMO,PSA,SG,3,0,0,1,22.9
3538,,IMO,PSA,SG,3,1,23.0,1,60.0
3538,,IMO,PSA,SG,3,1,60.1,0,0
3091,g,IMO,PSA,SG,3,0,0,1,22.9
3091,g,IMO,PSA,SG,3,1,23.0,1,60.0
3091,g,IMO,PSA,SG,3,1,60.1,0,0
3513,,IMO,PSA,SG,2,0,0,1,-26.1
3513,,IMO,PSA,SG,2,1,-26.0,1,22.9
3513,,IMO,PSA,SG,2,1,23.0,1,60.0
3513,,IMO,PSA,SG,2,1,60.1,0,0
337,,IMO,PSA,SG,2,0,0,1,-26.1
337,,IMO,PSA,SG,2,1,-26.0,1,22.9
337,,IMO,PSA,SG,2,1,23.0,1,60.0
337,,IMO,PSA,SG,2,1,60.1,0,0
3473,c,IMO,PSA,SG,2,0,0,1,-26.1
3473,c,IMO,PSA,SG,2,1,-26.0,1,22.9
3473,c,IMO,PSA,SG,2,1,23.0,1,60.0
3473,c,IMO,PSA,SG,2,1,60.1,0,0
1395,,IMO,PSA,SG,2,0,0,1,-26.1
1395,,IMO,PSA,SG,2,1,-26.0,1,22.9
1395,,IMO,PSA,SG,2,1,23.0,1,60.0
1395,,IMO,PSA,SG,2,1,60.1,0,0
241,a,IMO,PSA,SG,1,0,0,0,0
428,,IMO,PSA,SG,1,0,0,0,0
3480,e,IMO,PSA,SG,3,0,0,1,22.9
3480,e,IMO,PSA,SG,3,1,23.0,1,60.0
3480,e,IMO,PSA,SG,3,1,60.1,0,0
1008,a,IMO,PSA,SG,2,0,0,1,-26.1
1008,a,IMO,PSA,SG,2,1,-26.0,1,22.9
1008,a,IMO,PSA,SG,2,1,23.0,1,60.0
1008,a,IMO,PSA,SG,2,1,60.1,0,0
3215,a,IMO,PSA,SG,2,0,0,1,-26.1
3215,a,IMO,PSA,SG,2,1,-26.0,1,22.9
3215,a,IMO,PSA,SG,2,1,23.0,1,60.0
3215,a,IMO,PSA,SG,2,1,60.1,0,0
429,,IMO,PSA,SG,1,0,0,0,0
49,,IMO,PSA,SG,1,0,0,0,0
3547,,IMO,PSA,SG,2,0,0,1,-26.1
3547,,IMO,PSA,SG,2,1,-26.0,1,22.9
3547,,IMO,PSA,SG,2,1,23.0,1,60.0
3547,,IMO,PSA,SG,2,1,60.1,0,0
1557,f,IMO,PSA,SG,2,0,0,1,-26.1
1557,f,IMO,PSA,SG,2,1,-26.0,1,22.9
1557,f,IMO,PSA,SG,2,1,23.0,1,60.0
1557,f,IMO,PSA,SG,2,1,60.1,0,0
3504,,IMO,PSA,SG,1D,0,0,1,-26.1
3504,,IMO,PSA,SG,1D,1,-26.0,0,0
197,,IMO,PSA,SG,2,0,0,1,-26.1
197,,IMO,PSA,SG,2,1,-26.0,1,22.9
197,,IMO,PSA,SG,2,1,23.0,1,60.0
197,,IMO,PSA,SG,2,1,60.1,0,0
3480,a,IMO,PSA,SG,3,0,0,1,22.9
3480,a,IMO,PSA,SG,3,1,23.0,1,60.0
3480,a,IMO,PSA,SG,3,1,60.1,0,0
2908,,IMO,PSA,SG,2,0,0,1,-26.1
2908,,IMO,PSA,SG,2,1,-26.0,1,22.9
2908,,IMO,PSA,SG,2,1,23.0,1,60.0
2908,,IMO,PSA,SG,2,1,60.1,0,0
3152,c,IMO,PSA,SG,2S,0,0,1,-26.1
3152,c,IMO,PSA,SG,2S,1,-26.0,1,22.9
3152,c,IMO,PSA,SG,2S,1,23.0,1,60.0
3152,c,IMO,PSA,SG,2S,1,60.1,0,0
81,b,IMO,PSA,SG,1,0,0,0,0
3508,,IMO,PSA,SG,3,0,0,1,22.9
3508,,IMO,PSA,SG,3,1,23.0,1,60.0
3508,,IMO,PSA,SG,3,1,60.1,0,0
499,,IMO,PSA,SG,2,0,0,1,-26.1
499,,IMO,PSA,SG,2,1,-26.0,1,22.9
499,,IMO,PSA,SG,2,1,23.0,1,60.0
499,,IMO,PSA,SG,2,1,60.1,0,0
3475,b,IMO,PSA,SG,2S,1,-26,1,22.9
3171,a,IMO,PSA,SG,3,0,0,1,22.9
3171,a,IMO,PSA,SG,3,1,23.0,1,60.0
3171,a,IMO,PSA,SG,3,1,60.1,0,0
3529,c,IMO,PSA,SG,1D,0,0,1,-26.1
3529,c,IMO,PSA,SG,1D,1,-26.0,0,0
3528,c,IMO,PSA,SG,1S,0,0,1,-26.1
3528,c,IMO,PSA,SG,2S,1,-26,1,22.9
3528,c,IMO,PSA,SG,3,1,23,1,60
3316,d,IMO,PSA,SG,2,0,0,1,-26.1
3316,d,IMO,PSA,SG,2,1,-26.0,1,22.9
3316,d,IMO,PSA,SG,2,1,23.0,1,60.0
3316,d,IMO,PSA,SG,2,1,60.1,0,0
3497,a,IMO,PSA,SG,3,0,0,1,22.9
3497,a,IMO,PSA,SG,3,1,23.0,1,60.0
3497,a,IMO,PSA,SG,3,1,60.1,0,0
3546,,IMO,PSA,SG,2,0,0,1,-26.1
3546,,IMO,PSA,SG,2,1,-26.0,1,22.9
3546,,IMO,PSA,SG,2,1,23.0,1,60.0
3546,,IMO,PSA,SG,2,1,60.1,0,0
1350,,IMO,PSA,SG,3,0,0,1,22.9
1350,,IMO,PSA,SG,3,1,23.0,1,60.0
1350,,IMO,PSA,SG,3,1,60.1,0,0
3054,,IMO,PSA,SG,3,1,23,1,60
2037,s,IMO,PSA,SG,2S,0,0,1,-26.1
2037,s,IMO,PSA,SG,2S,1,-26.0,1,22.9
2037,s,IMO,PSA,SG,2S,1,23.0,1,60.0
2037,s,IMO,PSA,SG,2S,1,60.1,0,0
3090,d,IMO,PSA,SG,3,0,0,1,22.9
3090,d,IMO,PSA,SG,3,1,23.0,1,60.0
3090,d,IMO,PSA,SG,3,1,60.1,0,0
403,,IMO,PSA,SG,2,0,0,1,-26.1
403,,IMO,PSA,SG,2,1,-26.0,1,22.9
403,,IMO,PSA,SG,2,1,23.0,1,60.0
403,,IMO,PSA,SG,2,1,60.1,0,0
1556,e,IMO,PSA,SG,2,0,0,1,-26.1
1556,e,IMO,PSA,SG,2,1,-26.0,1,22.9
1556,e,IMO,PSA,SG,2,1,23.0,1,60.0
1556,e,IMO,PSA,SG,2,1,60.1,0,0
