AirlineID,ProductCode,ProductDescription,CommodityCode,CommodityDescription,SpecialHandlingCodes
176,GCR,General Airfreight,0185,TEA,"ELM,ELI,NSC"
176,GCR,General Airfreight,0902,PET FOOD,NSC
176,GCR,General Airfreight,0986,VITAMINS FOR ANIMAL FOOD
176,GCR,General Airfreight,1100,"FURS, HIDES, SKINS EXCLUDING WEARING APPAREL"
176,GCR,General Airfreight,1101,"HIDES,SKINS- UNDRESSED- FURS EXCL MFRS NUTRIA/REPTILE SKINS"
176,GCR,General Airfreight,1102,FUR PLATES  MADE FROM SEWN SCRAPS 
176,GCR,General Airfreight,1103,"FURS, FUR WEARING APPAREL, SKINS"
176,GCR,General Airfreight,1125,LAMB/KID/SHEEP/GOAT SKINS EXCL WEARING APPAREL
176,GCR,General Airfreight,1150,FUR SCRAPS
176,GCR,General Airfreight,1155,MERINO LAMB SKINS  TANNED/DYED 
176,GCR,General Airfreight,1164,"CATTLE HIDES, SHEEP SKINS, GOAT SKINS"
176,GCR,General Airfreight,1175,*****SKINS
176,GCR,General Airfreight,1188,"CARACUL, ASTRAKHAN SKINS"
176,GCR,General Airfreight,1190,REPTILE SKINS
176,GCR,General Airfreight,1194,CROCODILE SKINS  WET/SALTED 
176,GCR,General Airfreight,1195,"FURS, HIDES, SKINS EXCLUDING MINK, WEARING APPAREL"
176,GCR,General Airfreight,1196,NUTRIA SKINS
176,GCR,General Airfreight,1198,"LEATHER,HIDES AND SKINS - EXCL. FURS AND PELTS"
176,GCR,General Airfreight,1200,"LEATHER, LEATHER GARMENTS"
176,GCR,General Airfreight,1201,"LEATHER, LEATHER PRODUCTS"
176,GCR,General Airfreight,1202,*****LEATHER GOODS
176,GCR,General Airfreight,1204,"LEATHER TANNED,DYED,FINISHED,SEMI-FINISHED,CUT TO SHAPE "
176,GCR,General Airfreight,1205,LEATHER  UNMANUFACTURED 
176,GCR,General Airfreight,1206,SHOE LEATHER ALONE OR TOGETHER WITH OTHER SHOE MFG MTRLS 
176,GCR,General Airfreight,1207,"LEATHER,HIDES,SKINS -EXCL.WEARING APPAREL,FURS"
176,GCR,General Airfreight,1210,"LEATHER,LEATHER PRODUCTS EXCL. SPORTING GOODS"
176,GCR,General Airfreight,1211,"LEATHER,HIDES,SKINS - TANNED, PROCESSED"
176,GCR,General Airfreight,1212,"*****LEATHER,HIDESANDSKINS, EXCL FURS,PELTS,REPTILE/NUTRIAL SK"
176,GCR,General Airfreight,1213,"FURS,HIDES,SKINS-UNDRESED/INCL SEMI-FINISHED MFRS"
176,GCR,General Airfreight,1214,"*****TANNED AND/OR PROCESSED LEATHER, SYNTHETIC LEATHER CUT TO"
176,GCR,General Airfreight,1215,"HIDES,SKINS - INCLUDING PRODUCTS THEREOF"
176,GCR,General Airfreight,1216,MERINO LAMB SKINS
176,GCR,General Airfreight,1220,ARTIFICIAL LEATHER
176,GCR,General Airfreight,1231,"HANDBAGS, POCKETBOOKS, WALLETS, PURSES"
176,GCR,General Airfreight,1234,"HANDBAGS, BELTS - MADE OF LEATHER"
176,GCR,General Airfreight,1237,LEATHER  EXCL NUTRIA/REPTILE SKIN MANUACTURES 
176,GCR,General Airfreight,1238,"LEATHER-BAG,BALL,BELT,BILLFOLD,SUITCASE,HARNESS,SADDLERY,POC"
176,GCR,General Airfreight,1239,"BAGS,HANDBAGS,BILLFOLDS,PURSES,WALLETS MADE OF CANVAS,LEATHE"
176,GCR,General Airfreight,1251,"CAR SEAT COVERS,RUGS-MADE OF HIDE OR SHEEPSKIN"
176,GCR,General Airfreight,1272,"LEATHER,LEATHER GOODS - ARTIFICIAL EXCL WEARING APPAREL"
176,GCR,General Airfreight,1295,"BAGS,BELTS,BILLFOLDS,BRUSHES,CLASPS,SEWING KITS,SHAVING KITS"
176,GCR,General Airfreight,1296,MANICURE CASES
176,GCR,General Airfreight,1550,"TOBACCO, TOBACCO PRODUCTS"
176,GCR,General Airfreight,1563,"*****CIGARETTES, CIGARS AND/OR TOBACCO"
176,GCR,General Airfreight,1565,"TOBACCO AND/OR TOBACCO PRODUCTS, MFD"
176,GCR,General Airfreight,1566,***** CIGARS
176,GCR,General Airfreight,1567,CIGARETTES
176,GCR,General Airfreight,1700,"OILS  ANIMAL, VEGETABLE "
176,GCR,General Airfreight,1701,OLIVE OIL
176,GCR,General Airfreight,1716,ESSENTIAL OILS
176,GCR,General Airfreight,1728,OIL COMPOUNDS  FOR PAINT 
176,GCR,General Airfreight,1904,BEESWAS
176,GCR,General Airfreight,1915,BRISTLES     
176,GCR,General Airfreight,1923,STOMACH  DRIED 
176,GCR,General Airfreight,1925,"CASINGS  MADE OF ANIMAL INTESTINES, GUT "
176,GCR,General Airfreight,1928,CAT GUT
176,GCR,General Airfreight,1930,RABBIT HAIR  UNMANUFACTURED 
176,GCR,General Airfreight,1931,GLANDS  ANIMAL 
176,GCR,General Airfreight,1932,SEMEN (ANIMAL)
176,GCR,General Airfreight,1950,"FEATHERS, FEATHER TRIMMINGS"
176,GCR,General Airfreight,1951,FEATHERS  OSTRICH 
176,GCR,General Airfreight,1960,BACTERIAL CULTURES FOR FOOD
176,GCR,General Airfreight,1970,"SEA-FLORA, SHELLS"
176,GCR,General Airfreight,1971,***** SEA SHELLS
176,GCR,General Airfreight,1980,SPONGES  NATURAL 
176,GCR,General Airfreight,1981,SPONGES  ARTIFICIAL 
176,GCR,General Airfreight,1983,CORAL
176,GCR,General Airfreight,1990,*****IVORY GOODS
176,GCR,General Airfreight,1993,ANIMAL HUNTING TROPHIES  EXCLUDING MORY 
176,GCR,General Airfreight,2001,"YARN,THREAD,FIBRES, TEXTILE MANUFACTURES"
176,GCR,General Airfreight,2002,"YARN, THREAD, FIBRES"
176,GCR,General Airfreight,2020,"COTTON, YARN, THREAD"
176,GCR,General Airfreight,2041,"THREAD, CORD - MADE OF RUBBER, TEXTILE COVERED"
176,GCR,General Airfreight,2075,*****SILK YARN
176,GCR,General Airfreight,2090,"WOOL, YARN, THREAD"
176,GCR,General Airfreight,2102,CLOTH NOT FURTHER PROCESSSED OR MANUFACTURED/EXCLUS. BALES/B
176,GCR,General Airfreight,2103,"*****CLOTH EXCLSVLY IN BALES,BOLTS OR PIECES NOT FRTH PRCSSD"
176,GCR,General Airfreight,2104,"VISCOSE CLOTH NOT FRTHR PRCSSD/MFD/EXCLSVLY IN BALES,BOLTS,P"
176,GCR,General Airfreight,2144,PLASTIC COATED FABRICS NOT FRTHR PRCSSD/MFD/EXCLSVLY IN BALE
176,GCR,General Airfreight,2162,PIECE GOODS  MADE OF NYLON 
176,GCR,General Airfreight,2175,*****SILK ART/SILK MANUFACTURES
176,GCR,General Airfreight,2183,*****BATIK TEXTILES
176,GCR,General Airfreight,2185,FELT  PAPER MAKERS 
176,GCR,General Airfreight,2186,FELT CLOTH
176,GCR,General Airfreight,2189,"SHEEP SKIN COATS,OVERCOATS,HATS,SLIPPERS-HANDMADE"
176,GCR,General Airfreight,2192,"YARN,THREAD,FIBERS IN BALES/BOLTS/PCS AND BEDSHEETS ETC MADE O"
176,GCR,General Airfreight,2194,"YARN,THREAD,TEXTILE MFRS,WARING APPARAL EXCL FOOTWEAR, LEATH"
176,GCR,General Airfreight,2195,"YARN,THREAD,FIBRES,CLOTH,WEARING APPAREL,TEXTILE MFRS"
176,GCR,General Airfreight,2196,"*****YARN,THREAD,FIBRES IN BALES EXCL CLOTHING,FOOTWEAR,OUTW"
176,GCR,General Airfreight,2197,"YARN,THREAD,FIBRES,CLOTH-NOT FURTHER PROCESSED OR MANUFACTUR"
176,GCR,General Airfreight,2198,"YARN,THREAD,FIBRE,TEXTILE,EXCL.WEARING A"
176,GCR,General Airfreight,2199,"WEARING APPAREL, TEXTILE MANUFACTURES, YARN, THREAD"
176,GCR,General Airfreight,2200,WEARING APPAREL
176,GCR,General Airfreight,2201,*****CLOTHING AND WEARING APPAREL
176,GCR,General Airfreight,2203,WEARING APP EXCL UMBRELLAS/BILLFOLDS/PURSES/CARRYING CASES/J
176,GCR,General Airfreight,2204,*****CLOTHING AND WEARING APP EXCL.LEATHER MANUFACTURES
176,GCR,General Airfreight,2205,"EYELETS,PRESS FASTENERS,RIVETS, ELECTRIC ATTACHING MACHINE"
176,GCR,General Airfreight,2206,"WEARING APPAREL,SHOE LACES,HOOKS EXCL FURS SKINS,BILLFOLDS"
176,GCR,General Airfreight,2207,"WEARING APPAREL,SHOE LACES,HOOKS EXCL FOOTWEAR,FURS,SKINS,CA"
176,GCR,General Airfreight,2211,"YARN,THREAD,FIBRES-NOT FRTHR PRCSSD/MFG-EXCLSVLY IN BALES/PC"
176,GCR,General Airfreight,2214,"TROUSERS, SHIRTS"
176,GCR,General Airfreight,2215,"CLOTH,LADIES CUT DRESSES,SEMI-FINISHED CLOTHIN INCL DRESSMAK"
176,GCR,General Airfreight,2218,"DRESSES  LADIES, FINISHED "
176,GCR,General Airfreight,2222,"TERRY CLOTH, TERRY ARTICLES"
176,GCR,General Airfreight,2234,WEARING APPAREL  FUR/LEATHER 
176,GCR,General Airfreight,2243,"OVERCOATS,JACKETS,SKIRTS,SHIRTS,WAISTCOATS,TROUSERS-LEATHER"
176,GCR,General Airfreight,2244,"ELASTIC, ELASTIC MANUFACTURES"
176,GCR,General Airfreight,2245,WEARING APPAREL  MADE OF LEATH EXCL FOOTWEAR 
176,GCR,General Airfreight,2259,SEMI FINISHED CLOTHING
176,GCR,General Airfreight,2292,"BLOUSES,JACKETS,JEAN,SKIRT,TROUSER,WAISTCOAT-MADE OF COTTON"
176,GCR,General Airfreight,2305,"BODY SUPPORTING GARMENTS,SWIMWEAR"
176,GCR,General Airfreight,2306,"CORSETS, GIRDLES, BRASSIERES"
176,GCR,General Airfreight,2309,CHILDRENS WEARING APPAREL
176,GCR,General Airfreight,2310,"DRESSES, SKIRTS, BLOUSES"
176,GCR,General Airfreight,2311,"WEARING APPAREL, TEXTILES MFRS - ON HANGERS          "
176,GCR,General Airfreight,2332,"GLOVES, MITTENS"
176,GCR,General Airfreight,2349,JACKETS
176,GCR,General Airfreight,2350,HATS
176,GCR,General Airfreight,2360,"STOCKINGS, ANKLETS, PEDS, SOCKS"
176,GCR,General Airfreight,2367,"HOSE, PANTYHOSE"
176,GCR,General Airfreight,2408,"SHIRTS, BLOUSES, UNDERWEAR"
176,GCR,General Airfreight,2415,SHOES
176,GCR,General Airfreight,2417,*****SHOE UPPERS
176,GCR,General Airfreight,2418,"SHOES ANDSLIPPERS-FINISHED,SOLES,HEELS ANDUPPERS EXCL ANY OTHER"
176,GCR,General Airfreight,2420,"SHOES, SLIPPERS"
176,GCR,General Airfreight,2422,*****SHOES AND SLIPPERS
176,GCR,General Airfreight,2426,"SOLES  FOR SHOES, SLIPPERS "
176,GCR,General Airfreight,2451,*****WOOLLEN KNITTED SWEATERS AND DRESSES
176,GCR,General Airfreight,2452,"PULLOVERS, CARDIGANS"
176,GCR,General Airfreight,2455,WEARING APPAREL  KNITTED 
176,GCR,General Airfreight,2460,*****UNDERWEAR
176,GCR,General Airfreight,2461,"UNDERWEAR, SWIMWEAR, BODY SUPPORTING GARMENTS"
176,GCR,General Airfreight,2500,"DRAWNWORK, NEEDLEWORK, EMBROIDERIES, LACE"
176,GCR,General Airfreight,2503,"HANDBAGS, GLOVES"
176,GCR,General Airfreight,2600,TEXTILE ARTICLES  FNSHD/EXCL WEARING APPAREL 
176,GCR,General Airfreight,2627,GAS MANTLES
176,GCR,General Airfreight,2700,"HAIR, HAIR MANUFACTURES"
176,GCR,General Airfreight,2741,"TOUPEES,WIGS,SWITCHES,FALSE EYELASHES"
176,GCR,General Airfreight,2800,TEXTILE FURNISHINGS
176,GCR,General Airfreight,2810,"BEDSHEETS, PILLOW CASES AND TOWELS"
176,GCR,General Airfreight,2811,"BLANKETS,BEDSHEETS/SPREADS,PILLOW CASES,MOSQUITO NETS,TOWELS"
176,GCR,General Airfreight,2830,"UPHOLSTERY,CURTAINS,DRAPERS"
176,GCR,General Airfreight,2846,*****TOWELS
176,GCR,General Airfreight,2865,"CARPETS, RUGS"
176,GCR,General Airfreight,2870,FELT BASE FLOOR COVERING
176,GCR,General Airfreight,2920,CANVAS ARTICLES
176,GCR,General Airfreight,2949,"***** CLOTH BLANKETS,CLOTH SLEEPING BAGS"
176,GCR,General Airfreight,3001,METALLIZED PLASTIC/PAPER FOILS
176,GCR,General Airfreight,3002,"METAL INGOTS/GRAIN  SEMI-FINISHED  SHEET, FOIL, POWDER, SPO"
176,GCR,General Airfreight,3004,WIRE CLOTH
176,GCR,General Airfreight,3011,"PLATINOID MINERAL CONCENTRADES, MATTE"
176,GCR,General Airfreight,3013,"METAL DIE-CAST ALLOYS  EXCL GOLD, PLATINUM, PLATINUM ALLOYS "
176,GCR,General Airfreight,3015,"SILVER-BULLION,INGOTS,SPECIE,GRAIN,FOIL."
176,GCR,General Airfreight,3025,"METAL WARES  EXCL GOLD, PLATINUM, PLATINUM MTRLS "
176,GCR,General Airfreight,3027,"METAL WARES  EXCL SILVER, GOLD PLATINUM, PLATINUM MTRLS "
176,GCR,General Airfreight,3030,COPPER MANUFACTURS
176,GCR,General Airfreight,3032,"COPPER IN SLABS, SEMI-FINISHD PRODS,PLATES,SHEETS,WIRE,ROD,"
176,GCR,General Airfreight,3034,COPPER ORE
176,GCR,General Airfreight,3038,"COPPER WIRE, COPPER CABLE"
176,GCR,General Airfreight,3047,"SILVER TABLEWARE,SILVERCUTLERY,SILVER TROPHIES"
176,GCR,General Airfreight,3050,BRASS MANUFACTURS
176,GCR,General Airfreight,3051,"ALUMINIUM TUBINGS, PLASTIC TUBINGS"
176,GCR,General Airfreight,3052,"TUBE FITTNGS, THERMOPLASTIC TUBES, TUBING TOOLS, TUBE VALVES"
176,GCR,General Airfreight,3060,ALUMINIUM MANUFACTURES
176,GCR,General Airfreight,3075,"EXTRUSIONS,HONEYCOMB SHEETS,SHEETS,FOIL,PLATES,TUBES,RODS,"
176,GCR,General Airfreight,3094,"TUNGSTEN,TUNGSTN CARBIDE POWDER,TNGSTN CONCNTRATS,TANTALUM"
176,GCR,General Airfreight,3096,"SHEETS,TUBING,WIRE-MADE OF TUNGSTEN,TANTALU,MOLYBDENUM"
176,GCR,General Airfreight,3100,CUTLERY
176,GCR,General Airfreight,3101,"CUTLER, FORKS, SPOONS EXCLDG SILVERWARE"
176,GCR,General Airfreight,3126,RAZOR BLADES
176,GCR,General Airfreight,3127,"RAZORS, RAZOR BLADES         "
176,GCR,General Airfreight,3150,"TABLE FLATWARE, BRONZEWARE"
176,GCR,General Airfreight,3153,"ELECTROPLATED NICKEL SILVERWARE,TABLEWARE,TROPHIES,CUPS,MEDA"
176,GCR,General Airfreight,3161,PEWTER PRODUCTS
176,GCR,General Airfreight,3200,"TOOLS  INCLUDING RAZOR BLADES , CUTLERY"
176,GCR,General Airfreight,3206,"LAWN SPRINKLERS,PISTOL NOZZLE/CONNECTORS,BASES USD FOR SPRIN"
176,GCR,General Airfreight,3236,DRILL BITS
176,GCR,General Airfreight,3271,"RIVETING TOOLS, RIVETS"
176,GCR,General Airfreight,3300,HARDWARE
176,GCR,General Airfreight,3320,BUILDING FIXTURES AND FITTINGS
176,GCR,General Airfreight,3321,"BUILDING MTRLS, FIXTURS, FITTNGS, EXCLDG TOOLS"
176,GCR,General Airfreight,3323,SCAFFOLDING
176,GCR,General Airfreight,3341,BATHROOM SHOWER SETS
176,GCR,General Airfreight,3400,HOUSEHOLD/TABLE/KITCHEN /HOSPITAL UTENSILS
176,GCR,General Airfreight,3404,"TABLE/KITCHEN UTENSLS OF STNLESS STEEL EXCL MACHI,ELEC EQPT"
176,GCR,General Airfreight,3409,"KITCHEN/TABLE UTENSLS,VASES EXCL ELECTRIC EQUIPMENT"
176,GCR,General Airfreight,3411,METAL KITCHENWARE
176,GCR,General Airfreight,3500,"METAL FURNITURE, METAL FIXTURES"
176,GCR,General Airfreight,3501,"DOOR LOCKS, HANDLES"
176,GCR,General Airfreight,3503,"PUMPING FIXTURES, PIPE FIXTURES"
176,GCR,General Airfreight,3504,HARDWARE FOR FURNITURE
176,GCR,General Airfreight,3574,PARTS FOR REFRIGERATORS/COOKERS
176,GCR,General Airfreight,3890,COBALT
176,GCR,General Airfreight,3895,"ORE  EXCLUDING GOLD, SILVER, PLATINUM "
176,GCR,General Airfreight,3896,SILVER ORE
176,GCR,General Airfreight,3900,METAL PRODUCTS  MISCELLANEOUS 
176,GCR,General Airfreight,3909,WELDING SUPPLIES
176,GCR,General Airfreight,3963,"MOULDS, DIES"
176,GCR,General Airfreight,3969,LOCKS
176,GCR,General Airfreight,3973,"DRESSMAKES SUPPLIES  EXCL TEXTILES,CLOTHINGS "
176,GCR,General Airfreight,3976,STEEL STAPLES
176,GCR,General Airfreight,3991,"CABLES,MESH,RIVET,SHEETS,TUBNGS,WIRE EXCL GOLD,SILVER,PLATIN"
176,GCR,General Airfreight,3993,"TITANIUM ALLOYS, NICKEL ALLOYS"
176,GCR,General Airfreight,4000,"MOTORS,MACHNS,SURFC VEHCLS,ELE/MECH EQPT,TEXTLS,CHMCLS,COMPU"
176,GCR,General Airfreight,4010,"BUSI/OFC MACHI INCL TOOLS,SURFC VHCLS EXCL STEAM/MOTORSHIP M"
176,GCR,General Airfreight,4105,AIRCRAFT
176,GCR,General Airfreight,4107,HELICOPTER SPARES
176,GCR,General Airfreight,4108,AIRCRAFT PARTS  EXCL AIRCRAFT ENGINES 
176,GCR,General Airfreight,4109,"A/CRAFT ENGNS,PARTS EXCL TAIL ASSMBLS,STABLISRS,WINGS,FUSELA"
176,GCR,General Airfreight,4110,"AIRCRAFT ENGINES,AIRCRAFT PARTS EXCL.FUSELAGES, WINGS "
176,GCR,General Airfreight,4112,"A/CRAFT ENGNS/PARTS INCL ACCESSRS EXCL OVRHAUL/MAINT TOOLS,S"
176,GCR,General Airfreight,4119,AIRCRAFT PARTS
176,GCR,General Airfreight,4120,AIRCRAFT ENGINE PARTS
176,GCR,General Airfreight,4122,"COMPOSITE MATERIAL,PAINTS-FOR AIRCRAFT"
176,GCR,General Airfreight,4123,AIRCRAFT PARTS  INCLDG ACCESSORIES 
176,GCR,General Airfreight,4180,*****OUTBOARD MOTORS FOR BOATS
176,GCR,General Airfreight,4181,OUTBOARD MOTORS  INCL ACCESSORIES 
176,GCR,General Airfreight,4200,"SURFACE VEHICLES,PARTS,ACCESSORIES"
176,GCR,General Airfreight,4201,SURFAC VEHICLS EXCL STEAMSHIP/MOTORSHIP PARTS 
176,GCR,General Airfreight,4202,*****AUTOMOBILES AND AGRICULTURAL MACHINERY
176,GCR,General Airfreight,4203,VEHICLES AND ACCESSORIES EXCL STEAM/MOTOR/RAIL/ARGI.MACH.PARTS
176,GCR,General Airfreight,4204,"PARTS OF AUTOMOBILES,MOTORSCOOTERS/CYCLES ANDAGRI MACHINES"
176,GCR,General Airfreight,4205,SURFAC VEHICLS AND ACCESSORIES EXCL STEAM AND/OR MOTORSHIP PARTS
176,GCR,General Airfreight,4206,"SURFAC VEHICLS,SELF-PROPELLED AGRI MACH-INCL ACCESRS-EXCL ST"
176,GCR,General Airfreight,4209,"SURFACE VHCLS,SELF-PPLD AGRO MACH-INCL ACCSR-EXCL STEAM/MOTO"
176,GCR,General Airfreight,4211,PARTS OF AUTOMOBILE INCL ACCESSORIES /REPAIR EQUIPT
176,GCR,General Airfreight,4215,"CONSTRUCTION PARTS FOR CABLE CARS, PYLONS"
176,GCR,General Airfreight,4216,AUTOMOBILE TRANSMISSIONS
176,GCR,General Airfreight,4217,AUTOMOBILE GAUGES
176,GCR,General Airfreight,4220,"MOTOR-ASSISTED BI/TRI/MOTORCYCLES,MOTORSCOOTERS"
176,GCR,General Airfreight,4221,"MOTORCAR CUSHIONS, BACKRESTS"
176,GCR,General Airfreight,4232,"AUTOMOBL PARTS INCL ACCESRS MOTORSCOOTRS,MTR/BICYCLES,AGRI M"
176,GCR,General Airfreight,4234,INVENTORY MATERIALS FOR SHIPS
176,GCR,General Airfreight,4235,"MOTORSCOOTERS,MOTORCYCLES,CYCLES,PART OF SURFACE VEHICLES,IN"
176,GCR,General Airfreight,4242,AUTOMOBILE TEMPERATURE GAUGES
176,GCR,General Airfreight,4243,TACHOGRAPHS FOR SURFACE VEHICLES
176,GCR,General Airfreight,4246,BRAKE LININGS
176,GCR,General Airfreight,4248,FANBELTS
176,GCR,General Airfreight,4266,PARTS FOR SPORTING BOATS  INCL ACCESSORIES 
176,GCR,General Airfreight,4291,FILTERS FOR AGRICULTURAL MACHINES
176,GCR,General Airfreight,4300,OFFICE MACHINERY
176,GCR,General Airfreight,4301,"ELECTRNC DATA STORGE-PROCCSG MACHNS,DIGITALANDANALOG COMPUTRS"
176,GCR,General Airfreight,4302,"DATA PROCSSG EQPT,OFC MACHNRY,INCL ACCESSORIES,SUPPLIES"
176,GCR,General Airfreight,4303,"ELECTRNC DATA STORAGE PROCSG MACHINES,DIGITAL COMPUTRS,ANALO"
176,GCR,General Airfreight,4304,PHOTO-TYPESETTING MACHINES
176,GCR,General Airfreight,4305,PORTABLE ELECTRONIC CALCULATORS
176,GCR,General Airfreight,4306,COMPUTERS
176,GCR,General Airfreight,4307,DUPLICATING MACHINES
176,GCR,General Airfreight,4308,CALCULATING MACHINES
176,GCR,General Airfreight,4309,"ADDING/CALCULATNG MACHNS,CASH REGSTR,DUPLCTG DOCMTS,TYPEWRTR"
176,GCR,General Airfreight,4310,"ADDING MACHINES, COMPUTING MACHINES"
176,GCR,General Airfreight,4311,"ADDING/COMPUTING/TYPEWRTG MACHNS,DOCUMT/LTR DUPLCTG MACHNS"
176,GCR,General Airfreight,4312,"ADDG/CALCULATG MACHNS,CASH RGSTERS,MACHNSFOR DUPLCTNG DOCS"
176,GCR,General Airfreight,4313,"COMPUTER PUNCH CARDS, COMPUTER DATA SHEETS"
176,GCR,General Airfreight,4314,"ELCTRNC CMPONNTS FABRICATD FR ELEC COMPTRS,AUXILIARY MACHNS "
176,GCR,General Airfreight,4315,MAGNETIC TAPES FOR DATA STORAGE
176,GCR,General Airfreight,4316,"BUSINESS AND OFFICE MACHINERY, PARTS, ACCESSORIES"
176,GCR,General Airfreight,4317,"PUNCH CARS,TAPE,DATA SHEETS/DISCS FR ELCTRNC DATA STORAGE-PR"
176,GCR,General Airfreight,4318,"ADDG/CALCULATG MACHNS,CASH REGSTERS,MACHN FR DUPL DOCS TAPE,"
176,GCR,General Airfreight,4319,"ELEC DATA PROCSSG MACHNS,DIGTL/ANALOGUE COMPTRS-INDIVIDL UNI"
176,GCR,General Airfreight,4321,TYPEWRITERS
176,GCR,General Airfreight,4322,"PHOTOCOPYING MACHINS  INCL ACCESSORIES, SUPPLIES "
176,GCR,General Airfreight,4323,ELECTRONIC PRODUCTS  INCL COMPONENTS 
176,GCR,General Airfreight,4324,PRINTER FOR PERSONAL COMPUTER
176,GCR,General Airfreight,4325,CASH REGISTERS
176,GCR,General Airfreight,4326,"DIGTL/ANALOG COMPUTRS INCL PUNCH CARDS,DISC PACKS,TAPES-ELEC"
176,GCR,General Airfreight,4327,OFFICE MACHINES INCLUDING SUPPLIES 
176,GCR,General Airfreight,4329,ELECTRONIC PRODUCTS
176,GCR,General Airfreight,4330,WIRE PROCESSORS
176,GCR,General Airfreight,4336,"RECORDING MACHINES  USING TAPE, WIRE, DISC "
176,GCR,General Airfreight,4350,"INTEGRATED CIRCUITS,RELAYS,CONDENSOR,CAPACITORS,TRANSISTORS,"
176,GCR,General Airfreight,4375,PARI-MUTUAL TOTALIZATORS  INCL TICKET ROLLS 
176,GCR,General Airfreight,4382,TYPEWRITER RIBBONS
176,GCR,General Airfreight,4397,"ELECTRIC APPLIANCES, GAS APPLIANCES"
176,GCR,General Airfreight,4400,ELECTRIC EQUIPMENT  EXCLUDING MACHINERY 
176,GCR,General Airfreight,4401,ELECTRIC EQUIPMENT
176,GCR,General Airfreight,4402,ELECTRIC EQPT./APPL. EXCL. BUSINESS/OFFICE MACHINERY
176,GCR,General Airfreight,4403,"ELEC CONTROL PANELS FOR RADAR STATION,POWERPLANT,HEATG/COOLG"
176,GCR,General Airfreight,4404,ELECTRICAL APPLIANCES
176,GCR,General Airfreight,4405,BATTERIES
176,GCR,General Airfreight,4407,PHONOGRAPH PICK-UPS
176,GCR,General Airfreight,4408,CABLES FOR ELECTRCITY POWER PLANTS/TELEGRAPH/TEL INSTALLNS 
176,GCR,General Airfreight,4409,ELECTRODES
176,GCR,General Airfreight,4410,"COMMUNICATION DEVICES, SIGNAL DEVICES"
176,GCR,General Airfreight,4411,"RADIOS,TELEVISIONS,RECORD PLAYERS,TAPE RECORDERS"
176,GCR,General Airfreight,4412,"ELEC EQPT, ELEC APPLIANCES EXCL COMPUTERS,OFFICE MACHINERY"
176,GCR,General Airfreight,4413,"RAIODS,TVS,RCRD PLAYRS,TAPE RCRDERS,LOUDSPKRS,AMPLIFIERS"
176,GCR,General Airfreight,4414,"LOUD SPKRS,TAPE RECORDRS,RCRD PLAYERS,RADIOS,AMPLIFIERS"
176,GCR,General Airfreight,4415,"RAIODS, TAPE RECORDS, RECORD PLAYERS, AERIALS"
176,GCR,General Airfreight,4416,"ELECTRICAL AND ELECTRONIC APPLIANCES-AUTO.RADIOS,DICTATION MAC"
176,GCR,General Airfreight,4417,"RADIOS,TV,RADIO-TV SETS,RADIO-PHONOGRAPH SETS,ELEC HSHLD APP "
176,GCR,General Airfreight,4418,TAPE RECORDERS
176,GCR,General Airfreight,4419,TEL/RADIO-TEL EQPT - INCL TESTING EQPT
176,GCR,General Airfreight,4420,"RADIOS, TV, RADIO-TV SETS, PHONOGRAPH SETS"
176,GCR,General Airfreight,4421,"RECORD PLAYERS, TAPE RECORDERS"
176,GCR,General Airfreight,4422,PARTS/COMPONNTS FOR THR MFR OF TELECOMMUNICATION EQPT
176,GCR,General Airfreight,4423,CONDENSERS
176,GCR,General Airfreight,4425,LOUDSPEAKERS
176,GCR,General Airfreight,4426,"AUTOMBL RADIOS,DICTATN MACHNS,HEARING AIDS,RECORDS,RCRDG TAP"
176,GCR,General Airfreight,4427,"ELEC TUBES,TRANSISTORS,SOLID STATE SEMI-CONDUCTOR DEVICES,RA"
176,GCR,General Airfreight,4428,RELAYS
176,GCR,General Airfreight,4429,"AMPLIFIERS,SPEAKERS,RHYTHM BOXES,RADIOS"
176,GCR,General Airfreight,4430,"ELECTRIC CONDENSERS,RESISTORS,RHEOSTATS"
176,GCR,General Airfreight,4431,"RESISTORS,RHEOSTATS,ELECTRIC SWITCHES"
176,GCR,General Airfreight,4433,"TUBES, VALVES - FOR RADIOS, TELEVISIONS"
176,GCR,General Airfreight,4434,SWITCHES
176,GCR,General Airfreight,4435,"ELEC TUBES,TRANSISTORS,SOLID STATE SEMI-CONDUCTOR DEVICES"
176,GCR,General Airfreight,4436,"TRANSISTORS, ELECTRIC CONDENSERS"
176,GCR,General Airfreight,4437,"ELECTRIC INSULATORS, ELECTRIC FITTINGS"
176,GCR,General Airfreight,4438,SEMI-CONDUCTOR DEVICES
176,GCR,General Airfreight,4439,"RESISTORS,TRANSISTORS,CAPACITORS,REGULATORS,TUNERS"
176,GCR,General Airfreight,4440,"RADIOS,ELECTRONIC TUBES,TRANSISTORS,SOLID-STATE SEMI-CONDUCT"
176,GCR,General Airfreight,4441,"TV TUNER PARTS, N.E.S."
176,GCR,General Airfreight,4442,TELEVISIONS
176,GCR,General Airfreight,4443,"AUTOMBL-RADIOS, DICTATN MACHNS,HEARG AIDS,RECORDS,RCRDG TAPE"
176,GCR,General Airfreight,4444,TRANSISTOR RADIOS
176,GCR,General Airfreight,4445,TELEGRAPH/TELEPHONE/TELETYPE APPARATUS
176,GCR,General Airfreight,4446,"INTEGRATD CIRCUITS,CONDENSORS,RELAYS,RESISTORS,TRANSISTORS"
176,GCR,General Airfreight,4447,ELECTRON GUN WHICH IS COMPONENT OF TV RCVG TUBE MOUNT
176,GCR,General Airfreight,4448,WALKIE-TALKIES  INCLUDING BATTERIES 
176,GCR,General Airfreight,4449,SMOKE DETECTORS
176,GCR,General Airfreight,4450,HOUSEHOLD APPLIANCES/UTENSILS - ELECTRIC -
176,GCR,General Airfreight,4451,"AUDIO/VIDEO APPARATUS,COMPUTERS-FOR DOMESTIC USE ONLY"
176,GCR,General Airfreight,4452,ELECTRO EROSION MACHINERY
176,GCR,General Airfreight,4453,ELECTRIC HEATING ELEMENTS
176,GCR,General Airfreight,4454,ELECTRIC PUMPS FOR WASHING MACHINES
176,GCR,General Airfreight,4455,"IMPLMENTS FR MEASURING,CHKG,ANALYSG,AUTO CONTRLLG,CONDENSORS"
176,GCR,General Airfreight,4457,"AUTOMBL RADIOS,SPEED CONTROL AMPLIFIERS,GRAPHIC EQLIZERS,PRE"
176,GCR,General Airfreight,4458,"PARTS FOR RADIOS,RECORD PLAYERS,TELEVISIONS"
176,GCR,General Airfreight,4459,ELECTRONIC PARTS
176,GCR,General Airfreight,4461,"ELECTRIC RAZORS, MECHANICAL RAZORS"
176,GCR,General Airfreight,4465,"FRIDGE,FREEZERS,CLOTHES DRIERS,WASHING MACHINES,STOVES"
176,GCR,General Airfreight,4466,PARTS FOR ELECTRIC REFRIGERATORS
176,GCR,General Airfreight,4467,"THERMOSTATS,SELECTOR SWITCHES,SWITCH DOORS"
176,GCR,General Airfreight,4470,"LAMPS,BULBS,TUBES-INCANDESCENT,FLUORESCENT"
176,GCR,General Airfreight,4471,AIR COOLERS
176,GCR,General Airfreight,4472,STUDIO LIGHTING EQUIPMENT
176,GCR,General Airfreight,4473,"COOLING UNITS, REFRIGERATION UNITS - INDUSTRIAL"
176,GCR,General Airfreight,4474,"FANS, HEATERS - ELECTRIC"
176,GCR,General Airfreight,4475,"LIGHTING FIXTURES, LIGHTING FITTING"
176,GCR,General Airfreight,4476,"ELECTRIC LAMPS, LAMP SHADES, CHNDELIERS"
176,GCR,General Airfreight,4477,"WIRES,CABLES - ELECTRIC -"
176,GCR,General Airfreight,4478,"PLASTIC TUBING, PLASTIC GRANULES, ELECTRIC WRING"
176,GCR,General Airfreight,4483,AIR CONDITIONERS
176,GCR,General Airfreight,4490,"AUXLRY UNITX,CABLE-FORMS/CONN,FORMS,PACKS,RELAYS,SELECTORS,S"
176,GCR,General Airfreight,4492,"ELEC EQPT FR TELETYP,TELEGRAPH,TEL,RADIO-TEL,TV/RADIO BROADC"
176,GCR,General Airfreight,4493,"SWITCHES,RELAYS,FUSES,EXCESS-VOLTAGE CONDUCTORS,PLUGS,SOCKET"
176,GCR,General Airfreight,4495,X-RAY EQUIPMENT
176,GCR,General Airfreight,4498,RADAR EQUIPMENT
176,GCR,General Airfreight,4499,"ELE APPL./MACHINERY,MACHNRY TOOLS EXCL STEAM/MOTOR SHIP MACH"
176,GCR,General Airfreight,4500,ELECTRIC MACHINERY
176,GCR,General Airfreight,4502,DRILLING MACHINES  ELECTRIC 
176,GCR,General Airfreight,4504,SEMI-CONDUCTORS
176,GCR,General Airfreight,4505,PRINTED CIRCUITS
176,GCR,General Airfreight,4506,TELEVISION TUNERS
176,GCR,General Airfreight,4512,ELECTRIC LIGHT BULBS
176,GCR,General Airfreight,4515,"VALVES,ELEC/MECH MACHINRY FR NUCLEAR,HYDRO-CARBON POWER PLAN"
176,GCR,General Airfreight,4521,"COPPER WIRE, RELAYS CIRCUIT BOARDS, COILS"
176,GCR,General Airfreight,4560,"MOTORS, GENERATORS, TRANSFORMERS - ELECTRIC"
176,GCR,General Airfreight,4561,"POWER AMPLIFIERS, MOTORS - ELECTRIC -"
176,GCR,General Airfreight,4570,STARTER SWITCHES FOR FLOURESCENT LAMPS
176,GCR,General Airfreight,4581,ELECTRIC DOOR CONTROL DEVICES
176,GCR,General Airfreight,4583,"SWITCHGEARS,METERS,FUSES,TRANSFORMERS,RELAYS-ELECTRIC"
176,GCR,General Airfreight,4600,"ENGINES,TURBINES"
176,GCR,General Airfreight,4609,"INTERNAL COMBUSTION ENGINES,TURBINES"
176,GCR,General Airfreight,4616,"DIESEL ENGINES, PUMPSETS"
176,GCR,General Airfreight,4700,MACHINERY TOOLS EXCL.STEAMSHIP/MOTORSHIP SPARE PARTS
176,GCR,General Airfreight,4701,"MACHINERY, ELECTRIC APPARATUS, TOOLS"
176,GCR,General Airfreight,4702,"MACHINERY,TOOLS EXCL MACHNS FOR A/CRAFT ARRESTING,CATAPULTIN"
176,GCR,General Airfreight,4703,MACHINERY AND TOOLS .......
176,GCR,General Airfreight,4704,AGRICULTURAL EQUIPMENT
176,GCR,General Airfreight,4705,FOOD PROCESSING MACHINERY
176,GCR,General Airfreight,4706,MILKING MACHINES  INCLUDING ACCESSORIES 
176,GCR,General Airfreight,4707,DAIRY MACHINERY
176,GCR,General Airfreight,4708,"MACHINES  FOR MFG BOTTLES, WASHING BOTTLES "
176,GCR,General Airfreight,4711,MACHINE PARTS
176,GCR,General Airfreight,4716,LAwNMOWERS
176,GCR,General Airfreight,4718,MOULDING DEVICES
176,GCR,General Airfreight,4719,MOULDING MACHINERY
176,GCR,General Airfreight,4720,"MACHINERY  FOR CONSTRUCTING, EXCAVATING, CONVEYING "
176,GCR,General Airfreight,4727,INSULATION MACINERY  INCLUDING SUPPLIES 
176,GCR,General Airfreight,4728,"MACHINERY  EXCLUDING TOOLS, COMPUTERS "
176,GCR,General Airfreight,4732,PUMPS
176,GCR,General Airfreight,4734,STEEL CIRCLIPS
176,GCR,General Airfreight,4735,EXTRUSION DIES FOR WORKING ALUMINIUM
176,GCR,General Airfreight,4741,"PARTS FR ROAD CONSTRUCTION MACHINERY,PARTS FOR GENERATORS"
176,GCR,General Airfreight,4742,"MACHINERY FOR OIL DRILLING,OIL FIELD SERVICING,DREDGING "
176,GCR,General Airfreight,4745,"MINING MACHINERY,WELL MACHINERY,PUMPING MACHINERY"
176,GCR,General Airfreight,4747,"MACHINERY FR CONSTRUCTG,EARTH MOVG,CONVEYG,EXCAVATG,MINING "
176,GCR,General Airfreight,4748,DRILLING EQUIPMENT
176,GCR,General Airfreight,4749,EARTH DRILLING EQUIPMENT
176,GCR,General Airfreight,4750,MINING EQUIPMENT
176,GCR,General Airfreight,4753,"PIPES,PIPE FITTINGS,SPRINKLER SYSTEMS"
176,GCR,General Airfreight,4754,"FILTERS, PUMPS"
176,GCR,General Airfreight,4755,PARTS FOR DYE FILTERS
176,GCR,General Airfreight,4757,PLASTIC INJECTION MOULDING MACHINERY
176,GCR,General Airfreight,4758,"PACKING MACHINERY, WRAPPING MACHINERY"
176,GCR,General Airfreight,4759,"MACHINES  FR CUP/POUCH FILLING,INJECTION MOULDING,PRINTING "
176,GCR,General Airfreight,4761,ACTIVATING ANODES FOR PAPER-MAKING MACHINERY
176,GCR,General Airfreight,4769,MACHINERY  FOR SUGAR REFINING 
176,GCR,General Airfreight,4780,TEXTILE/SEWING/SHOE MACHINERY
176,GCR,General Airfreight,4784,MACHINERY  FOR PAINT MIXING 
176,GCR,General Airfreight,4787,KNITTING MACHINES
176,GCR,General Airfreight,4789,"SEWING MACHINES  INCL ACCESSORIES, SUPPLIES "
176,GCR,General Airfreight,4800,TOOLS
176,GCR,General Airfreight,4803,TAPS AND DIES
176,GCR,General Airfreight,4811,MACHINE TOOLS
176,GCR,General Airfreight,4813,"ABRASIVE TOOLS, CUTTING TOOLS"
176,GCR,General Airfreight,4816,"TWIST/MASONRY DRILLS,MILLING CUTTERS,REAMERS,TOOL BITS,HACKS"
176,GCR,General Airfreight,4818,"CUTTING TOOLS, DRILLS"
176,GCR,General Airfreight,4819,"UNIVERSAL FILLING GUIDES,GREASE GUNS,WOOD FILES,FIXEDSAWS HA"
176,GCR,General Airfreight,4826,ELECTRIC HAND TOOLS
176,GCR,General Airfreight,4901,"PIPES, PIPE FITTINGS, PIPE FLANGES, HOSES"
176,GCR,General Airfreight,4902,"PIPES, PIPE FITTINGS"
176,GCR,General Airfreight,4903,CHAIN LOCKS
176,GCR,General Airfreight,4911,"BALL BEARINGS, ROLLER BEARINGS"
176,GCR,General Airfreight,4954,"PNEUMATIC EQUIPMENT, HYDRAULIC EQUIPMENT, TOOLS"
176,GCR,General Airfreight,4955,AUTOMATIC DOOR CLOSERS
176,GCR,General Airfreight,4969,"PISTONS, PISTON RINGS"
176,GCR,General Airfreight,4999,"A/CRAFT PARTS,OFC MACHNRY,ELEC APPL.,MACHNRY,TOOLS,SURFAC VE"
176,GCR,General Airfreight,5050,"ABRASIVES,ABRASIVE PRODUCTS,GRINDING WHEELS"
176,GCR,General Airfreight,5100,ASBESTOS PRODUCTS
176,GCR,General Airfreight,5160,GRAPHITE
176,GCR,General Airfreight,5200,CLAY PRODUCTS
176,GCR,General Airfreight,5210,POTTERY
176,GCR,General Airfreight,5220,"CHINA, PORCELAIN"
176,GCR,General Airfreight,5235,"SANITARY ARTICLES  MADE OF POTTERY,PORCELAIN "
176,GCR,General Airfreight,5251,"COMMODES,SINKS,TILES-MADE OF POTTERY, PORCELAIN"
176,GCR,General Airfreight,5292,CERAMICS
176,GCR,General Airfreight,5293,TELEPHONE MARBLE BASES
176,GCR,General Airfreight,5295,"POTTERY, CERAMICS"
176,GCR,General Airfreight,5296,"CERAMICS,POTTERY,CHINA/EARTHEN/STONE/CRYSTALWARE,PORCELAIN C"
176,GCR,General Airfreight,5297,"POTTERY,CHINA/EARTHEN/CRYSTALWARE,PORCELAIN WHOLLY IRISH MFR"
176,GCR,General Airfreight,5299,"POTTERY,CHINA/EARTHEN/STONE/CRYSTAL/GLASSWARE EXCL ARTIFCL S"
176,GCR,General Airfreight,5300,"GLASS, GLASS PRODUCTS"
176,GCR,General Airfreight,5321,GLASS BOTTLES  EXCLUDING CRYSTALWARE 
176,GCR,General Airfreight,5351,"GLASSWARE  INCL GLASS LAMPSHADES, ASSOCIATD ELEC FXTRS/FTNGS"
176,GCR,General Airfreight,5400,MARBLE
176,GCR,General Airfreight,5406,FIREPLACES  MARBLE 
176,GCR,General Airfreight,5500,"MICA, MICA PRODUCTS"
176,GCR,General Airfreight,5501,MICA-CAPACITORS/CONDENSER FILMS/BLOCKS MUSCTOVITEANDFABRICATED
176,GCR,General Airfreight,5620,OILS  REFINED 
176,GCR,General Airfreight,5700,QUARTZ
176,GCR,General Airfreight,5708,"QUARTZ, SILICA PRODUCTS"
176,GCR,General Airfreight,5710,"AMETHYST,MALCHITE,MICA,SILICA,QUARTZ,SEMI-PRECIOUS STONS-RAW"
176,GCR,General Airfreight,5750,QUARTZ MANUFACTURES
176,GCR,General Airfreight,5819,STONES FOR BUILDING CONSTRUCTION
176,GCR,General Airfreight,5821,HANDICRAFT ENTIRELY OF ONYX
176,GCR,General Airfreight,5851,SEMI-PRECIOUS STONES
176,GCR,General Airfreight,5858,"ARTIFICIAL/GLASS STONES, GLASS/PLASTIC PEARS,UNSET,UNMOUNTED"
176,GCR,General Airfreight,5900,GRANITE SLABS
176,GCR,General Airfreight,5901,GEOLOGICAL SAMPLES  EXCLUDING ORE 
176,GCR,General Airfreight,5902,MINERAL SPECIMEN
176,GCR,General Airfreight,6002,CHEM/DYES/FERT/INSECTICIDES/PAINTS/DRUGS/COSMETICS/PLASTICS
176,GCR,General Airfreight,6003,"CHMCLS,DRUGS PARMA,MEDICINE EXCL COSMETICS,TOILET PREPS/ARTI"
176,GCR,General Airfreight,6004,DYES/FERT/INSECTICIDES/PAINTS/PIGMTS/COSMETICS/PLASTICS/OILS
176,GCR,General Airfreight,6005,DYES/CHEM/FERT/INSECTICIDES/PAINTS/OILS/PLASTICS
176,GCR,General Airfreight,6006,"FOLL.PRODS.INCL.BRAND NMS,PRODS.OF ICI/SUBS/ASSO.CO.:ATROMID"
176,GCR,General Airfreight,6007,SURGICAL GAUZES/BANDAGES/COTTON WOOL/SANITARY TOWELS
176,GCR,General Airfreight,6008,CHEM/DRUGS/PHARMA/MEDICINES/SURGICAL GAUZE/BANDAGES/PAINTS/V
176,GCR,General Airfreight,6009,CHEM/CHEM PDTS/DRUGS/COSMETCS/PHARMA/ESSENTL  OILS/PLASTIC
176,GCR,General Airfreight,6012,RADIOACTIVE MTRLS  FOR MEDICAL/LABORATORY USE 
176,GCR,General Airfreight,6030,POLYPROPYLENE FILM METALISED /GRANULES
176,GCR,General Airfreight,6050,"ESSENTAIL OILS,PERFUMES,TOILET PREPARATION,SOAP,TOILET WATER"
176,GCR,General Airfreight,6110,"PLASTIC SURGICAL EQUIPMENT, HUMAN PLASMA"
176,GCR,General Airfreight,6200,CHEMICALS
176,GCR,General Airfreight,6201,INSECT REPELLANT
176,GCR,General Airfreight,6202,MOSQUITO COILS
176,GCR,General Airfreight,6206,DYESTUFFS
176,GCR,General Airfreight,6208,XANTHOPHYLL CONCENTRATE
176,GCR,General Airfreight,6209,PARRIKA OLERESIN
176,GCR,General Airfreight,6211,DATURA EXTRACT
176,GCR,General Airfreight,6212,DRY COCHINEALS
176,GCR,General Airfreight,6223,DRY ICE
176,GCR,General Airfreight,6224,"INDL CHEMICALS, TESTING EQPT  MADE OF GLASS "
176,GCR,General Airfreight,6226,PRINTING INK
176,GCR,General Airfreight,6227,PYRETHRUM EXTRACT
176,GCR,General Airfreight,6234,ETHABUTOL POWDER
176,GCR,General Airfreight,6240,INSECTICIDE
176,GCR,General Airfreight,6251,VETERINARY MEDICINAL DIETARY ADDITIVE
176,GCR,General Airfreight,6270,QUINNE SULPHATE
176,GCR,General Airfreight,6271,QUININE  ALKALOID 
176,GCR,General Airfreight,6280,TETRACYCLINE CRUDE BASE
176,GCR,General Airfreight,6425,GINSENG ROOT
176,GCR,General Airfreight,6435,OPIUM
176,GCR,General Airfreight,6437,OPIUM  ALKALOID 
176,GCR,General Airfreight,6495,"DRUGS,MEDICINE,PHARMA.,INSECTICIDE,AIR FRESHNER AEROSOL CAN "
176,GCR,General Airfreight,6502,VETERINARY PHARMACEUTICALS
176,GCR,General Airfreight,6504,"MFG MTRLS FOR MEDICINES, PHARMACEUTICALS"
176,GCR,General Airfreight,6505,EMPTY GELATINE CAPSULES FOR MEDICINES
176,GCR,General Airfreight,6511,"BISMUTH, CADMIUM"
176,GCR,General Airfreight,6600,"COSMETICS,SOAPS,TOILET PREPARATIONS"
176,GCR,General Airfreight,6601,"COSMETICS,TOILET PREPARATIONS/ARTICLES, PERFUMES"
176,GCR,General Airfreight,6603,COSMETICS/TOILET ARTICLES/PERFUMES-CLASSIFIED AS DANGEROUS
176,GCR,General Airfreight,6605,TOILET ARTICLES/TOILET WATER/PERFUMES/COSMETICS-ALONE OR TOG
176,GCR,General Airfreight,6630,PERFUMES
176,GCR,General Airfreight,6631,"PERFUME, TOILET WATER"
176,GCR,General Airfreight,6665,"CHEMICALS, PAINTS, PHARMACEUTICALS"
176,GCR,General Airfreight,6676,TOOTHPASTE
176,GCR,General Airfreight,6682,AGARBATHIS
176,GCR,General Airfreight,6750,PAINTS/PIGMENTS/VARNISHES
176,GCR,General Airfreight,6751,"PRINTING INK/LACQUERS, RUBBER STAMPS, INK PAD"
176,GCR,General Airfreight,6801,"FIBREGLASS, FIBREGLASS REINFORCING MATERIAL"
176,GCR,General Airfreight,6805,"ARTIFICIAL GUMS/RESINS, PLASTIC MANUFS. IN SHEETS, SLABS,ROD"
176,GCR,General Airfreight,6806,NATURAL RESINS
176,GCR,General Airfreight,6807,"PLASTIC FOILS, PLASTIC SHEETS"
176,GCR,General Airfreight,6810,PLASTIC ARTICLES
176,GCR,General Airfreight,6812,INSULATING TUBINGS
176,GCR,General Airfreight,6817,PLASTIC DOILIES
176,GCR,General Airfreight,6820,***** PLASTIC BLOOD BAGS
176,GCR,General Airfreight,6824,"PLASTIC KITCHEN/TABLE/DECORATIVE WARE, TOYS"
176,GCR,General Airfreight,6827,PLASTIC ARTICLES (FOR HOUSEHOLD USE) 
176,GCR,General Airfreight,6831,PLASTIC PACKAGING MATERIAL
176,GCR,General Airfreight,6847,"CELLOPHANE, POLETHYLENE BAGS, ROLLS  FOR WRAPPING "
176,GCR,General Airfreight,6855,PLASTIC CONTAINERS
176,GCR,General Airfreight,6857,PLASTIC ARTICLES  USED IN ANIMAL HUSBANDRY 
176,GCR,General Airfreight,6858,"MACHINE PARTS,AUTOMOBILE WEATHER SHIELDS-MADE OF PLASTIC"
176,GCR,General Airfreight,6859,"TOYS EXCL TOY TRAINS UMBRELLAS,ATHLETIC EQPT-MADE PRIMARILY"
176,GCR,General Airfreight,6900,"DETERGENTS,SOAPS,SOAP FLAKES/POWDER OTHER CLEANING MTRLS"
176,GCR,General Airfreight,6901,"POLISHES,PASTE,POWDERS,PREPARATIONS-ISED FOR POLISHING,PRESE"
176,GCR,General Airfreight,6902,"CLEANSING, POLISHING PRODUCTS"
176,GCR,General Airfreight,6910,ANTI-CORROSION/SEALING PRODS FOR PROTCTN OF METALC STRUCTURE
176,GCR,General Airfreight,7000,"PAPER, PAPER PRODUCTS"
176,GCR,General Airfreight,7001,"PAPER  SHEETS,ROLLS/EXCL PRNTD MATTER, PHOTOGRAPHIC PAPER "
176,GCR,General Airfreight,7003,"PAPER,CARDBOARD-IN SHEETS,ROLLS/EXCL PRNTD MATTER,PHOTO PAPE"
176,GCR,General Airfreight,7011,"PRINTED MATTER, PAPER-INCL PHOTOGRAPHIC,SENSITIZED PAPER-EXC"
176,GCR,General Airfreight,7021,PAPER PACKAGING MATERIAL
176,GCR,General Airfreight,7022,"CARBON PAPER,HOT STAMPING PAPER"
176,GCR,General Airfreight,7025,"CIGARETTE PAPERS, FILTERS, TIPS, PACKAGING MATERIAL"
176,GCR,General Airfreight,7026,SECURITY PAPER
176,GCR,General Airfreight,7031,"SUFACE COATED PAPER  IN ROLLS, SHEETS "
176,GCR,General Airfreight,7032,CABLE INSULATION PAPER TAPE
176,GCR,General Airfreight,7039,"ADHESIVE TAPE, ADHESIVE TAPE DISPENSERS"
176,GCR,General Airfreight,7046,PHOTOGRAPHIC SENSITIZED PAPER
176,GCR,General Airfreight,7047,TRANSFERS  DECALCOMANIA 
176,GCR,General Airfreight,7049,****UNPRINTED BANK NOTE PAPER
176,GCR,General Airfreight,7050,TISSUE PAPER
176,GCR,General Airfreight,7053,"PAPER,PLASTIC-IMPREGNATD WITH DYEG PIGMTS FOR IND TXTL PRNTG"
176,GCR,General Airfreight,7056,WALLPAPER
176,GCR,General Airfreight,7067,"CARDS/CHECKS/TKTS/TKTROLLS/LBLS OF PAPER,METAL,PLASTIC "
176,GCR,General Airfreight,7080,PAPER PATERNS
176,GCR,General Airfreight,7090,STATIONERY
176,GCR,General Airfreight,7100,PRINTER MATTER
176,GCR,General Airfreight,7101,"NWP.,MAGS,PERIODICALS,BOOKS,PRINTED MATTER EXCL.POSTAGE STAM"
176,GCR,General Airfreight,7102,"NEWSPPR/MAGAZINES/PERIODCLS EXCL STAMPS,SHARECPNS,PRESS PHOT"
176,GCR,General Airfreight,7103,"BOOKS/POSTCARDS/GREETGCARDS/PRNTD MTR OF PAMPHLETS,ANNUAL RP"
176,GCR,General Airfreight,7104,"NEWSPAPERS, MAGAZINES"
176,GCR,General Airfreight,7105,"BOOKS CATALOGUES, PAMPHLETS"
176,GCR,General Airfreight,7106,"MAGAZINES,PERIODCALS PUBLISHED ONCE WEEKLY OR LONGER INTERVALS - BOOKS EXCLUDING PHOTOS"
176,GCR,General Airfreight,7107,NEWSPAPERS  DAILY 
176,GCR,General Airfreight,7108,ADMINISTRATIVE REPORTS
176,GCR,General Airfreight,7109,NEWSPAPERS
176,GCR,General Airfreight,7110,"NEWSPAPERS,MAGAZINES,PERIODICALS     "
176,GCR,General Airfreight,7111,FOOTBALL POOL COUPONS
176,GCR,General Airfreight,7112,"NEWSPEPRS,MAGAZINES,PERIODICALS,BOOKS"
176,GCR,General Airfreight,7113,"MAGAZINES, PERIODICALS, NEWSPAPERS - PUBLISHED ONCE WEEKLY OR AT LONGER INTERVALS"
176,GCR,General Airfreight,7114,"BOOKS,PERIODICALS,MAGS,PRNTD MATTER INCL NEWSPPR,VALUBL CARG"
176,GCR,General Airfreight,7115,"BOOKS, MAGAZINES, CATALOGUES"
176,GCR,General Airfreight,7116,"BOOKS,POSTCARDS,GRRETGCARDS,CALENDERS  EXCL PERIODICALS"
176,GCR,General Airfreight,7117,"MAGS, PERIODICALS EXCLUDING NEWSPAPERS"
176,GCR,General Airfreight,7118,NEWP/MAG/PERS/BOOKS
176,GCR,General Airfreight,7119,BOOKS        
176,GCR,General Airfreight,7120,NEWSPAPERS AND MAGAZINES
176,GCR,General Airfreight,7121,"TECH DATA CONSTRCTN DRAWINGS/PLANS,BLUEPRINTS,ASSMBLY CHARTS"
176,GCR,General Airfreight,7122,PRINTED MATTER  EXCL NEWSPAPERS 
176,GCR,General Airfreight,7123,RELIGIOUS BOOKS
176,GCR,General Airfreight,7124,INSTRUCTION MANUALS/CATALOGUES EXCL MAGNETIC TAPES
176,GCR,General Airfreight,7125,"PPR,ENVELOPES,MENUCARDS,PRC LISTS,PRNTED STATIONERY OF HOTEL"
176,GCR,General Airfreight,7126,PRINTED MATTER........
176,GCR,General Airfreight,7127,PRINTED MATTER........
176,GCR,General Airfreight,7128,PRINTED MATTER........
176,GCR,General Airfreight,7129,"NEWSPAPER,MAGS,PERIODICALS,BOOKS PRNTD MATTER,PHOTOGRAPHS"
176,GCR,General Airfreight,7130,PRINTED MATTER ........
176,GCR,General Airfreight,7159,"TEXTBOOKS,INSTRUMTS,VISUAL TEACHG AIDS-FOR USE EDUCATNL INST"
176,GCR,General Airfreight,7160,"MAPS, CHARTS"
176,GCR,General Airfreight,7163,***** RECORD COVERS
176,GCR,General Airfreight,7164,"BLUEPRINTS,PHOTOGRAPHIC REPRODUCTIONS,SPECIFICS,DRAWINGS"
176,GCR,General Airfreight,7169,"***** GREETING CARDS, ENVELOPES"
176,GCR,General Airfreight,7177,PRINTED PROMOTIONAL MATERIAL
176,GCR,General Airfreight,7178,"LABELS ,CARBOARD CARTONS UNASSEMBLED ,OFC STATIONERY,PROMOTIO"
176,GCR,General Airfreight,7179,SELF-ADHESIVE LABELS
176,GCR,General Airfreight,7181,"LABELS,ADHESIVE TAPE,DISPENSER,CARDBOARD CARTON UNASSEMBLED "
176,GCR,General Airfreight,7182,PRINTED MATTER FOR PROMOTION OF TOURISM/EXCL MAGS 
176,GCR,General Airfreight,7183,"PRINTED MATTER  EXCL BOOKS,NEWSPAPERS,MAGS,PERIODICALS "
176,GCR,General Airfreight,7201,CARDBOARD PACKAGING MATERIAL
176,GCR,General Airfreight,7381,WILLOW ARTICLES  WOVEN 
176,GCR,General Airfreight,7382,BASKETWARE
176,GCR,General Airfreight,7400,"RUBBER, RUBBER PRODUCTS"
176,GCR,General Airfreight,7415,"ROLLS,SHEETS,SLABS,UNFINISHED FORMS-MADE OF RUBBER"
176,GCR,General Airfreight,7420,RUBBER GOODS
176,GCR,General Airfreight,7425,"RUBBER BELTS,RUBBER BELTING"
176,GCR,General Airfreight,7430,DRUGGISTS SUNDRIES OF RUBBER
176,GCR,General Airfreight,7431,RUBBER DOUCHE BAG SETS
176,GCR,General Airfreight,7437,RUBBER BOOTS
176,GCR,General Airfreight,7440,RUBBER GLOVES
176,GCR,General Airfreight,7448,RUBBER SEALS
176,GCR,General Airfreight,7481,"RUBBER TYRES, RUBBER TUBES"
176,GCR,General Airfreight,7483,SEALING RINGS  MADE OF ARTIFICIAL RUBBER 
176,GCR,General Airfreight,7500,"STRAW PRODUCTS, GRASS PRODUCTS"
176,GCR,General Airfreight,7600,"WOOD, WOOD PRODUCTS"
176,GCR,General Airfreight,7601,"PLYWOOD, VENEERWOOD"
176,GCR,General Airfreight,7603,HANDLES  MADE OF WOOD 
176,GCR,General Airfreight,7606,SANDALWOOD
176,GCR,General Airfreight,7608,WOOD PARQUET FLOORING
176,GCR,General Airfreight,7620,*****WOOD MANUFACTURES
176,GCR,General Airfreight,7625,"FURNITURE,FURNITURE COMPONENTS,ARTIFACTS,CURIOS-MADE OF WOOD"
176,GCR,General Airfreight,7627,WOODEN FURNITURE  EXCL OBJECTS OF ART 
176,GCR,General Airfreight,7628,FURNITURE  EXCL OBJECTS OF ART 
176,GCR,General Airfreight,7629,***** WOODEN FURNITURE  NOT ASSMBLED/EXCL OBJECTS OF ART 
176,GCR,General Airfreight,7630,"WOODEN CABINETS FOR RADIOS,TVS,PHONOGRAPHS,SEWING MACHINES "
176,GCR,General Airfreight,7685,HOUSEHOLD WOODENWARE
176,GCR,General Airfreight,7900,"PAPER/RUBBER MFRS EXCL NEWSPAPER,MAGS,BOOK,BRAILLE TYPE EQPT"
176,GCR,General Airfreight,8000,"****HOTEL SUPPLIES-BED SHEETS,SOAP,TOYS,GOLF CLUBS,BRONZEWAR"
176,GCR,General Airfreight,8001,SCIENTIFIC/PRECISION INSTRUMENTS EXCL WATCHES/CLOCKS
176,GCR,General Airfreight,8002,"SCIENTIFIC/PRECISION/DENTAL/SURGICAL INST.,WATCHES,CLOCKS"
176,GCR,General Airfreight,8003,INSTRMTS FR DENTISTRY/SURGERY/MEASURG/CALIBRATG/WATCHES/CLOC
176,GCR,General Airfreight,8004,"INSTRMTS FR DENTISTRY,SURGERY,MEASURG,CALIBRATG INCL SUPPLIE"
176,GCR,General Airfreight,8005,GEOPHYSICAL EQUIPMENT
176,GCR,General Airfreight,8006,"SCIENTIFIC/PRECISION INSTRUMTS/LAB EQPT INCL SUPP ,WATCHES,C"
176,GCR,General Airfreight,8009,ODONTOLOGICAL CHAIRS
176,GCR,General Airfreight,8100,DENTAL/SURGICAL/MEDICAL EQPT
176,GCR,General Airfreight,8103,SURGICAL BEDS
176,GCR,General Airfreight,8105,"DENTAL/SURGCL/MEDICL INSTRMTS INCL APPARATUS,SUPPLIES"
176,GCR,General Airfreight,8111,***** INFUSION SETS
176,GCR,General Airfreight,8112,INJECTION INSTRMTS
176,GCR,General Airfreight,8114,HYPODERMIC NEEDLES
176,GCR,General Airfreight,8118,DIALYSER S 
176,GCR,General Airfreight,8119,"DRAIN TUBES  FOR MEDICAL, SURGICAL PURPOSES "
176,GCR,General Airfreight,8167,PLASTIC/RUBBER ARTICLES - FOR HOSPITAL USE
176,GCR,General Airfreight,8173,SURGICAL NEEDLES
176,GCR,General Airfreight,8181,"ARTIFICIAL TEETH,RAW MTRL FOR ARTFCL TEETH, MFD FELDSPAR"
176,GCR,General Airfreight,8183,PROSTHESES
176,GCR,General Airfreight,8200,"MUSICAL INST,PHONOGRAPHS,PHONOGRAPH RECORDS,CASSETTE TAPES"
176,GCR,General Airfreight,8201,"MUSIC BOXES, RECORDING TAPE,PHONOGRAPH RECORDS INCL ACCESSOR"
176,GCR,General Airfreight,8203,"MEDICL INSTRMTS EXCL MUSICAL BOX,COMBINATNS WITH WATHCES,CLO"
176,GCR,General Airfreight,8206,"MUSICL INSTRMTS,MUSIC BOX,PHONOGRAPHS EXCL COMB WITH CLOCKS"
176,GCR,General Airfreight,8207,***** MUSICAL INSTRUMENTS
176,GCR,General Airfreight,8211,"MUSICL INSTRMTS,PHONOGRAPH RCRDS,TAPE RECORDGS,SHEET MUSIC"
176,GCR,General Airfreight,8225,MUSICAL INSTRUMENTS  STRINGED 
176,GCR,General Airfreight,8275,PHONOGRAPH RECORDS
176,GCR,General Airfreight,8277,"RECORDS, RECORDING TAPE, RECORDING WIRE"
176,GCR,General Airfreight,8280,"PHONOGRAPH RECORDS,RECORDING TAPE"
176,GCR,General Airfreight,8281,"RECORDING TAPES,CASSETTES,PHONOGRAPH RECORDS,FILMS"
176,GCR,General Airfreight,8282,PHONOGRAPH RECORDS
176,GCR,General Airfreight,8284,VIDEO CASSETTES
176,GCR,General Airfreight,8285,CASSETTE TAPES
176,GCR,General Airfreight,8301,"***OPTICAL INSTRUMTS,APPARATUS,GOODS AND SUPPLIES"
176,GCR,General Airfreight,8302,"*****OPTICL INSTRUMTS,APPARATUSANDSUPPLIES CONSGND TO CERRO TO"
176,GCR,General Airfreight,8303,CONTACT LENSES
176,GCR,General Airfreight,8340,"LENSES, PRISMS"
176,GCR,General Airfreight,8370,"LENSES FRAMES, SUNGLASSES"
176,GCR,General Airfreight,8371,SPECTACLE FRAMES
176,GCR,General Airfreight,8372,"SPECTACLES,SUNGLASSES - INCL ACCESSORIES"
176,GCR,General Airfreight,8380,"SUNGLASSES,GOGGLES"
176,GCR,General Airfreight,8382,"SUNGLASSES,GOGGLES-INCL SPECTACLE CASES WHEN SHPD WITH MAIN"
176,GCR,General Airfreight,8391,"OPTCL GOODS,PHOTO/PROJN EQPT-INCL SUPPLIES EXCL 35MM FILM"
176,GCR,General Airfreight,8392,"OPTICAL GOODS, PHOTOGRAPHIC/PROJECTION EQPT INCL SUPP.EXCL N"
176,GCR,General Airfreight,8393,"OPTICAL/PHOTOGRAPHIC/PROJECTION GDS,INCL.SUPPLIES,EXCL.FILMS"
176,GCR,General Airfreight,8395,"PROJN EQPT INCL SUPP/ACCS EXCL NEWSREEL,35MM FILM EXPOSED"
176,GCR,General Airfreight,8396,"SPECS,BINOCULARS,MICRO/TELESCOPES,DEVELOPG FLUIDS EXCL 35MM"
176,GCR,General Airfreight,8397,"****OPTICAL GOODS,PHOTO AND PROJ EQPT"
176,GCR,General Airfreight,8398,"OPTICAL GOODS,PHOTO/PROJ EQPT-INCL SUPP-DISPLAY ADVTG FOR MO"
176,GCR,General Airfreight,8400,"PHOTOGRP./PROJECTN. INSTRUMNT. INCL.APPARATUS,SUPPLIES,ACCES"
176,GCR,General Airfreight,8401,"OPTCL GOODS,PHOTO/PROJ INSTRMTS-INCL APPARATUS,SUPPLSANDACCS"
176,GCR,General Airfreight,8405,PHOTOGRAPHIC EQPT  INCL ACCESSORIES 
176,GCR,General Airfreight,8406,"**** CAMERA SUPPLIES, NAMELY: FLASH, BULBS"
176,GCR,General Airfreight,8410,CAMERAS  POCKET SIZED 
176,GCR,General Airfreight,8411,"CAMERAS  INCL SUPPLIES,ACCESSORIES "
176,GCR,General Airfreight,8420,FILMS
176,GCR,General Airfreight,8423,"FILMS  UNEXPOSED , SENSITIVE PAPER"
176,GCR,General Airfreight,8424,ENTERTAINMENT PARTS
176,GCR,General Airfreight,8425,MOTION PICTURE FILMS
176,GCR,General Airfreight,8426,MOTION PICTURE FILMS (INCL ADVTG MTRLS)      
176,GCR,General Airfreight,8427,***OVERHEAD TRACK TROLLEY CARRIER AND/OR PARTS FOR MTRL HNDLG
176,GCR,General Airfreight,8430,"PHOTO FILMS/PAPER-SENSITIZED,UNEXPSD/INCL PHOTO CHMCS,UNSENS"
176,GCR,General Airfreight,8431,MOTION PICTURE FILMS  EXCL NEWSFEEL FILMS 
176,GCR,General Airfreight,8434,"UNEXPOSED FILMS, UNRECORDED TAPES"
176,GCR,General Airfreight,8438,"DEVELOPED FILMS, PAPER PRINTS"
176,GCR,General Airfreight,8440,LENSES
176,GCR,General Airfreight,8452,**** PROJECTORS  ASSEMBLED 
176,GCR,General Airfreight,8500,"SAFETY EQPT, SAFETY APPARATUS"
176,GCR,General Airfreight,8549,"INSTRMTS FR DENTISTRY,SURGERY,MEASURING,CALIBRATING,TESTING,"
176,GCR,General Airfreight,8550,"SAFETY EQPT AND APPARATUS,GENERIC ITEM OF DENTAL/MEDI/OPTICAL"
176,GCR,General Airfreight,8551,"AUTOMATIC CONTROL FOR MEASURG/REGULATG FLOW TEMP,HUMIDITY,TI"
176,GCR,General Airfreight,8552,INSTRMTS FOR DENTISTRY/SURGERY/MEASURG/CALIBRATG/TESTG/DRAWI
176,GCR,General Airfreight,8553,ELECTRO MEDICAL APPARATUS/OPER.TABLES/DIATHERMIC MACHNS/DENT
176,GCR,General Airfreight,8554,TESTING EQPT  USD TO CHK FOR POISONOUS FUMES IN MINES 
176,GCR,General Airfreight,8557,PROCESS CONTROL EQUIPMENT
176,GCR,General Airfreight,8575,MEDICAL EQUIPMENT  INCLUDING SUPPLIES 
176,GCR,General Airfreight,8600,"SCIENTIFIC/LAB INSTRMTS INCL APPARATUS, SUPPLIES"
176,GCR,General Airfreight,8601,SCIENTIFIC/LAB INSTRMTS INCL APPARATUS
176,GCR,General Airfreight,8602,MANOMETERS  FOR MEASURING BLOOD PRESSURE 
176,GCR,General Airfreight,8603,ELECTRIC MEDICAL EQUIPMENT
176,GCR,General Airfreight,8605,MICROSCOPES AND ACCESSORIES
176,GCR,General Airfreight,8610,ANALYTICAL MEASURING INSTRMTS FOR MED/SCIENTIFIC PURPOSES 
176,GCR,General Airfreight,8800,"SURVEYING INSTRUMTS, ENGINEERING INSTRUMENTS"
176,GCR,General Airfreight,8820,DRAWING/DRAFTING INSTRUMENTS
176,GCR,General Airfreight,8909,"INSTRUMENTS FOR REGULATING, MEASURING, TESTING"
176,GCR,General Airfreight,8911,"WATCHES, CLOCKS"
176,GCR,General Airfreight,8912,WATCH PARTS
176,GCR,General Airfreight,8913,WRIST WATCHES  WITH BAND OR BRACELETS 
176,GCR,General Airfreight,8920,CLOCKS
176,GCR,General Airfreight,8925,WATCHES
176,GCR,General Airfreight,8926,WATCH BRACELETS EXCL ARTICLES WHICH CONTAIN ONE OR MORE OF T
176,GCR,General Airfreight,9001,"IMITATION JEWELRY,PERSONAL ORNAMENTS,ARTIFICIAL/GLASS STONES"
176,GCR,General Airfreight,9006,"IMITATION JEWELRY,NOVELTIES,ORNAMTS EXCL WATCHES,CLOCKS"
176,GCR,General Airfreight,9007,"***COSTUME,JEWELRY,SOUVENIRS,ORNAMTSANDWATCH EXCL WATCHES MOUN"
176,GCR,General Airfreight,9009,"*****IMITATION JEWELRY,FANCY NOVELTIES,PERSONAL ORNAMENTS-EX"
176,GCR,General Airfreight,9015,BONE AND/OR BEADS JEWELLERY
176,GCR,General Airfreight,9050,EMPTY CONTAINERS
176,GCR,General Airfreight,9051,EMPTY BEER KEGS
176,GCR,General Airfreight,9052,EMPTY AMMONIA CYLINDERS
176,GCR,General Airfreight,9056,TRANSPARENT CELLULOSIC WRAPPING MATERIAL
176,GCR,General Airfreight,9064,"EMPTY CASES FR CLOCKS,SCI/PRECISION INSTRMTS,MADE OF LEATHER"
176,GCR,General Airfreight,9072,"EMPTY BOXES OF CARDBOARD,NON-PRECIOUS METAL/FOR JEWELRY,WATC"
176,GCR,General Airfreight,9078,EMPTY METAL CANS
176,GCR,General Airfreight,9085,"*** EMPTY WATCH CASES, METAL"
176,GCR,General Airfreight,9090,HUMAN HAIR
176,GCR,General Airfreight,9091,"HUMAN REMAINS, UNCREMATED"
176,GCR,General Airfreight,9092,"HUMAN EYES,TISSUES,DEHYDRATED CORNEAS"
176,GCR,General Airfreight,9099,Human Remains - cremated
176,GCR,General Airfreight,9102,"GIFT PARCELS  CONTAINING FOOD, CLOTHING "
176,GCR,General Airfreight,9104,"GIFT PARCELS  CONT FOOD,CLOTHG,SHOES,MEDI,COSMETCS,TOILET AR"
176,GCR,General Airfreight,9105,"GIFT SHIPMENTS  CONTAINING FOOD,MEDICAL SUPPLIES "
176,GCR,General Airfreight,9106,"FOODSTUFFS,BEVERAGES FR CONSUM/HOUSEHOLD USE-NOT FOR RESALE "
176,GCR,General Airfreight,9200,"ATHLETIC EQUIPMENT,SPORTING GOODS"
176,GCR,General Airfreight,9202,"TOYS,GAMES,ATHLETIC GOODS,SPORTING GOODS"
176,GCR,General Airfreight,9203,"**** TOYS, GAMES"
176,GCR,General Airfreight,9204,WOODEN TOYS
176,GCR,General Airfreight,9205,"TOYS,GAMES,ATHLETIC GOODS,SPORTG GOODS EXCL WEARING APPAREL"
176,GCR,General Airfreight,9206,"TOYS,GAMES,ATHELTIC GOODS INCL SPORTG/HUNTG GUNS EXCL WATCHE"
176,GCR,General Airfreight,9207,TOYS GAMES-INCL PACKAGING MTRL WHEN HPD WITH MAIN ARTCL
176,GCR,General Airfreight,9208,"SADDLES, RIDING EQPT"
176,GCR,General Airfreight,9209,MANUFACTURING MATERIALS FOR PLUSH TOYS
176,GCR,General Airfreight,9211,FOOTBALLS
176,GCR,General Airfreight,9213,BASEBALLS
176,GCR,General Airfreight,9214,"MODEL ELECTRIC RAILWAYS, ELECTRIC TOYS"
176,GCR,General Airfreight,9215,SCALE MODELS  SHIPS 
176,GCR,General Airfreight,9229,"SKATEBOARD  INCL HELMETS, PROTECTIVE PADS "
176,GCR,General Airfreight,9231,CANOES
176,GCR,General Airfreight,9235,ROLLER SKATE WHEELS
176,GCR,General Airfreight,9241,FISHING EQUIPMENT  INCLUDING ACCESSORIES 
176,GCR,General Airfreight,9244,"****FISHING EQPT, NAMELY:LINES,HOOKS,LURES,REELS AND RODS"
176,GCR,General Airfreight,9247,GOLFBAGS
176,GCR,General Airfreight,9274,"SKIS,SKIPOLES,SKI BINDINGS"
176,GCR,General Airfreight,9300,"FIREARMS, AMMUNITION"
176,GCR,General Airfreight,9309,"SPORTING GUNS, HUNTING GUNS"
176,GCR,General Airfreight,9311,AMMUNITION FOR SPORTING GUNS
176,GCR,General Airfreight,9315,GUNS
176,GCR,General Airfreight,9400,OFFICE SUPPLIES  EXCLUDING MACHINERY 
176,GCR,General Airfreight,9470,"PENS,PENCILS"
176,GCR,General Airfreight,9471,"PENS, PENCILS  INCL STANDS, HOLDERS, CASES "
176,GCR,General Airfreight,9472,DISPLAY MATERIAL
176,GCR,General Airfreight,9473,"PENS, PENCILS  INCL DISPLAY MATERIAL "
176,GCR,General Airfreight,9500,"PAINTINGS, ETCHINGS,ENGRAVINGS"
176,GCR,General Airfreight,9503,"HANDICRAFT PRODS MADE OF TEXTLS,METAL,WOOD,CORK,STRAW,WICKER"
176,GCR,General Airfreight,9505,"SOUVENIRS INCL LEATHER GOODS,SILVERWARE,WOOD/COPPER MFRS,BON"
176,GCR,General Airfreight,9506,"CURIOS CARVED/WOODEN ,BONE ARTICLES,HORN ARTICLES"
176,GCR,General Airfreight,9508,SOUVENIRS LEATHER/WOOD/COPPER/IVORY/BONE/HORN GDS. 
176,GCR,General Airfreight,9509,"HANDICRAFTS MADE OF BRASS,COPPER,IRON,WOOD,CLAY,HANDLOOM TXT"
176,GCR,General Airfreight,9511,"CURIOS CARVED/WOODEN ,BONE/HORN ARTCLS EXCL IVORY ARTCLS"
176,GCR,General Airfreight,9512,"HANDICRAFTS MADE OF BRASS,COPPER,IRON,WOOD,STONE,BAMBOO,WICK"
176,GCR,General Airfreight,9513,"HANDICRAFT PDCTS TXTLS,METAL,WOOD,CORK,STRAW,WICKER,LEATHER,"
176,GCR,General Airfreight,9514,"DAMASCENED ARTICLES, REPRODUCTIONS OF OLD STEEL SWORDS"
176,GCR,General Airfreight,9515,"HANDICRAFTS MADE OF BRASS,COPPER,IRON,WOOD,BAMBOO,WICKER,PAP"
176,GCR,General Airfreight,9516,"HANDICRAFT PRODUCTS MADE OF TEXTILES,METAL,WOOD,STRAW,LEATHE"
176,GCR,General Airfreight,9517,"HANDICRAFT PRODS MADE OF METAL,WOOD,STRAW,LEATHER,EARTH,ONYX"
176,GCR,General Airfreight,9518,"***HANDICRAFT ARTICLES MADE OF WOOD,METAL,CORK,STRAW,BAMBOO,"
176,GCR,General Airfreight,9519,"HANDICRAFTS,HANDLOOM TEXTILES,SILVER,BRASS,COPPER,IRON,WOOD,"
176,GCR,General Airfreight,9520,"HANDICRAFTS MADE OF SISAL,FIBRE,BANANA FIBRE,BAMBOO,LEATHER,"
176,GCR,General Airfreight,9521,BUTTONS
176,GCR,General Airfreight,9522,"HANDICRAFT PRODS TXTLS,METAL,WOOD,CLAY EXCL WEARG AAPAREL"
176,GCR,General Airfreight,9524,"HANDICRAFTS METAL,WOOD,CORK,STRAW EXCL TXTL,LEATHER,DIAMONDS"
176,GCR,General Airfreight,9525,"HANDICRAFTS(MADE OF METAL,WOOD,CORK,STRAW,BAMBOO,WICKER,CLAY"
176,GCR,General Airfreight,9526,"BUTTONS, BUCKLES"
176,GCR,General Airfreight,9527,HANDICRAFTS
176,GCR,General Airfreight,9529,"FASTENERS,ZIPPERS,BUCKLES,HANDLES,HANDBAG FRAMES"
176,GCR,General Airfreight,9531,WATCH BANDS
176,GCR,General Airfreight,9532,CHRISTMAS TREE ORNAMENTS
176,GCR,General Airfreight,9533,"CAKE DECORATIONS  MADE OF SUGAR,PLASTIC "
176,GCR,General Airfreight,9540,BRUSHES
176,GCR,General Airfreight,9541,"PAINT BRUSHES, PAINT ROLLERS"
176,GCR,General Airfreight,9544,BRUSHWARE  INCLUDING ACCESSORIES 
176,GCR,General Airfreight,9550,CANDLES
176,GCR,General Airfreight,9552,HANDBAGS
176,GCR,General Airfreight,9553,"PURSES,HANDBAGS,WALLETS,BRIEFCASES,SCHOOL BAGS-OF LEATHER"
176,GCR,General Airfreight,9554,"HANDBAGS,PURSES,WALLETS-OTHER THAN LEATHER"
176,GCR,General Airfreight,9557,"HANDBAGS,PURSES,WALLETS INCL ACCESSORIES OTHER THAN LEATHER"
176,GCR,General Airfreight,9558,"SUITCASES,OVERNIGHT BAGS,BRIEFCASES,ATTACHE CASES,HANDBAGS,W"
176,GCR,General Airfreight,9559,"HANDBAGS, SHOES - INCLUDING DISPLAY MATERIAL"
176,GCR,General Airfreight,9560,"RELIGIOUS ARTICLES EXCL.PRINTED MATTER PICTURES,VESTMENTS"
176,GCR,General Airfreight,9569,"HANDBAGS, SHOES - INCLUDING DISPLAY MATERIAL"
176,GCR,General Airfreight,9576,"ADVTG ARTCLES, DISPLAY EQPT - NOT FOR SALE"
176,GCR,General Airfreight,9592,FIRE EXTINGUISHERS  EMPTY 
176,GCR,General Airfreight,9600,**** PIPES AND SMOKERS ARTICLES
176,GCR,General Airfreight,9601,"TOBACCO, CIGARS, CIGARETTES"
176,GCR,General Airfreight,9602,"TOBACCO,CIGARS,CIGARETTES,PIPES,HUMIDORS,CIGAR/CIGARETTE HOL"
176,GCR,General Airfreight,9613,INDIAN BEEDIES
176,GCR,General Airfreight,9615,PIPES  SMOKING 
176,GCR,General Airfreight,9623,ACCESSORIES
176,GCR,General Airfreight,9625,LIGHTERS
176,GCR,General Airfreight,9660,"FEEDERS,WATERERS,EGG TRAYS,EGG GRADERS,CHICKEN CRATES,PARTS"
176,GCR,General Airfreight,9661,"ANIMAL IDENTIFICATION EAR TAGS, MARKING DYES"
176,GCR,General Airfreight,9701,"FOODSTUFFS,SPICES,BEVERAGES"
176,GCR,General Airfreight,9703,"YARN,THREAD,FIBRES,TEXTILES,WEARING APPAREL,LEATHER MFR"
176,GCR,General Airfreight,9704,SURFACE VEHICLS INCL ACCES MACHNS EXCL STEAM/MOTORSHP MACHN
176,GCR,General Airfreight,9705,"DATA PROCESSG EQPT,OFC MACHNRY INCL ACCESSORIES,SUPPLIES"
176,GCR,General Airfreight,9706,"ELEC EQPT/APPL.,TAPES,CASSETTES,PHONOGRAPH RECORDS,WIRE"
176,GCR,General Airfreight,9707,"TOOLS INCLUDING RAZOR BLADES , CUTLERY"
176,GCR,General Airfreight,9708,"OPTICAL GOODS,PHOTO/PROJ INSTRMTS INCL APPARATUS,ACCESSORIES"
176,GCR,General Airfreight,9709,"CHEM,CHEM PRODS,DRUGS,COSMETCS,PHARMA,ESSENTIAL OILS,PLASTIC"
176,GCR,General Airfreight,9710,"PRINTED MATTER,PAPER-INCLUDING PHOTOGRAPHIC/SENSITIZED PAPER"
176,GCR,General Airfreight,9711,"SCI/PRECISION INSTRMTS,LAB EQPT(INCL SUPPL), WATCHES, CLOCKS"
176,GCR,General Airfreight,9712,"TOYS,GAMES,SPORTING EQUIPMENT"
176,GCR,General Airfreight,9713,MUSICAL INSTRUMENTS
176,GCR,General Airfreight,9714,"CERAMICS,POTTERY,CHINA/EARTHEN/STONE/GLASS/CRYSTALWARE,PORCE "
176,GCR,General Airfreight,9715,"SURFACE VEHICLES INCL ACCESSORIES ,MACHINERY,TOOLS,CUTLERY"
176,GCR,General Airfreight,9716,PERSONAL EFF./HOUSEHOLD GDS. -NOT FOR RESALE 
176,GCR,General Airfreight,9717,"AIRCRAFT ENGINES,AIRCRAFT,PARTS EXCL FUSELAGES,WINGS,A/CRAFT"
176,GCR,General Airfreight,9718,"HANDICRAFT PRODS MADE OF TEXTILES,METAL,LEATHER EXCL DIAMOND"
176,GCR,General Airfreight,9719,"INSTRUMTS,EQPT-DESIGNED FOR SCI SURGCL LAB,INDL RADIO OR TV"
176,GCR,General Airfreight,9720,"FISH  INEDIBLE , CORAL, WEED, FISH FOOD"
176,GCR,General Airfreight,9721,"PAPER, PAPER PRODUCTS"
176,GCR,General Airfreight,9722,"METALS,MINERALS-EXCL GOLD,SILVER,PLATINUM,ALLOYS"
176,GCR,General Airfreight,9723,"PLASTIC ARTICLES,WOOD,WOOD PRODUCTS"
176,GCR,General Airfreight,9724,AIRCRAFT PARTS  INCL ACCESSORIES 
176,GCR,General Airfreight,9725,SURFACE VEHICLES(INCL ACCESSORIES) EXCH STEAM/MOTORSHP PARTS
176,GCR,General Airfreight,9726,"DATA PROCESSG EQPT,OFC MACHNRY-INCL ACCESSORIES,SUPPLIES-ELE"
176,GCR,General Airfreight,9727,SURFACE VEHICLES(INCL ACCESSORIES) EXCH STEAM/MOTORSHP PARTS
176,GCR,General Airfreight,9728,"PRINTED MATTER,PAPER-INCL PHOTO SENSITIZED PAPER EXCL NEWSPAPER"
176,GCR,General Airfreight,9729,"FOODSTUFF,TEXTILES,WEARING APPAREL,TOILER ARTICLES,CASSETTES"
176,GCR,General Airfreight,9731,"FOODSTUFFS,DRUGS,MACHINERY,MEDICINES,PLASTIC,PRINTED MATTER,"
176,GCR,General Airfreight,9732,"FOODSTUFFS,CHEMICALS,ELEC EQPT,TOILET ARTICLES,PLASTIC,PAPER"
176,GCR,General Airfreight,9733,"TEXTILES,APPAREL,MACHINERY,CUTLER,ELEC EQPT,SURFACE VEHICLES"
176,GCR,General Airfreight,9734,"YARN THREAD,FIBRES,TEXTILES,LEATHER EXCL FUR,HIDE,PELTS,SKIN"
176,GCR,General Airfreight,9735,MISCELLANEOUS ITEMS
176,GCR,General Airfreight,9736,"CHEM,CHEM PRODS,DRUGS,COSMETICS,PARMA,OIL EXCL PLASTIC/TOILE"
176,GCR,General Airfreight,9737,PRINTED MATTER
176,GCR,General Airfreight,9738,PRINTED MATTER  EXCLUDING NEWSPAPERS 
176,GCR,General Airfreight,9739,"PARTS OF SURFACE VEHICLES,AGRI MACHNRY EXCL STEAM/MOTORSHIP"
176,GCR,General Airfreight,9740,"FOODSTUFFS,SPICES,MACHINERY,TEXTILES,DRUGS EXCL RADIOACTIVE"
176,GCR,General Airfreight,9741,PIGS
176,GCR,General Airfreight,9742,"IMITATION JEWELRY,FANCY NOVELTIES EXCL CLOTH,WATCHES WHICH C"
176,GCR,General Airfreight,9743,"CONSTRUCTION EQPT, BUILDING MATERIAL"
176,GCR,General Airfreight,9744,STATIONERY/OFFICE SUPPLIES
176,GCR,General Airfreight,9750,MISCELLANEOUS ITEMS
176,GCR,General Airfreight,9751,"HAIR,WIGS,RADIOS,TVS  MISCELLANEOUS ITEMS..... "
176,GCR,General Airfreight,9752,"TEXTILE FIBRESANDMFRS,METALANDMFRS,NON-METLC  MISC.ITEMS....... "
176,GCR,General Airfreight,9790,"ABRASIVES,ADHESIVE ARTCLS,RUBBER/PLASTIC  MISC.ITEMS....... "
176,GCR,General Airfreight,9795,"ABRASIVES,AMMUNITION,CIGARS  MISC. ITEMS...... "
176,GCR,General Airfreight,9796,"ADHESIVES,SMALL ARMS,ETCHINGS  MISCELLANEOUS ITEMS "
176,GCR,General Airfreight,9797,MISCELLANEOUS ITEMS .......
176,GCR,General Airfreight,9798,MISCELLANEOUS ITEMS .......
176,GCR,General Airfreight,9799,MISCELLANEOUS ITEMS
176,GCR,General Airfreight,9900,HOUSEHOLD ELECTRONIC IGNITERS
176,GCR,General Airfreight,9910,FURNITURE
176,GCR,General Airfreight,9911,FURNITURE  EXCL PAINTINGS/ENGRAVINGS/OBJECTS OF ART 
176,GCR,General Airfreight,9913,"FURNITURE, SAFES EXCL PAINTINGS,ENGRAVINGS,ANTIQUITIES,OBJEC"
176,GCR,General Airfreight,9915,METAL SAFES
176,GCR,General Airfreight,9917,"HOUSEHOLD FURNITURE,KITCHEN EQPT,CUTLER EXCL PAINTINGS,OBJEC"
176,GCR,General Airfreight,9920,"ELEC EQPT,CHMCL GOODS FM AREA3 TRANSITING USA HAVING PRIOR O"
176,GCR,General Airfreight,9922,"INDL PRODS:TEXTILES,FIBRESANDMFRS,METALS,DRUGS FRM ARE3, TRANS"
176,GCR,General Airfreight,9930,"NUCLEAR REACTOR PARTS INCL HEAT EXCHANGRS,CONTROL RODS,VALVE"
176,GCR,General Airfreight,9935,"NUCLEAR REACTOR FUEL CONTAINERS,FUEL RAW MTRL CNTRS EMPTY"
176,GCR,General Airfreight,9942,GOVERNMENT OWNED STORES  INCLUDING SUPPLIES 
176,GCR,General Airfreight,9945,"DIPLOMATIC CARGO, DIPLOMATIC MAIL"
176,GCR,General Airfreight,9946,*****AUSTRALIAN GOVT DIPLOMATIC POUCHES
176,GCR,General Airfreight,9947,"US DIPLOMATIC POUCHES, MOVING ON US GOVT. B/L"
176,GCR,General Airfreight,9948,"MILITARY STORES,IMPEDIMENTA"
176,GCR,General Airfreight,9955,"PREFABRICATED HOUSES, RELATED OUTFIT"
176,GCR,General Airfreight,9960,"SHPMTS OF ICI, ITS SUBSIDIARIES & ASSOCIATE COS."
176,GCR,General Airfreight,9961,HABERDASHERY
176,GCR,General Airfreight,9964,"ELASTIC, CORD - WITH METAL ENDS"
176,GCR,General Airfreight,9966,PLANT HANGERS  KNITTED 
176,GCR,General Airfreight,9970,"BLDG EQPT, ENGG CONSTRUCTION EQPT"
176,GCR,General Airfreight,9971,"HOSP SUPPLIES CLOTHG,DRESSG,MEDICINE,LAB TOOLS,PHARMA,MEDICA"
176,GCR,General Airfreight,9972,"***OIL RESEARCHANDDRILLING EQPT, SUPPLIES AND ACCESSORIES"
176,GCR,General Airfreight,9973,BUILDING MATERIAL/TOOLS/FIXTURES/FITTINGS
176,GCR,General Airfreight,9974,EXPEDITION MATERIAL
176,GCR,General Airfreight,9980,"PERSONAL EFFECTS,HOUSEHOLD EFFECTS OF GOVT OFFICERS TRAVELLI"
176,GCR,General Airfreight,9981,"GOODS CONSIGNED TO AMBASSADORS,LEGATIONS,CONSULS OR OTHER OF"
176,GCR,General Airfreight,9984,"HOUSEHOLD FURN,KITCHEN EQPT USED  EXCL PER.EFFECTS"
176,GCR,General Airfreight,9986,"UNACCOMPANIED BAGGAGE, PERSONAL EFFECTS  NOT FORE RESALE "
176,GCR,General Airfreight,9987,"ARTICLES OF BAGGAGE USED,OWNED BY INDIV.CONSIGNED BY TRANSPO"
176,GCR,General Airfreight,9989,"PLANTS-FLWS,BLBS,SDS,FLORAL/NURSERY STKS,DPLY MATS EXPO USE"
176,GCR,General Airfreight,9991,"BLDG MTRL,DISPLAY MTRL-FOR EXHIBITION/TRADE FAIRS"
176,GCR,General Airfreight,9993,"HOUSEHOLD/WEARING GD,COSMETICS,TOILETRIES(USED,NO RESALE)"
176,GCR,General Airfreight,9994,"HOUSEHOLD GOODS USED ,WEARING APPAREL/COSMETICS  USED "
176,GCR,General Airfreight,9995,"WEARING APPAREL,COSEMTICS,TOILET ARTCLS USED NOT FOR RESALE"
176,GCR,General Airfreight,9996,MISCELLANEOUS ITEMS........
176,GCR,General Airfreight,9998,"HOUSEHOLD GOODS, PERSONAL EFFECTS"
176,GCR,General Airfreight,9999,MISCELLANEOUS ITEMS........
176,GCR,General Airfreight,E0036,URINE SAMPLES
176,GCR,General Airfreight,E0051,UNACCOMPANIED BAGGAE/NWPS/MAGS/PERIODICALS/BOOKS/CATALOGUES/BRAILLE TYPE EQPT/TALKING BOOKS 4 BLIND
176,GCR,General Airfreight,E0052,AGRICULTURAL PRODUCTS
176,GCR,General Airfreight,E0053,EXHIBITION GOODS
176,GCR,General Airfreight,E0054,FOOD CONTAINERS
176,GCR,General Airfreight,E0055,AGCC/NATIONAL/LOCAL PRODUCTS
176,GCR,General Airfreight,E0058,Live Aquatic Plants
176,GCR,General Airfreight,E0060,MOBILE PHONES
176,GCR,General Airfreight,E0061,MOBILE PHONE ACCESSORIES
176,GCR,General Airfreight,E0062,SHIP SPARES
176,GCR,General Airfreight,E0063,DANGEROUS GOODS
176,GCR,General Airfreight,E0064,SPARE PARTS
176,GCR,General Airfreight,E0065,PERFUMES AND COSMETICS
176,GCR,General Airfreight,E0066,GARMENTS ON HANGARS
176,GCR,General Airfreight,E0067,SHOE UPPER
176,GCR,General Airfreight,E0068,CONSOLIDATION
176,GCR,General Airfreight,E0069,MERCHANDISE
176,GCR,General Airfreight,E0070,COSMETICS
176,GCR,General Airfreight,E0077,SILVER/SILVER PRODUCTS/SILVER JEWELLERY
176,AXA,Air Freight Priority,0185,TEA
176,AXA,Air Freight Priority,0902,PET FOOD
176,AXA,Air Freight Priority,0986,VITAMINS FOR ANIMAL FOOD
176,AXA,Air Freight Priority,1100,"FURS, HIDES, SKINS EXCLUDING WEARING APPAREL"
176,AXA,Air Freight Priority,1101,"HIDES,SKINS- UNDRESSED- FURS EXCL MFRS NUTRIA/REPTILE SKINS"
176,AXA,Air Freight Priority,1102,FUR PLATES  MADE FROM SEWN SCRAPS 
176,AXA,Air Freight Priority,1103,"FURS, FUR WEARING APPAREL, SKINS"
176,AXA,Air Freight Priority,1125,LAMB/KID/SHEEP/GOAT SKINS EXCL WEARING APPAREL
176,AXA,Air Freight Priority,1150,FUR SCRAPS
176,AXA,Air Freight Priority,1155,MERINO LAMB SKINS  TANNED/DYED 
176,AXA,Air Freight Priority,1164,"CATTLE HIDES, SHEEP SKINS, GOAT SKINS"
176,AXA,Air Freight Priority,1175,*****SKINS
176,AXA,Air Freight Priority,1188,"CARACUL, ASTRAKHAN SKINS"
176,AXA,Air Freight Priority,1190,REPTILE SKINS
176,AXA,Air Freight Priority,1194,CROCODILE SKINS  WET/SALTED 
176,AXA,Air Freight Priority,1195,"FURS, HIDES, SKINS EXCLUDING MINK, WEARING APPAREL"
176,AXA,Air Freight Priority,1196,NUTRIA SKINS
176,AXA,Air Freight Priority,1198,"LEATHER,HIDES AND SKINS - EXCL. FURS AND PELTS"
176,AXA,Air Freight Priority,1200,"LEATHER, LEATHER GARMENTS"
176,AXA,Air Freight Priority,1201,"LEATHER, LEATHER PRODUCTS"
176,AXA,Air Freight Priority,1202,*****LEATHER GOODS
176,AXA,Air Freight Priority,1204,"LEATHER TANNED,DYED,FINISHED,SEMI-FINISHED,CUT TO SHAPE "
176,AXA,Air Freight Priority,1205,LEATHER  UNMANUFACTURED 
176,AXA,Air Freight Priority,1206,SHOE LEATHER ALONE OR TOGETHER WITH OTHER SHOE MFG MTRLS 
176,AXA,Air Freight Priority,1207,"LEATHER,HIDES,SKINS -EXCL.WEARING APPAREL,FURS"
176,AXA,Air Freight Priority,1210,"LEATHER,LEATHER PRODUCTS EXCL. SPORTING GOODS"
176,AXA,Air Freight Priority,1211,"LEATHER,HIDES,SKINS - TANNED, PROCESSED"
176,AXA,Air Freight Priority,1212,"*****LEATHER,HIDESANDSKINS, EXCL FURS,PELTS,REPTILE/NUTRIAL SK"
176,AXA,Air Freight Priority,1213,"FURS,HIDES,SKINS-UNDRESED/INCL SEMI-FINISHED MFRS"
176,AXA,Air Freight Priority,1214,"*****TANNED AND/OR PROCESSED LEATHER, SYNTHETIC LEATHER CUT TO"
176,AXA,Air Freight Priority,1215,"HIDES,SKINS - INCLUDING PRODUCTS THEREOF"
176,AXA,Air Freight Priority,1216,MERINO LAMB SKINS
176,AXA,Air Freight Priority,1220,ARTIFICIAL LEATHER
176,AXA,Air Freight Priority,1231,"HANDBAGS, POCKETBOOKS, WALLETS, PURSES"
176,AXA,Air Freight Priority,1234,"HANDBAGS, BELTS - MADE OF LEATHER"
176,AXA,Air Freight Priority,1237,LEATHER  EXCL NUTRIA/REPTILE SKIN MANUACTURES 
176,AXA,Air Freight Priority,1238,"LEATHER-BAG,BALL,BELT,BILLFOLD,SUITCASE,HARNESS,SADDLERY,POC"
176,AXA,Air Freight Priority,1239,"BAGS,HANDBAGS,BILLFOLDS,PURSES,WALLETS MADE OF CANVAS,LEATHE"
176,AXA,Air Freight Priority,1251,"CAR SEAT COVERS,RUGS-MADE OF HIDE OR SHEEPSKIN"
176,AXA,Air Freight Priority,1272,"LEATHER,LEATHER GOODS - ARTIFICIAL EXCL WEARING APPAREL"
176,AXA,Air Freight Priority,1295,"BAGS,BELTS,BILLFOLDS,BRUSHES,CLASPS,SEWING KITS,SHAVING KITS"
176,AXA,Air Freight Priority,1296,MANICURE CASES
176,AXA,Air Freight Priority,1550,"TOBACCO, TOBACCO PRODUCTS"
176,AXA,Air Freight Priority,1563,"*****CIGARETTES, CIGARS AND/OR TOBACCO"
176,AXA,Air Freight Priority,1565,"TOBACCO AND/OR TOBACCO PRODUCTS, MFD"
176,AXA,Air Freight Priority,1566,***** CIGARS
176,AXA,Air Freight Priority,1567,CIGARETTES
176,AXA,Air Freight Priority,1700,"OILS  ANIMAL, VEGETABLE "
176,AXA,Air Freight Priority,1701,OLIVE OIL
176,AXA,Air Freight Priority,1716,ESSENTIAL OILS
176,AXA,Air Freight Priority,1728,OIL COMPOUNDS  FOR PAINT 
176,AXA,Air Freight Priority,1904,BEESWAS
176,AXA,Air Freight Priority,1915,BRISTLES     
176,AXA,Air Freight Priority,1923,STOMACH  DRIED 
176,AXA,Air Freight Priority,1925,"CASINGS  MADE OF ANIMAL INTESTINES, GUT "
176,AXA,Air Freight Priority,1928,CAT GUT
176,AXA,Air Freight Priority,1930,RABBIT HAIR  UNMANUFACTURED 
176,AXA,Air Freight Priority,1931,GLANDS  ANIMAL 
176,AXA,Air Freight Priority,1932,SEMEN (ANIMAL)
176,AXA,Air Freight Priority,1950,"FEATHERS, FEATHER TRIMMINGS"
176,AXA,Air Freight Priority,1951,FEATHERS  OSTRICH 
176,AXA,Air Freight Priority,1960,BACTERIAL CULTURES FOR FOOD
176,AXA,Air Freight Priority,1970,"SEA-FLORA, SHELLS"
176,AXA,Air Freight Priority,1971,***** SEA SHELLS
176,AXA,Air Freight Priority,1980,SPONGES  NATURAL 
176,AXA,Air Freight Priority,1981,SPONGES  ARTIFICIAL 
176,AXA,Air Freight Priority,1983,CORAL
176,AXA,Air Freight Priority,1990,*****IVORY GOODS
176,AXA,Air Freight Priority,1993,ANIMAL HUNTING TROPHIES  EXCLUDING MORY 
176,AXA,Air Freight Priority,2001,"YARN,THREAD,FIBRES, TEXTILE MANUFACTURES"
176,AXA,Air Freight Priority,2002,"YARN, THREAD, FIBRES"
176,AXA,Air Freight Priority,2020,"COTTON, YARN, THREAD"
176,AXA,Air Freight Priority,2041,"THREAD, CORD - MADE OF RUBBER, TEXTILE COVERED"
176,AXA,Air Freight Priority,2075,*****SILK YARN
176,AXA,Air Freight Priority,2090,"WOOL, YARN, THREAD"
176,AXA,Air Freight Priority,2102,CLOTH NOT FURTHER PROCESSSED OR MANUFACTURED/EXCLUS. BALES/B
176,AXA,Air Freight Priority,2103,"*****CLOTH EXCLSVLY IN BALES,BOLTS OR PIECES NOT FRTH PRCSSD"
176,AXA,Air Freight Priority,2104,"VISCOSE CLOTH NOT FRTHR PRCSSD/MFD/EXCLSVLY IN BALES,BOLTS,P"
176,AXA,Air Freight Priority,2144,PLASTIC COATED FABRICS NOT FRTHR PRCSSD/MFD/EXCLSVLY IN BALE
176,AXA,Air Freight Priority,2162,PIECE GOODS  MADE OF NYLON 
176,AXA,Air Freight Priority,2175,*****SILK ART/SILK MANUFACTURES
176,AXA,Air Freight Priority,2183,*****BATIK TEXTILES
176,AXA,Air Freight Priority,2185,FELT  PAPER MAKERS 
176,AXA,Air Freight Priority,2186,FELT CLOTH
176,AXA,Air Freight Priority,2189,"SHEEP SKIN COATS,OVERCOATS,HATS,SLIPPERS-HANDMADE"
176,AXA,Air Freight Priority,2192,"YARN,THREAD,FIBERS IN BALES/BOLTS/PCS AND BEDSHEETS ETC MADE O"
176,AXA,Air Freight Priority,2194,"YARN,THREAD,TEXTILE MFRS,WARING APPARAL EXCL FOOTWEAR, LEATH"
176,AXA,Air Freight Priority,2195,"YARN,THREAD,FIBRES,CLOTH,WEARING APPAREL,TEXTILE MFRS"
176,AXA,Air Freight Priority,2196,"*****YARN,THREAD,FIBRES IN BALES EXCL CLOTHING,FOOTWEAR,OUTW"
176,AXA,Air Freight Priority,2197,"YARN,THREAD,FIBRES,CLOTH-NOT FURTHER PROCESSED OR MANUFACTUR"
176,AXA,Air Freight Priority,2198,"YARN,THREAD,FIBRE,TEXTILE,EXCL.WEARING A"
176,AXA,Air Freight Priority,2199,"WEARING APPAREL, TEXTILE MANUFACTURES, YARN, THREAD"
176,AXA,Air Freight Priority,2200,WEARING APPAREL
176,AXA,Air Freight Priority,2201,*****CLOTHING AND WEARING APPAREL
176,AXA,Air Freight Priority,2203,WEARING APP EXCL UMBRELLAS/BILLFOLDS/PURSES/CARRYING CASES/J
176,AXA,Air Freight Priority,2204,*****CLOTHING AND WEARING APP EXCL.LEATHER MANUFACTURES
176,AXA,Air Freight Priority,2205,"EYELETS,PRESS FASTENERS,RIVETS, ELECTRIC ATTACHING MACHINE"
176,AXA,Air Freight Priority,2206,"WEARING APPAREL,SHOE LACES,HOOKS EXCL FURS SKINS,BILLFOLDS"
176,AXA,Air Freight Priority,2207,"WEARING APPAREL,SHOE LACES,HOOKS EXCL FOOTWEAR,FURS,SKINS,CA"
176,AXA,Air Freight Priority,2211,"YARN,THREAD,FIBRES-NOT FRTHR PRCSSD/MFG-EXCLSVLY IN BALES/PC"
176,AXA,Air Freight Priority,2214,"TROUSERS, SHIRTS"
176,AXA,Air Freight Priority,2215,"CLOTH,LADIES CUT DRESSES,SEMI-FINISHED CLOTHIN INCL DRESSMAK"
176,AXA,Air Freight Priority,2218,"DRESSES  LADIES, FINISHED "
176,AXA,Air Freight Priority,2222,"TERRY CLOTH, TERRY ARTICLES"
176,AXA,Air Freight Priority,2234,WEARING APPAREL  FUR/LEATHER 
176,AXA,Air Freight Priority,2243,"OVERCOATS,JACKETS,SKIRTS,SHIRTS,WAISTCOATS,TROUSERS-LEATHER"
176,AXA,Air Freight Priority,2244,"ELASTIC, ELASTIC MANUFACTURES"
176,AXA,Air Freight Priority,2245,WEARING APPAREL  MADE OF LEATH EXCL FOOTWEAR 
176,AXA,Air Freight Priority,2259,SEMI FINISHED CLOTHING
176,AXA,Air Freight Priority,2292,"BLOUSES,JACKETS,JEAN,SKIRT,TROUSER,WAISTCOAT-MADE OF COTTON"
176,AXA,Air Freight Priority,2305,"BODY SUPPORTING GARMENTS,SWIMWEAR"
176,AXA,Air Freight Priority,2306,"CORSETS, GIRDLES, BRASSIERES"
176,AXA,Air Freight Priority,2309,CHILDRENS WEARING APPAREL
176,AXA,Air Freight Priority,2310,"DRESSES, SKIRTS, BLOUSES"
176,AXA,Air Freight Priority,2311,"WEARING APPAREL, TEXTILES MFRS - ON HANGERS          "
176,AXA,Air Freight Priority,2332,"GLOVES, MITTENS"
176,AXA,Air Freight Priority,2349,JACKETS
176,AXA,Air Freight Priority,2350,HATS
176,AXA,Air Freight Priority,2360,"STOCKINGS, ANKLETS, PEDS, SOCKS"
176,AXA,Air Freight Priority,2367,"HOSE, PANTYHOSE"
176,AXA,Air Freight Priority,2408,"SHIRTS, BLOUSES, UNDERWEAR"
176,AXA,Air Freight Priority,2415,SHOES
176,AXA,Air Freight Priority,2417,*****SHOE UPPERS
176,AXA,Air Freight Priority,2418,"SHOES ANDSLIPPERS-FINISHED,SOLES,HEELS ANDUPPERS EXCL ANY OTHER"
176,AXA,Air Freight Priority,2420,"SHOES, SLIPPERS"
176,AXA,Air Freight Priority,2422,*****SHOES AND SLIPPERS
176,AXA,Air Freight Priority,2426,"SOLES  FOR SHOES, SLIPPERS "
176,AXA,Air Freight Priority,2451,*****WOOLLEN KNITTED SWEATERS AND DRESSES
176,AXA,Air Freight Priority,2452,"PULLOVERS, CARDIGANS"
176,AXA,Air Freight Priority,2455,WEARING APPAREL  KNITTED 
176,AXA,Air Freight Priority,2460,*****UNDERWEAR
176,AXA,Air Freight Priority,2461,"UNDERWEAR, SWIMWEAR, BODY SUPPORTING GARMENTS"
176,AXA,Air Freight Priority,2500,"DRAWNWORK, NEEDLEWORK, EMBROIDERIES, LACE"
176,AXA,Air Freight Priority,2503,"HANDBAGS, GLOVES"
176,AXA,Air Freight Priority,2600,TEXTILE ARTICLES  FNSHD/EXCL WEARING APPAREL 
176,AXA,Air Freight Priority,2627,GAS MANTLES
176,AXA,Air Freight Priority,2700,"HAIR, HAIR MANUFACTURES"
176,AXA,Air Freight Priority,2741,"TOUPEES,WIGS,SWITCHES,FALSE EYELASHES"
176,AXA,Air Freight Priority,2800,TEXTILE FURNISHINGS
176,AXA,Air Freight Priority,2810,"BEDSHEETS, PILLOW CASES AND TOWELS"
176,AXA,Air Freight Priority,2811,"BLANKETS,BEDSHEETS/SPREADS,PILLOW CASES,MOSQUITO NETS,TOWELS"
176,AXA,Air Freight Priority,2830,"UPHOLSTERY,CURTAINS,DRAPERS"
176,AXA,Air Freight Priority,2846,*****TOWELS
176,AXA,Air Freight Priority,2865,"CARPETS, RUGS"
176,AXA,Air Freight Priority,2870,FELT BASE FLOOR COVERING
176,AXA,Air Freight Priority,2920,CANVAS ARTICLES
176,AXA,Air Freight Priority,2949,"***** CLOTH BLANKETS,CLOTH SLEEPING BAGS"
176,AXA,Air Freight Priority,3001,METALLIZED PLASTIC/PAPER FOILS
176,AXA,Air Freight Priority,3002,"METAL INGOTS/GRAIN  SEMI-FINISHED  SHEET, FOIL, POWDER, SPO"
176,AXA,Air Freight Priority,3004,WIRE CLOTH
176,AXA,Air Freight Priority,3011,"PLATINOID MINERAL CONCENTRADES, MATTE"
176,AXA,Air Freight Priority,3013,"METAL DIE-CAST ALLOYS  EXCL GOLD, PLATINUM, PLATINUM ALLOYS "
176,AXA,Air Freight Priority,3015,"SILVER-BULLION,INGOTS,SPECIE,GRAIN,FOIL."
176,AXA,Air Freight Priority,3025,"METAL WARES  EXCL GOLD, PLATINUM, PLATINUM MTRLS "
176,AXA,Air Freight Priority,3027,"METAL WARES  EXCL SILVER, GOLD PLATINUM, PLATINUM MTRLS "
176,AXA,Air Freight Priority,3030,COPPER MANUFACTURS
176,AXA,Air Freight Priority,3032,"COPPER IN SLABS, SEMI-FINISHD PRODS,PLATES,SHEETS,WIRE,ROD,"
176,AXA,Air Freight Priority,3034,COPPER ORE
176,AXA,Air Freight Priority,3038,"COPPER WIRE, COPPER CABLE"
176,AXA,Air Freight Priority,3047,"SILVER TABLEWARE,SILVERCUTLERY,SILVER TROPHIES"
176,AXA,Air Freight Priority,3050,BRASS MANUFACTURS
176,AXA,Air Freight Priority,3051,"ALUMINIUM TUBINGS, PLASTIC TUBINGS"
176,AXA,Air Freight Priority,3052,"TUBE FITTNGS, THERMOPLASTIC TUBES, TUBING TOOLS, TUBE VALVES"
176,AXA,Air Freight Priority,3060,ALUMINIUM MANUFACTURES
176,AXA,Air Freight Priority,3075,"EXTRUSIONS,HONEYCOMB SHEETS,SHEETS,FOIL,PLATES,TUBES,RODS,"
176,AXA,Air Freight Priority,3094,"TUNGSTEN,TUNGSTN CARBIDE POWDER,TNGSTN CONCNTRATS,TANTALUM"
176,AXA,Air Freight Priority,3096,"SHEETS,TUBING,WIRE-MADE OF TUNGSTEN,TANTALU,MOLYBDENUM"
176,AXA,Air Freight Priority,3100,CUTLERY
176,AXA,Air Freight Priority,3101,"CUTLER, FORKS, SPOONS EXCLDG SILVERWARE"
176,AXA,Air Freight Priority,3126,RAZOR BLADES
176,AXA,Air Freight Priority,3127,"RAZORS, RAZOR BLADES         "
176,AXA,Air Freight Priority,3150,"TABLE FLATWARE, BRONZEWARE"
176,AXA,Air Freight Priority,3153,"ELECTROPLATED NICKEL SILVERWARE,TABLEWARE,TROPHIES,CUPS,MEDA"
176,AXA,Air Freight Priority,3161,PEWTER PRODUCTS
176,AXA,Air Freight Priority,3200,"TOOLS  INCLUDING RAZOR BLADES , CUTLERY"
176,AXA,Air Freight Priority,3206,"LAWN SPRINKLERS,PISTOL NOZZLE/CONNECTORS,BASES USD FOR SPRIN"
176,AXA,Air Freight Priority,3236,DRILL BITS
176,AXA,Air Freight Priority,3271,"RIVETING TOOLS, RIVETS"
176,AXA,Air Freight Priority,3300,HARDWARE
176,AXA,Air Freight Priority,3320,BUILDING FIXTURES AND FITTINGS
176,AXA,Air Freight Priority,3321,"BUILDING MTRLS, FIXTURS, FITTNGS, EXCLDG TOOLS"
176,AXA,Air Freight Priority,3323,SCAFFOLDING
176,AXA,Air Freight Priority,3341,BATHROOM SHOWER SETS
176,AXA,Air Freight Priority,3400,HOUSEHOLD/TABLE/KITCHEN /HOSPITAL UTENSILS
176,AXA,Air Freight Priority,3404,"TABLE/KITCHEN UTENSLS OF STNLESS STEEL EXCL MACHI,ELEC EQPT"
176,AXA,Air Freight Priority,3409,"KITCHEN/TABLE UTENSLS,VASES EXCL ELECTRIC EQUIPMENT"
176,AXA,Air Freight Priority,3411,METAL KITCHENWARE
176,AXA,Air Freight Priority,3500,"METAL FURNITURE, METAL FIXTURES"
176,AXA,Air Freight Priority,3501,"DOOR LOCKS, HANDLES"
176,AXA,Air Freight Priority,3503,"PUMPING FIXTURES, PIPE FIXTURES"
176,AXA,Air Freight Priority,3504,HARDWARE FOR FURNITURE
176,AXA,Air Freight Priority,3574,PARTS FOR REFRIGERATORS/COOKERS
176,AXA,Air Freight Priority,3890,COBALT
176,AXA,Air Freight Priority,3895,"ORE  EXCLUDING GOLD, SILVER, PLATINUM "
176,AXA,Air Freight Priority,3896,SILVER ORE
176,AXA,Air Freight Priority,3900,METAL PRODUCTS  MISCELLANEOUS 
176,AXA,Air Freight Priority,3909,WELDING SUPPLIES
176,AXA,Air Freight Priority,3963,"MOULDS, DIES"
176,AXA,Air Freight Priority,3969,LOCKS
176,AXA,Air Freight Priority,3973,"DRESSMAKES SUPPLIES  EXCL TEXTILES,CLOTHINGS "
176,AXA,Air Freight Priority,3976,STEEL STAPLES
176,AXA,Air Freight Priority,3991,"CABLES,MESH,RIVET,SHEETS,TUBNGS,WIRE EXCL GOLD,SILVER,PLATIN"
176,AXA,Air Freight Priority,3993,"TITANIUM ALLOYS, NICKEL ALLOYS"
176,AXA,Air Freight Priority,4000,"MOTORS,MACHNS,SURFC VEHCLS,ELE/MECH EQPT,TEXTLS,CHMCLS,COMPU"
176,AXA,Air Freight Priority,4010,"BUSI/OFC MACHI INCL TOOLS,SURFC VHCLS EXCL STEAM/MOTORSHIP M"
176,AXA,Air Freight Priority,4105,AIRCRAFT
176,AXA,Air Freight Priority,4107,HELICOPTER SPARES
176,AXA,Air Freight Priority,4108,AIRCRAFT PARTS  EXCL AIRCRAFT ENGINES 
176,AXA,Air Freight Priority,4109,"A/CRAFT ENGNS,PARTS EXCL TAIL ASSMBLS,STABLISRS,WINGS,FUSELA"
176,AXA,Air Freight Priority,4110,"AIRCRAFT ENGINES,AIRCRAFT PARTS EXCL.FUSELAGES, WINGS "
176,AXA,Air Freight Priority,4112,"A/CRAFT ENGNS/PARTS INCL ACCESSRS EXCL OVRHAUL/MAINT TOOLS,S"
176,AXA,Air Freight Priority,4119,AIRCRAFT PARTS
176,AXA,Air Freight Priority,4120,AIRCRAFT ENGINE PARTS
176,AXA,Air Freight Priority,4122,"COMPOSITE MATERIAL,PAINTS-FOR AIRCRAFT"
176,AXA,Air Freight Priority,4123,AIRCRAFT PARTS  INCLDG ACCESSORIES 
176,AXA,Air Freight Priority,4180,*****OUTBOARD MOTORS FOR BOATS
176,AXA,Air Freight Priority,4181,OUTBOARD MOTORS  INCL ACCESSORIES 
176,AXA,Air Freight Priority,4200,"SURFACE VEHICLES,PARTS,ACCESSORIES"
176,AXA,Air Freight Priority,4201,SURFAC VEHICLS EXCL STEAMSHIP/MOTORSHIP PARTS 
176,AXA,Air Freight Priority,4202,*****AUTOMOBILES AND AGRICULTURAL MACHINERY
176,AXA,Air Freight Priority,4203,VEHICLES AND ACCESSORIES EXCL STEAM/MOTOR/RAIL/ARGI.MACH.PARTS
176,AXA,Air Freight Priority,4204,"PARTS OF AUTOMOBILES,MOTORSCOOTERS/CYCLES ANDAGRI MACHINES"
176,AXA,Air Freight Priority,4205,SURFAC VEHICLS AND ACCESSORIES EXCL STEAM AND/OR MOTORSHIP PARTS
176,AXA,Air Freight Priority,4206,"SURFAC VEHICLS,SELF-PROPELLED AGRI MACH-INCL ACCESRS-EXCL ST"
176,AXA,Air Freight Priority,4209,"SURFACE VHCLS,SELF-PPLD AGRO MACH-INCL ACCSR-EXCL STEAM/MOTO"
176,AXA,Air Freight Priority,4211,PARTS OF AUTOMOBILE INCL ACCESSORIES /REPAIR EQUIPT
176,AXA,Air Freight Priority,4215,"CONSTRUCTION PARTS FOR CABLE CARS, PYLONS"
176,AXA,Air Freight Priority,4216,AUTOMOBILE TRANSMISSIONS
176,AXA,Air Freight Priority,4217,AUTOMOBILE GAUGES
176,AXA,Air Freight Priority,4220,"MOTOR-ASSISTED BI/TRI/MOTORCYCLES,MOTORSCOOTERS"
176,AXA,Air Freight Priority,4221,"MOTORCAR CUSHIONS, BACKRESTS"
176,AXA,Air Freight Priority,4232,"AUTOMOBL PARTS INCL ACCESRS MOTORSCOOTRS,MTR/BICYCLES,AGRI M"
176,AXA,Air Freight Priority,4234,INVENTORY MATERIALS FOR SHIPS
176,AXA,Air Freight Priority,4235,"MOTORSCOOTERS,MOTORCYCLES,CYCLES,PART OF SURFACE VEHICLES,IN"
176,AXA,Air Freight Priority,4242,AUTOMOBILE TEMPERATURE GAUGES
176,AXA,Air Freight Priority,4243,TACHOGRAPHS FOR SURFACE VEHICLES
176,AXA,Air Freight Priority,4246,BRAKE LININGS
176,AXA,Air Freight Priority,4248,FANBELTS
176,AXA,Air Freight Priority,4266,PARTS FOR SPORTING BOATS  INCL ACCESSORIES 
176,AXA,Air Freight Priority,4291,FILTERS FOR AGRICULTURAL MACHINES
176,AXA,Air Freight Priority,4300,OFFICE MACHINERY
176,AXA,Air Freight Priority,4301,"ELECTRNC DATA STORGE-PROCCSG MACHNS,DIGITALANDANALOG COMPUTRS"
176,AXA,Air Freight Priority,4302,"DATA PROCSSG EQPT,OFC MACHNRY,INCL ACCESSORIES,SUPPLIES"
176,AXA,Air Freight Priority,4303,"ELECTRNC DATA STORAGE PROCSG MACHINES,DIGITAL COMPUTRS,ANALO"
176,AXA,Air Freight Priority,4304,PHOTO-TYPESETTING MACHINES
176,AXA,Air Freight Priority,4305,PORTABLE ELECTRONIC CALCULATORS
176,AXA,Air Freight Priority,4306,COMPUTERS
176,AXA,Air Freight Priority,4307,DUPLICATING MACHINES
176,AXA,Air Freight Priority,4308,CALCULATING MACHINES
176,AXA,Air Freight Priority,4309,"ADDING/CALCULATNG MACHNS,CASH REGSTR,DUPLCTG DOCMTS,TYPEWRTR"
176,AXA,Air Freight Priority,4310,"ADDING MACHINES, COMPUTING MACHINES"
176,AXA,Air Freight Priority,4311,"ADDING/COMPUTING/TYPEWRTG MACHNS,DOCUMT/LTR DUPLCTG MACHNS"
176,AXA,Air Freight Priority,4312,"ADDG/CALCULATG MACHNS,CASH RGSTERS,MACHNSFOR DUPLCTNG DOCS"
176,AXA,Air Freight Priority,4313,"COMPUTER PUNCH CARDS, COMPUTER DATA SHEETS"
176,AXA,Air Freight Priority,4314,"ELCTRNC CMPONNTS FABRICATD FR ELEC COMPTRS,AUXILIARY MACHNS "
176,AXA,Air Freight Priority,4315,MAGNETIC TAPES FOR DATA STORAGE
176,AXA,Air Freight Priority,4316,"BUSINESS AND OFFICE MACHINERY, PARTS, ACCESSORIES"
176,AXA,Air Freight Priority,4317,"PUNCH CARS,TAPE,DATA SHEETS/DISCS FR ELCTRNC DATA STORAGE-PR"
176,AXA,Air Freight Priority,4318,"ADDG/CALCULATG MACHNS,CASH REGSTERS,MACHN FR DUPL DOCS TAPE,"
176,AXA,Air Freight Priority,4319,"ELEC DATA PROCSSG MACHNS,DIGTL/ANALOGUE COMPTRS-INDIVIDL UNI"
176,AXA,Air Freight Priority,4321,TYPEWRITERS
176,AXA,Air Freight Priority,4322,"PHOTOCOPYING MACHINS  INCL ACCESSORIES, SUPPLIES "
176,AXA,Air Freight Priority,4323,ELECTRONIC PRODUCTS  INCL COMPONENTS 
176,AXA,Air Freight Priority,4324,PRINTER FOR PERSONAL COMPUTER
176,AXA,Air Freight Priority,4325,CASH REGISTERS
176,AXA,Air Freight Priority,4326,"DIGTL/ANALOG COMPUTRS INCL PUNCH CARDS,DISC PACKS,TAPES-ELEC"
176,AXA,Air Freight Priority,4327,OFFICE MACHINES INCLUDING SUPPLIES 
176,AXA,Air Freight Priority,4329,ELECTRONIC PRODUCTS
176,AXA,Air Freight Priority,4330,WIRE PROCESSORS
176,AXA,Air Freight Priority,4336,"RECORDING MACHINES  USING TAPE, WIRE, DISC "
176,AXA,Air Freight Priority,4350,"INTEGRATED CIRCUITS,RELAYS,CONDENSOR,CAPACITORS,TRANSISTORS,"
176,AXA,Air Freight Priority,4375,PARI-MUTUAL TOTALIZATORS  INCL TICKET ROLLS 
176,AXA,Air Freight Priority,4382,TYPEWRITER RIBBONS
176,AXA,Air Freight Priority,4397,"ELECTRIC APPLIANCES, GAS APPLIANCES"
176,AXA,Air Freight Priority,4400,ELECTRIC EQUIPMENT  EXCLUDING MACHINERY 
176,AXA,Air Freight Priority,4401,ELECTRIC EQUIPMENT
176,AXA,Air Freight Priority,4402,ELECTRIC EQPT./APPL. EXCL. BUSINESS/OFFICE MACHINERY
176,AXA,Air Freight Priority,4403,"ELEC CONTROL PANELS FOR RADAR STATION,POWERPLANT,HEATG/COOLG"
176,AXA,Air Freight Priority,4404,ELECTRICAL APPLIANCES
176,AXA,Air Freight Priority,4405,BATTERIES
176,AXA,Air Freight Priority,4407,PHONOGRAPH PICK-UPS
176,AXA,Air Freight Priority,4408,CABLES FOR ELECTRCITY POWER PLANTS/TELEGRAPH/TEL INSTALLNS 
176,AXA,Air Freight Priority,4409,ELECTRODES
176,AXA,Air Freight Priority,4410,"COMMUNICATION DEVICES, SIGNAL DEVICES"
176,AXA,Air Freight Priority,4411,"RADIOS,TELEVISIONS,RECORD PLAYERS,TAPE RECORDERS"
176,AXA,Air Freight Priority,4412,"ELEC EQPT, ELEC APPLIANCES EXCL COMPUTERS,OFFICE MACHINERY"
176,AXA,Air Freight Priority,4413,"RAIODS,TVS,RCRD PLAYRS,TAPE RCRDERS,LOUDSPKRS,AMPLIFIERS"
176,AXA,Air Freight Priority,4414,"LOUD SPKRS,TAPE RECORDRS,RCRD PLAYERS,RADIOS,AMPLIFIERS"
176,AXA,Air Freight Priority,4415,"RAIODS, TAPE RECORDS, RECORD PLAYERS, AERIALS"
176,AXA,Air Freight Priority,4416,"ELECTRICAL AND ELECTRONIC APPLIANCES-AUTO.RADIOS,DICTATION MAC"
176,AXA,Air Freight Priority,4417,"RADIOS,TV,RADIO-TV SETS,RADIO-PHONOGRAPH SETS,ELEC HSHLD APP "
176,AXA,Air Freight Priority,4418,TAPE RECORDERS
176,AXA,Air Freight Priority,4419,TEL/RADIO-TEL EQPT - INCL TESTING EQPT
176,AXA,Air Freight Priority,4420,"RADIOS, TV, RADIO-TV SETS, PHONOGRAPH SETS"
176,AXA,Air Freight Priority,4421,"RECORD PLAYERS, TAPE RECORDERS"
176,AXA,Air Freight Priority,4422,PARTS/COMPONNTS FOR THR MFR OF TELECOMMUNICATION EQPT
176,AXA,Air Freight Priority,4423,CONDENSERS
176,AXA,Air Freight Priority,4425,LOUDSPEAKERS
176,AXA,Air Freight Priority,4426,"AUTOMBL RADIOS,DICTATN MACHNS,HEARING AIDS,RECORDS,RCRDG TAP"
176,AXA,Air Freight Priority,4427,"ELEC TUBES,TRANSISTORS,SOLID STATE SEMI-CONDUCTOR DEVICES,RA"
176,AXA,Air Freight Priority,4428,RELAYS
176,AXA,Air Freight Priority,4429,"AMPLIFIERS,SPEAKERS,RHYTHM BOXES,RADIOS"
176,AXA,Air Freight Priority,4430,"ELECTRIC CONDENSERS,RESISTORS,RHEOSTATS"
176,AXA,Air Freight Priority,4431,"RESISTORS,RHEOSTATS,ELECTRIC SWITCHES"
176,AXA,Air Freight Priority,4433,"TUBES, VALVES - FOR RADIOS, TELEVISIONS"
176,AXA,Air Freight Priority,4434,SWITCHES
176,AXA,Air Freight Priority,4435,"ELEC TUBES,TRANSISTORS,SOLID STATE SEMI-CONDUCTOR DEVICES"
176,AXA,Air Freight Priority,4436,"TRANSISTORS, ELECTRIC CONDENSERS"
176,AXA,Air Freight Priority,4437,"ELECTRIC INSULATORS, ELECTRIC FITTINGS"
176,AXA,Air Freight Priority,4438,SEMI-CONDUCTOR DEVICES
176,AXA,Air Freight Priority,4439,"RESISTORS,TRANSISTORS,CAPACITORS,REGULATORS,TUNERS"
176,AXA,Air Freight Priority,4440,"RADIOS,ELECTRONIC TUBES,TRANSISTORS,SOLID-STATE SEMI-CONDUCT"
176,AXA,Air Freight Priority,4441,"TV TUNER PARTS, N.E.S."
176,AXA,Air Freight Priority,4442,TELEVISIONS
176,AXA,Air Freight Priority,4443,"AUTOMBL-RADIOS, DICTATN MACHNS,HEARG AIDS,RECORDS,RCRDG TAPE"
176,AXA,Air Freight Priority,4444,TRANSISTOR RADIOS
176,AXA,Air Freight Priority,4445,TELEGRAPH/TELEPHONE/TELETYPE APPARATUS
176,AXA,Air Freight Priority,4446,"INTEGRATD CIRCUITS,CONDENSORS,RELAYS,RESISTORS,TRANSISTORS"
176,AXA,Air Freight Priority,4447,ELECTRON GUN WHICH IS COMPONENT OF TV RCVG TUBE MOUNT
176,AXA,Air Freight Priority,4448,WALKIE-TALKIES  INCLUDING BATTERIES 
176,AXA,Air Freight Priority,4449,SMOKE DETECTORS
176,AXA,Air Freight Priority,4450,HOUSEHOLD APPLIANCES/UTENSILS - ELECTRIC -
176,AXA,Air Freight Priority,4451,"AUDIO/VIDEO APPARATUS,COMPUTERS-FOR DOMESTIC USE ONLY"
176,AXA,Air Freight Priority,4452,ELECTRO EROSION MACHINERY
176,AXA,Air Freight Priority,4453,ELECTRIC HEATING ELEMENTS
176,AXA,Air Freight Priority,4454,ELECTRIC PUMPS FOR WASHING MACHINES
176,AXA,Air Freight Priority,4455,"IMPLMENTS FR MEASURING,CHKG,ANALYSG,AUTO CONTRLLG,CONDENSORS"
176,AXA,Air Freight Priority,4457,"AUTOMBL RADIOS,SPEED CONTROL AMPLIFIERS,GRAPHIC EQLIZERS,PRE"
176,AXA,Air Freight Priority,4458,"PARTS FOR RADIOS,RECORD PLAYERS,TELEVISIONS"
176,AXA,Air Freight Priority,4459,ELECTRONIC PARTS
176,AXA,Air Freight Priority,4461,"ELECTRIC RAZORS, MECHANICAL RAZORS"
176,AXA,Air Freight Priority,4465,"FRIDGE,FREEZERS,CLOTHES DRIERS,WASHING MACHINES,STOVES"
176,AXA,Air Freight Priority,4466,PARTS FOR ELECTRIC REFRIGERATORS
176,AXA,Air Freight Priority,4467,"THERMOSTATS,SELECTOR SWITCHES,SWITCH DOORS"
176,AXA,Air Freight Priority,4470,"LAMPS,BULBS,TUBES-INCANDESCENT,FLUORESCENT"
176,AXA,Air Freight Priority,4471,AIR COOLERS
176,AXA,Air Freight Priority,4472,STUDIO LIGHTING EQUIPMENT
176,AXA,Air Freight Priority,4473,"COOLING UNITS, REFRIGERATION UNITS - INDUSTRIAL"
176,AXA,Air Freight Priority,4474,"FANS, HEATERS - ELECTRIC"
176,AXA,Air Freight Priority,4475,"LIGHTING FIXTURES, LIGHTING FITTING"
176,AXA,Air Freight Priority,4476,"ELECTRIC LAMPS, LAMP SHADES, CHNDELIERS"
176,AXA,Air Freight Priority,4477,"WIRES,CABLES - ELECTRIC -"
176,AXA,Air Freight Priority,4478,"PLASTIC TUBING, PLASTIC GRANULES, ELECTRIC WRING"
176,AXA,Air Freight Priority,4483,AIR CONDITIONERS
176,AXA,Air Freight Priority,4490,"AUXLRY UNITX,CABLE-FORMS/CONN,FORMS,PACKS,RELAYS,SELECTORS,S"
176,AXA,Air Freight Priority,4492,"ELEC EQPT FR TELETYP,TELEGRAPH,TEL,RADIO-TEL,TV/RADIO BROADC"
176,AXA,Air Freight Priority,4493,"SWITCHES,RELAYS,FUSES,EXCESS-VOLTAGE CONDUCTORS,PLUGS,SOCKET"
176,AXA,Air Freight Priority,4495,X-RAY EQUIPMENT
176,AXA,Air Freight Priority,4498,RADAR EQUIPMENT
176,AXA,Air Freight Priority,4499,"ELE APPL./MACHINERY,MACHNRY TOOLS EXCL STEAM/MOTOR SHIP MACH"
176,AXA,Air Freight Priority,4500,ELECTRIC MACHINERY
176,AXA,Air Freight Priority,4502,DRILLING MACHINES  ELECTRIC 
176,AXA,Air Freight Priority,4504,SEMI-CONDUCTORS
176,AXA,Air Freight Priority,4505,PRINTED CIRCUITS
176,AXA,Air Freight Priority,4506,TELEVISION TUNERS
176,AXA,Air Freight Priority,4512,ELECTRIC LIGHT BULBS
176,AXA,Air Freight Priority,4515,"VALVES,ELEC/MECH MACHINRY FR NUCLEAR,HYDRO-CARBON POWER PLAN"
176,AXA,Air Freight Priority,4521,"COPPER WIRE, RELAYS CIRCUIT BOARDS, COILS"
176,AXA,Air Freight Priority,4560,"MOTORS, GENERATORS, TRANSFORMERS - ELECTRIC"
176,AXA,Air Freight Priority,4561,"POWER AMPLIFIERS, MOTORS - ELECTRIC -"
176,AXA,Air Freight Priority,4570,STARTER SWITCHES FOR FLOURESCENT LAMPS
176,AXA,Air Freight Priority,4581,ELECTRIC DOOR CONTROL DEVICES
176,AXA,Air Freight Priority,4583,"SWITCHGEARS,METERS,FUSES,TRANSFORMERS,RELAYS-ELECTRIC"
176,AXA,Air Freight Priority,4600,"ENGINES,TURBINES"
176,AXA,Air Freight Priority,4609,"INTERNAL COMBUSTION ENGINES,TURBINES"
176,AXA,Air Freight Priority,4616,"DIESEL ENGINES, PUMPSETS"
176,AXA,Air Freight Priority,4700,MACHINERY TOOLS EXCL.STEAMSHIP/MOTORSHIP SPARE PARTS
176,AXA,Air Freight Priority,4701,"MACHINERY, ELECTRIC APPARATUS, TOOLS"
176,AXA,Air Freight Priority,4702,"MACHINERY,TOOLS EXCL MACHNS FOR A/CRAFT ARRESTING,CATAPULTIN"
176,AXA,Air Freight Priority,4703,MACHINERY AND TOOLS .......
176,AXA,Air Freight Priority,4704,AGRICULTURAL EQUIPMENT
176,AXA,Air Freight Priority,4705,FOOD PROCESSING MACHINERY
176,AXA,Air Freight Priority,4706,MILKING MACHINES  INCLUDING ACCESSORIES 
176,AXA,Air Freight Priority,4707,DAIRY MACHINERY
176,AXA,Air Freight Priority,4708,"MACHINES  FOR MFG BOTTLES, WASHING BOTTLES "
176,AXA,Air Freight Priority,4711,MACHINE PARTS
176,AXA,Air Freight Priority,4716,LAwNMOWERS
176,AXA,Air Freight Priority,4718,MOULDING DEVICES
176,AXA,Air Freight Priority,4719,MOULDING MACHINERY
176,AXA,Air Freight Priority,4720,"MACHINERY  FOR CONSTRUCTING, EXCAVATING, CONVEYING "
176,AXA,Air Freight Priority,4727,INSULATION MACINERY  INCLUDING SUPPLIES 
176,AXA,Air Freight Priority,4728,"MACHINERY  EXCLUDING TOOLS, COMPUTERS "
176,AXA,Air Freight Priority,4732,PUMPS
176,AXA,Air Freight Priority,4734,STEEL CIRCLIPS
176,AXA,Air Freight Priority,4735,EXTRUSION DIES FOR WORKING ALUMINIUM
176,AXA,Air Freight Priority,4741,"PARTS FR ROAD CONSTRUCTION MACHINERY,PARTS FOR GENERATORS"
176,AXA,Air Freight Priority,4742,"MACHINERY FOR OIL DRILLING,OIL FIELD SERVICING,DREDGING "
176,AXA,Air Freight Priority,4745,"MINING MACHINERY,WELL MACHINERY,PUMPING MACHINERY"
176,AXA,Air Freight Priority,4747,"MACHINERY FR CONSTRUCTG,EARTH MOVG,CONVEYG,EXCAVATG,MINING "
176,AXA,Air Freight Priority,4748,DRILLING EQUIPMENT
176,AXA,Air Freight Priority,4749,EARTH DRILLING EQUIPMENT
176,AXA,Air Freight Priority,4750,MINING EQUIPMENT
176,AXA,Air Freight Priority,4753,"PIPES,PIPE FITTINGS,SPRINKLER SYSTEMS"
176,AXA,Air Freight Priority,4754,"FILTERS, PUMPS"
176,AXA,Air Freight Priority,4755,PARTS FOR DYE FILTERS
176,AXA,Air Freight Priority,4757,PLASTIC INJECTION MOULDING MACHINERY
176,AXA,Air Freight Priority,4758,"PACKING MACHINERY, WRAPPING MACHINERY"
176,AXA,Air Freight Priority,4759,"MACHINES  FR CUP/POUCH FILLING,INJECTION MOULDING,PRINTING "
176,AXA,Air Freight Priority,4761,ACTIVATING ANODES FOR PAPER-MAKING MACHINERY
176,AXA,Air Freight Priority,4769,MACHINERY  FOR SUGAR REFINING 
176,AXA,Air Freight Priority,4780,TEXTILE/SEWING/SHOE MACHINERY
176,AXA,Air Freight Priority,4784,MACHINERY  FOR PAINT MIXING 
176,AXA,Air Freight Priority,4787,KNITTING MACHINES
176,AXA,Air Freight Priority,4789,"SEWING MACHINES  INCL ACCESSORIES, SUPPLIES "
176,AXA,Air Freight Priority,4800,TOOLS
176,AXA,Air Freight Priority,4803,TAPS AND DIES
176,AXA,Air Freight Priority,4811,MACHINE TOOLS
176,AXA,Air Freight Priority,4813,"ABRASIVE TOOLS, CUTTING TOOLS"
176,AXA,Air Freight Priority,4816,"TWIST/MASONRY DRILLS,MILLING CUTTERS,REAMERS,TOOL BITS,HACKS"
176,AXA,Air Freight Priority,4818,"CUTTING TOOLS, DRILLS"
176,AXA,Air Freight Priority,4819,"UNIVERSAL FILLING GUIDES,GREASE GUNS,WOOD FILES,FIXEDSAWS HA"
176,AXA,Air Freight Priority,4826,ELECTRIC HAND TOOLS
176,AXA,Air Freight Priority,4901,"PIPES, PIPE FITTINGS, PIPE FLANGES, HOSES"
176,AXA,Air Freight Priority,4902,"PIPES, PIPE FITTINGS"
176,AXA,Air Freight Priority,4903,CHAIN LOCKS
176,AXA,Air Freight Priority,4911,"BALL BEARINGS, ROLLER BEARINGS"
176,AXA,Air Freight Priority,4954,"PNEUMATIC EQUIPMENT, HYDRAULIC EQUIPMENT, TOOLS"
176,AXA,Air Freight Priority,4955,AUTOMATIC DOOR CLOSERS
176,AXA,Air Freight Priority,4969,"PISTONS, PISTON RINGS"
176,AXA,Air Freight Priority,4999,"A/CRAFT PARTS,OFC MACHNRY,ELEC APPL.,MACHNRY,TOOLS,SURFAC VE"
176,AXA,Air Freight Priority,5050,"ABRASIVES,ABRASIVE PRODUCTS,GRINDING WHEELS"
176,AXA,Air Freight Priority,5100,ASBESTOS PRODUCTS
176,AXA,Air Freight Priority,5160,GRAPHITE
176,AXA,Air Freight Priority,5200,CLAY PRODUCTS
176,AXA,Air Freight Priority,5210,POTTERY
176,AXA,Air Freight Priority,5220,"CHINA, PORCELAIN"
176,AXA,Air Freight Priority,5235,"SANITARY ARTICLES  MADE OF POTTERY,PORCELAIN "
176,AXA,Air Freight Priority,5251,"COMMODES,SINKS,TILES-MADE OF POTTERY, PORCELAIN"
176,AXA,Air Freight Priority,5292,CERAMICS
176,AXA,Air Freight Priority,5293,TELEPHONE MARBLE BASES
176,AXA,Air Freight Priority,5295,"POTTERY, CERAMICS"
176,AXA,Air Freight Priority,5296,"CERAMICS,POTTERY,CHINA/EARTHEN/STONE/CRYSTALWARE,PORCELAIN C"
176,AXA,Air Freight Priority,5297,"POTTERY,CHINA/EARTHEN/CRYSTALWARE,PORCELAIN WHOLLY IRISH MFR"
176,AXA,Air Freight Priority,5299,"POTTERY,CHINA/EARTHEN/STONE/CRYSTAL/GLASSWARE EXCL ARTIFCL S"
176,AXA,Air Freight Priority,5300,"GLASS, GLASS PRODUCTS"
176,AXA,Air Freight Priority,5321,GLASS BOTTLES  EXCLUDING CRYSTALWARE 
176,AXA,Air Freight Priority,5351,"GLASSWARE  INCL GLASS LAMPSHADES, ASSOCIATD ELEC FXTRS/FTNGS"
176,AXA,Air Freight Priority,5400,MARBLE
176,AXA,Air Freight Priority,5406,FIREPLACES  MARBLE 
176,AXA,Air Freight Priority,5500,"MICA, MICA PRODUCTS"
176,AXA,Air Freight Priority,5501,MICA-CAPACITORS/CONDENSER FILMS/BLOCKS MUSCTOVITEANDFABRICATED
176,AXA,Air Freight Priority,5620,OILS  REFINED 
176,AXA,Air Freight Priority,5700,QUARTZ
176,AXA,Air Freight Priority,5708,"QUARTZ, SILICA PRODUCTS"
176,AXA,Air Freight Priority,5710,"AMETHYST,MALCHITE,MICA,SILICA,QUARTZ,SEMI-PRECIOUS STONS-RAW"
176,AXA,Air Freight Priority,5750,QUARTZ MANUFACTURES
176,AXA,Air Freight Priority,5819,STONES FOR BUILDING CONSTRUCTION
176,AXA,Air Freight Priority,5821,HANDICRAFT ENTIRELY OF ONYX
176,AXA,Air Freight Priority,5851,SEMI-PRECIOUS STONES
176,AXA,Air Freight Priority,5858,"ARTIFICIAL/GLASS STONES, GLASS/PLASTIC PEARS,UNSET,UNMOUNTED"
176,AXA,Air Freight Priority,5900,GRANITE SLABS
176,AXA,Air Freight Priority,5901,GEOLOGICAL SAMPLES  EXCLUDING ORE 
176,AXA,Air Freight Priority,5902,MINERAL SPECIMEN
176,AXA,Air Freight Priority,6002,CHEM/DYES/FERT/INSECTICIDES/PAINTS/DRUGS/COSMETICS/PLASTICS
176,AXA,Air Freight Priority,6003,"CHMCLS,DRUGS PARMA,MEDICINE EXCL COSMETICS,TOILET PREPS/ARTI"
176,AXA,Air Freight Priority,6004,DYES/FERT/INSECTICIDES/PAINTS/PIGMTS/COSMETICS/PLASTICS/OILS
176,AXA,Air Freight Priority,6005,DYES/CHEM/FERT/INSECTICIDES/PAINTS/OILS/PLASTICS
176,AXA,Air Freight Priority,6006,"FOLL.PRODS.INCL.BRAND NMS,PRODS.OF ICI/SUBS/ASSO.CO.:ATROMID"
176,AXA,Air Freight Priority,6007,SURGICAL GAUZES/BANDAGES/COTTON WOOL/SANITARY TOWELS
176,AXA,Air Freight Priority,6008,CHEM/DRUGS/PHARMA/MEDICINES/SURGICAL GAUZE/BANDAGES/PAINTS/V
176,AXA,Air Freight Priority,6009,CHEM/CHEM PDTS/DRUGS/COSMETCS/PHARMA/ESSENTL  OILS/PLASTIC
176,AXA,Air Freight Priority,6012,RADIOACTIVE MTRLS  FOR MEDICAL/LABORATORY USE 
176,AXA,Air Freight Priority,6030,POLYPROPYLENE FILM METALISED /GRANULES
176,AXA,Air Freight Priority,6050,"ESSENTAIL OILS,PERFUMES,TOILET PREPARATION,SOAP,TOILET WATER"
176,AXA,Air Freight Priority,6110,"PLASTIC SURGICAL EQUIPMENT, HUMAN PLASMA"
176,AXA,Air Freight Priority,6200,CHEMICALS
176,AXA,Air Freight Priority,6201,INSECT REPELLANT
176,AXA,Air Freight Priority,6202,MOSQUITO COILS
176,AXA,Air Freight Priority,6206,DYESTUFFS
176,AXA,Air Freight Priority,6208,XANTHOPHYLL CONCENTRATE
176,AXA,Air Freight Priority,6209,PARRIKA OLERESIN
176,AXA,Air Freight Priority,6211,DATURA EXTRACT
176,AXA,Air Freight Priority,6212,DRY COCHINEALS
176,AXA,Air Freight Priority,6223,DRY ICE
176,AXA,Air Freight Priority,6224,"INDL CHEMICALS, TESTING EQPT  MADE OF GLASS "
176,AXA,Air Freight Priority,6226,PRINTING INK
176,AXA,Air Freight Priority,6227,PYRETHRUM EXTRACT
176,AXA,Air Freight Priority,6234,ETHABUTOL POWDER
176,AXA,Air Freight Priority,6240,INSECTICIDE
176,AXA,Air Freight Priority,6251,VETERINARY MEDICINAL DIETARY ADDITIVE
176,AXA,Air Freight Priority,6270,QUINNE SULPHATE
176,AXA,Air Freight Priority,6271,QUININE  ALKALOID 
176,AXA,Air Freight Priority,6280,TETRACYCLINE CRUDE BASE
176,AXA,Air Freight Priority,6425,GINSENG ROOT
176,AXA,Air Freight Priority,6435,OPIUM
176,AXA,Air Freight Priority,6437,OPIUM  ALKALOID 
176,AXA,Air Freight Priority,6495,"DRUGS,MEDICINE,PHARMA.,INSECTICIDE,AIR FRESHNER AEROSOL CAN "
176,AXA,Air Freight Priority,6502,VETERINARY PHARMACEUTICALS
176,AXA,Air Freight Priority,6504,"MFG MTRLS FOR MEDICINES, PHARMACEUTICALS"
176,AXA,Air Freight Priority,6505,EMPTY GELATINE CAPSULES FOR MEDICINES
176,AXA,Air Freight Priority,6511,"BISMUTH, CADMIUM"
176,AXA,Air Freight Priority,6600,"COSMETICS,SOAPS,TOILET PREPARATIONS"
176,AXA,Air Freight Priority,6601,"COSMETICS,TOILET PREPARATIONS/ARTICLES, PERFUMES"
176,AXA,Air Freight Priority,6603,COSMETICS/TOILET ARTICLES/PERFUMES-CLASSIFIED AS DANGEROUS
176,AXA,Air Freight Priority,6605,TOILET ARTICLES/TOILET WATER/PERFUMES/COSMETICS-ALONE OR TOG
176,AXA,Air Freight Priority,6630,PERFUMES
176,AXA,Air Freight Priority,6631,"PERFUME, TOILET WATER"
176,AXA,Air Freight Priority,6665,"CHEMICALS, PAINTS, PHARMACEUTICALS"
176,AXA,Air Freight Priority,6676,TOOTHPASTE
176,AXA,Air Freight Priority,6682,AGARBATHIS
176,AXA,Air Freight Priority,6750,PAINTS/PIGMENTS/VARNISHES
176,AXA,Air Freight Priority,6751,"PRINTING INK/LACQUERS, RUBBER STAMPS, INK PAD"
176,AXA,Air Freight Priority,6801,"FIBREGLASS, FIBREGLASS REINFORCING MATERIAL"
176,AXA,Air Freight Priority,6805,"ARTIFICIAL GUMS/RESINS, PLASTIC MANUFS. IN SHEETS, SLABS,ROD"
176,AXA,Air Freight Priority,6806,NATURAL RESINS
176,AXA,Air Freight Priority,6807,"PLASTIC FOILS, PLASTIC SHEETS"
176,AXA,Air Freight Priority,6810,PLASTIC ARTICLES
176,AXA,Air Freight Priority,6812,INSULATING TUBINGS
176,AXA,Air Freight Priority,6817,PLASTIC DOILIES
176,AXA,Air Freight Priority,6820,***** PLASTIC BLOOD BAGS
176,AXA,Air Freight Priority,6824,"PLASTIC KITCHEN/TABLE/DECORATIVE WARE, TOYS"
176,AXA,Air Freight Priority,6827,PLASTIC ARTICLES (FOR HOUSEHOLD USE) 
176,AXA,Air Freight Priority,6831,PLASTIC PACKAGING MATERIAL
176,AXA,Air Freight Priority,6847,"CELLOPHANE, POLETHYLENE BAGS, ROLLS  FOR WRAPPING "
176,AXA,Air Freight Priority,6855,PLASTIC CONTAINERS
176,AXA,Air Freight Priority,6857,PLASTIC ARTICLES  USED IN ANIMAL HUSBANDRY 
176,AXA,Air Freight Priority,6858,"MACHINE PARTS,AUTOMOBILE WEATHER SHIELDS-MADE OF PLASTIC"
176,AXA,Air Freight Priority,6859,"TOYS EXCL TOY TRAINS UMBRELLAS,ATHLETIC EQPT-MADE PRIMARILY"
176,AXA,Air Freight Priority,6900,"DETERGENTS,SOAPS,SOAP FLAKES/POWDER OTHER CLEANING MTRLS"
176,AXA,Air Freight Priority,6901,"POLISHES,PASTE,POWDERS,PREPARATIONS-ISED FOR POLISHING,PRESE"
176,AXA,Air Freight Priority,6902,"CLEANSING, POLISHING PRODUCTS"
176,AXA,Air Freight Priority,6910,ANTI-CORROSION/SEALING PRODS FOR PROTCTN OF METALC STRUCTURE
176,AXA,Air Freight Priority,7000,"PAPER, PAPER PRODUCTS"
176,AXA,Air Freight Priority,7001,"PAPER  SHEETS,ROLLS/EXCL PRNTD MATTER, PHOTOGRAPHIC PAPER "
176,AXA,Air Freight Priority,7003,"PAPER,CARDBOARD-IN SHEETS,ROLLS/EXCL PRNTD MATTER,PHOTO PAPE"
176,AXA,Air Freight Priority,7011,"PRINTED MATTER, PAPER-INCL PHOTOGRAPHIC,SENSITIZED PAPER-EXC"
176,AXA,Air Freight Priority,7021,PAPER PACKAGING MATERIAL
176,AXA,Air Freight Priority,7022,"CARBON PAPER,HOT STAMPING PAPER"
176,AXA,Air Freight Priority,7025,"CIGARETTE PAPERS, FILTERS, TIPS, PACKAGING MATERIAL"
176,AXA,Air Freight Priority,7026,SECURITY PAPER
176,AXA,Air Freight Priority,7031,"SUFACE COATED PAPER  IN ROLLS, SHEETS "
176,AXA,Air Freight Priority,7032,CABLE INSULATION PAPER TAPE
176,AXA,Air Freight Priority,7039,"ADHESIVE TAPE, ADHESIVE TAPE DISPENSERS"
176,AXA,Air Freight Priority,7046,PHOTOGRAPHIC SENSITIZED PAPER
176,AXA,Air Freight Priority,7047,TRANSFERS  DECALCOMANIA 
176,AXA,Air Freight Priority,7049,****UNPRINTED BANK NOTE PAPER
176,AXA,Air Freight Priority,7050,TISSUE PAPER
176,AXA,Air Freight Priority,7053,"PAPER,PLASTIC-IMPREGNATD WITH DYEG PIGMTS FOR IND TXTL PRNTG"
176,AXA,Air Freight Priority,7056,WALLPAPER
176,AXA,Air Freight Priority,7067,"CARDS/CHECKS/TKTS/TKTROLLS/LBLS OF PAPER,METAL,PLASTIC "
176,AXA,Air Freight Priority,7080,PAPER PATERNS
176,AXA,Air Freight Priority,7090,STATIONERY
176,AXA,Air Freight Priority,7100,PRINTER MATTER
176,AXA,Air Freight Priority,7101,"NWP.,MAGS,PERIODICALS,BOOKS,PRINTED MATTER EXCL.POSTAGE STAM"
176,AXA,Air Freight Priority,7102,"NEWSPPR/MAGAZINES/PERIODCLS EXCL STAMPS,SHARECPNS,PRESS PHOT"
176,AXA,Air Freight Priority,7103,"BOOKS/POSTCARDS/GREETGCARDS/PRNTD MTR OF PAMPHLETS,ANNUAL RP"
176,AXA,Air Freight Priority,7104,"NEWSPAPERS, MAGAZINES"
176,AXA,Air Freight Priority,7105,"BOOKS CATALOGUES, PAMPHLETS"
176,AXA,Air Freight Priority,7106,"MAGAZINES,PERIODCALS PUBLISHED ONCE WEEKLY OR LONGER INTERVALS - BOOKS EXCLUDING PHOTOS"
176,AXA,Air Freight Priority,7107,NEWSPAPERS  DAILY 
176,AXA,Air Freight Priority,7108,ADMINISTRATIVE REPORTS
176,AXA,Air Freight Priority,7109,NEWSPAPERS
176,AXA,Air Freight Priority,7110,"NEWSPAPERS,MAGAZINES,PERIODICALS     "
176,AXA,Air Freight Priority,7111,FOOTBALL POOL COUPONS
176,AXA,Air Freight Priority,7112,"NEWSPEPRS,MAGAZINES,PERIODICALS,BOOKS"
176,AXA,Air Freight Priority,7113,"MAGAZINES, PERIODICALS, NEWSPAPERS - PUBLISHED ONCE WEEKLY OR AT LONGER INTERVALS"
176,AXA,Air Freight Priority,7114,"BOOKS,PERIODICALS,MAGS,PRNTD MATTER INCL NEWSPPR,VALUBL CARG"
176,AXA,Air Freight Priority,7115,"BOOKS, MAGAZINES, CATALOGUES"
176,AXA,Air Freight Priority,7116,"BOOKS,POSTCARDS,GRRETGCARDS,CALENDERS  EXCL PERIODICALS"
176,AXA,Air Freight Priority,7117,"MAGS, PERIODICALS EXCLUDING NEWSPAPERS"
176,AXA,Air Freight Priority,7118,NEWP/MAG/PERS/BOOKS
176,AXA,Air Freight Priority,7119,BOOKS        
176,AXA,Air Freight Priority,7120,NEWSPAPERS AND MAGAZINES
176,AXA,Air Freight Priority,7121,"TECH DATA CONSTRCTN DRAWINGS/PLANS,BLUEPRINTS,ASSMBLY CHARTS"
176,AXA,Air Freight Priority,7122,PRINTED MATTER  EXCL NEWSPAPERS 
176,AXA,Air Freight Priority,7123,RELIGIOUS BOOKS
176,AXA,Air Freight Priority,7124,INSTRUCTION MANUALS/CATALOGUES EXCL MAGNETIC TAPES
176,AXA,Air Freight Priority,7125,"PPR,ENVELOPES,MENUCARDS,PRC LISTS,PRNTED STATIONERY OF HOTEL"
176,AXA,Air Freight Priority,7126,PRINTED MATTER........
176,AXA,Air Freight Priority,7127,PRINTED MATTER........
176,AXA,Air Freight Priority,7128,PRINTED MATTER........
176,AXA,Air Freight Priority,7129,"NEWSPAPER,MAGS,PERIODICALS,BOOKS PRNTD MATTER,PHOTOGRAPHS"
176,AXA,Air Freight Priority,7130,PRINTED MATTER ........
176,AXA,Air Freight Priority,7159,"TEXTBOOKS,INSTRUMTS,VISUAL TEACHG AIDS-FOR USE EDUCATNL INST"
176,AXA,Air Freight Priority,7160,"MAPS, CHARTS"
176,AXA,Air Freight Priority,7163,***** RECORD COVERS
176,AXA,Air Freight Priority,7164,"BLUEPRINTS,PHOTOGRAPHIC REPRODUCTIONS,SPECIFICS,DRAWINGS"
176,AXA,Air Freight Priority,7169,"***** GREETING CARDS, ENVELOPES"
176,AXA,Air Freight Priority,7177,PRINTED PROMOTIONAL MATERIAL
176,AXA,Air Freight Priority,7178,"LABELS ,CARBOARD CARTONS UNASSEMBLED ,OFC STATIONERY,PROMOTIO"
176,AXA,Air Freight Priority,7179,SELF-ADHESIVE LABELS
176,AXA,Air Freight Priority,7181,"LABELS,ADHESIVE TAPE,DISPENSER,CARDBOARD CARTON UNASSEMBLED "
176,AXA,Air Freight Priority,7182,PRINTED MATTER FOR PROMOTION OF TOURISM/EXCL MAGS 
176,AXA,Air Freight Priority,7183,"PRINTED MATTER  EXCL BOOKS,NEWSPAPERS,MAGS,PERIODICALS "
176,AXA,Air Freight Priority,7201,CARDBOARD PACKAGING MATERIAL
176,AXA,Air Freight Priority,7381,WILLOW ARTICLES  WOVEN 
176,AXA,Air Freight Priority,7382,BASKETWARE
176,AXA,Air Freight Priority,7400,"RUBBER, RUBBER PRODUCTS"
176,AXA,Air Freight Priority,7415,"ROLLS,SHEETS,SLABS,UNFINISHED FORMS-MADE OF RUBBER"
176,AXA,Air Freight Priority,7420,RUBBER GOODS
176,AXA,Air Freight Priority,7425,"RUBBER BELTS,RUBBER BELTING"
176,AXA,Air Freight Priority,7430,DRUGGISTS SUNDRIES OF RUBBER
176,AXA,Air Freight Priority,7431,RUBBER DOUCHE BAG SETS
176,AXA,Air Freight Priority,7437,RUBBER BOOTS
176,AXA,Air Freight Priority,7440,RUBBER GLOVES
176,AXA,Air Freight Priority,7448,RUBBER SEALS
176,AXA,Air Freight Priority,7481,"RUBBER TYRES, RUBBER TUBES"
176,AXA,Air Freight Priority,7483,SEALING RINGS  MADE OF ARTIFICIAL RUBBER 
176,AXA,Air Freight Priority,7500,"STRAW PRODUCTS, GRASS PRODUCTS"
176,AXA,Air Freight Priority,7600,"WOOD, WOOD PRODUCTS"
176,AXA,Air Freight Priority,7601,"PLYWOOD, VENEERWOOD"
176,AXA,Air Freight Priority,7603,HANDLES  MADE OF WOOD 
176,AXA,Air Freight Priority,7606,SANDALWOOD
176,AXA,Air Freight Priority,7608,WOOD PARQUET FLOORING
176,AXA,Air Freight Priority,7620,*****WOOD MANUFACTURES
176,AXA,Air Freight Priority,7625,"FURNITURE,FURNITURE COMPONENTS,ARTIFACTS,CURIOS-MADE OF WOOD"
176,AXA,Air Freight Priority,7627,WOODEN FURNITURE  EXCL OBJECTS OF ART 
176,AXA,Air Freight Priority,7628,FURNITURE  EXCL OBJECTS OF ART 
176,AXA,Air Freight Priority,7629,***** WOODEN FURNITURE  NOT ASSMBLED/EXCL OBJECTS OF ART 
176,AXA,Air Freight Priority,7630,"WOODEN CABINETS FOR RADIOS,TVS,PHONOGRAPHS,SEWING MACHINES "
176,AXA,Air Freight Priority,7685,HOUSEHOLD WOODENWARE
176,AXA,Air Freight Priority,7900,"PAPER/RUBBER MFRS EXCL NEWSPAPER,MAGS,BOOK,BRAILLE TYPE EQPT"
176,AXA,Air Freight Priority,8000,"****HOTEL SUPPLIES-BED SHEETS,SOAP,TOYS,GOLF CLUBS,BRONZEWAR"
176,AXA,Air Freight Priority,8001,SCIENTIFIC/PRECISION INSTRUMENTS EXCL WATCHES/CLOCKS
176,AXA,Air Freight Priority,8002,"SCIENTIFIC/PRECISION/DENTAL/SURGICAL INST.,WATCHES,CLOCKS"
176,AXA,Air Freight Priority,8003,INSTRMTS FR DENTISTRY/SURGERY/MEASURG/CALIBRATG/WATCHES/CLOC
176,AXA,Air Freight Priority,8004,"INSTRMTS FR DENTISTRY,SURGERY,MEASURG,CALIBRATG INCL SUPPLIE"
176,AXA,Air Freight Priority,8005,GEOPHYSICAL EQUIPMENT
176,AXA,Air Freight Priority,8006,"SCIENTIFIC/PRECISION INSTRUMTS/LAB EQPT INCL SUPP ,WATCHES,C"
176,AXA,Air Freight Priority,8009,ODONTOLOGICAL CHAIRS
176,AXA,Air Freight Priority,8100,DENTAL/SURGICAL/MEDICAL EQPT
176,AXA,Air Freight Priority,8103,SURGICAL BEDS
176,AXA,Air Freight Priority,8105,"DENTAL/SURGCL/MEDICL INSTRMTS INCL APPARATUS,SUPPLIES"
176,AXA,Air Freight Priority,8111,***** INFUSION SETS
176,AXA,Air Freight Priority,8112,INJECTION INSTRMTS
176,AXA,Air Freight Priority,8114,HYPODERMIC NEEDLES
176,AXA,Air Freight Priority,8118,DIALYSER S 
176,AXA,Air Freight Priority,8119,"DRAIN TUBES  FOR MEDICAL, SURGICAL PURPOSES "
176,AXA,Air Freight Priority,8167,PLASTIC/RUBBER ARTICLES - FOR HOSPITAL USE
176,AXA,Air Freight Priority,8173,SURGICAL NEEDLES
176,AXA,Air Freight Priority,8181,"ARTIFICIAL TEETH,RAW MTRL FOR ARTFCL TEETH, MFD FELDSPAR"
176,AXA,Air Freight Priority,8183,PROSTHESES
176,AXA,Air Freight Priority,8200,"MUSICAL INST,PHONOGRAPHS,PHONOGRAPH RECORDS,CASSETTE TAPES"
176,AXA,Air Freight Priority,8201,"MUSIC BOXES, RECORDING TAPE,PHONOGRAPH RECORDS INCL ACCESSOR"
176,AXA,Air Freight Priority,8203,"MEDICL INSTRMTS EXCL MUSICAL BOX,COMBINATNS WITH WATHCES,CLO"
176,AXA,Air Freight Priority,8206,"MUSICL INSTRMTS,MUSIC BOX,PHONOGRAPHS EXCL COMB WITH CLOCKS"
176,AXA,Air Freight Priority,8207,***** MUSICAL INSTRUMENTS
176,AXA,Air Freight Priority,8211,"MUSICL INSTRMTS,PHONOGRAPH RCRDS,TAPE RECORDGS,SHEET MUSIC"
176,AXA,Air Freight Priority,8225,MUSICAL INSTRUMENTS  STRINGED 
176,AXA,Air Freight Priority,8275,PHONOGRAPH RECORDS
176,AXA,Air Freight Priority,8277,"RECORDS, RECORDING TAPE, RECORDING WIRE"
176,AXA,Air Freight Priority,8280,"PHONOGRAPH RECORDS,RECORDING TAPE"
176,AXA,Air Freight Priority,8281,"RECORDING TAPES,CASSETTES,PHONOGRAPH RECORDS,FILMS"
176,AXA,Air Freight Priority,8282,PHONOGRAPH RECORDS
176,AXA,Air Freight Priority,8284,VIDEO CASSETTES
176,AXA,Air Freight Priority,8285,CASSETTE TAPES
176,AXA,Air Freight Priority,8301,"***OPTICAL INSTRUMTS,APPARATUS,GOODS AND SUPPLIES"
176,AXA,Air Freight Priority,8302,"*****OPTICL INSTRUMTS,APPARATUSANDSUPPLIES CONSGND TO CERRO TO"
176,AXA,Air Freight Priority,8303,CONTACT LENSES
176,AXA,Air Freight Priority,8340,"LENSES, PRISMS"
176,AXA,Air Freight Priority,8370,"LENSES FRAMES, SUNGLASSES"
176,AXA,Air Freight Priority,8371,SPECTACLE FRAMES
176,AXA,Air Freight Priority,8372,"SPECTACLES,SUNGLASSES - INCL ACCESSORIES"
176,AXA,Air Freight Priority,8380,"SUNGLASSES,GOGGLES"
176,AXA,Air Freight Priority,8382,"SUNGLASSES,GOGGLES-INCL SPECTACLE CASES WHEN SHPD WITH MAIN"
176,AXA,Air Freight Priority,8391,"OPTCL GOODS,PHOTO/PROJN EQPT-INCL SUPPLIES EXCL 35MM FILM"
176,AXA,Air Freight Priority,8392,"OPTICAL GOODS, PHOTOGRAPHIC/PROJECTION EQPT INCL SUPP.EXCL N"
176,AXA,Air Freight Priority,8393,"OPTICAL/PHOTOGRAPHIC/PROJECTION GDS,INCL.SUPPLIES,EXCL.FILMS"
176,AXA,Air Freight Priority,8395,"PROJN EQPT INCL SUPP/ACCS EXCL NEWSREEL,35MM FILM EXPOSED"
176,AXA,Air Freight Priority,8396,"SPECS,BINOCULARS,MICRO/TELESCOPES,DEVELOPG FLUIDS EXCL 35MM"
176,AXA,Air Freight Priority,8397,"****OPTICAL GOODS,PHOTO AND PROJ EQPT"
176,AXA,Air Freight Priority,8398,"OPTICAL GOODS,PHOTO/PROJ EQPT-INCL SUPP-DISPLAY ADVTG FOR MO"
176,AXA,Air Freight Priority,8400,"PHOTOGRP./PROJECTN. INSTRUMNT. INCL.APPARATUS,SUPPLIES,ACCES"
176,AXA,Air Freight Priority,8401,"OPTCL GOODS,PHOTO/PROJ INSTRMTS-INCL APPARATUS,SUPPLSANDACCS"
176,AXA,Air Freight Priority,8405,PHOTOGRAPHIC EQPT  INCL ACCESSORIES 
176,AXA,Air Freight Priority,8406,"**** CAMERA SUPPLIES, NAMELY: FLASH, BULBS"
176,AXA,Air Freight Priority,8410,CAMERAS  POCKET SIZED 
176,AXA,Air Freight Priority,8411,"CAMERAS  INCL SUPPLIES,ACCESSORIES "
176,AXA,Air Freight Priority,8420,FILMS
176,AXA,Air Freight Priority,8423,"FILMS  UNEXPOSED , SENSITIVE PAPER"
176,AXA,Air Freight Priority,8424,ENTERTAINMENT PARTS
176,AXA,Air Freight Priority,8425,MOTION PICTURE FILMS
176,AXA,Air Freight Priority,8426,MOTION PICTURE FILMS (INCL ADVTG MTRLS)      
176,AXA,Air Freight Priority,8427,***OVERHEAD TRACK TROLLEY CARRIER AND/OR PARTS FOR MTRL HNDLG
176,AXA,Air Freight Priority,8430,"PHOTO FILMS/PAPER-SENSITIZED,UNEXPSD/INCL PHOTO CHMCS,UNSENS"
176,AXA,Air Freight Priority,8431,MOTION PICTURE FILMS  EXCL NEWSFEEL FILMS 
176,AXA,Air Freight Priority,8434,"UNEXPOSED FILMS, UNRECORDED TAPES"
176,AXA,Air Freight Priority,8438,"DEVELOPED FILMS, PAPER PRINTS"
176,AXA,Air Freight Priority,8440,LENSES
176,AXA,Air Freight Priority,8452,**** PROJECTORS  ASSEMBLED 
176,AXA,Air Freight Priority,8500,"SAFETY EQPT, SAFETY APPARATUS"
176,AXA,Air Freight Priority,8549,"INSTRMTS FR DENTISTRY,SURGERY,MEASURING,CALIBRATING,TESTING,"
176,AXA,Air Freight Priority,8550,"SAFETY EQPT AND APPARATUS,GENERIC ITEM OF DENTAL/MEDI/OPTICAL"
176,AXA,Air Freight Priority,8551,"AUTOMATIC CONTROL FOR MEASURG/REGULATG FLOW TEMP,HUMIDITY,TI"
176,AXA,Air Freight Priority,8552,INSTRMTS FOR DENTISTRY/SURGERY/MEASURG/CALIBRATG/TESTG/DRAWI
176,AXA,Air Freight Priority,8553,ELECTRO MEDICAL APPARATUS/OPER.TABLES/DIATHERMIC MACHNS/DENT
176,AXA,Air Freight Priority,8554,TESTING EQPT  USD TO CHK FOR POISONOUS FUMES IN MINES 
176,AXA,Air Freight Priority,8557,PROCESS CONTROL EQUIPMENT
176,AXA,Air Freight Priority,8575,MEDICAL EQUIPMENT  INCLUDING SUPPLIES 
176,AXA,Air Freight Priority,8600,"SCIENTIFIC/LAB INSTRMTS INCL APPARATUS, SUPPLIES"
176,AXA,Air Freight Priority,8601,SCIENTIFIC/LAB INSTRMTS INCL APPARATUS
176,AXA,Air Freight Priority,8602,MANOMETERS  FOR MEASURING BLOOD PRESSURE 
176,AXA,Air Freight Priority,8603,ELECTRIC MEDICAL EQUIPMENT
176,AXA,Air Freight Priority,8605,MICROSCOPES AND ACCESSORIES
176,AXA,Air Freight Priority,8610,ANALYTICAL MEASURING INSTRMTS FOR MED/SCIENTIFIC PURPOSES 
176,AXA,Air Freight Priority,8800,"SURVEYING INSTRUMTS, ENGINEERING INSTRUMENTS"
176,AXA,Air Freight Priority,8820,DRAWING/DRAFTING INSTRUMENTS
176,AXA,Air Freight Priority,8909,"INSTRUMENTS FOR REGULATING, MEASURING, TESTING"
176,AXA,Air Freight Priority,8911,"WATCHES, CLOCKS"
176,AXA,Air Freight Priority,8912,WATCH PARTS
176,AXA,Air Freight Priority,8913,WRIST WATCHES  WITH BAND OR BRACELETS 
176,AXA,Air Freight Priority,8920,CLOCKS
176,AXA,Air Freight Priority,8925,WATCHES
176,AXA,Air Freight Priority,8926,WATCH BRACELETS EXCL ARTICLES WHICH CONTAIN ONE OR MORE OF T
176,AXA,Air Freight Priority,9001,"IMITATION JEWELRY,PERSONAL ORNAMENTS,ARTIFICIAL/GLASS STONES"
176,AXA,Air Freight Priority,9006,"IMITATION JEWELRY,NOVELTIES,ORNAMTS EXCL WATCHES,CLOCKS"
176,AXA,Air Freight Priority,9007,"***COSTUME,JEWELRY,SOUVENIRS,ORNAMTSANDWATCH EXCL WATCHES MOUN"
176,AXA,Air Freight Priority,9009,"*****IMITATION JEWELRY,FANCY NOVELTIES,PERSONAL ORNAMENTS-EX"
176,AXA,Air Freight Priority,9015,BONE AND/OR BEADS JEWELLERY
176,AXA,Air Freight Priority,9050,EMPTY CONTAINERS
176,AXA,Air Freight Priority,9051,EMPTY BEER KEGS
176,AXA,Air Freight Priority,9052,EMPTY AMMONIA CYLINDERS
176,AXA,Air Freight Priority,9056,TRANSPARENT CELLULOSIC WRAPPING MATERIAL
176,AXA,Air Freight Priority,9064,"EMPTY CASES FR CLOCKS,SCI/PRECISION INSTRMTS,MADE OF LEATHER"
176,AXA,Air Freight Priority,9072,"EMPTY BOXES OF CARDBOARD,NON-PRECIOUS METAL/FOR JEWELRY,WATC"
176,AXA,Air Freight Priority,9078,EMPTY METAL CANS
176,AXA,Air Freight Priority,9085,"*** EMPTY WATCH CASES, METAL"
176,AXA,Air Freight Priority,9090,HUMAN HAIR
176,AXA,Air Freight Priority,9091,"HUMAN REMAINS, UNCREMATED"
176,AXA,Air Freight Priority,9092,"HUMAN EYES,TISSUES,DEHYDRATED CORNEAS"
176,AXA,Air Freight Priority,9099,Human Remains - cremated
176,AXA,Air Freight Priority,9102,"GIFT PARCELS  CONTAINING FOOD, CLOTHING "
176,AXA,Air Freight Priority,9104,"GIFT PARCELS  CONT FOOD,CLOTHG,SHOES,MEDI,COSMETCS,TOILET AR"
176,AXA,Air Freight Priority,9105,"GIFT SHIPMENTS  CONTAINING FOOD,MEDICAL SUPPLIES "
176,AXA,Air Freight Priority,9106,"FOODSTUFFS,BEVERAGES FR CONSUM/HOUSEHOLD USE-NOT FOR RESALE "
176,AXA,Air Freight Priority,9200,"ATHLETIC EQUIPMENT,SPORTING GOODS"
176,AXA,Air Freight Priority,9202,"TOYS,GAMES,ATHLETIC GOODS,SPORTING GOODS"
176,AXA,Air Freight Priority,9203,"**** TOYS, GAMES"
176,AXA,Air Freight Priority,9204,WOODEN TOYS
176,AXA,Air Freight Priority,9205,"TOYS,GAMES,ATHLETIC GOODS,SPORTG GOODS EXCL WEARING APPAREL"
176,AXA,Air Freight Priority,9206,"TOYS,GAMES,ATHELTIC GOODS INCL SPORTG/HUNTG GUNS EXCL WATCHE"
176,AXA,Air Freight Priority,9207,TOYS GAMES-INCL PACKAGING MTRL WHEN HPD WITH MAIN ARTCL
176,AXA,Air Freight Priority,9208,"SADDLES, RIDING EQPT"
176,AXA,Air Freight Priority,9209,MANUFACTURING MATERIALS FOR PLUSH TOYS
176,AXA,Air Freight Priority,9211,FOOTBALLS
176,AXA,Air Freight Priority,9213,BASEBALLS
176,AXA,Air Freight Priority,9214,"MODEL ELECTRIC RAILWAYS, ELECTRIC TOYS"
176,AXA,Air Freight Priority,9215,SCALE MODELS  SHIPS 
176,AXA,Air Freight Priority,9229,"SKATEBOARD  INCL HELMETS, PROTECTIVE PADS "
176,AXA,Air Freight Priority,9231,CANOES
176,AXA,Air Freight Priority,9235,ROLLER SKATE WHEELS
176,AXA,Air Freight Priority,9241,FISHING EQUIPMENT  INCLUDING ACCESSORIES 
176,AXA,Air Freight Priority,9244,"****FISHING EQPT, NAMELY:LINES,HOOKS,LURES,REELS AND RODS"
176,AXA,Air Freight Priority,9247,GOLFBAGS
176,AXA,Air Freight Priority,9274,"SKIS,SKIPOLES,SKI BINDINGS"
176,AXA,Air Freight Priority,9300,"FIREARMS, AMMUNITION"
176,AXA,Air Freight Priority,9309,"SPORTING GUNS, HUNTING GUNS"
176,AXA,Air Freight Priority,9311,AMMUNITION FOR SPORTING GUNS
176,AXA,Air Freight Priority,9315,GUNS
176,AXA,Air Freight Priority,9400,OFFICE SUPPLIES  EXCLUDING MACHINERY 
176,AXA,Air Freight Priority,9470,"PENS,PENCILS"
176,AXA,Air Freight Priority,9471,"PENS, PENCILS  INCL STANDS, HOLDERS, CASES "
176,AXA,Air Freight Priority,9472,DISPLAY MATERIAL
176,AXA,Air Freight Priority,9473,"PENS, PENCILS  INCL DISPLAY MATERIAL "
176,AXA,Air Freight Priority,9500,"PAINTINGS, ETCHINGS,ENGRAVINGS"
176,AXA,Air Freight Priority,9503,"HANDICRAFT PRODS MADE OF TEXTLS,METAL,WOOD,CORK,STRAW,WICKER"
176,AXA,Air Freight Priority,9505,"SOUVENIRS INCL LEATHER GOODS,SILVERWARE,WOOD/COPPER MFRS,BON"
176,AXA,Air Freight Priority,9506,"CURIOS CARVED/WOODEN ,BONE ARTICLES,HORN ARTICLES"
176,AXA,Air Freight Priority,9508,SOUVENIRS LEATHER/WOOD/COPPER/IVORY/BONE/HORN GDS. 
176,AXA,Air Freight Priority,9509,"HANDICRAFTS MADE OF BRASS,COPPER,IRON,WOOD,CLAY,HANDLOOM TXT"
176,AXA,Air Freight Priority,9511,"CURIOS CARVED/WOODEN ,BONE/HORN ARTCLS EXCL IVORY ARTCLS"
176,AXA,Air Freight Priority,9512,"HANDICRAFTS MADE OF BRASS,COPPER,IRON,WOOD,STONE,BAMBOO,WICK"
176,AXA,Air Freight Priority,9513,"HANDICRAFT PDCTS TXTLS,METAL,WOOD,CORK,STRAW,WICKER,LEATHER,"
176,AXA,Air Freight Priority,9514,"DAMASCENED ARTICLES, REPRODUCTIONS OF OLD STEEL SWORDS"
176,AXA,Air Freight Priority,9515,"HANDICRAFTS MADE OF BRASS,COPPER,IRON,WOOD,BAMBOO,WICKER,PAP"
176,AXA,Air Freight Priority,9516,"HANDICRAFT PRODUCTS MADE OF TEXTILES,METAL,WOOD,STRAW,LEATHE"
176,AXA,Air Freight Priority,9517,"HANDICRAFT PRODS MADE OF METAL,WOOD,STRAW,LEATHER,EARTH,ONYX"
176,AXA,Air Freight Priority,9518,"***HANDICRAFT ARTICLES MADE OF WOOD,METAL,CORK,STRAW,BAMBOO,"
176,AXA,Air Freight Priority,9519,"HANDICRAFTS,HANDLOOM TEXTILES,SILVER,BRASS,COPPER,IRON,WOOD,"
176,AXA,Air Freight Priority,9520,"HANDICRAFTS MADE OF SISAL,FIBRE,BANANA FIBRE,BAMBOO,LEATHER,"
176,AXA,Air Freight Priority,9521,BUTTONS
176,AXA,Air Freight Priority,9522,"HANDICRAFT PRODS TXTLS,METAL,WOOD,CLAY EXCL WEARG AAPAREL"
176,AXA,Air Freight Priority,9524,"HANDICRAFTS METAL,WOOD,CORK,STRAW EXCL TXTL,LEATHER,DIAMONDS"
176,AXA,Air Freight Priority,9525,"HANDICRAFTS(MADE OF METAL,WOOD,CORK,STRAW,BAMBOO,WICKER,CLAY"
176,AXA,Air Freight Priority,9526,"BUTTONS, BUCKLES"
176,AXA,Air Freight Priority,9527,HANDICRAFTS
176,AXA,Air Freight Priority,9529,"FASTENERS,ZIPPERS,BUCKLES,HANDLES,HANDBAG FRAMES"
176,AXA,Air Freight Priority,9531,WATCH BANDS
176,AXA,Air Freight Priority,9532,CHRISTMAS TREE ORNAMENTS
176,AXA,Air Freight Priority,9533,"CAKE DECORATIONS  MADE OF SUGAR,PLASTIC "
176,AXA,Air Freight Priority,9540,BRUSHES
176,AXA,Air Freight Priority,9541,"PAINT BRUSHES, PAINT ROLLERS"
176,AXA,Air Freight Priority,9544,BRUSHWARE  INCLUDING ACCESSORIES 
176,AXA,Air Freight Priority,9550,CANDLES
176,AXA,Air Freight Priority,9552,HANDBAGS
176,AXA,Air Freight Priority,9553,"PURSES,HANDBAGS,WALLETS,BRIEFCASES,SCHOOL BAGS-OF LEATHER"
176,AXA,Air Freight Priority,9554,"HANDBAGS,PURSES,WALLETS-OTHER THAN LEATHER"
176,AXA,Air Freight Priority,9557,"HANDBAGS,PURSES,WALLETS INCL ACCESSORIES OTHER THAN LEATHER"
176,AXA,Air Freight Priority,9558,"SUITCASES,OVERNIGHT BAGS,BRIEFCASES,ATTACHE CASES,HANDBAGS,W"
176,AXA,Air Freight Priority,9559,"HANDBAGS, SHOES - INCLUDING DISPLAY MATERIAL"
176,AXA,Air Freight Priority,9560,"RELIGIOUS ARTICLES EXCL.PRINTED MATTER PICTURES,VESTMENTS"
176,AXA,Air Freight Priority,9569,"HANDBAGS, SHOES - INCLUDING DISPLAY MATERIAL"
176,AXA,Air Freight Priority,9576,"ADVTG ARTCLES, DISPLAY EQPT - NOT FOR SALE"
176,AXA,Air Freight Priority,9592,FIRE EXTINGUISHERS  EMPTY 
176,AXA,Air Freight Priority,9600,**** PIPES AND SMOKERS ARTICLES
176,AXA,Air Freight Priority,9601,"TOBACCO, CIGARS, CIGARETTES"
176,AXA,Air Freight Priority,9602,"TOBACCO,CIGARS,CIGARETTES,PIPES,HUMIDORS,CIGAR/CIGARETTE HOL"
176,AXA,Air Freight Priority,9613,INDIAN BEEDIES
176,AXA,Air Freight Priority,9615,PIPES  SMOKING 
176,AXA,Air Freight Priority,9623,ACCESSORIES
176,AXA,Air Freight Priority,9625,LIGHTERS
176,AXA,Air Freight Priority,9660,"FEEDERS,WATERERS,EGG TRAYS,EGG GRADERS,CHICKEN CRATES,PARTS"
176,AXA,Air Freight Priority,9661,"ANIMAL IDENTIFICATION EAR TAGS, MARKING DYES"
176,AXA,Air Freight Priority,9701,"FOODSTUFFS,SPICES,BEVERAGES"
176,AXA,Air Freight Priority,9703,"YARN,THREAD,FIBRES,TEXTILES,WEARING APPAREL,LEATHER MFR"
176,AXA,Air Freight Priority,9704,SURFACE VEHICLS INCL ACCES MACHNS EXCL STEAM/MOTORSHP MACHN
176,AXA,Air Freight Priority,9705,"DATA PROCESSG EQPT,OFC MACHNRY INCL ACCESSORIES,SUPPLIES"
176,AXA,Air Freight Priority,9706,"ELEC EQPT/APPL.,TAPES,CASSETTES,PHONOGRAPH RECORDS,WIRE"
176,AXA,Air Freight Priority,9707,"TOOLS INCLUDING RAZOR BLADES , CUTLERY"
176,AXA,Air Freight Priority,9708,"OPTICAL GOODS,PHOTO/PROJ INSTRMTS INCL APPARATUS,ACCESSORIES"
176,AXA,Air Freight Priority,9709,"CHEM,CHEM PRODS,DRUGS,COSMETCS,PHARMA,ESSENTIAL OILS,PLASTIC"
176,AXA,Air Freight Priority,9710,"PRINTED MATTER,PAPER-INCLUDING PHOTOGRAPHIC/SENSITIZED PAPER"
176,AXA,Air Freight Priority,9711,"SCI/PRECISION INSTRMTS,LAB EQPT(INCL SUPPL), WATCHES, CLOCKS"
176,AXA,Air Freight Priority,9712,"TOYS,GAMES,SPORTING EQUIPMENT"
176,AXA,Air Freight Priority,9713,MUSICAL INSTRUMENTS
176,AXA,Air Freight Priority,9714,"CERAMICS,POTTERY,CHINA/EARTHEN/STONE/GLASS/CRYSTALWARE,PORCE "
176,AXA,Air Freight Priority,9715,"SURFACE VEHICLES INCL ACCESSORIES ,MACHINERY,TOOLS,CUTLERY"
176,AXA,Air Freight Priority,9716,PERSONAL EFF./HOUSEHOLD GDS. -NOT FOR RESALE 
176,AXA,Air Freight Priority,9717,"AIRCRAFT ENGINES,AIRCRAFT,PARTS EXCL FUSELAGES,WINGS,A/CRAFT"
176,AXA,Air Freight Priority,9718,"HANDICRAFT PRODS MADE OF TEXTILES,METAL,LEATHER EXCL DIAMOND"
176,AXA,Air Freight Priority,9719,"INSTRUMTS,EQPT-DESIGNED FOR SCI SURGCL LAB,INDL RADIO OR TV"
176,AXA,Air Freight Priority,9720,"FISH  INEDIBLE , CORAL, WEED, FISH FOOD"
176,AXA,Air Freight Priority,9721,"PAPER, PAPER PRODUCTS"
176,AXA,Air Freight Priority,9722,"METALS,MINERALS-EXCL GOLD,SILVER,PLATINUM,ALLOYS"
176,AXA,Air Freight Priority,9723,"PLASTIC ARTICLES,WOOD,WOOD PRODUCTS"
176,AXA,Air Freight Priority,9724,AIRCRAFT PARTS  INCL ACCESSORIES 
176,AXA,Air Freight Priority,9725,SURFACE VEHICLES(INCL ACCESSORIES) EXCH STEAM/MOTORSHP PARTS
176,AXA,Air Freight Priority,9726,"DATA PROCESSG EQPT,OFC MACHNRY-INCL ACCESSORIES,SUPPLIES-ELE"
176,AXA,Air Freight Priority,9727,SURFACE VEHICLES(INCL ACCESSORIES) EXCH STEAM/MOTORSHP PARTS
176,AXA,Air Freight Priority,9728,"PRINTED MATTER,PAPER-INCL PHOTO SENSITIZED PAPER EXCL NEWSPAPER"
176,AXA,Air Freight Priority,9729,"FOODSTUFF,TEXTILES,WEARING APPAREL,TOILER ARTICLES,CASSETTES"
176,AXA,Air Freight Priority,9731,"FOODSTUFFS,DRUGS,MACHINERY,MEDICINES,PLASTIC,PRINTED MATTER,"
176,AXA,Air Freight Priority,9732,"FOODSTUFFS,CHEMICALS,ELEC EQPT,TOILET ARTICLES,PLASTIC,PAPER"
176,AXA,Air Freight Priority,9733,"TEXTILES,APPAREL,MACHINERY,CUTLER,ELEC EQPT,SURFACE VEHICLES"
176,AXA,Air Freight Priority,9734,"YARN THREAD,FIBRES,TEXTILES,LEATHER EXCL FUR,HIDE,PELTS,SKIN"
176,AXA,Air Freight Priority,9735,MISCELLANEOUS ITEMS
176,AXA,Air Freight Priority,9736,"CHEM,CHEM PRODS,DRUGS,COSMETICS,PARMA,OIL EXCL PLASTIC/TOILE"
176,AXA,Air Freight Priority,9737,PRINTED MATTER
176,AXA,Air Freight Priority,9738,PRINTED MATTER  EXCLUDING NEWSPAPERS 
176,AXA,Air Freight Priority,9739,"PARTS OF SURFACE VEHICLES,AGRI MACHNRY EXCL STEAM/MOTORSHIP"
176,AXA,Air Freight Priority,9740,"FOODSTUFFS,SPICES,MACHINERY,TEXTILES,DRUGS EXCL RADIOACTIVE"
176,AXA,Air Freight Priority,9741,PIGS
176,AXA,Air Freight Priority,9742,"IMITATION JEWELRY,FANCY NOVELTIES EXCL CLOTH,WATCHES WHICH C"
176,AXA,Air Freight Priority,9743,"CONSTRUCTION EQPT, BUILDING MATERIAL"
176,AXA,Air Freight Priority,9744,STATIONERY/OFFICE SUPPLIES
176,AXA,Air Freight Priority,9750,MISCELLANEOUS ITEMS
176,AXA,Air Freight Priority,9751,"HAIR,WIGS,RADIOS,TVS  MISCELLANEOUS ITEMS..... "
176,AXA,Air Freight Priority,9752,"TEXTILE FIBRESANDMFRS,METALANDMFRS,NON-METLC  MISC.ITEMS....... "
176,AXA,Air Freight Priority,9790,"ABRASIVES,ADHESIVE ARTCLS,RUBBER/PLASTIC  MISC.ITEMS....... "
176,AXA,Air Freight Priority,9795,"ABRASIVES,AMMUNITION,CIGARS  MISC. ITEMS...... "
176,AXA,Air Freight Priority,9796,"ADHESIVES,SMALL ARMS,ETCHINGS  MISCELLANEOUS ITEMS "
176,AXA,Air Freight Priority,9797,MISCELLANEOUS ITEMS .......
176,AXA,Air Freight Priority,9798,MISCELLANEOUS ITEMS .......
176,AXA,Air Freight Priority,9799,MISCELLANEOUS ITEMS
176,AXA,Air Freight Priority,9900,HOUSEHOLD ELECTRONIC IGNITERS
176,AXA,Air Freight Priority,9910,FURNITURE
176,AXA,Air Freight Priority,9911,FURNITURE  EXCL PAINTINGS/ENGRAVINGS/OBJECTS OF ART 
176,AXA,Air Freight Priority,9913,"FURNITURE, SAFES EXCL PAINTINGS,ENGRAVINGS,ANTIQUITIES,OBJEC"
176,AXA,Air Freight Priority,9915,METAL SAFES
176,AXA,Air Freight Priority,9917,"HOUSEHOLD FURNITURE,KITCHEN EQPT,CUTLER EXCL PAINTINGS,OBJEC"
176,AXA,Air Freight Priority,9920,"ELEC EQPT,CHMCL GOODS FM AREA3 TRANSITING USA HAVING PRIOR O"
176,AXA,Air Freight Priority,9922,"INDL PRODS:TEXTILES,FIBRESANDMFRS,METALS,DRUGS FRM ARE3, TRANS"
176,AXA,Air Freight Priority,9930,"NUCLEAR REACTOR PARTS INCL HEAT EXCHANGRS,CONTROL RODS,VALVE"
176,AXA,Air Freight Priority,9935,"NUCLEAR REACTOR FUEL CONTAINERS,FUEL RAW MTRL CNTRS EMPTY"
176,AXA,Air Freight Priority,9942,GOVERNMENT OWNED STORES  INCLUDING SUPPLIES 
176,AXA,Air Freight Priority,9945,"DIPLOMATIC CARGO, DIPLOMATIC MAIL"
176,AXA,Air Freight Priority,9946,*****AUSTRALIAN GOVT DIPLOMATIC POUCHES
176,AXA,Air Freight Priority,9947,"US DIPLOMATIC POUCHES, MOVING ON US GOVT. B/L"
176,AXA,Air Freight Priority,9948,"MILITARY STORES,IMPEDIMENTA"
176,AXA,Air Freight Priority,9955,"PREFABRICATED HOUSES, RELATED OUTFIT"
176,AXA,Air Freight Priority,9960,"SHPMTS OF ICI, ITS SUBSIDIARIES & ASSOCIATE COS."
176,AXA,Air Freight Priority,9961,HABERDASHERY
176,AXA,Air Freight Priority,9964,"ELASTIC, CORD - WITH METAL ENDS"
176,AXA,Air Freight Priority,9966,PLANT HANGERS  KNITTED 
176,AXA,Air Freight Priority,9970,"BLDG EQPT, ENGG CONSTRUCTION EQPT"
176,AXA,Air Freight Priority,9971,"HOSP SUPPLIES CLOTHG,DRESSG,MEDICINE,LAB TOOLS,PHARMA,MEDICA"
176,AXA,Air Freight Priority,9972,"***OIL RESEARCHANDDRILLING EQPT, SUPPLIES AND ACCESSORIES"
176,AXA,Air Freight Priority,9973,BUILDING MATERIAL/TOOLS/FIXTURES/FITTINGS
176,AXA,Air Freight Priority,9974,EXPEDITION MATERIAL
176,AXA,Air Freight Priority,9980,"PERSONAL EFFECTS,HOUSEHOLD EFFECTS OF GOVT OFFICERS TRAVELLI"
176,AXA,Air Freight Priority,9981,"GOODS CONSIGNED TO AMBASSADORS,LEGATIONS,CONSULS OR OTHER OF"
176,AXA,Air Freight Priority,9984,"HOUSEHOLD FURN,KITCHEN EQPT USED  EXCL PER.EFFECTS"
176,AXA,Air Freight Priority,9986,"UNACCOMPANIED BAGGAGE, PERSONAL EFFECTS  NOT FORE RESALE "
176,AXA,Air Freight Priority,9987,"ARTICLES OF BAGGAGE USED,OWNED BY INDIV.CONSIGNED BY TRANSPO"
176,AXA,Air Freight Priority,9989,"PLANTS-FLWS,BLBS,SDS,FLORAL/NURSERY STKS,DPLY MATS EXPO USE"
176,AXA,Air Freight Priority,9991,"BLDG MTRL,DISPLAY MTRL-FOR EXHIBITION/TRADE FAIRS"
176,AXA,Air Freight Priority,9993,"HOUSEHOLD/WEARING GD,COSMETICS,TOILETRIES(USED,NO RESALE)"
176,AXA,Air Freight Priority,9994,"HOUSEHOLD GOODS USED ,WEARING APPAREL/COSMETICS  USED "
176,AXA,Air Freight Priority,9995,"WEARING APPAREL,COSEMTICS,TOILET ARTCLS USED NOT FOR RESALE"
176,AXA,Air Freight Priority,9996,MISCELLANEOUS ITEMS........
176,AXA,Air Freight Priority,9998,"HOUSEHOLD GOODS, PERSONAL EFFECTS"
176,AXA,Air Freight Priority,9999,MISCELLANEOUS ITEMS........
176,AXA,Air Freight Priority,E0036,URINE SAMPLES
176,AXA,Air Freight Priority,E0051,UNACCOMPANIED BAGGAE/NWPS/MAGS/PERIODICALS/BOOKS/CATALOGUES/BRAILLE TYPE EQPT/TALKING BOOKS 4 BLIND
176,AXA,Air Freight Priority,E0052,AGRICULTURAL PRODUCTS
176,AXA,Air Freight Priority,E0053,EXHIBITION GOODS
176,AXA,Air Freight Priority,E0054,FOOD CONTAINERS
176,AXA,Air Freight Priority,E0055,AGCC/NATIONAL/LOCAL PRODUCTS
176,AXA,Air Freight Priority,E0058,Live Aquatic Plants
176,AXA,Air Freight Priority,E0060,MOBILE PHONES
176,AXA,Air Freight Priority,E0061,MOBILE PHONE ACCESSORIES
176,AXA,Air Freight Priority,E0062,SHIP SPARES
176,AXA,Air Freight Priority,E0063,DANGEROUS GOODS
176,AXA,Air Freight Priority,E0064,SPARE PARTS
176,AXA,Air Freight Priority,E0065,PERFUMES AND COSMETICS
176,AXA,Air Freight Priority,E0066,GARMENTS ON HANGARS
176,AXA,Air Freight Priority,E0067,SHOE UPPER
176,AXA,Air Freight Priority,E0068,CONSOLIDATION
176,AXA,Air Freight Priority,E0069,MERCHANDISE
176,AXA,Air Freight Priority,E0070,COSMETICS
176,AXA,Air Freight Priority,E0077,SILVER/SILVER PRODUCTS/SILVER JEWELLERY
176,AXS,Pharma,6000,"CHEMICALS, PHARMACEUTICALS"
176,AXS,Pharma,6001,"CHEMICALS, DRUGS, PHARMACEUTICALS, MEDICINES"
176,AXS,Pharma,6010,CHEMICAL REAGENTS
176,AXS,Pharma,6011,CHEMICALS AND PHARMACEUTICALS .....
176,AXS,Pharma,6098,"VACCINES, PHARMACEUTICALS"
176,AXS,Pharma,6099,VACCINES
176,AXS,Pharma,6100,BIOLOGICALS
176,AXS,Pharma,6101,INSULIN
176,AXS,Pharma,6103,"VITAMINS,ANTIBIOTICS"
176,AXS,Pharma,6107,"HEMODERIVATIVES,BLOODPLASMA"
176,AXS,Pharma,6108,BLOODSERUM
176,AXS,Pharma,6109,HUMAN BLOOD
176,AXS,Pharma,6500,PHARMACEUTICALS
176,AXS,Pharma,6501,"MEDICINES, PHARMACEUTICALS"
176,AXS,Pharma,E0108,Emirates Pharma
176,AXS,Pharma,E1500,SkyCell 1500 C
176,AXS,Pharma,E2500,SkyCell 2500 C
176,AXS,Pharma,E3500,va-Q-tainer Eurox
176,AXS,Pharma,E3501,va-Q-tainer USx
176,AXS,Pharma,E3502,va-Q-tainer XLx
176,AXS,Pharma,E3503,va-Q-tainer Twinx
176,AXD,Pharma Plus,6000,"CHEMICALS, PHARMACEUTICALS"
176,AXD,Pharma Plus,6001,"CHEMICALS, DRUGS, PHARMACEUTICALS, MEDICINES"
176,AXD,Pharma Plus,6010,CHEMICAL REAGENTS
176,AXD,Pharma Plus,6011,CHEMICALS AND PHARMACEUTICALS .....
176,AXD,Pharma Plus,6098,"VACCINES, PHARMACEUTICALS"
176,AXD,Pharma Plus,6099,VACCINES
176,AXD,Pharma Plus,6100,BIOLOGICALS
176,AXD,Pharma Plus,6101,INSULIN
176,AXD,Pharma Plus,6103,"VITAMINS,ANTIBIOTICS"
176,AXD,Pharma Plus,6107,"HEMODERIVATIVES,BLOODPLASMA"
176,AXD,Pharma Plus,6108,BLOODSERUM
176,AXD,Pharma Plus,6109,HUMAN BLOOD
176,AXD,Pharma Plus,6500,PHARMACEUTICALS
176,AXD,Pharma Plus,6501,"MEDICINES, PHARMACEUTICALS"
176,AXD,Pharma Plus,E0101,Emirates Pharma Plus
176,PXS,Fresh,0002,"FRUIT  DRY,FRESH ","NSC"
176,PXS,Fresh,0003,"FOODSTUFF EXCL CAVAIR,HATCHING EGGS ,SPICES AND BEVERAGES.", eli
176,PXS,Fresh,0004,"****FOODSTUFFS,SPICES,BEVERAGES-FRESH-"
176,PXS,Fresh,0005,"FOODSTUFFS,SPICES,BEVERAGES-FROZEN-"
176,PXS,Fresh,0006,"FOODSTUFFS, SPICES, BEVERAGES"
176,PXS,Fresh,0007,"FRUITS, VEGETABLES"
176,PXS,Fresh,0008,"****FRUITS,VEGETABLES-FRESH-"
176,PXS,Fresh,0009,"FOODSTUFFS EXCL STRAWBERRIES ,SPICES,BEVERAGES"
176,PXS,Fresh,0010,INFANT FOOD
176,PXS,Fresh,0011,"FOODSTUFF,BEVERAGES-DESTINED TO EMBASSY/COUNSULATE/LEGATION"
176,PXS,Fresh,0012,"FOODSTUFF EXCL MEAT,FISH,SEAFOOD SPICES,BEVERAGES"
176,PXS,Fresh,0013,"****LIMES,LEMONS"
176,PXS,Fresh,0014,****FRUITS AND VEGETABLES EXCL BANANAS
176,PXS,Fresh,0016,FRUITS EXCL STRAWBERRIES VEGETABLES
176,PXS,Fresh,0017,"TUBERS,EARTH NUTS"
176,PXS,Fresh,0018,"ASPARAGUS,MARACUYA"
176,PXS,Fresh,0019,"***FRESH FRUITS,VEGETABLES EXCL STRAWBERRIES"
176,PXS,Fresh,0020,NUTS
176,PXS,Fresh,0021,PISTACHIO NUTS
176,PXS,Fresh,0022,****BETELNUTS
176,PXS,Fresh,0023,"HOT PEPPERS,EGGPLANTS"
176,PXS,Fresh,0024,"AVOCADOS,PINEAPPLES,PAPAYA,MELONS,TAMARIND,CHAYOTE"
176,PXS,Fresh,0025,"AVOCADOS,PINEAPPLES"
176,PXS,Fresh,0026,CHESTNUTS
176,PXS,Fresh,0027,"MANGOES, MELONS, PINEAPPLES"
176,PXS,Fresh,0028,"LONGANS,DURIANS"
176,PXS,Fresh,0029,"MELONS,PERSIMMONS,CITRUS FRUITS"
176,PXS,Fresh,0030,"BEANS,CORN,CAPSICUM"
176,PXS,Fresh,0037,KOLA NUTS
176,PXS,Fresh,0055,CANDY
176,PXS,Fresh,0056,CHOCOLATE MANUFACTURES
176,PXS,Fresh,0059,"CHOCOLATES MANUFACTURES,CANDIES,WAFERS,BISCUITS"
176,PXS,Fresh,0060,"CONFECTIONARY,DESSERTS"
176,PXS,Fresh,0070,CHEWING-GUM
176,PXS,Fresh,0075,HONEY
176,PXS,Fresh,0110,BEVERAGES
176,PXS,Fresh,0113,MINERAL WATER
176,PXS,Fresh,0129,"SPIRITS,LIQUORS,WINES,BEERS"
176,PXS,Fresh,0130,WINES
176,PXS,Fresh,0150,"SARDINES CANNED ,OLIVES,WINES"
176,PXS,Fresh,0180,COFFEE
176,PXS,Fresh,0182,"****COFFEE BEANS,COFFEE ROASTED,GROUNDED,COFFEE-BOTTLED"
176,PXS,Fresh,0183,"COFFEE ROASTED,GROUND "
176,PXS,Fresh,0185,TEA
176,PXS,Fresh,0186,TEA INSTANT 
176,PXS,Fresh,0190,"BEVERAGES,SYRUPS,FLAVOURS"
176,PXS,Fresh,0192,FRUIT JUICES
176,PXS,Fresh,0194,"EXTRACTS, FLAVOURING COMPOUND"
176,PXS,Fresh,0200,"DAIRY PRODUCTS,EGGS"
176,PXS,Fresh,0201,DAIRY PRODUCTS EXCL EGGS 
176,PXS,Fresh,0202,"*****MEAT,FRESH,N.E.S."
176,PXS,Fresh,0203,MILK FRESH 
176,PXS,Fresh,0210,BUTTER
176,PXS,Fresh,0220,CHEESE
176,PXS,Fresh,0230,EGGS
176,PXS,Fresh,0245,*****ICE CREAM
176,PXS,Fresh,0246,"ICE CREAM,FROZEN CONFECTION"
176,PXS,Fresh,0300,"FISH (EDIBLE), SEAFOOD"
176,PXS,Fresh,0301,"FISH  EDIBLE ,SEAFOOD  EXCL CAVIAR "
176,PXS,Fresh,0302,*****SEAFOOD
176,PXS,Fresh,0304,SEA URCHIN/PROCESSED
176,PXS,Fresh,0305,SEA-URCHIN
176,PXS,Fresh,0306,"FISH, FISH PRODUCTS"
176,PXS,Fresh,0307,FISH PROCESSED 
176,PXS,Fresh,0308,FISH SMOKED 
176,PXS,Fresh,0309,SHELLFISH
176,PXS,Fresh,0310,"CLAMS,OYSTERS,SCALLOPS"
176,PXS,Fresh,0311,*****COCKLES
176,PXS,Fresh,0312,MUSSELS
176,PXS,Fresh,0314,ABALONE
176,PXS,Fresh,0315,"CRABS,CRAWFISH,LOBSTERS      "
176,PXS,Fresh,0316,CRABS
176,PXS,Fresh,0317,CRAWFISH
176,PXS,Fresh,0318,TILAPIA
176,PXS,Fresh,0319,MAHI MAHI
176,PXS,Fresh,0320,EEL
176,PXS,Fresh,0323,TUNA  FRESH 
176,PXS,Fresh,0324,"FISH EDIBLE/EXCL.LOBSTERS,SCALLOPS "
176,PXS,Fresh,0326,FISH EDIBLE 
176,PXS,Fresh,0330,FISH ROE
176,PXS,Fresh,0331,CAVIAR
176,PXS,Fresh,0333,"SHRIMPS DRIED , COD"
176,PXS,Fresh,0334,FISH GUT  DRIED 
176,PXS,Fresh,0335,FROGS
176,PXS,Fresh,0340,SALMON
176,PXS,Fresh,0345,"SALMON,STURGEON  EXCL.CAVIAR "
176,PXS,Fresh,0350,TROUT
176,PXS,Fresh,0355,SNAPPER
176,PXS,Fresh,0356,"FISH,CRABS,SHRIMPS-EDIBLE"
176,PXS,Fresh,0370,SHARK FINS
176,PXS,Fresh,0375,"*****SEAFOOD,FRUITS AND VEGETABLES"
176,PXS,Fresh,0380,"SHRIMPS, PRAWNS"
176,PXS,Fresh,0382,*****SHRIMPS AND/OR PRAWNS
176,PXS,Fresh,0384,"SHRIMPS, PRAWNS, LOBSTERS"
176,PXS,Fresh,0385,TURTLES
176,PXS,Fresh,0386,LOBSTERS
176,PXS,Fresh,0400,"BERRIES, MELONS"
176,PXS,Fresh,0401,BERRIES
176,PXS,Fresh,0410,FRUIT  EXCLUDING MELONS 
176,PXS,Fresh,0411,"WATER MELONS, POTATOES, SUGAR POTATOES"
176,PXS,Fresh,0412,*****MELONS
176,PXS,Fresh,0413,FRUIT  FRESH 
176,PXS,Fresh,0416,CUSTARD APPLES
176,PXS,Fresh,0419,LICHIES
176,PXS,Fresh,0420,BANANAS
176,PXS,Fresh,0421,MANDARINS
176,PXS,Fresh,0422,"LIMES, LEMONS"
176,PXS,Fresh,0445,GRAPES
176,PXS,Fresh,0456,KIWIFRUIT
176,PXS,Fresh,0460,MANGOES
176,PXS,Fresh,0461,DATES
176,PXS,Fresh,0462,OLIVES
176,PXS,Fresh,0476,STONEFRUIT
176,PXS,Fresh,0477,CHERRIES
176,PXS,Fresh,0482,COCONUT MEAT
176,PXS,Fresh,0485,PINEAPPLES
176,PXS,Fresh,0486,PAPAYAS
176,PXS,Fresh,0487,"PAPAYAS, PINEAPPLES"
176,PXS,Fresh,0494,RASPBERRIES
176,PXS,Fresh,0495,STRAWBERRIES
176,PXS,Fresh,0497,INDIAN SWEETMEATS
176,PXS,Fresh,0509,FLOUR
176,PXS,Fresh,0510,BAKERY PRODUCTS
176,PXS,Fresh,0514,PASTRY DOUGH
176,PXS,Fresh,0515,BREAD
176,PXS,Fresh,0520,"CAKES, PASTRY"
176,PXS,Fresh,0521,FRUIT CAKES
176,PXS,Fresh,0525,ICE CREAM CONES
176,PXS,Fresh,0552,CEREAL FOODS  READY TO EAT 
176,PXS,Fresh,0600,MEAT INCLUDING SLAUGHTERED POULTRY
176,PXS,Fresh,0601,MEAT  FRESH OR FROZEN 
176,PXS,Fresh,0602,"MEAT, SAUSAGES, BOLOGNA, FRANKFURTERS"
176,PXS,Fresh,0603,"MEAT, SEAFOOD"
176,PXS,Fresh,0605,"MEAT  EXCL SLAUGHTERED POULTRY, GAME "
176,PXS,Fresh,0606,PATE DE FOIE GRAS
176,PXS,Fresh,0620,*****FRESH BEEF
176,PXS,Fresh,0627,ANIMAL BRAINS
176,PXS,Fresh,0630,"LAMB, MUTTON"
176,PXS,Fresh,0631,LAMB MEAT
176,PXS,Fresh,0635,RABBIT MEAT
176,PXS,Fresh,0640,"POULTRY, GAME"
176,PXS,Fresh,0641,*****POULTRY
176,PXS,Fresh,0645,LIVER  RAW 
176,PXS,Fresh,0650,*****MEAT FRESH-FROZEDN INCL HORSE MEAT AND POULTRY
176,PXS,Fresh,0651,"PORK, CHICKEN - CHILLED OR FROZEN"
176,PXS,Fresh,0655,BACON
176,PXS,Fresh,0657,"PORK, PORK PRODUCTS"
176,PXS,Fresh,0670,HORSE MEAT
176,PXS,Fresh,0700,ROOTS AND SPICES
176,PXS,Fresh,0702,"SPICES, SPICE EXTRACTS EXCLUDING SAFFRON"
176,PXS,Fresh,0715,"CASSAVAS, PLAINTAINS"
176,PXS,Fresh,0728,CARDAMOM
176,PXS,Fresh,0737,ASAFOETIDA
176,PXS,Fresh,0750,BIRDEYE CHILLIES  DRIED 
176,PXS,Fresh,0751,GINGER
176,PXS,Fresh,0785,VEGETABLE ROOTS
176,PXS,Fresh,0790,CARROTS
176,PXS,Fresh,0799,VEGETABLES  FRESH 
176,PXS,Fresh,0800,VEGETABLES
176,PXS,Fresh,0801,ARTICHOKES
176,PXS,Fresh,0802,BROCCOLI
176,PXS,Fresh,0803,LETTUCE
176,PXS,Fresh,0805,ASPARAGUS
176,PXS,Fresh,0807,"YAMS, COCOYAMS, PLAINTAINS"
176,PXS,Fresh,0810,BEANS
176,PXS,Fresh,0838,"ENDIVES, CELERY"
176,PXS,Fresh,0840,"GARLIC, ONIONS"
176,PXS,Fresh,0841,GARLIC
176,PXS,Fresh,0846,WATER CRESS
176,PXS,Fresh,0850,"MUSHROOMS, MUSHROOM SPAWN"
176,PXS,Fresh,0866,TAROS
176,PXS,Fresh,0880,TOMATOES
176,PXS,Fresh,0885,SOUPS
176,PXS,Fresh,0898,*****YEAST - INACTIVE
176,PXS,Fresh,0899,YEAST
176,PXS,Fresh,0901,COOKING FAT
176,PXS,Fresh,0902,PET FOOD
176,PXS,Fresh,1082,HATCHING EGGS
176,PXS,Fresh,1083,CULTURED EGGS  FOR VACCINES 
176,PXS,Fresh,1084,TURKEY HATCHING EGGS
176,PXS,Fresh,1352,GUM ARABIC
176,PXS,Fresh,1353,*****FRANKINCESE AND GUMS
176,PXS,Fresh,1400,"FLORAL/NURSERY STOCK,BULBS,FLOWERS,SEEDS,TUBERS"
176,PXS,Fresh,1401,"FLORAL/NURSERY STOCK,BULBS,SEEDS,PLANTS,FLOWERS"
176,PXS,Fresh,1402,"FLORAL/NURSERY STOCK EXCL CUT FLOWERS ,BULBS,SEEDS,TUBERS"
176,PXS,Fresh,1403,"CUT FLOWERS, FOLIAGE, CUTTINGS"
176,PXS,Fresh,1407,"*****FLORAL AND NURSERY STOCK AND SEEDS, EXCL CUT FLOWERS"
176,PXS,Fresh,1409,"BULBS, TUBERS"
176,PXS,Fresh,1411,ROSE PETALS
176,PXS,Fresh,1420,FLOWERS
176,PXS,Fresh,1421,"*****CUT FLOWERS,FOLIAGE, INCL MIMOSA"
176,PXS,Fresh,1429,ORCHIDS
176,PXS,Fresh,1430,CUT FLOWERS  EXCL ORCHIDS 
176,PXS,Fresh,1436,"CARNATION CUTTINGS, CHRYSANTHEMUM CUTTINGS, GLADIOLI"
176,PXS,Fresh,1440,*****FOLIAGE
176,PXS,Fresh,1470,ORNAMENTALS PLANTS
176,PXS,Fresh,1471,FERN
176,PXS,Fresh,1472,YUCA CUTTINGS
176,PXS,Fresh,1475,PLANTS
176,PXS,Fresh,1476,PLANTS  EXCL. ORCHIDS 
176,PXS,Fresh,1477,TROPICAL PLANTS  EXCL CUT FLOWERS 
176,PXS,Fresh,1478,PLANTS  POTTED 
176,PXS,Fresh,1479,"SEEDS, PLANTS"
176,PXS,Fresh,1480,"TROPICAL PLANTS, SEEDS"
176,PXS,Fresh,1482,"PLANTS, MEDICINAL"
176,PXS,Fresh,1485,SEEDS
176,PXS,Fresh,1499,"FLOWERS, PLANTS"
176,PXS,Fresh,1500,"HERBS, LEAVES - INCLUDING PRODUCTS THEREOF -"
176,PXS,Fresh,1503,HENNA  DRIED 
176,PXS,Fresh,1526,*****PEPPER STEMS
176,PXS,Fresh,1535,BETEL LEAVES
176,PXS,Fresh,9702,"FLORAL,NURSERY STOCK,BULBS,SEEDS,PLANTS,FLOWERS"
176,PXS,Fresh,E0001,FRESH/FROZEN/CHILLED FISH
176,PXS,Fresh,E0002,TRUFFLES
176,PXS,Fresh,E0003,SEA CUCUMBERS
176,PXS,Fresh,E0013,DRY/DRIED FISH
176,PXS,Fresh,E0014,SALTED FISH
176,PXS,Fresh,E0015,FRESH/FROZEN/CHILLED SEAFOOD
176,PXS,Fresh,E0016,LIVE SEAFOOD
176,PXS,Fresh,E0017,CHILLED/FRESH PRODUCE
176,PXS,Fresh,E0018,CHOCOLATES & BISCUITS
176,PXS,Fresh,E0019,INJERA
176,PXS,Fresh,E0020,BLUEBERRIES
176,PXS,Fresh,E0021,CHERRY TOMATOES
176,PXS,Fresh,E0022,APRICOTS
176,PXS,Fresh,E0023,STONE FRUITS
176,PXS,Fresh,E0028,CHAT (KHAT)
176,PXS,Fresh,E0056,FOODSTUFFS
176,PXS,Fresh,E0068,CONSOLIDATION
176,PXD,Fresh Breathe,0002,"FRUIT  DRY,FRESH "
176,PXD,Fresh Breathe,0003,"FOODSTUFF EXCL CAVAIR,HATCHING EGGS ,SPICES AND BEVERAGES."
176,PXD,Fresh Breathe,0004,"****FOODSTUFFS,SPICES,BEVERAGES-FRESH-"
176,PXD,Fresh Breathe,0005,"FOODSTUFFS,SPICES,BEVERAGES-FROZEN-"
176,PXD,Fresh Breathe,0006,"FOODSTUFFS, SPICES, BEVERAGES"
176,PXD,Fresh Breathe,0007,"FRUITS, VEGETABLES"
176,PXD,Fresh Breathe,0008,"****FRUITS,VEGETABLES-FRESH-"
176,PXD,Fresh Breathe,0009,"FOODSTUFFS EXCL STRAWBERRIES ,SPICES,BEVERAGES"
176,PXD,Fresh Breathe,0010,INFANT FOOD
176,PXD,Fresh Breathe,0011,"FOODSTUFF,BEVERAGES-DESTINED TO EMBASSY/COUNSULATE/LEGATION"
176,PXD,Fresh Breathe,0012,"FOODSTUFF EXCL MEAT,FISH,SEAFOOD SPICES,BEVERAGES"
176,PXD,Fresh Breathe,0013,"****LIMES,LEMONS"
176,PXD,Fresh Breathe,0014,****FRUITS AND VEGETABLES EXCL BANANAS
176,PXD,Fresh Breathe,0016,FRUITS EXCL STRAWBERRIES VEGETABLES
176,PXD,Fresh Breathe,0017,"TUBERS,EARTH NUTS"
176,PXD,Fresh Breathe,0018,"ASPARAGUS,MARACUYA"
176,PXD,Fresh Breathe,0019,"***FRESH FRUITS,VEGETABLES EXCL STRAWBERRIES"
176,PXD,Fresh Breathe,0020,NUTS
176,PXD,Fresh Breathe,0021,PISTACHIO NUTS
176,PXD,Fresh Breathe,0022,****BETELNUTS
176,PXD,Fresh Breathe,0023,"HOT PEPPERS,EGGPLANTS"
176,PXD,Fresh Breathe,0024,"AVOCADOS,PINEAPPLES,PAPAYA,MELONS,TAMARIND,CHAYOTE"
176,PXD,Fresh Breathe,0025,"AVOCADOS,PINEAPPLES"
176,PXD,Fresh Breathe,0026,CHESTNUTS
176,PXD,Fresh Breathe,0027,"MANGOES, MELONS, PINEAPPLES"
176,PXD,Fresh Breathe,0028,"LONGANS,DURIANS"
176,PXD,Fresh Breathe,0029,"MELONS,PERSIMMONS,CITRUS FRUITS"
176,PXD,Fresh Breathe,0030,"BEANS,CORN,CAPSICUM"
176,PXD,Fresh Breathe,0037,KOLA NUTS
176,PXD,Fresh Breathe,0055,CANDY
176,PXD,Fresh Breathe,0056,CHOCOLATE MANUFACTURES
176,PXD,Fresh Breathe,0059,"CHOCOLATES MANUFACTURES,CANDIES,WAFERS,BISCUITS"
176,PXD,Fresh Breathe,0060,"CONFECTIONARY,DESSERTS"
176,PXD,Fresh Breathe,0070,CHEWING-GUM
176,PXD,Fresh Breathe,0075,HONEY
176,PXD,Fresh Breathe,0110,BEVERAGES
176,PXD,Fresh Breathe,0113,MINERAL WATER
176,PXD,Fresh Breathe,0129,"SPIRITS,LIQUORS,WINES,BEERS"
176,PXD,Fresh Breathe,0130,WINES
176,PXD,Fresh Breathe,0150,"SARDINES CANNED ,OLIVES,WINES"
176,PXD,Fresh Breathe,0180,COFFEE
176,PXD,Fresh Breathe,0182,"****COFFEE BEANS,COFFEE ROASTED,GROUNDED,COFFEE-BOTTLED"
176,PXD,Fresh Breathe,0183,"COFFEE ROASTED,GROUND "
176,PXD,Fresh Breathe,0185,TEA
176,PXD,Fresh Breathe,0186,TEA INSTANT 
176,PXD,Fresh Breathe,0190,"BEVERAGES,SYRUPS,FLAVOURS"
176,PXD,Fresh Breathe,0192,FRUIT JUICES
176,PXD,Fresh Breathe,0194,"EXTRACTS, FLAVOURING COMPOUND"
176,PXD,Fresh Breathe,0200,"DAIRY PRODUCTS,EGGS"
176,PXD,Fresh Breathe,0201,DAIRY PRODUCTS EXCL EGGS 
176,PXD,Fresh Breathe,0202,"*****MEAT,FRESH,N.E.S."
176,PXD,Fresh Breathe,0203,MILK FRESH 
176,PXD,Fresh Breathe,0210,BUTTER
176,PXD,Fresh Breathe,0220,CHEESE
176,PXD,Fresh Breathe,0230,EGGS
176,PXD,Fresh Breathe,0245,*****ICE CREAM
176,PXD,Fresh Breathe,0246,"ICE CREAM,FROZEN CONFECTION"
176,PXD,Fresh Breathe,0300,"FISH (EDIBLE), SEAFOOD"
176,PXD,Fresh Breathe,0301,"FISH  EDIBLE ,SEAFOOD  EXCL CAVIAR "
176,PXD,Fresh Breathe,0302,*****SEAFOOD
176,PXD,Fresh Breathe,0304,SEA URCHIN/PROCESSED
176,PXD,Fresh Breathe,0305,SEA-URCHIN
176,PXD,Fresh Breathe,0306,"FISH, FISH PRODUCTS"
176,PXD,Fresh Breathe,0307,FISH PROCESSED 
176,PXD,Fresh Breathe,0308,FISH SMOKED 
176,PXD,Fresh Breathe,0309,SHELLFISH
176,PXD,Fresh Breathe,0310,"CLAMS,OYSTERS,SCALLOPS"
176,PXD,Fresh Breathe,0311,*****COCKLES
176,PXD,Fresh Breathe,0312,MUSSELS
176,PXD,Fresh Breathe,0314,ABALONE
176,PXD,Fresh Breathe,0315,"CRABS,CRAWFISH,LOBSTERS      "
176,PXD,Fresh Breathe,0316,CRABS
176,PXD,Fresh Breathe,0317,CRAWFISH
176,PXD,Fresh Breathe,0318,TILAPIA
176,PXD,Fresh Breathe,0319,MAHI MAHI
176,PXD,Fresh Breathe,0320,EEL
176,PXD,Fresh Breathe,0323,TUNA  FRESH 
176,PXD,Fresh Breathe,0324,"FISH EDIBLE/EXCL.LOBSTERS,SCALLOPS "
176,PXD,Fresh Breathe,0326,FISH EDIBLE 
176,PXD,Fresh Breathe,0330,FISH ROE
176,PXD,Fresh Breathe,0331,CAVIAR
176,PXD,Fresh Breathe,0333,"SHRIMPS DRIED , COD"
176,PXD,Fresh Breathe,0334,FISH GUT  DRIED 
176,PXD,Fresh Breathe,0335,FROGS
176,PXD,Fresh Breathe,0340,SALMON
176,PXD,Fresh Breathe,0345,"SALMON,STURGEON  EXCL.CAVIAR "
176,PXD,Fresh Breathe,0350,TROUT
176,PXD,Fresh Breathe,0355,SNAPPER
176,PXD,Fresh Breathe,0356,"FISH,CRABS,SHRIMPS-EDIBLE"
176,PXD,Fresh Breathe,0370,SHARK FINS
176,PXD,Fresh Breathe,0375,"*****SEAFOOD,FRUITS AND VEGETABLES"
176,PXD,Fresh Breathe,0380,"SHRIMPS, PRAWNS"
176,PXD,Fresh Breathe,0382,*****SHRIMPS AND/OR PRAWNS
176,PXD,Fresh Breathe,0384,"SHRIMPS, PRAWNS, LOBSTERS"
176,PXD,Fresh Breathe,0385,TURTLES
176,PXD,Fresh Breathe,0386,LOBSTERS
176,PXD,Fresh Breathe,0400,"BERRIES, MELONS"
176,PXD,Fresh Breathe,0401,BERRIES
176,PXD,Fresh Breathe,0410,FRUIT  EXCLUDING MELONS 
176,PXD,Fresh Breathe,0411,"WATER MELONS, POTATOES, SUGAR POTATOES"
176,PXD,Fresh Breathe,0412,*****MELONS
176,PXD,Fresh Breathe,0413,FRUIT  FRESH 
176,PXD,Fresh Breathe,0416,CUSTARD APPLES
176,PXD,Fresh Breathe,0419,LICHIES
176,PXD,Fresh Breathe,0420,BANANAS
176,PXD,Fresh Breathe,0421,MANDARINS
176,PXD,Fresh Breathe,0422,"LIMES, LEMONS"
176,PXD,Fresh Breathe,0445,GRAPES
176,PXD,Fresh Breathe,0456,KIWIFRUIT
176,PXD,Fresh Breathe,0460,MANGOES
176,PXD,Fresh Breathe,0461,DATES
176,PXD,Fresh Breathe,0462,OLIVES
176,PXD,Fresh Breathe,0476,STONEFRUIT
176,PXD,Fresh Breathe,0477,CHERRIES
176,PXD,Fresh Breathe,0482,COCONUT MEAT
176,PXD,Fresh Breathe,0485,PINEAPPLES
176,PXD,Fresh Breathe,0486,PAPAYAS
176,PXD,Fresh Breathe,0487,"PAPAYAS, PINEAPPLES"
176,PXD,Fresh Breathe,0494,RASPBERRIES
176,PXD,Fresh Breathe,0495,STRAWBERRIES
176,PXD,Fresh Breathe,0497,INDIAN SWEETMEATS
176,PXD,Fresh Breathe,0509,FLOUR
176,PXD,Fresh Breathe,0510,BAKERY PRODUCTS
176,PXD,Fresh Breathe,0514,PASTRY DOUGH
176,PXD,Fresh Breathe,0515,BREAD
176,PXD,Fresh Breathe,0520,"CAKES, PASTRY"
176,PXD,Fresh Breathe,0521,FRUIT CAKES
176,PXD,Fresh Breathe,0525,ICE CREAM CONES
176,PXD,Fresh Breathe,0552,CEREAL FOODS  READY TO EAT 
176,PXD,Fresh Breathe,0600,MEAT INCLUDING SLAUGHTERED POULTRY
176,PXD,Fresh Breathe,0601,MEAT  FRESH OR FROZEN 
176,PXD,Fresh Breathe,0602,"MEAT, SAUSAGES, BOLOGNA, FRANKFURTERS"
176,PXD,Fresh Breathe,0603,"MEAT, SEAFOOD"
176,PXD,Fresh Breathe,0605,"MEAT  EXCL SLAUGHTERED POULTRY, GAME "
176,PXD,Fresh Breathe,0606,PATE DE FOIE GRAS
176,PXD,Fresh Breathe,0620,*****FRESH BEEF
176,PXD,Fresh Breathe,0627,ANIMAL BRAINS
176,PXD,Fresh Breathe,0630,"LAMB, MUTTON"
176,PXD,Fresh Breathe,0631,LAMB MEAT
176,PXD,Fresh Breathe,0635,RABBIT MEAT
176,PXD,Fresh Breathe,0640,"POULTRY, GAME"
176,PXD,Fresh Breathe,0641,*****POULTRY
176,PXD,Fresh Breathe,0645,LIVER  RAW 
176,PXD,Fresh Breathe,0650,*****MEAT FRESH-FROZEDN INCL HORSE MEAT AND POULTRY
176,PXD,Fresh Breathe,0651,"PORK, CHICKEN - CHILLED OR FROZEN"
176,PXD,Fresh Breathe,0655,BACON
176,PXD,Fresh Breathe,0657,"PORK, PORK PRODUCTS"
176,PXD,Fresh Breathe,0670,HORSE MEAT
176,PXD,Fresh Breathe,0700,ROOTS AND SPICES
176,PXD,Fresh Breathe,0702,"SPICES, SPICE EXTRACTS EXCLUDING SAFFRON"
176,PXD,Fresh Breathe,0715,"CASSAVAS, PLAINTAINS"
176,PXD,Fresh Breathe,0728,CARDAMOM
176,PXD,Fresh Breathe,0737,ASAFOETIDA
176,PXD,Fresh Breathe,0750,BIRDEYE CHILLIES  DRIED 
176,PXD,Fresh Breathe,0751,GINGER
176,PXD,Fresh Breathe,0785,VEGETABLE ROOTS
176,PXD,Fresh Breathe,0790,CARROTS
176,PXD,Fresh Breathe,0799,VEGETABLES  FRESH 
176,PXD,Fresh Breathe,0800,VEGETABLES
176,PXD,Fresh Breathe,0801,ARTICHOKES
176,PXD,Fresh Breathe,0802,BROCCOLI
176,PXD,Fresh Breathe,0803,LETTUCE
176,PXD,Fresh Breathe,0805,ASPARAGUS
176,PXD,Fresh Breathe,0807,"YAMS, COCOYAMS, PLAINTAINS"
176,PXD,Fresh Breathe,810,BEANS
176,PXD,Fresh Breathe,838,"ENDIVES, CELERY"
176,PXD,Fresh Breathe,840,"GARLIC, ONIONS"
176,PXD,Fresh Breathe,841,GARLIC
176,PXD,Fresh Breathe,846,WATER CRESS
176,PXD,Fresh Breathe,850,"MUSHROOMS, MUSHROOM SPAWN"
176,PXD,Fresh Breathe,866,TAROS
176,PXD,Fresh Breathe,880,TOMATOES
176,PXD,Fresh Breathe,885,SOUPS
176,PXD,Fresh Breathe,898,*****YEAST - INACTIVE
176,PXD,Fresh Breathe,899,YEAST
176,PXD,Fresh Breathe,901,COOKING FAT
176,PXD,Fresh Breathe,1082,HATCHING EGGS
176,PXD,Fresh Breathe,1083,CULTURED EGGS  FOR VACCINES 
176,PXD,Fresh Breathe,1084,TURKEY HATCHING EGGS
176,PXD,Fresh Breathe,1352,GUM ARABIC
176,PXD,Fresh Breathe,1353,*****FRANKINCESE AND GUMS
176,PXD,Fresh Breathe,1400,"FLORAL/NURSERY STOCK,BULBS,FLOWERS,SEEDS,TUBERS"
176,PXD,Fresh Breathe,1401,"FLORAL/NURSERY STOCK,BULBS,SEEDS,PLANTS,FLOWERS"
176,PXD,Fresh Breathe,1402,"FLORAL/NURSERY STOCK EXCL CUT FLOWERS ,BULBS,SEEDS,TUBERS"
176,PXD,Fresh Breathe,1403,"CUT FLOWERS, FOLIAGE, CUTTINGS"
176,PXD,Fresh Breathe,1407,"*****FLORAL AND NURSERY STOCK AND SEEDS, EXCL CUT FLOWERS"
176,PXD,Fresh Breathe,1409,"BULBS, TUBERS"
176,PXD,Fresh Breathe,1411,ROSE PETALS
176,PXD,Fresh Breathe,1420,FLOWERS
176,PXD,Fresh Breathe,1421,"*****CUT FLOWERS,FOLIAGE, INCL MIMOSA"
176,PXD,Fresh Breathe,1429,ORCHIDS
176,PXD,Fresh Breathe,1430,CUT FLOWERS  EXCL ORCHIDS 
176,PXD,Fresh Breathe,1436,"CARNATION CUTTINGS, CHRYSANTHEMUM CUTTINGS, GLADIOLI"
176,PXD,Fresh Breathe,1440,*****FOLIAGE
176,PXD,Fresh Breathe,1470,ORNAMENTALS PLANTS
176,PXD,Fresh Breathe,1471,FERN
176,PXD,Fresh Breathe,1472,YUCA CUTTINGS
176,PXD,Fresh Breathe,1475,PLANTS
176,PXD,Fresh Breathe,1476,PLANTS  EXCL. ORCHIDS 
176,PXD,Fresh Breathe,1477,TROPICAL PLANTS  EXCL CUT FLOWERS 
176,PXD,Fresh Breathe,1478,PLANTS  POTTED 
176,PXD,Fresh Breathe,1479,"SEEDS, PLANTS"
176,PXD,Fresh Breathe,1480,"TROPICAL PLANTS, SEEDS"
176,PXD,Fresh Breathe,1482,"PLANTS, MEDICINAL"
176,PXD,Fresh Breathe,1485,SEEDS
176,PXD,Fresh Breathe,1499,"FLOWERS, PLANTS"
176,PXD,Fresh Breathe,1500,"HERBS, LEAVES - INCLUDING PRODUCTS THEREOF -"
176,PXD,Fresh Breathe,1503,HENNA  DRIED 
176,PXD,Fresh Breathe,1526,*****PEPPER STEMS
176,PXD,Fresh Breathe,1535,BETEL LEAVES
176,PXD,Fresh Breathe,9702,"FLORAL,NURSERY STOCK,BULBS,SEEDS,PLANTS,FLOWERS"
176,PXD,Fresh Breathe,E0001,FRESH/FROZEN/CHILLED FISH
176,PXD,Fresh Breathe,E0002,TRUFFLES
176,PXD,Fresh Breathe,E0003,SEA CUCUMBERS
176,PXD,Fresh Breathe,E0013,DRY/DRIED FISH
176,PXD,Fresh Breathe,E0014,SALTED FISH
176,PXD,Fresh Breathe,E0015,FRESH/FROZEN/CHILLED SEAFOOD
176,PXD,Fresh Breathe,E0016,LIVE SEAFOOD
176,PXD,Fresh Breathe,E0017,CHILLED/FRESH PRODUCE
176,PXD,Fresh Breathe,E0018,CHOCOLATES & BISCUITS
176,PXD,Fresh Breathe,E0019,INJERA
176,PXD,Fresh Breathe,E0020,BLUEBERRIES
176,PXD,Fresh Breathe,E0021,CHERRY TOMATOES
176,PXD,Fresh Breathe,E0022,APRICOTS
176,PXD,Fresh Breathe,E0023,STONE FRUITS
176,PXD,Fresh Breathe,E0028,CHAT (KHAT)
176,PXD,Fresh Breathe,E0056,FOODSTUFFS
176,PXD,Fresh Breathe,E0068,CONSOLIDATION
176,PXD,Fresh Breathe,E0110,Emirates Fresh Breathe
176,AOG,AOG,4105,AIRCRAFT
176,AOG,AOG,4107,HELICOPTER SPARES
176,AOG,AOG,4108,AIRCRAFT PARTS  EXCL AIRCRAFT ENGINES 
176,AOG,AOG,4109,"A/CRAFT ENGNS,PARTS EXCL TAIL ASSMBLS,STABLISRS,WINGS,FUSELA"
176,AOG,AOG,4110,"AIRCRAFT ENGINES,AIRCRAFT PARTS EXCL.FUSELAGES, WINGS "
176,AOG,AOG,4112,"A/CRAFT ENGNS/PARTS INCL ACCESSRS EXCL OVRHAUL/MAINT TOOLS,S"
176,AOG,AOG,4119,AIRCRAFT PARTS
176,AOG,AOG,4120,AIRCRAFT ENGINE PARTS
176,AOG,AOG,4122,"COMPOSITE MATERIAL,PAINTS-FOR AIRCRAFT"
176,AOG,AOG,4123,AIRCRAFT PARTS  INCLDG ACCESSORIES 
176,AOG,AOG,4999,"A/CRAFT PARTS,OFC MACHNRY,ELEC APPL.,MACHNRY,TOOLS,SURFAC VE"
176,AOG,AOG,9717,"AIRCRAFT ENGINES,AIRCRAFT,PARTS EXCL FUSELAGES,WINGS,A/CRAFT"
176,AOG,AOG,9750,MISCELLANEOUS ITEMS
176,AOG,AOG,E0068,CONSOLIDATION
176,VUN,Safe Vulnerable,1198,"LEATHER,HIDES AND SKINS - EXCL. FURS AND PELTS"
176,VUN,Safe Vulnerable,1202,*****LEATHER GOODS
176,VUN,Safe Vulnerable,1231,"HANDBAGS, POCKETBOOKS, WALLETS, PURSES"
176,VUN,Safe Vulnerable,1234,"HANDBAGS, BELTS - MADE OF LEATHER"
176,VUN,Safe Vulnerable,1237,LEATHER  EXCL NUTRIA/REPTILE SKIN MANUACTURES 
176,VUN,Safe Vulnerable,1238,"LEATHER-BAG,BALL,BELT,BILLFOLD,SUITCASE,HARNESS,SADDLERY,POC"
176,VUN,Safe Vulnerable,3896,SILVER ORE
176,VUN,Safe Vulnerable,4312,"ADDG/CALCULATG MACHNS,CASH RGSTERS,MACHNSFOR DUPLCTNG DOCS"
176,VUN,Safe Vulnerable,4350,"INTEGRATED CIRCUITS,RELAYS,CONDENSOR,CAPACITORS,TRANSISTORS,"
176,VUN,Safe Vulnerable,4402,ELECTRIC EQPT./APPL. EXCL. BUSINESS/OFFICE MACHINERY
176,VUN,Safe Vulnerable,4410,"COMMUNICATION DEVICES, SIGNAL DEVICES"
176,VUN,Safe Vulnerable,4411,"RADIOS,TELEVISIONS,RECORD PLAYERS,TAPE RECORDERS"
176,VUN,Safe Vulnerable,4412,"ELEC EQPT, ELEC APPLIANCES EXCL COMPUTERS,OFFICE MACHINERY"
176,VUN,Safe Vulnerable,4413,"RAIODS,TVS,RCRD PLAYRS,TAPE RCRDERS,LOUDSPKRS,AMPLIFIERS"
176,VUN,Safe Vulnerable,4414,"LOUD SPKRS,TAPE RECORDRS,RCRD PLAYERS,RADIOS,AMPLIFIERS"
176,VUN,Safe Vulnerable,4415,"RAIODS, TAPE RECORDS, RECORD PLAYERS, AERIALS"
176,VUN,Safe Vulnerable,4416,"ELECTRICAL AND ELECTRONIC APPLIANCES-AUTO.RADIOS,DICTATION MAC"
176,VUN,Safe Vulnerable,4417,"RADIOS,TV,RADIO-TV SETS,RADIO-PHONOGRAPH SETS,ELEC HSHLD APP "
176,VUN,Safe Vulnerable,4418,TAPE RECORDERS
176,VUN,Safe Vulnerable,4419,TEL/RADIO-TEL EQPT - INCL TESTING EQPT
176,VUN,Safe Vulnerable,4420,"RADIOS, TV, RADIO-TV SETS, PHONOGRAPH SETS"
176,VUN,Safe Vulnerable,4421,"RECORD PLAYERS, TAPE RECORDERS"
176,VUN,Safe Vulnerable,4422,PARTS/COMPONNTS FOR THR MFR OF TELECOMMUNICATION EQPT
176,VUN,Safe Vulnerable,4426,"AUTOMBL RADIOS,DICTATN MACHNS,HEARING AIDS,RECORDS,RCRDG TAP"
176,VUN,Safe Vulnerable,4442,TELEVISIONS
176,VUN,Safe Vulnerable,4444,TRANSISTOR RADIOS
176,VUN,Safe Vulnerable,4446,"INTEGRATD CIRCUITS,CONDENSORS,RELAYS,RESISTORS,TRANSISTORS"
176,VUN,Safe Vulnerable,4451,"AUDIO/VIDEO APPARATUS,COMPUTERS-FOR DOMESTIC USE ONLY"
176,VUN,Safe Vulnerable,4458,"PARTS FOR RADIOS,RECORD PLAYERS,TELEVISIONS"
176,VUN,Safe Vulnerable,4459,ELECTRONIC PARTS
176,VUN,Safe Vulnerable,4521,"COPPER WIRE, RELAYS CIRCUIT BOARDS, COILS"
176,VUN,Safe Vulnerable,4583,"SWITCHGEARS,METERS,FUSES,TRANSFORMERS,RELAYS-ELECTRIC"
176,VUN,Safe Vulnerable,5851,SEMI-PRECIOUS STONES
176,VUN,Safe Vulnerable,6751,"PRINTING INK/LACQUERS, RUBBER STAMPS, INK PAD"
176,VUN,Safe Vulnerable,7000,"PAPER, PAPER PRODUCTS"
176,VUN,Safe Vulnerable,7001,"PAPER  SHEETS,ROLLS/EXCL PRNTD MATTER, PHOTOGRAPHIC PAPER "
176,VUN,Safe Vulnerable,7003,"PAPER,CARDBOARD-IN SHEETS,ROLLS/EXCL PRNTD MATTER,PHOTO PAPE"
176,VUN,Safe Vulnerable,7011,"PRINTED MATTER, PAPER-INCL PHOTOGRAPHIC,SENSITIZED PAPER-EXC"
176,VUN,Safe Vulnerable,7022,"CARBON PAPER,HOT STAMPING PAPER"
176,VUN,Safe Vulnerable,7026,SECURITY PAPER
176,VUN,Safe Vulnerable,7049,****UNPRINTED BANK NOTE PAPER
176,VUN,Safe Vulnerable,7100,PRINTER MATTER
176,VUN,Safe Vulnerable,8001,SCIENTIFIC/PRECISION INSTRUMENTS EXCL WATCHES/CLOCKS
176,VUN,Safe Vulnerable,8002,"SCIENTIFIC/PRECISION/DENTAL/SURGICAL INST.,WATCHES,CLOCKS"
176,VUN,Safe Vulnerable,8003,INSTRMTS FR DENTISTRY/SURGERY/MEASURG/CALIBRATG/WATCHES/CLOC
176,VUN,Safe Vulnerable,8004,"INSTRMTS FR DENTISTRY,SURGERY,MEASURG,CALIBRATG INCL SUPPLIE"
176,VUN,Safe Vulnerable,8200,"MUSICAL INST,PHONOGRAPHS,PHONOGRAPH RECORDS,CASSETTE TAPES"
176,VUN,Safe Vulnerable,8201,"MUSIC BOXES, RECORDING TAPE,PHONOGRAPH RECORDS INCL ACCESSOR"
176,VUN,Safe Vulnerable,8203,"MEDICL INSTRMTS EXCL MUSICAL BOX,COMBINATNS WITH WATHCES,CLO"
176,VUN,Safe Vulnerable,8206,"MUSICL INSTRMTS,MUSIC BOX,PHONOGRAPHS EXCL COMB WITH CLOCKS"
176,VUN,Safe Vulnerable,8207,***** MUSICAL INSTRUMENTS
176,VUN,Safe Vulnerable,8211,"MUSICL INSTRMTS,PHONOGRAPH RCRDS,TAPE RECORDGS,SHEET MUSIC"
176,VUN,Safe Vulnerable,8225,MUSICAL INSTRUMENTS  STRINGED 
176,VUN,Safe Vulnerable,8275,PHONOGRAPH RECORDS
176,VUN,Safe Vulnerable,8277,"RECORDS, RECORDING TAPE, RECORDING WIRE"
176,VUN,Safe Vulnerable,8280,"PHONOGRAPH RECORDS,RECORDING TAPE"
176,VUN,Safe Vulnerable,8281,"RECORDING TAPES,CASSETTES,PHONOGRAPH RECORDS,FILMS"
176,VUN,Safe Vulnerable,8282,PHONOGRAPH RECORDS
176,VUN,Safe Vulnerable,8284,VIDEO CASSETTES
176,VUN,Safe Vulnerable,8285,CASSETTE TAPES
176,VUN,Safe Vulnerable,8340,"LENSES, PRISMS"
176,VUN,Safe Vulnerable,8370,"LENSES FRAMES, SUNGLASSES"
176,VUN,Safe Vulnerable,8371,SPECTACLE FRAMES
176,VUN,Safe Vulnerable,8372,"SPECTACLES,SUNGLASSES - INCL ACCESSORIES"
176,VUN,Safe Vulnerable,8380,"SUNGLASSES,GOGGLES"
176,VUN,Safe Vulnerable,8382,"SUNGLASSES,GOGGLES-INCL SPECTACLE CASES WHEN SHPD WITH MAIN"
176,VUN,Safe Vulnerable,8391,"OPTCL GOODS,PHOTO/PROJN EQPT-INCL SUPPLIES EXCL 35MM FILM"
176,VUN,Safe Vulnerable,8392,"OPTICAL GOODS, PHOTOGRAPHIC/PROJECTION EQPT INCL SUPP.EXCL N"
176,VUN,Safe Vulnerable,8393,"OPTICAL/PHOTOGRAPHIC/PROJECTION GDS,INCL.SUPPLIES,EXCL.FILMS"
176,VUN,Safe Vulnerable,8395,"PROJN EQPT INCL SUPP/ACCS EXCL NEWSREEL,35MM FILM EXPOSED"
176,VUN,Safe Vulnerable,8396,"SPECS,BINOCULARS,MICRO/TELESCOPES,DEVELOPG FLUIDS EXCL 35MM"
176,VUN,Safe Vulnerable,8397,"****OPTICAL GOODS,PHOTO AND PROJ EQPT"
176,VUN,Safe Vulnerable,8398,"OPTICAL GOODS,PHOTO/PROJ EQPT-INCL SUPP-DISPLAY ADVTG FOR MO"
176,VUN,Safe Vulnerable,8400,"PHOTOGRP./PROJECTN. INSTRUMNT. INCL.APPARATUS,SUPPLIES,ACCES"
176,VUN,Safe Vulnerable,8401,"OPTCL GOODS,PHOTO/PROJ INSTRMTS-INCL APPARATUS,SUPPLSANDACCS"
176,VUN,Safe Vulnerable,8405,PHOTOGRAPHIC EQPT  INCL ACCESSORIES 
176,VUN,Safe Vulnerable,8406,"**** CAMERA SUPPLIES, NAMELY: FLASH, BULBS"
176,VUN,Safe Vulnerable,8410,CAMERAS  POCKET SIZED 
176,VUN,Safe Vulnerable,8411,"CAMERAS  INCL SUPPLIES,ACCESSORIES "
176,VUN,Safe Vulnerable,8420,FILMS
176,VUN,Safe Vulnerable,8423,"FILMS  UNEXPOSED , SENSITIVE PAPER"
176,VUN,Safe Vulnerable,8424,ENTERTAINMENT PARTS
176,VUN,Safe Vulnerable,8425,MOTION PICTURE FILMS
176,VUN,Safe Vulnerable,8426,MOTION PICTURE FILMS (INCL ADVTG MTRLS)      
176,VUN,Safe Vulnerable,8427,***OVERHEAD TRACK TROLLEY CARRIER AND/OR PARTS FOR MTRL HNDLG
176,VUN,Safe Vulnerable,8430,"PHOTO FILMS/PAPER-SENSITIZED,UNEXPSD/INCL PHOTO CHMCS,UNSENS"
176,VUN,Safe Vulnerable,8431,MOTION PICTURE FILMS  EXCL NEWSFEEL FILMS 
176,VUN,Safe Vulnerable,8911,"WATCHES, CLOCKS"
176,VUN,Safe Vulnerable,8912,WATCH PARTS
176,VUN,Safe Vulnerable,8913,WRIST WATCHES  WITH BAND OR BRACELETS 
176,VUN,Safe Vulnerable,8920,CLOCKS
176,VUN,Safe Vulnerable,8925,WATCHES
176,VUN,Safe Vulnerable,8926,WATCH BRACELETS EXCL ARTICLES WHICH CONTAIN ONE OR MORE OF T
176,VUN,Safe Vulnerable,9557,"HANDBAGS,PURSES,WALLETS INCL ACCESSORIES OTHER THAN LEATHER"
176,VUN,Safe Vulnerable,9569,"HANDBAGS, SHOES - INCLUDING DISPLAY MATERIAL"
176,VUN,Safe Vulnerable,9710,"PRINTED MATTER,PAPER-INCLUDING PHOTOGRAPHIC/SENSITIZED PAPER"
176,VUN,Safe Vulnerable,9711,"SCI/PRECISION INSTRMTS,LAB EQPT(INCL SUPPL), WATCHES, CLOCKS"
176,VUN,Safe Vulnerable,9713,MUSICAL INSTRUMENTS
176,VUN,Safe Vulnerable,9719,"INSTRUMTS,EQPT-DESIGNED FOR SCI SURGCL LAB,INDL RADIO OR TV"
176,VUN,Safe Vulnerable,9721,"PAPER, PAPER PRODUCTS"
176,VUN,Safe Vulnerable,9728,"PRINTED MATTER,PAPER-INCL PHOTO SENSITIZED PAPER EXCL NEWSPAPER"
176,VUN,Safe Vulnerable,9737,PRINTED MATTER
176,VUN,Safe Vulnerable,9738,PRINTED MATTER  EXCLUDING NEWSPAPERS 
176,VUN,Safe Vulnerable,9945,"DIPLOMATIC CARGO, DIPLOMATIC MAIL"
176,VUN,Safe Vulnerable,E0060,MOBILE PHONES
176,VUN,Safe Vulnerable,E0061,MOBILE PHONE ACCESSORIES
176,VUN,Safe Vulnerable,E0068,CONSOLIDATION
176,VUN,Safe Vulnerable,E0077,SILVER/SILVER PRODUCTS/SILVER JEWELLERY
176,VAL,Safe Valuable,3896,SILVER ORE
176,VAL,Safe Valuable,6435,OPIUM
176,VAL,Safe Valuable,7000,"PAPER, PAPER PRODUCTS"
176,VAL,Safe Valuable,7001,"PAPER  SHEETS,ROLLS/EXCL PRNTD MATTER, PHOTOGRAPHIC PAPER "
176,VAL,Safe Valuable,7003,"PAPER,CARDBOARD-IN SHEETS,ROLLS/EXCL PRNTD MATTER,PHOTO PAPE"
176,VAL,Safe Valuable,7011,"PRINTED MATTER, PAPER-INCL PHOTOGRAPHIC,SENSITIZED PAPER-EXC"
176,VAL,Safe Valuable,7022,"CARBON PAPER,HOT STAMPING PAPER"
176,VAL,Safe Valuable,7026,SECURITY PAPER
176,VAL,Safe Valuable,7049,****UNPRINTED BANK NOTE PAPER
176,VAL,Safe Valuable,7100,PRINTER MATTER
176,VAL,Safe Valuable,8001,SCIENTIFIC/PRECISION INSTRUMENTS EXCL WATCHES/CLOCKS
176,VAL,Safe Valuable,8002,"SCIENTIFIC/PRECISION/DENTAL/SURGICAL INST.,WATCHES,CLOCKS"
176,VAL,Safe Valuable,8003,INSTRMTS FR DENTISTRY/SURGERY/MEASURG/CALIBRATG/WATCHES/CLOC
176,VAL,Safe Valuable,8004,"INSTRMTS FR DENTISTRY,SURGERY,MEASURG,CALIBRATG INCL SUPPLIE"
176,VAL,Safe Valuable,8006,"SCIENTIFIC/PRECISION INSTRUMTS/LAB EQPT INCL SUPP ,WATCHES,C"
176,VAL,Safe Valuable,8425,MOTION PICTURE FILMS
176,VAL,Safe Valuable,8431,MOTION PICTURE FILMS  EXCL NEWSFEEL FILMS 
176,VAL,Safe Valuable,8911,"WATCHES, CLOCKS"
176,VAL,Safe Valuable,8912,WATCH PARTS
176,VAL,Safe Valuable,8913,WRIST WATCHES  WITH BAND OR BRACELETS 
176,VAL,Safe Valuable,8920,CLOCKS
176,VAL,Safe Valuable,8925,WATCHES
176,VAL,Safe Valuable,8926,WATCH BRACELETS EXCL ARTICLES WHICH CONTAIN ONE OR MORE OF T
176,VAL,Safe Valuable,9002,VALUABLE CARGO AS PER RESO-012
176,VAL,Safe Valuable,9524,"HANDICRAFTS METAL,WOOD,CORK,STRAW EXCL TXTL,LEATHER,DIAMONDS"
176,VAL,Safe Valuable,9557,"HANDBAGS,PURSES,WALLETS INCL ACCESSORIES OTHER THAN LEATHER"
176,VAL,Safe Valuable,9710,"PRINTED MATTER,PAPER-INCLUDING PHOTOGRAPHIC/SENSITIZED PAPER"
176,VAL,Safe Valuable,9711,"SCI/PRECISION INSTRMTS,LAB EQPT(INCL SUPPL), WATCHES, CLOCKS"
176,VAL,Safe Valuable,9713,MUSICAL INSTRUMENTS
176,VAL,Safe Valuable,9719,"INSTRUMTS,EQPT-DESIGNED FOR SCI SURGCL LAB,INDL RADIO OR TV"
176,VAL,Safe Valuable,9721,"PAPER, PAPER PRODUCTS"
176,VAL,Safe Valuable,9728,"PRINTED MATTER,PAPER-INCL PHOTO SENSITIZED PAPER EXCL NEWSPAPER"
176,VAL,Safe Valuable,9737,PRINTED MATTER
176,VAL,Safe Valuable,9738,PRINTED MATTER  EXCLUDING NEWSPAPERS 
176,VAL,Safe Valuable,9945,"DIPLOMATIC CARGO, DIPLOMATIC MAIL"
176,VAL,Safe Valuable,E0068,CONSOLIDATION
176,VAL,Safe Valuable,E0074,VALUABLES
176,VAL,Safe Valuable,E0075,GOLD BARS/GOLD BULLION
176,VAL,Safe Valuable,E0076,GOLD JEWELLERY
176,VAL,Safe Valuable,E0077,SILVER/SILVER PRODUCTS/SILVER JEWELLERY
176,VAL,Safe Valuable,E0078,BANK NOTES
176,PET,Pet Care,9730,CATS DOGS
176,AVI,Live Animals,1000,LIVESTOCK
176,AVI,Live Animals,1001,LIVE ANIMALS  DOGS/CATS/CHICKS ETC  
176,AVI,Live Animals,1002,LIVE ANIMALS   COLD BLOODED  
176,AVI,Live Animals,1010,"ANIMALS FOR NON-PROFIT PURPOSES/EXCL CATS,DOGS,HORSES RIDING"
176,AVI,Live Animals,1021,GREYHOUNDS
176,AVI,Live Animals,1022,DEER
176,AVI,Live Animals,1024,LIVE FISH (INEDIBLE)
176,AVI,Live Animals,1026,"***FISH, LIVE, INEDIBLE"
176,AVI,Live Animals,1030,BABY EEL  FOR BREEDING PURPOSES 
176,AVI,Live Animals,1040,HARES
176,AVI,Live Animals,1052,SHEEP
176,AVI,Live Animals,1053,CATTLE
176,AVI,Live Animals,1054,GOATS
176,AVI,Live Animals,1057,LEECHES
176,AVI,Live Animals,1059,TUBIFEX WORMS
176,AVI,Live Animals,1061,BEES
176,AVI,Live Animals,1072,TURTLES
176,AVI,Live Animals,1074,PIGS
176,AVI,Live Animals,1075,PIGEONS
176,AVI,Live Animals,1080,POULTRY
176,AVI,Live Animals,1091,SNAILS
176,AVI,Live Animals,1093,WORMS
176,AVI,Live Animals,E0004,LUGWORMS/CLAM WORMS
176,AVI,Live Animals,E0005,GOLD FISH WATER FLEA
176,AVI,Live Animals,E0006,GOLD FISH
176,AVI,Live Animals,E0010,LIVE ANIMALS
176,AVI,Live Animals,E0012,LIVE TROPICAL FISH/ORNAMENTAL FISH
176,COU,Courier on AWB,E0085,COURIER ON AWB
014,GCR,Standard Cargo,0002,"FRUIT (DRY, FRESH)",PER
014,PER,Perishable Cargo,0315,Seafood (Frozen),"PES, ICE"
014,XPS,Express Cargo,9915,Aircraft Parts,"AOG, XPS, NSC"
014,GCR,Standard Cargo,0405,Batteries,"ELI, ELM"
014,GCR,Standard Cargo,9999,Consol,
